SMILES,Activity,scaffold_global_id
C[C@@H]1[C@@H]([Si](C)(C)F)[C@H](CCn2cc([C@H](O)c3ccccc3)nn2)O[C@@]12C(=O)N(c1ccccc1)c1ccccc12,0,3522
C=CCNC(=O)[C@@H]1[C@H]2C(=O)O[C@H](c3ccccc3)[C@H](c3ccccc3)N2[C@H](c2ccccc2OCCO)[C@@]12C(=O)Nc1ccc(C#CC3=CCCCC3)cc12,0,2151
O=C1O[C@H](c2ccccc2)[C@H](c2ccccc2)N2[C@H]1[C@@H](C(=O)O)[C@]1(C(=O)Nc3ccc(C#CC4=CCCCC4)cc31)[C@H]2c1ccc(O)cc1,0,2151
O=C1O[C@H](c2ccccc2)[C@H](c2ccccc2)N2[C@H]1[C@@H](C(=O)O)[C@]1(C(=O)Nc3ccc(C#CC4=CCCCC4)cc31)[C@H]2c1ccccc1OCCO,0,2151
c1ccc2[nH]c(-c3cscn3)nc2c1,0,1081
O=c1[nH]nc(N2CCOCC2)c(=O)[nH]1,0,2203
O=C(C[C@@H]1CC[C@@H](NC(=O)CN2CCOCC2)[C@H](CO)O1)NC1CCC1,0,2875
O=C(C[C@@H]1CC[C@@H](NC(=O)CN2CCOCC2)[C@@H](CO)O1)NC1CCC1,0,2875
NC(=O)C[C@H]1Sc2ccccc2NC1=O,0,1366
CC[C@H]1Sc2ccccc2NC1=O,0,1366
CC(COc1ccccc1)N[C@H](C)[C@H](O)c1ccc(O)cc1.Cl,1,666
CCOc1ccccc1OCCNC(C)Cc1ccc(OC)c(S(N)(=O)=O)c1.Cl,0,666
Cc1noc(C)c1NC(=O)N(C)C[C@@H]1Oc2cc(C#CCN(C)C)ccc2S(=O)(=O)N([C@@H](C)CO)C[C@@H]1C,0,1760
Cn1c[n+](NC(=O)c2ccc(C(=O)ON3C(=O)CCC3=O)cc2)cn1,0,3191
CCOC(=O)[C@H](CCc1ccccc1)N[C@@H](C)C(=O)N(CC(=O)O)C1Cc2ccccc2C1.Cl,0,425
COc1ccc([C@H]([C@H](Cc2ccccc2)OC(C)=O)N(C[C@H](/C=C/c2ccccc2)CC(=O)N(C)C)[C@@H](Cc2ccccc2)C(OC)OC)cc1,0,1200
COc1ccc([C@H]([C@@H](O)Cc2ccccc2)N(C[C@H](/C=C/c2ccccc2)CC(=O)N(C)C)[C@@H](Cc2ccccc2)C(OC)OC)cc1,0,1200
COc1ccc([C@H]([C@H](Cc2ccccc2)OC(C)=O)N(C[C@H](/C=C/c2ccccc2)OC(C)=O)[C@@H](Cc2ccccc2)C(OC)OC)cc1,0,1200
COc1ccc([C@H]([C@H](Cc2ccccc2)OC(C)=O)N(C[C@@H](/C=C/c2ccccc2)CC(=O)N(C)C)[C@@H](Cc2ccccc2)C(OC)OC)cc1,0,1200
COc1ccc([C@H]([C@@H](O)Cc2ccccc2)N(C[C@H](/C=C/c2ccccc2)NC(=O)C(Cl)(Cl)Cl)[C@@H](Cc2ccccc2)C(OC)OC)cc1,0,1200
C(=C/N1CCN(C(c2ccccc2)c2ccccc2)CC1)\Cc1ccccc1,0,338
O=C(C[C@H]1CC[C@@H](NC(=O)Nc2ccc3c(c2)OCO3)[C@@H](CO)O1)NCCCN1CCOCC1,0,3054
O=C(C[C@H]1CC[C@@H](NC(=O)Nc2ccc3c(c2)OCO3)[C@H](CO)O1)NCCCN1CCOCC1,0,3054
CCN(Cc1ccncc1)C(=O)C(CO)c1ccccc1,0,1125
CCN(CC)CCNc1ccc(CO)c2sc3ccccc3c(=O)c12,0,633
C[C@@H]1O[C@H](Oc2cc(O)c3c(=O)c(O[C@H]4O[C@H](CO)[C@H](O)[C@H](O)[C@@H]4O[C@@H]4O[C@H](C)[C@@H](O)[C@H](O)[C@@H]4O)c(-c4ccc(O)c(O)c4)oc3c2)[C@@H](O)[C@H](O)[C@@H]1O,0,1247
COc1ccc(-c2cc(=O)c3c(O)cc(O[C@@H]4O[C@H](CO[C@@H]5O[C@@H](C)[C@H](O)[C@@H](O)[C@H]5O)[C@@H](O)[C@H](O)[C@H]4O)cc3o2)cc1O,0,472
Cc1ccc(S(=O)(=O)N[C@@H]2CC[C@@H](CC(=O)N3CCC(Cc4ccccc4)CC3)O[C@H]2CO)cc1,1,1534
Cc1ccc(S(=O)(=O)N[C@@H]2CC[C@@H](CC(=O)N3CCC(Cc4ccccc4)CC3)O[C@@H]2CO)cc1,1,1534
O=C(C[C@@H]1CC[C@@H](NS(=O)(=O)c2ccc(F)cc2)[C@H](CO)O1)N1CCC(Cc2ccccc2)CC1,1,1534
O=C(C[C@@H]1CC[C@@H](NS(=O)(=O)c2ccc(F)cc2)[C@@H](CO)O1)N1CCC(Cc2ccccc2)CC1,0,1534
CCNC1(c2cccs2)CCCCC1=O.Cl,0,1090
O=C(c1ccccc1F)N1c2ccccc2Sc2ccccc21,0,1870
Cc1ccc(C(=O)N2c3ccccc3Sc3ccccc32)cc1,0,1870
C[C@H]1CN([C@@H](C)CO)S(=O)(=O)c2ccc(-c3ccncc3)cc2O[C@@H]1CN(C)C(=O)c1ccc2c(c1)OCO2,0,2777
O=C(C[C@@H]1CC[C@@H]2[C@H](COC[C@H](O)CN2C(=O)C2CC2)O1)NCc1ccncc1,0,2837
CN1C(=O)CCS(=O)(=O)C1c1ccc(Cl)cc1,0,314
CC1(C)C2CC[C@@]3(C)C4CC[C@@]5(C)CC[C@](C)(C(=O)[O-])C[C@H]5C4=CC(=O)C3[C@@]2(C)CC[C@@H]1O[C@@H]1O[C@H](C(=O)[O-])[C@@H](O[C@@H]2O[C@H](C(=O)[O-])[C@@H](O)[C@H](O)[C@H]2O)[C@H](O)[C@H]1O.[NH4+].[NH4+].[NH4+],0,602
O=C(C[C@H]1C=C[C@H](NC(=O)Nc2ccc3c(c2)OCO3)[C@H](CO)O1)NCCCN1CCOCC1,0,3382
O=C(C[C@H]1C=C[C@H](NC(=O)Nc2ccc3c(c2)OCO3)[C@@H](CO)O1)NCCCN1CCOCC1,0,3382
O=C(C1=C[C@@H](c2ccc3c(c2)OCO3)C[C@@H](OCCCCO)O1)N1CCN(Cc2ccc3c(c2)OCO3)CC1,0,2594
COc1cc(OC)c(C(=O)CCCN2CCCC2)c(OC)c1.Cl,0,239
c1nc(N2CCN3CCC[C@H]3C2)c2[nH]cnc2n1,0,1448
O=C1c2ccccc2[C@@]2(Cc3ccccc3N(Cc3ccccc3)C2=O)[C@H](c2ccc(CO)cc2)N1Cc1ccccc1C(F)(F)F,0,3643
Cc1noc(C)c1NC(=O)N(C)C[C@H]1Oc2cc(C#CCN(C)C)ccc2S(=O)(=O)N([C@@H](C)CO)C[C@@H]1C,0,2270
Cc1noc(C)c1NC(=O)N(C)C[C@H]1Oc2cc(C#CCN(C)C)ccc2S(=O)(=O)N([C@@H](C)CO)C[C@H]1C,0,2270
CC(=O)OCC(=O)[C@@]12OC3(CCCC3)O[C@@H]1CC1C3CCC4=CC(=O)C=C[C@]4(C)[C@@]3(F)[C@@H](O)C[C@@]12C,0,96
c1cn2c3c(n1)CCCc3c1cc(C3CCCCC3)ccc12,0,2137
C[C@@H]1CN([C@H](C)CO)S(=O)(=O)c2ccc(C#CC(C)(C)O)cc2O[C@H]1CN(C)Cc1ccccc1,1,1695
COCC#Cc1ccc2c(c1)O[C@@H](CN(C)Cc1ccc(F)cc1)[C@@H](C)CN([C@@H](C)CO)S2(=O)=O,0,1695
C[C@@H]1CN([C@H](C)CO)S(=O)(=O)c2ccc(Br)cc2O[C@H]1CN(C)Cc1cccc(C(=O)O)c1,0,1695
COCC#Cc1ccc2c(c1)O[C@@H](CN(C)Cc1ccccc1F)[C@H](C)CN([C@H](C)CO)S2(=O)=O,0,1695
C[C@@H](CO)N1C[C@@H](C)[C@H](CN(C)Cc2ccc(F)cc2)Oc2cc(C#CCN(C)C)ccc2S1(=O)=O,1,1695
C[C@H]1CN([C@@H](C)CO)S(=O)(=O)c2ccc(C#CC(C)(C)O)cc2O[C@H]1CN(C)Cc1ccccc1,1,1695
C[C@H]1CN([C@@H](C)CO)S(=O)(=O)c2ccc(C#CCN(C)C)cc2O[C@H]1CN(C)Cc1ccccc1F,0,1695
COCC#Cc1ccc2c(c1)O[C@@H](CN(C)Cc1ccc(F)cc1)[C@@H](C)CN([C@H](C)CO)S2(=O)=O,1,1695
C[C@H]1CN([C@H](C)CO)S(=O)(=O)c2ccc(C#CC(C)(C)O)cc2O[C@H]1CN(C)Cc1ccc(F)cc1,0,1695
C/C=C/c1ccc2c(c1)O[C@@H](CN(C)Cc1ccc(C(=O)O)cc1)[C@H](C)CN([C@H](C)CO)S2(=O)=O,0,1695
C[C@H]1CN([C@H](C)CO)S(=O)(=O)c2ccc(C#CCN(C)C)cc2O[C@H]1CN(C)Cc1ccccc1F,0,1695
COCC#Cc1ccc2c(c1)O[C@@H](CN(C)Cc1ccccc1F)[C@H](C)CN([C@@H](C)CO)S2(=O)=O,0,1695
C[C@H]1CN([C@@H](C)CO)S(=O)(=O)c2ccc(C#CCN(C)C)cc2O[C@H]1CN(C)Cc1ccc(F)cc1,0,1695
COCC#Cc1ccc2c(c1)O[C@@H](CN(C)Cc1ccc(F)cc1)[C@H](C)CN([C@H](C)CO)S2(=O)=O,0,1695
C/C=C/c1ccc2c(c1)O[C@@H](CN(C)Cc1ccc(C(=O)O)cc1)[C@H](C)CN([C@@H](C)CO)S2(=O)=O,0,1695
COCC#Cc1ccc2c(c1)O[C@@H](CN(C)Cc1ccc(F)cc1)[C@H](C)CN([C@@H](C)CO)S2(=O)=O,0,1695
COCC#Cc1ccc2c(c1)O[C@@H](CN(C)Cc1ccccc1F)[C@@H](C)CN([C@H](C)CO)S2(=O)=O,1,1695
C[C@@H](CO)N1C[C@@H](C)[C@H](CN(C)Cc2ccccc2)Oc2cc(C#CC(C)(C)O)ccc2S1(=O)=O,1,1695
COCC#Cc1ccc2c(c1)O[C@@H](CN(C)Cc1ccccc1F)[C@@H](C)CN([C@@H](C)CO)S2(=O)=O,1,1695
O=C(Cc1ccccn1)NCC[C@@H]1CC[C@@H](NC(=O)CN2CCOCC2)[C@@H](CO)O1,0,2634
O=C(Cc1ccccn1)NCC[C@@H]1CC[C@@H](NC(=O)CN2CCOCC2)[C@H](CO)O1,0,2634
C[C@@H]1CN([C@H](C)CO)C(=O)CCCn2cc(nn2)CO[C@H]1CN(C)C(=O)Nc1ccnc(N2CCOCC2)c1,0,3301
Cc1cn([C@H]2C=C[C@@H](CO)O2)c(=O)[nH]c1=O,0,1030
COc1cc2c(c3ccccc13)OC(C)(C)C=C2,0,695
Cl.Oc1noc2c1CCNC2,0,580
O=C(C[C@H]1C[C@@H]2c3cc(NC(=O)NC4CCCC4)ccc3O[C@@H]2[C@H](CO)O1)NCc1ccc(Oc2ccccc2)cc1,1,3527
NCCCCCc1nnc(SCC(N)=O)o1,0,3614
Cc1cc2c(cc1C)N=C(C(F)(F)F)CC(c1cccs1)=N2,0,2736
NS(=O)(=O)c1cc2c(cc1Cl)NC(C1CC3C=CC1C3)NS2(=O)=O,0,394
CC(C)(C)OC(=O)C[C@H]1CC=CC[C@H](CC(=O)NCCO)C(=O)N[C@@H](Cc2c[nH]c3ccccc23)COC1=O,0,2510
C[C@H]1CN([C@H](C)CO)S(=O)(=O)c2ccc(Br)cc2O[C@@H]1CN(C)C(=O)C1CCCCC1,1,1669
C[C@H](O)C#Cc1ccc2c(c1)O[C@H](CN(C)C(=O)C1CCCCC1)[C@H](C)CN([C@H](C)CO)S2(=O)=O,0,1669
COCC#Cc1ccc2c(c1)O[C@H](CN(C)C(=O)C1CCCCC1)[C@@H](C)CN([C@H](C)CO)S2(=O)=O,0,1669
C[C@@H](CO)N1C[C@@H](C)[C@@H](CN(C)C(=O)C2CCCCC2)Oc2cc(C#CCN(C)C)ccc2S1(=O)=O,0,1669
C[C@H]1CN([C@@H](C)CO)S(=O)(=O)c2ccc(C#C[C@@H](C)O)cc2O[C@@H]1CN(C)C(=O)C1CCCCC1,0,1669
C[C@H]1CN([C@@H](C)CO)S(=O)(=O)c2ccc(Br)cc2O[C@@H]1CN(C)C(=O)C1CCCCC1,0,1669
COCC#Cc1ccc2c(c1)O[C@H](CN(C)C(=O)C1CCCCC1)[C@H](C)CN([C@H](C)CO)S2(=O)=O,0,1669
C[C@@H](CO)N1C[C@@H](C)[C@@H](CN(C)C(=O)C2CCCCC2)Oc2cc(C#C[C@@H](C)O)ccc2S1(=O)=O,0,1669
C[C@@H]1CN([C@H](C)CO)S(=O)(=O)c2ccc(C#CC(C)(C)O)cc2O[C@@H]1CN(C)C(=O)C1CCCCC1,0,1669
C[C@@H]1CN([C@H](C)CO)S(=O)(=O)c2ccc(Br)cc2O[C@@H]1CN(C)C(=O)C1CCCCC1,0,1669
Cc1cnc(C(=O)NCCc2ccc(S(=O)(=O)NC(=O)NC3CCCCC3)cc2)cn1,0,597
CN1CCC[C@H]1c1cccnc1.O=C(O)C(O)C(O)C(=O)O.O=C(O)C(O)C(O)C(=O)O,0,819
Cc1cccc(N2C[C@@H](CN)OC2=O)c1,0,1488
COC(=O)c1c(CC[C@@H](CO)NC(=O)N[C@@H](Cc2ccccc2)Cn2cc(-c3ccccn3)nn2)oc(C(=O)N2CCOCC2)c1C(=O)OC,0,1789
COCC#Cc1cnc2c(c1)C(=O)N([C@@H](C)CO)C[C@H](C)[C@@H](CN(C)S(=O)(=O)c1cn(C)cn1)O2,0,2533
CC(C)C#Cc1cnc2c(c1)C(=O)N([C@H](C)CO)C[C@@H](C)[C@@H](CN(C)S(=O)(=O)c1cn(C)cn1)O2,0,2533
COCC#Cc1cnc2c(c1)C(=O)N([C@H](C)CO)C[C@@H](C)[C@@H](CN(C)S(=O)(=O)c1cn(C)cn1)O2,0,2533
COCC#Cc1cnc2c(c1)C(=O)N([C@H](C)CO)C[C@H](C)[C@@H](CN(C)S(=O)(=O)c1cn(C)cn1)O2,0,2533
C=C[C@H]1CN2CC[C@H]1C[C@@H]2[C@H](O)c1ccnc2ccccc12,0,336
CC[C@H]1CN2CCC1C[C@@H]2[C@@H](O)c1ccnc2ccc(OC)cc12,0,336
C=C[C@H]1CN2CC[C@H]1C[C@@H]2[C@@H](O)c1ccnc2ccc(OC)cc12.O=C(O)[C@H](O)[C@@H](O)[C@H](O)[C@H](O)CO,0,336
C=C[C@H]1CN2CC[C@H]1C[C@@H]2[C@H](O)c1ccnc2ccc(OC)cc12,0,336
C=C[C@H]1CN2CC[C@H]1C[C@@H]2[C@@H](OC(=O)OCC)c1ccnc2ccc(OC)cc12,0,336
C=C[C@H]1CN2CC[C@H]1C[C@@H]2[C@H](O)c1ccnc2ccc(OC)cc12.Cl,0,336
Cl.c1ccc(C2CN3CCSC3=N2)cc1,0,703
C/C=C/CC(C)C(O)C1C(=O)NC(CC)C(=O)N(C)CC(=O)N(C)C(CC(C)C)C(=O)NC(C(C)C)C(=O)N(C)C(CC(C)C)C(=O)NC(C)C(=O)NC(C)C(=O)N(C)C(CC(C)C)C(=O)N(C)C(CC(C)C)C(=O)N(C)C(C(C)C)C(=O)N1C,0,393
CC=CC[C@H](C)[C@H](O)[C@@H]1C(=O)N[C@H](CC)C(=O)N(C)CC(=O)N(C)[C@H](CC(C)C)C(=O)N[C@@H](C(C)C)C(=O)N(C)[C@H](CC(C)C)C(=O)N[C@H](C)C(=O)N[C@H](C)C(=O)N(C)[C@H](CC(C)C)C(=O)N(C)[C@H](CC(C)C)C(=O)N(C)[C@H](C(C)C)C(=O)N1C,1,393
C/C=C/C[C@@H](C)[C@@H](O)[C@H]1C(=O)N[C@@H](CC)C(=O)N(C)CC(=O)N(C)[C@@H](CC(C)C)C(=O)N[C@@H](C(C)C)C(=O)N(C)[C@@H](CC(C)C)C(=O)N[C@@H](C)C(=O)N[C@H](C)C(=O)N(C)[C@@H](CC(C)C)C(=O)N(C)[C@@H](CC(C)C)C(=O)N(C)[C@@H](C(C)C)C(=O)N1C,0,393
CC(=O)N[C@H]1CC[C@H](CCNC(=O)C2CC2)O[C@@H]1CO,0,2580
CN(C)CC(=O)N[C@@H]1CC[C@H](CCNC(=O)C2CC2)O[C@@H]1CO,0,2580
CN(C)CC(=O)N[C@@H]1CC[C@H](CCNC(=O)C2CC2)O[C@H]1CO,0,2580
Cc1cnc2c(c1NCCN(C)C)c(=O)n(C)c(=O)n2C,0,1889
CNC(=O)Cn1c(=O)c2c(OC)c(C)cnc2n(C)c1=O,0,1889
COc1c(C)cnc2c1c(=O)n(CC#N)c(=O)n2C,0,1889
C#CCn1c(=O)c2c(OC)ccnc2n(C)c1=O,0,1889
Cn1c(=O)c2c(NCCO)ccnc2n(C)c1=O,0,1889
CCc1cnc2c(c1OC)c(=O)[nH]c(=O)n2C,0,1889
Cc1nc2c(cc1C(=O)NN)c(=O)n(C)c(=O)n2C,0,1889
CNC(=O)Cn1c(=O)c2c(OC)ccnc2n(C)c1=O,0,1889
C=CCn1c(=O)c2c(OC)ccnc2n(C)c1=O,0,1889
COC(=O)Cn1c(=O)c2c(OC)c(C)cnc2n(C)c1=O,0,1889
CCCOc1ccnc2c1c(=O)n(C)c(=O)n2C,0,1889
COc1c(C)cnc2c1c(=O)n(CC(N)=O)c(=O)n2C,0,1889
CCOC(=O)Cn1c(=O)c2c(OC)ccnc2n(C)c1=O,0,1889
CCOc1ccnc2c1c(=O)n(CC(N)=O)c(=O)n2C,0,1889
CN1CCN(C(=O)C[C@H]2CC[C@@H]3[C@H](COC[C@H](O)CN3C(=O)C3CCCC3)O2)CC1,0,2613
Oc1ccccc1/N=C/c1ccncc1,1,3128
Cc1ccc2c(c1)/C(=C/c1ccncc1)c1cc3ccccc3nc1-2,0,2994
C[C@@H]1O[C@@H](O[C@@H]2[C@@H](O)[C@H](O)[C@@H](CO)O[C@@H]2Oc2cc(O)c3c(c2)O[C@H](c2ccc(O)cc2)CC3=O)[C@H](O)[C@H](O)[C@H]1O,0,805
C=C(C)[C@@H]1CC[C@]2(C(=O)O)CC[C@]3(C)[C@H](CCC4[C@@]5(C)CC[C@H](O)C(C)(C)C5CC[C@]43C)[C@@H]12,0,210
O=c1[nH]c(=O)n(C2C[C@H](O)[C@@H](CO)O2)cc1/C=C/Br,0,232
C[C@H]1OC(n2cc(F)c(=O)[nH]c2=O)C(O)[C@@H]1O,0,232
O=c1[nH]c(=O)n(C2C[C@@H](O)[C@@H](CO)O2)cc1F,0,232
O=c1[nH]c(=O)n(C2C[C@H](O)[C@@H](CO)O2)cc1C(F)(F)F,0,232
Cc1cn(C2CC(N=[N+]=[N-])C(CO)O2)c(=O)[nH]c1=O,0,232
C[C@@H]1CN([C@H](C)CO)S(=O)(=O)c2ccc(-c3cccc(F)c3)cc2O[C@H]1CN(C)S(C)(=O)=O,0,1982
C[C@@H]1CN([C@H](C)CO)S(=O)(=O)c2ccc(-c3ccccc3F)cc2O[C@@H]1CN(C)S(C)(=O)=O,0,1982
C[C@@H](CO)N1C[C@@H](C)[C@H](CN(C)S(C)(=O)=O)Oc2cc(-c3ccccc3F)ccc2S1(=O)=O,0,1982
COCC(=O)N(C)C[C@H]1Oc2cc(-c3ccc(OC)cc3)ccc2S(=O)(=O)N([C@H](C)CO)C[C@@H]1C,0,1982
C[C@@H]1CN([C@H](C)CO)S(=O)(=O)c2ccc(-c3ccc(C#N)cc3)cc2O[C@H]1CN(C)C(=O)CN(C)C,0,1982
C[C@H]1CN([C@@H](C)CO)S(=O)(=O)c2ccc(-c3ccc(C#N)cc3)cc2O[C@@H]1CN(C)C(=O)CN(C)C,0,1982
C[C@H]1CN([C@H](C)CO)S(=O)(=O)c2ccc(-c3ccc(C#N)cc3)cc2O[C@H]1CN(C)C(=O)CN(C)C,0,1982
COCC(=O)N(C)C[C@@H]1Oc2cc(-c3ccc(OC)cc3)ccc2S(=O)(=O)N([C@H](C)CO)C[C@@H]1C,0,1982
C[C@@H]1CN([C@H](C)CO)S(=O)(=O)c2ccc(-c3ccc(C#N)cc3)cc2O[C@@H]1CN(C)C(=O)CN(C)C,0,1982
CCCNC(=O)N(C)C[C@@H]1Oc2cc(-c3ccc(C)cc3)ccc2S(=O)(=O)N([C@@H](C)CO)C[C@H]1C,0,1982
CC(C)NC(=O)N(C)C[C@@H]1Oc2cc(-c3ccccc3F)ccc2S(=O)(=O)N([C@@H](C)CO)C[C@H]1C,0,1982
C[C@@H]1CN([C@H](C)CO)S(=O)(=O)c2ccc(-c3ccccc3F)cc2O[C@H]1CN(C)S(C)(=O)=O,0,1982
C[C@H]1CN([C@@H](C)CO)S(=O)(=O)c2ccc(-c3ccc(F)cc3)cc2O[C@@H]1CN(C)S(C)(=O)=O,0,1982
CC(C)NC(=O)N(C)C[C@H]1Oc2cc(-c3ccccc3F)ccc2S(=O)(=O)N([C@H](C)CO)C[C@H]1C,0,1982
C[C@@H]1CN([C@H](C)CO)S(=O)(=O)c2ccc(-c3cccc(F)c3)cc2O[C@@H]1CN(C)S(C)(=O)=O,0,1982
Cc1ccc(-c2ccc3c(c2)O[C@@H](CN(C)C(=O)CN(C)C)[C@H](C)CN([C@@H](C)CO)S3(=O)=O)cc1,0,1982
Cc1ccc(-c2ccc3c(c2)O[C@@H](CN(C)C(=O)NC(C)C)[C@H](C)CN([C@@H](C)CO)S3(=O)=O)cc1,1,1982
COCC(=O)N(C)C[C@@H]1Oc2cc(-c3ccc(OC)cc3)ccc2S(=O)(=O)N([C@@H](C)CO)C[C@H]1C,0,1982
Cc1ccc(-c2ccc3c(c2)O[C@@H](CN(C)C(=O)NC(C)C)[C@@H](C)CN([C@H](C)CO)S3(=O)=O)cc1,1,1982
CC(C)NC(=O)N(C)C[C@@H]1Oc2cc(-c3ccccc3F)ccc2S(=O)(=O)N([C@H](C)CO)C[C@@H]1C,0,1982
C[C@H]1CN([C@@H](C)CO)S(=O)(=O)c2ccc(-c3cccc(F)c3)cc2O[C@H]1CN(C)S(C)(=O)=O,0,1982
C[C@@H](CO)N1C[C@@H](C)[C@H](CN(C)S(C)(=O)=O)Oc2cc(-c3ccc(F)cc3)ccc2S1(=O)=O,0,1982
C[C@H]1CN([C@H](C)CO)S(=O)(=O)c2ccc(-c3cccc(F)c3)cc2O[C@H]1CN(C)S(C)(=O)=O,0,1982
COCC(=O)N(C)C[C@H]1Oc2cc(-c3ccc(OC)cc3)ccc2S(=O)(=O)N([C@@H](C)CO)C[C@H]1C,0,1982
C[C@@H](CO)N1C[C@@H](C)[C@H](CN(C)S(C)(=O)=O)Oc2cc(-c3cccc(F)c3)ccc2S1(=O)=O,0,1982
Cc1ccc(-c2ccc3c(c2)O[C@@H](CN(C)C(=O)CN(C)C)[C@@H](C)CN([C@H](C)CO)S3(=O)=O)cc1,0,1982
COC(=O)CC1=C(C(=O)OC)[C@]2(C(=O)Nc3ccccc32)C(C(=O)OC)C(=N)O1,0,1410
O=C(Nc1cc(C(F)(F)F)ccc1-n1cnc2ccccc21)c1ccc(S(=O)(=O)N2CCCC2)cc1,0,2206
C=C(/C=C\CNS(=O)(=O)c1ccc(C)cc1)[C@H](O)[C@H]1CCCN1S(=O)(=O)c1ccccc1[N+](=O)[O-],0,2873
O=S1(=O)C[C@H](O)[C@@H](N2CCN(CCO)CC2)C1,0,1460
CO[C@H]1CN(C)C(=O)c2cc(NC(=O)NC3CCCCC3)ccc2OC[C@@H](C)N(CCc2ccccc2)C[C@@H]1C,0,2677
CO[C@@H]1CN(C)C(=O)c2cc(NC(=O)NC3CCCCC3)ccc2OC[C@@H](C)N(CCc2ccccc2)C[C@@H]1C,0,2677
CC(=O)O[C@H]1CC2CCC3C(CC[C@@]4(C)C3C[C@H]([N+]3(C)CCCCC3)[C@@H]4OC(C)=O)[C@@]2(C)C[C@@H]1N1CCCCC1.[Br-],0,1142
O=C(C[C@@H]1CC[C@H](NC(=O)c2cnccn2)[C@H](CO)O1)NCc1ccccc1F,0,3686
CC(N)O.Cc1cc(CC(C)CC(C)(C)C)n(O)c(=O)c1,1,912
Cc1cc(O)n(CCCO)c(=O)c1C#N,0,912
Cc1cccc(=O)n1CCCCN,0,912
COCc1cc(C)[nH]c(=O)c1C#N,0,912
Cc1cc(C(=O)O)c(=O)[nH]c1C,0,912
Cc1cc(OC(=O)N(C)C)cc(=O)n1C,0,912
O=C(O)c1cc(O)[nH]c(=O)c1,0,912
C/C(=N\N)c1c(C)cc(C)[nH]c1=O,0,912
Cc1ccc(C(N)=S)c(=O)[nH]1,0,912
C=CCn1c(O)c(C#N)c(C)cc1=O,0,912
COc1ccn(C)c(=O)c1C#N,0,912
Cc1cc(C)c(C(=O)O)c(=O)[nH]1,0,912
Cc1cc(C)n(N)c(=O)c1C(=O)O,0,912
Cc1cc(C)n(C)c(=O)c1C(=O)O,0,912
OCC1c2ccccc2-c2ccccc21,0,3621
C[C@H]1CN([C@H](C)CO)C(=O)c2cc(-c3ccc(C(=O)N(C)C)cc3)cnc2O[C@H]1CN(C)C(=O)c1cccnc1,0,3234
COc1ccccc1-c1cnc2c(c1)C(=O)N([C@@H](C)CO)C[C@@H](C)[C@H](CN(C)C(=O)c1cccnc1)O2,0,3234
O=C(C[C@@H]1CC=CC[C@H](NC(=O)OCC2c3ccccc3-c3ccccc32)C(=O)OC[C@H](Cc2ccccc2)NC1=O)N[C@H](CO)Cc1ccccc1,0,2105
CCN(CCCc1ccccc1)CCCc1ccccc1.O=C(O)CC(O)(CC(=O)O)C(=O)O,0,92
COc1ccc2nc3cc(Cl)ccc3c(Nc3cc(CN4CCCC4)c(O)c(CN4CCCC4)c3)c2n1.O=P(O)(O)O.O=P(O)(O)O.O=P(O)(O)O.O=P(O)(O)O,0,951
CC(=O)CC(c1ccccc1)c1c(O)c2ccccc2oc1=O,0,1156
COc1ccc(CCN2C(=O)[C@@]3(Cc4ccccc42)c2ccccc2C(=O)N(C2CCCCC2)[C@H]3c2ccc(CO)cc2)cc1,0,3427
COC(=O)CN1C(=O)CSc2ncccc21,0,3077
OC[C@@H]1CCCN2CCCC[C@H]12,0,728
NC[C@@H]1CCCN2CCCC[C@H]12,0,728
C#CCN([C@@H](Cc1ccccc1)C(=O)OC)[C@H](/C=C/C1CC1)[C@@H](O)CCn1cc(CCC(=O)NO)nn1,0,3283
O=C1CCOC[C@@H]2CCCN12,0,2807
C[C@H]1CN([C@H](C)CO)S(=O)(=O)c2ccc(-c3cncnc3)cc2O[C@@H]1CN(C)C(=O)NC1CCCC1,0,2395
C[C@@H]1CN([C@H](C)CO)S(=O)(=O)c2ccc(-c3cncnc3)cc2O[C@@H]1CN(C)C(=O)NC1CCCC1,0,2395
C[C@H]1CN([C@@H](C)CO)S(=O)(=O)c2ccc(-c3cncnc3)cc2O[C@@H]1CN(C)C(=O)NC1CCCC1,0,2395
O=C(C[C@H]1CC[C@H]2[C@@H](COC[C@H](O)CN2S(=O)(=O)c2ccc(Cl)cc2)O1)NCCN1CCCCC1,0,2523
O=C(C[C@H]1CC[C@H]2[C@@H](COC[C@@H](O)CN2S(=O)(=O)c2ccc(F)cc2)O1)NCCN1CCCCC1,0,2523
COc1ccc(S(=O)(=O)N2C[C@@H](O)COC[C@H]3O[C@@H](CC(=O)NCCN4CCCCC4)CC[C@@H]32)cc1,0,2523
Cc1ccc(S(=O)(=O)N2C[C@H](O)COC[C@H]3O[C@@H](CC(=O)NCCN4CCCCC4)CC[C@@H]32)cc1,0,2523
COc1ccc(S(=O)(=O)N2C[C@H](O)COC[C@H]3O[C@@H](CC(=O)NCCN4CCCCC4)CC[C@@H]32)cc1,0,2523
O=C(C[C@H]1CC[C@H]2[C@@H](COC[C@@H](O)CN2S(=O)(=O)c2ccc(Cl)cc2)O1)NCCN1CCCCC1,0,2523
Cc1ccc(S[C@]2(C(=O)NC3CC3)CC(=O)N(C3Cc4ccccc4C3)[C@@H]2c2ccc(CO)cc2I)cc1,0,2433
O=C(C[C@H]1C[C@H]2c3cc(NC(=O)c4ccc5c(c4)OCO5)ccc3O[C@H]2[C@H](CO)O1)NCCc1ccccc1,0,2630
COc1ccc(CCN2C(=O)[C@@]3(Cc4ccccc42)c2ccccc2C(=O)N(Cc2ccccc2)[C@H]3c2ccc(COC(=O)NCCCCCC(=O)NO)cc2)cc1,0,3095
C[C@H](NC(=O)C[C@H]1C[C@H]2c3cc(NC(=O)Nc4ccc(C(F)(F)F)cc4)ccc3O[C@H]2[C@H](CO)O1)c1ccccc1,1,2104
O=C(C[C@H]1C[C@H]2c3cc(NC(=O)Nc4ccc(C(F)(F)F)cc4)ccc3O[C@H]2[C@@H](CO)O1)NCc1ccc(Cl)cc1,1,2104
O=C(/C=C/c1ccccc1)c1ccc(O[C@@H]2O[C@H](CO)[C@@H](O)[C@H](O)[C@H]2O)cc1O,0,18
c1ccc(CNc2ccc3c(ccc4c5ccccc5[nH]c34)n2)cc1,0,2543
O=C(CN1CCOCC1)N[C@@H]1CC[C@@H](CCNS(=O)(=O)c2ccccc2F)O[C@H]1CO,0,2008
O=C(CN1CCOCC1)N[C@@H]1CC[C@@H](CCNS(=O)(=O)c2ccccc2F)O[C@@H]1CO,1,2008
CCC1(CC)C(=O)C=CNC1=O,0,949
CN1CCN(C(=O)C[C@@H]2CC[C@@H]3[C@H](COC[C@H](O)CN3C(=O)C3CC3)O2)CC1,0,2114
CN1CCN(C(=O)C[C@@H]2CC[C@@H]3[C@H](COC[C@@H](O)CN3C(=O)C3CC3)O2)CC1,0,2114
CNC(=O)C[C@@H]1CC[C@@H]2[C@H](COC[C@@H](O)CN2C(=O)Nc2cccc(OC)c2)O1,0,1594
COCCNC(=O)C[C@@H]1CC[C@@H]2[C@H](COC[C@@H](O)CN2C(=O)Nc2ccccc2OC)O1,0,1594
COCCNC(=O)C[C@H]1CC[C@@H]2[C@H](COC[C@H](O)CN2C(=O)Nc2ccccc2OC)O1,0,1594
CNC(=O)C[C@@H]1CC[C@@H]2[C@H](COC[C@H](O)CN2C(=O)Nc2cccc(OC)c2)O1,0,1594
COCCNC(=O)C[C@H]1CC[C@@H]2[C@H](COC[C@@H](O)CN2C(=O)Nc2ccccc2OC)O1,0,1594
NC1=NC(=O)[C@@H]2N=C(Br)N([C@H]3O[C@H]4COP(=O)(O)O[C@@H]4[C@@H]3O)[C@H]2N1,0,1437
CN1CC[C@@]2(C)c3cc(O)ccc3N(C)[C@@H]12.O=C(O)/C=C/C(=O)O,0,526
CNC(=O)Oc1ccc2c(c1)[C@]1(C)CCN(C)[C@@H]1N2C,0,526
CNC(=O)Oc1ccc2c(c1)[C@]1(C)CCN(C)[C@@H]1N2C.O=S(=O)(O)O,0,526
CC(CCC(=O)O)C1CC[C@H]2C3[C@H](C[C@H](O)C12C)C1(C)CC[C@@H](O)C[C@H]1C[C@H]3O,0,327
C[C@H]1CN([C@@H](C)CO)C(=O)c2cc(C#Cc3ccc(F)cc3)cnc2O[C@@H]1CN(C)Cc1ccccn1,0,1722
COc1cc2c(cc1OC)CC(=O)N(CCCN(C)C[C@H]1Cc3cc(OC)c(OC)cc31)CC2.Cl,0,669
C[C@H]1C2[C@H](C[C@H]3C4CC=C5C[C@@H](O)CC[C@]5(C)C4CC[C@]23C)O[C@]12CC[C@@H](C)CN2,0,1022
Cc1c(C)c2c(c(C)c1O)CCC(C)(CCCC(C)CCCC(C)CCCC(C)C)O2,0,87
CC(=O)Oc1c(C)c(C)c2c(c1C)CCC(C)(CCCC(C)CCCC(C)CCCC(C)C)O2,0,87
COc1ccc2c(c1)OC(C)(C)C[C@@H]2N,0,87
CCCCC(CC)CN1CN(CC(CC)CCCC)CC(C)(N)C1,1,626
N#C/C(=C\c1cccs1)c1csc2ccc(Cl)cc12,0,3089
CO/N=C(\C(=O)NC1C(=O)N2C(C(=O)OCOC(=O)C(C)(C)C)=C(/C=C\c3scnc3C)CSC12)c1csc(N)n1,0,284
COc1ccc(NC(=O)Nc2ccc3c(c2)[C@H]2C[C@H](CC(=O)NCC(F)(F)F)O[C@@H](CO)[C@H]2O3)cc1,0,3514
CC(C)Cc1ccc([C@@H](C)c2nc(-c3cccs3)no2)cc1,0,1434
COc1nn(C)cc1C(=O)Nc1ccon1,0,2775
Cc1cc2c(cc1S(N)(=O)=O)S(=O)(=O)CCC2,0,762
C[C@@H](CO)N1C[C@@H](C)[C@@H](CN(C)C(=O)CN2CCOCC2)Oc2cc(C#Cc3cccc(F)c3)ccc2S1(=O)=O,0,2445
COc1cccc(C#Cc2ccc3c(c2)O[C@H](CN(C)C(=O)CN2CCOCC2)[C@H](C)CN([C@H](C)CO)S3(=O)=O)c1,0,2445
COc1cccc(C#Cc2ccc3c(c2)O[C@H](CN(C)C(=O)CN2CCOCC2)[C@H](C)CN([C@@H](C)CO)S3(=O)=O)c1,0,2445
CCCNC(=O)N[C@@H]1CC[C@H](CC(=O)N2CCN(C)CC2)O[C@H]1CO,0,2865
O=C(NO)c1cccc(C(=O)N/N=C/c2cc(I)cc(I)c2O)c1,1,2636
C[C@H]1CN([C@@H](C)CO)C(=O)CCCn2nncc2CO[C@H]1CN(C)S(=O)(=O)c1ccc(Cl)cc1,0,2211
C[C@@H](CO)N1C[C@@H](C)[C@H](CN(C)S(=O)(=O)c2ccc(Cl)cc2)OCc2cnnn2CCCC1=O,0,2211
COc1ccc(S(=O)(=O)N(C)C[C@@H]2OCc3cnnn3CCCC(=O)N([C@H](C)CO)C[C@H]2C)cc1,0,2211
CN(CCOc1ccc(CC2SC(=O)NC2=O)cc1)c1ccccn1.O=C(O)/C=C\C(=O)O,0,988
CS(=O)(=O)CCNCc1ccc(-c2ccc3ncnc(Nc4ccc(OCc5cccc(F)c5)c(Cl)c4)c3c2)o1,0,696
CCCC(=O)O[C@]1(C(=O)CO)CCC2[C@@H]3CCC4=CC(=O)CC[C@]4(C)C3[C@@H](O)C[C@@]21C,0,637
O=C1C=C2C(=CCOC2O)O1,1,867
CCOC(=O)OC(C)OC1=C(C(=O)Nc2ccccn2)N(C)S(=O)(=O)c2ccccc21,0,116
CN1C(C(=O)Nc2ccccn2)=C(O)c2ccccc2S1(=O)=O,0,116
O=C(O)C[C@@H]1CC[C@H]2NC[C@@H](O)COC[C@@H]2O1,0,2519
OC[C@H]1O[C@H](Oc2cc(O)cc(/C=C/c3ccc(O)cc3)c2)[C@H](O)[C@@H](O)[C@@H]1O,0,893
CC(C)N(C[C@H]1O[C@@H](n2cnc3c(N)ncnc32)[C@H](O)[C@@H]1O)[C@H]1C[C@@H](CCc2nc3ccc(C(C)(C)C)cc3[nH]2)C1,0,2333
C=C(C)[C@@H]1CC[C@]2(C)CC[C@]3(C)[C@@H](CCC4[C@@]5(C)CC[C@H](O)C(C)(C)C5CC[C@]43C)C12,0,727
C=C(C)[C@@H]1CC[C@]2(C)CC[C@]3(C)[C@@H](CCC4[C@@]5(C)CC[C@H](OC(C)=O)C(C)(C)C5CC[C@]43C)C12,0,727
O=C(C[C@@H]1CC[C@H](NS(=O)(=O)c2ccccc2F)[C@@H](CO)O1)NCCCN1CCOCC1,0,3290
O=C(C[C@@H]1CC[C@H](NS(=O)(=O)c2ccccc2F)[C@H](CO)O1)NCCCN1CCOCC1,0,3290
Cc1c(C)n2c3c(=O)n(C)c(=O)n(C)c3nc2n1CCO,0,1917
Cc1c(C)n2c3c(=O)[nH]c(=O)n(C)c3nc2n1C,0,1917
COc1ccc(C#Cc2ccc3c(c2)[C@]2(C(=O)N3)[C@H](C(=O)N3CCCCCCC3)[C@H]3C(=O)O[C@H](c4ccccc4)[C@H](c4ccccc4)N3[C@@H]2c2ccc(O)cc2)cc1,0,2849
NC[C@H](c1ccco1)N1CCCCCC1,0,1284
O=C(CCc1cn(CC(=O)N2CCC3(CC2)C(=O)NCN3c2ccccc2)nn1)NO,0,2365
Cc1oc(=O)oc1CN1CCN(c2cc3c(cc2F)c(=O)c(C(=O)O)c2n3C(C)S2)CC1,1,938
CN1CC2(COC2)OCCS1(=O)=O,0,2956
O=C(CN1CCOCC1)NCC[C@H]1CC[C@@H](NC(=O)c2ccc3c(c2)OCO3)[C@H](CO)O1,0,3482
CC(C)/C=C1\CC/C(=C\c2ccc(C(F)(F)F)cc2)C1=O,0,3260
O[C@H]1OC(c2ccc(Cl)c(Cc3ccc(OC4CCOC4)cc3)c2)[C@H](O)[C@@H](O)[C@@H]1O,0,505
C[C@H]1CN([C@H](C)CO)S(=O)(=O)c2ccc(-c3ccccc3F)cc2O[C@H]1CN(C)Cc1cncnc1,0,3434
O=c1[nH]c2ccccc2n1C1CCN(CCCC(c2ccc(F)cc2)c2ccc(F)cc2)CC1,1,900
Cc1cc(-c2ccccc2)nc(SCc2ccccc2)c1C#N,0,2225
O=C(C[C@@H]1C[C@@H]2c3cc(NS(=O)(=O)c4ccccc4)ccc3O[C@@H]2[C@H](CO)O1)NC1CCCCC1,0,3469
Cn1cc(S(=O)(=O)N2CCN(c3ccc(F)cc3)CC2)c(=O)n(C)c1=O,0,2602
Cc1[nH]c(=O)[nH]c(=O)c1S(=O)(=O)N1CCN(c2ccccc2)CC1,0,2602
Cn1cc(S(=O)(=O)N2CCN(c3ccccc3F)CC2)c(=O)n(C)c1=O,0,2602
CCCNC(=O)N1C[C@@H](O)COC[C@@H]2O[C@@H](CC(=O)N3CCN(C)CC3)CC[C@H]21,0,3420
C[C@H]1CN([C@@H](C)CO)C(=O)Cc2cc(NC(=O)Nc3ccc(Cl)c(Cl)c3)ccc2O[C@H]1CN(C)S(=O)(=O)c1ccc(Cl)cc1,0,2542
Cc1ccccc1S(=O)(=O)N(C)C[C@@H]1Oc2ccc(NC(=O)Nc3ccc(Cl)c(Cl)c3)cc2CC(=O)N([C@@H](C)CO)C[C@@H]1C,0,2542
C[C@H]1CN([C@@H](C)CO)C(=O)Cc2cc(NC(=O)Nc3cc(Cl)cc(Cl)c3)ccc2O[C@H]1CN(C)S(=O)(=O)c1ccc(Cl)cc1,0,2542
Cc1ccccc1S(=O)(=O)N(C)C[C@@H]1Oc2ccc(NC(=O)Nc3cccc(C(F)(F)F)c3)cc2CC(=O)N([C@@H](C)CO)C[C@@H]1C,0,2542
Cc1ccccc1S(=O)(=O)N(C)C[C@@H]1Oc2ccc(NC(=O)Nc3cc(Cl)cc(Cl)c3)cc2CC(=O)N([C@@H](C)CO)C[C@@H]1C,0,2542
COc1ccc(S(=O)(=O)N(C)C[C@@H]2Oc3ccc(NC(=O)Nc4cc(Cl)cc(Cl)c4)cc3CC(=O)N([C@@H](C)CO)C[C@@H]2C)cc1Cl,0,2542
C[C@H]1CN([C@@H](C)CO)C(=O)Cc2cc(NC(=O)Nc3cccc(C(F)(F)F)c3)ccc2O[C@H]1CN(C)S(=O)(=O)c1ccc(Cl)cc1,0,2542
COc1ccc(S(=O)(=O)N(C)C[C@@H]2Oc3ccc(NC(=O)Nc4cccc(C(F)(F)F)c4)cc3CC(=O)N([C@@H](C)CO)C[C@@H]2C)cc1Cl,0,2542
O=C(C[C@@H]1CC=CC[C@@H](NC(=O)OCC2c3ccccc3-c3ccccc32)C(=O)OC[C@H](Cc2ccccc2)NC1=O)N[C@H](CO)Cc1ccccc1,0,2600
COc1ccc2cc3[n+](cc2c1OC)CCc1cc2c(cc1-3)OCO2.[Cl-],0,201
NC1CCN(C(=O)c2cc3ccccc3[nH]2)CC1,0,1533
C[C@]12CCC3[C@@H](CC[C@@]45O[C@@H]4C(O)=C(C#N)C[C@]35C)C1CC[C@@H]2O,0,1117
Cc1ccccc1-n1cc[nH]c1=S,0,2903
Cc1cn[nH]c1,0,570
Cc1cn[nH]c1.Cl,0,570
Cl.N=C(N)n1cccn1,1,570
Cc1cc(C)n([C@@H](CC(=O)O)C(=O)O)n1,0,570
CCn1nc(C)cc1C(=O)NN,0,570
Cc1cc(C)n(C(N)=S)n1,0,570
CCOc1nn(CC)cc1C(=O)O,0,570
COCc1n[nH]c(C)c1C(=O)O,0,570
NCCn1cccn1,0,570
Cc1cc([N+](=O)[O-])nn1CC(=O)NC(C)C,0,570
CCn1ncc(Br)c1CN,0,570
CCOC(=O)c1cc(C(=O)OCC)n(C)n1,0,570
Cn1nccc1C(=O)NCCN,0,570
Cc1cc(C)n(CCC(=O)O)n1,0,570
Cn1nccc1NC(=O)COCC(=O)O,0,570
CC(C)NC(=O)Cn1ccc([N+](=O)[O-])n1,0,570
Cn1nccc1NC(=O)/C=C/C(=O)O,0,570
COCCNC(=O)c1cn(C)nc1OC,0,570
CCOC(=O)CC(=O)c1ccn(C)n1,0,570
CC(=O)c1c(C)nn(CC(=O)O)c1C,0,570
CCOC(=O)c1c(C)n[nH]c1N,0,570
Cc1cc(C(=O)NN)n(C(C)(C)C)n1,0,570
CN(C)C=C(C=[N+](C)C)c1[nH]ncc1N,0,570
C[C@H](CO)NS(=O)(=O)c1ccnn1C,0,570
CN(C)CCC(c1ccc(Br)cc1)c1ccccn1.O=C(O)/C=C\C(=O)O,0,235
CN(C)CCOC(c1ccc(Cl)cc1)c1ccccn1.O=C(O)/C=C\C(=O)O,0,235
CN(C)CCC(c1ccc(Cl)cc1)c1ccccn1.O=C(O)/C=C\C(=O)O,0,235
CC(C)N(CCC(C(N)=O)(c1ccccc1)c1ccccn1)C(C)C.O=P(O)(O)O,0,235
CN(C)CCOC(C)(c1ccccc1)c1ccccn1.O=C(O)CCC(=O)O,0,235
CN(C)CCC(c1ccccc1)c1ccccn1.O=C(O)/C=C\C(=O)O,0,235
O=C(CN1CCOCC1)NCC[C@H]1CC[C@H](NC(=O)c2ccccc2F)[C@H](CO)O1,0,3175
COc1cc2nc(N3CCN(C(=O)C4CCCO4)CC3)nc(N)c2cc1OC.Cl,0,1071
COc1ccc2c(c1)C(=O)N(CCc1ccc(S(=O)(=O)NC(=O)NC3CCCCC3)cc1)C(=O)C2(C)C,0,598
CCOc1ccc2ccccc2c1C(=O)N[C@@H]1C(=O)N2C(C(=O)[O-])C(C)(C)S[C@H]12.[Na+],1,797
[N-]=[N+]=Nc1ccccc1C[C@@]1(C(=O)NCc2ccccc2)N=C(c2ccc(OCCCO)cc2)O[C@@H]1c1ccccc1N=[N+]=[N-],0,3654
COc1ccccc1OCC(O)CN1CCN(CC(=O)Nc2c(C)cccc2C)CC1.Cl.Cl,0,966
CC[C@H]1CN(C)N1C(=O)[C@H]1CCCO1,0,1934
Cc1ccc(S(=O)(=O)NCCC(=O)N2CCOCCOCCOCC2)cc1,0,3177
c1ccc(CN2CCNCC2)nc1,0,3368
COc1ccc(C#Cc2ccc3c(c2)[C@]2(C(=O)N3)[C@H](c3ccccc3OCCO)N3[C@H](c4ccccc4)[C@H](c4ccccc4)OC(=O)[C@H]3[C@@H]2C(=O)N2CCN(c3ncccn3)CC2)cc1,0,1585
COCCOC(=O)N1C(=O)[C@@]2(c3cc(C#Cc4ccc(OC)cc4)ccc31)[C@H](c1ccccc1OCCO)N1[C@H](c3ccccc3)[C@H](c3ccccc3)OC(=O)[C@H]1[C@@H]2C(=O)N1CCN(c2ncccn2)CC1,0,1585
NCCc1nnc2n1CCCCC2,0,2684
NC(=O)N1c2ccccc2C=Cc2ccccc21,0,263
CC1=C2[C@H]3OC(=O)C(C)[C@@H]3CC[C@@]2(C)C=CC1=O,0,1002
CN(CC(=O)NC1CCCC1)S(=O)(=O)c1ccc2c(c1)c(=O)n(C)c(=O)n2C,0,2868
C=CCN1C(=O)[C@]2(O[C@H](CCO)[C@@H]([Si](C)(C)c3ccc(OC)cc3)[C@@H]2C)c2cc(N(C=O)c3ccccc3)ccc21,0,3120
CC1(C)CC[C@]2(C)CC[C@]3(C)C(=CCC4[C@@]5(C)CC[C@H](OC(=O)c6ccccc6)C(C)(C)C5CC[C@]43C)C2C1,0,205
Cl.Cl.O=C(O)COCCN1CCN(C(c2ccccc2)c2ccc(Cl)cc2)CC1,0,308
CN1CCN(C(c2ccccc2)c2ccccc2)CC1,0,308
Cl.Cl.OCCOCCN1CCN(C(c2ccccc2)c2ccc(Cl)cc2)CC1,0,308
Cl.Cl.O=C(O)COCCN1CCN([C@H](c2ccccc2)c2ccc(Cl)cc2)CC1,0,308
C[C@H]1O[C@H](O[C@@H]2[C@@H](CO)O[C@H](O[C@@H]3[C@@H](CO)OC(O)[C@H](O)[C@H]3O)[C@H](O)[C@H]2O)[C@H](O)[C@@H](O)[C@@H]1N[C@H]1C=C(CO)[C@@H](O)[C@H](O)[C@H]1O,0,48
C1CCc2nnnn2CC1,0,877
CO[C@H]1/C=C/O[C@@]2(C)Oc3c(C)c(O)c4c(O)c(c(C=NN5CCN(C)CC5)c(O)c4c3C2=O)NC(=O)/C(C)=C\C=C\C(C)[C@H](O)[C@@H](C)[C@@H](O)[C@@H](C)[C@@H](OC(C)=O)[C@@H]1C,1,977
O=C(/C=C/c1ccccc1)C1CC1,1,1865
COc1ccc(S(=O)(=O)Nc2ccc3c(c2)[C@@H]2C[C@@H](CC(=O)NCC4CC4)O[C@H](CO)[C@@H]2O3)cc1,0,3013
COc1ccc(S(=O)(=O)Nc2ccc3c(c2)[C@@H]2C[C@@H](CC(=O)NCC4CC4)O[C@@H](CO)[C@@H]2O3)cc1,0,3013
COC(=O)[C@@H]1C[C@@H](C#N)N[C@@H]1c1ccccn1,0,3719
COC(=O)[C@@H]1C[C@H](C#N)N[C@@H]1c1ccccn1,0,3719
O=C(C[C@H]1CC[C@H]2[C@@H](COC[C@@H](O)CN2S(=O)(=O)c2ccccc2Cl)O1)NCc1ccccc1Cl,0,2005
COc1ccc(S(=O)(=O)N2C[C@H](O)COC[C@H]3O[C@@H](CC(=O)NCc4ccc(Cl)c(Cl)c4)CC[C@@H]32)cc1,0,2005
COc1ccc(S(=O)(=O)N2C[C@@H](O)COC[C@H]3O[C@@H](CC(=O)NCc4ccc(Cl)c(Cl)c4)CC[C@@H]32)cc1,0,2005
O=C(C[C@H]1CC[C@H]2[C@@H](COC[C@@H](O)CN2S(=O)(=O)c2ccccc2F)O1)NCc1ccccc1F,0,2005
Cc1ccccc1S(=O)(=O)N1C[C@H](O)COC[C@H]2O[C@@H](CC(=O)NCc3ccccc3Cl)CC[C@@H]21,0,2005
Cc1ccc(S(=O)(=O)N2C[C@H](O)COC[C@H]3O[C@@H](CC(=O)NCc4ccc(Cl)c(Cl)c4)CC[C@@H]32)cc1,0,2005
O=C(NC1CCCCC1)[C@@H]1C(c2ccc(Cl)cc2)=C(S(=O)(=O)c2ccccc2)C(=O)N1Cc1ccc(-c2ccccc2)cc1,0,1178
CCc1ccc(Nc2c3c(nc4ccccc24)CCCC3)cc1,1,3409
COCCOC(=O)N1C(=O)[C@@]2(c3cc(C#CCNC(N)=O)ccc31)[C@H](c1ccccc1OCCO)N1[C@H](c3ccccc3)[C@H](c3ccccc3)OC(=O)[C@H]1[C@@H]2C(N)=O,0,2821
NC(=O)NCC#Cc1ccc2c(c1)[C@]1(C(=O)N2)[C@H](c2ccccc2OCCO)N2[C@H](c3ccccc3)[C@H](c3ccccc3)OC(=O)[C@H]2[C@@H]1C(=O)O,0,2821
NC(=O)NCC#Cc1ccc2c(c1)[C@]1(C(=O)N2)[C@H](c2ccc(O)cc2)N2[C@H](c3ccccc3)[C@H](c3ccccc3)OC(=O)[C@H]2[C@@H]1C(N)=O,0,2821
O=C(C[C@H]1C[C@H]2c3cc(NC(=O)c4ccc5c(c4)OCO5)ccc3O[C@H]2[C@H](CO)O1)NCCN1CCCCC1,0,2966
COc1cc2ncnc(Nc3ccc(F)c(Cl)c3)c2cc1OCCCN1CCOCC1,0,585
O=C(CN1CCOCC1)NCC[C@@H]1CC[C@H](NC(=O)c2ccccc2F)[C@@H](CO)O1,0,3178
O=C(CN1CCOCC1)NCC[C@@H]1CC[C@H](NC(=O)c2ccccc2F)[C@H](CO)O1,0,3178
C=C1C(=O)O[C@H]2[C@H]1CCC(C)=C1C(=O)CC(=CO[C@@H]3O[C@H](CO)[C@@H](O)[C@H](O)[C@H]3O)[C@@H]12,0,3508
CCC(C)CCCCC(=O)NC(CCN)C(=O)NC(C(=O)NC(CCN)C(=O)NC1CCNC(=O)C(C(C)O)NC(=O)C(CCN)NC(=O)C(CCN)NC(=O)C(CC(C)C)NC(=O)C(Cc2ccccc2)NC(=O)C(CCN)NC1=O)C(C)O.O=S(=O)(O)O,1,917
COc1cccc(S(=O)(=O)Nc2ccc3c(c2)[C@H]2C[C@@H](CC(=O)NCC(F)(F)F)O[C@@H](CO)[C@H]2O3)c1,0,3249
O=c1cc(-c2ccccc2)ss1,0,3642
CC(C)c1ccc2c(c1)[C@H](O)[C@H](N)CCO2,0,1521
O=C(O)CCc1nc(-c2ccccc2)c(-c2ccccc2)o1,0,846
O=C(C[C@@H]1CC[C@H]2[C@@H](COC[C@H](O)CN2C(=O)c2ccccc2F)O1)N1CCN(c2ccccc2)CC1,0,1805
O=C(C[C@@H]1CC[C@H]2[C@@H](COC[C@@H](O)CN2C(=O)c2ccccc2F)O1)N1CCN(c2ccccc2)CC1,0,1805
Cc1ccc(O)c(-c2cc(-c3ccc(C(C)(C)C)cc3)[nH]n2)c1,0,3137
CCOc1ccc(Cc2nccc3cc(OCC)c(OCC)cc23)cc1OCC.Cl,0,532
COc1ccc(Cc2nccc3cc(OC)c(OC)cc23)cc1OC.Cl,0,532
CCS(=O)(=O)NCC[C@H]1CC[C@@H](NS(=O)(=O)c2ccccc2C)[C@@H](CO)O1,0,1783
CN(C)CCCNC(=O)C[C@H]1CC[C@@H](NS(=O)(=O)c2ccccc2)[C@@H](CO)O1,0,1783
CN(C)CCCNC(=O)C[C@H]1CC[C@@H](NS(=O)(=O)c2ccccc2)[C@H](CO)O1,0,1783
CCS(=O)(=O)NCC[C@@H]1CC[C@@H](NS(=O)(=O)c2ccccc2C)[C@@H](CO)O1,0,1783
CN(C)CCCNC(=O)C[C@@H]1CC[C@@H](NS(=O)(=O)c2ccccc2)[C@@H](CO)O1,0,1783
COCCNC(=O)C[C@H]1CC[C@@H](NS(=O)(=O)c2ccc(C)cc2)[C@H](CO)O1,0,1783
CCS(=O)(=O)NCC[C@@H]1CC[C@@H](NS(=O)(=O)c2cccc(F)c2)[C@H](CO)O1,0,1783
COCCNC(=O)C[C@@H]1CC[C@@H](NS(=O)(=O)c2ccc(C)cc2)[C@H](CO)O1,0,1783
CCS(=O)(=O)NCC[C@@H]1CC[C@@H](NS(=O)(=O)c2cccc(F)c2)[C@@H](CO)O1,0,1783
CCS(=O)(=O)NCC[C@@H]1CC[C@@H](NS(=O)(=O)c2ccccc2C)[C@H](CO)O1,0,1783
COCCNC(=O)C[C@@H]1CC[C@@H](NS(=O)(=O)c2ccc(C)cc2)[C@@H](CO)O1,0,1783
CN(C)CCCNC(=O)C[C@@H]1CC[C@@H](NS(=O)(=O)c2ccccc2)[C@H](CO)O1,0,1783
COCCNC(=O)C[C@H]1CC[C@@H](NS(=O)(=O)c2ccc(C)cc2)[C@@H](CO)O1,0,1783
Cc1ccc(NC(=O)c2cc(=O)[nH]c(=O)[nH]2)cc1,0,2234
O=C(CN1CCOCC1)N[C@@H]1CC[C@@H](CCNC(=O)C2CCCCC2)O[C@@H]1CO,0,2823
O=C(CN1CCOCC1)N[C@@H]1CC[C@@H](CCNC(=O)C2CCCCC2)O[C@H]1CO,0,2823
O=C(Oc1cccc2cccnc12)c1ccccc1,1,192
Cc1ccc2c(Br)cc(Br)c(OC(=O)c3ccccc3)c2n1,0,192
O=C(C[C@H]1C=C[C@H](NC(=O)c2cccc(F)c2)[C@H](CO)O1)NCCN1CCCC1,0,2237
O=C(C[C@H]1CC[C@@H](NS(=O)(=O)c2ccc(F)cc2)[C@@H](CO)O1)N1CCC(Cc2ccccc2)CC1,0,1900
Cc1ccc(S(=O)(=O)N[C@@H]2CC[C@H](CC(=O)N3CCC(Cc4ccccc4)CC3)O[C@@H]2CO)cc1,1,1900
COc1ccc(S(=O)(=O)N[C@@H]2CC[C@H](CC(=O)N3CCC(Cc4ccccc4)CC3)O[C@H]2CO)cc1,0,1900
O=C(C[C@H]1CC[C@@H](NS(=O)(=O)c2ccc(F)cc2)[C@H](CO)O1)N1CCC(Cc2ccccc2)CC1,0,1900
COc1cc2c(cc1C=O)OCO2,0,14
C=CCc1cc(OC)c2c(c1OC)OCO2,0,14
C/C=C/c1ccc2c(c1)OCO2,0,14
O=C(O)/C=C/C=C/c1ccc2c(c1)OCO2,0,14
CCCCOCCOCCOCc1cc2c(cc1CCC)OCO2,0,14
O=C(O)c1ccc2c(c1)OCO2,0,14
C=CCc1ccc2c(c1)OCO2,0,14
CC(N)(Cc1ccc2c(c1)OCO2)C(=O)O,0,14
NNC(=O)CNc1ccc2c(c1)OCO2,0,14
N=C(N)N/N=C/c1ccc2c(c1)OCO2,0,14
NCCCc1ccc2c(c1)OCO2,0,14
Cc1nn(C)cc1NC(=O)C[C@@H]1CC[C@@H]2[C@@H](COc3ccc(NC(=O)C4CCOCC4)cc3C(=O)N2C)O1,0,1846
COc1ccc(S(=O)(=O)N(C)C[C@@H]2Oc3cc(C#CC4CC4)ccc3S(=O)(=O)N([C@H](C)CO)C[C@H]2C)cc1,0,2118
O=C(C[C@H]1C[C@H]2c3cc(NS(=O)(=O)c4ccc(F)cc4)ccc3O[C@H]2[C@H](CO)O1)NCc1ccccn1,0,2564
CCC1=C(C)CN(C(=O)NCCc2ccc(S(=O)(=O)NC(=O)N[C@H]3CC[C@H](C)CC3)cc2)C1=O,0,596
CCOC(=O)/C(C#N)=C1/C=CN(C)C=N1,0,3153
CC(CCC(=O)O)[C@H]1CCC2C3C[C@H](O)[C@@H]4C[C@H](O)CC[C@]4(C)C3CC[C@@]21C,0,85
C[C@H](CCC(=O)O)[C@H]1CCC2C3C(CC[C@@]21C)[C@@]1(C)CC[C@@H](O)C[C@H]1C[C@H]3O,0,85
CC(CCC(=O)O)[C@H]1CCC2C3CC[C@@H]4C[C@H](O)CC[C@]4(C)C3C[C@H](O)[C@@]21C,0,85
CC(CCC(=O)O)[C@H]1CCC2C3CC[C@@H]4C[C@H](O)CC[C@]4(C)C3CC[C@@]21C,0,85
COC(=O)CCC(C)[C@H]1CCC2C3C(C[C@H](O)[C@@]21C)[C@@]1(C)CC[C@@H](O)C[C@H]1C[C@H]3O,0,85
COC(=O)CCC(C)C1CCC2C3CC[C@@H]4C[C@H](O)CC[C@]4(C)C3C[C@H](O)[C@]12C,0,85
CC(CCC(=O)O)[C@H]1CCC2C3CC[C@@H]4CCCC[C@]4(C)C3CC[C@@]21C,0,85
C[C@H](CCC(=O)O)[C@H]1CCC2C3C(CC[C@@]21C)[C@@]1(C)CC[C@@H](O)C[C@H]1C[C@@H]3O,0,85
COc1cc(C(=O)N2CCOCC2)cc(OC)c1OC,0,1120
O=C(c1ccccc1O)N1CCOCC1,0,1120
Nc1ccc(C(=O)N2CCOCC2)cc1,0,1120
CC(=O)N1CCN(c2ccnc3c2c(=O)n(CC(=O)NC(C)(C)C)c(=O)n3C)CC1,0,3246
COc1cc([C@@H]2c3cc4c(cc3[C@H](O)[C@H]3COC(=O)[C@H]23)OCO4)cc(OC)c1OC,0,915
Cn1cnc(S(=O)(=O)N2C[C@@H](O)COC[C@@H]3O[C@@H](CC(=O)NC4Cc5ccccc5C4)CC[C@H]32)c1,0,1773
Cc1c(OCC(F)(F)F)ccnc1C[S@@](=O)c1nc2ccccc2[nH]1,0,435
COc1ccccc1CN1C(=O)c2ccccc2[C@](Cc2ccccc2I)(C(=O)NCC(C)C)[C@@H]1c1ccc(CO)cc1,0,2213
COc1ccccc1CN1C(=O)c2ccccc2[C@](Cc2ccccc2I)(C(=O)O)[C@@H]1c1ccc(CO)cc1,0,2213
COc1ccccc1CN1C(=O)c2ccccc2[C@](Cc2ccccc2I)(C(=O)NCC(F)(F)F)[C@@H]1c1ccc(CO)cc1,0,2213
COc1ccccc1CN1C(=O)c2ccccc2[C@](Cc2ccccc2I)(C(=O)NCCCN(C)C)[C@@H]1c1ccc(CO)cc1,0,2213
Cn1cnc(S(=O)(=O)N2C[C@@H](O)COC[C@H]3O[C@H](CC(=O)NCc4cc(F)cc(F)c4)CC[C@@H]32)c1,0,2380
Cn1cnc(S(=O)(=O)N2C[C@H](O)COC[C@H]3O[C@H](CC(=O)NCc4ccc(F)cc4)CC[C@@H]32)c1,0,2380
CC(=O)NCCCC[C@@H]1NC(=O)[C@@H]2C[C@H](C(=O)NCc3ccc(F)cc3)[C@H](c3ccc(O)cc3)N2C1=O,0,2183
C[N+](C)(C)CCCC[C@@H]1NC(=O)[C@@H]2C[C@H](C(=O)NCc3ccc(F)cc3)[C@H](c3ccc(O)cc3)N2C1=O,0,2183
C=C(NC(=O)C(=C)NC(=O)c1csc(C2=NC3c4csc(n4)C4NC(=O)c5csc(n5)C(C(C)(O)C(C)O)NC(=O)C5CSC(=N5)/C(=C\C)NC(=O)C(C(C)O)NC(=O)c5csc(n5)C3(CC2)NC(=O)C(C)NC(=O)C(=C)NC(=O)C(C)NC(=O)C(C(C)CC)NC2C=Cc3c(C(C)O)cc(nc3C2O)C(=O)OC4C)n1)C(N)=O,0,1085
CCOC(=O)OC(C)OC(=O)C1N2C(=O)C(NC(=O)[C@H](N)c3ccccc3)C2SC1(C)C.Cl,1,176
O[C@H]1C2CN3CCN(C2)CC1(c1ccccc1)C3,0,1233
COc1cc2c(cc1OC)-c1c(oc3c4c(ccc3c1=O)OC(C)(C)C=C4)CO2,0,422
O=C(CN1CCOCC1)NCC[C@H]1CC[C@@H](NC(=O)c2ccccc2F)[C@H](CO)O1,0,2264
O=C(CN1CCOCC1)NCC[C@H]1CC[C@@H](NC(=O)c2ccccc2F)[C@@H](CO)O1,0,2264
O=C(C[C@H]1C=C[C@H](NC(=O)CN2CCOCC2)[C@H](CO)O1)NC1CCCCC1,0,2917
O=C(C[C@H]1C=C[C@H](NC(=O)CN2CCOCC2)[C@@H](CO)O1)NC1CCCCC1,0,2917
COCCOC(=O)N1C(=O)[C@@]2(c3cc(C#CC4=CCCCC4)ccc31)[C@H](C(=O)N1CCN(c3ncccn3)CC1)[C@H]1C(=O)O[C@H](c3ccccc3)[C@H](c3ccccc3)N1[C@@H]2c1ccc(O)cc1,0,2392
CO[C@H]1CN(C)C(=O)c2ccc(NC(=O)C3CC3)cc2OC[C@@H](C)N(C(=O)Cc2ccccn2)C[C@@H]1C,0,2338
CO[C@@H]1CN(C)C(=O)c2ccc(NC(=O)C3CC3)cc2OC[C@@H](C)N(C(=O)Cc2ccccn2)C[C@@H]1C,0,2338
O=C(C[C@H]1C=C[C@H](NC(=O)Cc2ccccn2)[C@H](CO)O1)NCCc1ccncc1,0,2761
O=C(C[C@H]1C=C[C@H](NC(=O)Cc2ccccn2)[C@@H](CO)O1)NCCc1ccncc1,0,2761
Cc1noc(C)c1NC(=O)N[C@@H]1C=C[C@H](CC(=O)NCCCN(C)C)O[C@@H]1CO,0,2576
CO[C@@H]1[C@@H](OC(N)=O)[C@@H](O)[C@H](Oc2ccc3c([O-])c(NC(=O)c4ccc(O)c(CC=C(C)C)c4)c(=O)oc3c2C)OC1(C)C.[Na+],1,831
COC(=O)c1c2oc(c1C(=O)OC)C(=O)N[C@@H](Cc1ccccc1)Cn1cc(nn1)CNC(=O)[C@H](Cc1ccccc1)NC(=O)N[C@@H](CO)CC2,0,2065
CS(=O)(=O)Nc1ccc2c(c1)[C@H]1C[C@H](CC(=O)NCc3ccc(-c4ccccc4)cc3)O[C@H](CO)[C@H]1O2,0,3208
O=C(C[C@@H]1C=C[C@@H](NC(=O)CN2CCOCC2)[C@H](CO)O1)NCc1cccc(F)c1,0,2074
C[C@@H](NC(=O)C[C@@H]1C=C[C@@H](NC(=O)CN2CCOCC2)[C@@H](CO)O1)c1ccccc1,0,2074
C[C@@H](NC(=O)C[C@@H]1C=C[C@@H](NC(=O)CN2CCOCC2)[C@H](CO)O1)c1ccccc1,0,2074
O=C(C[C@@H]1C=C[C@@H](NC(=O)CN2CCOCC2)[C@@H](CO)O1)NCc1cccc(F)c1,0,2074
C[C@H](NC(=O)C[C@@H]1C=C[C@@H](NC(=O)CN2CCOCC2)[C@@H](CO)O1)c1ccccc1,0,2074
CC(=O)N[C@@H]1[C@@H](O)C[C@@](O)(C(=O)O)O[C@H]1[C@H](O)[C@H](O)CO,0,53
O.OC[C@H](O)[C@@H](O)C(O[C@@H]1O[C@H](CO)[C@H](O)[C@H](O)[C@H]1O)[C@H](O)CO,0,53
Cl.N[C@H]1[C@H](O)O[C@H](CO)[C@@H](O)[C@@H]1O,0,53
OC[C@H](O)[C@@H](O)[C@H](O[C@@H]1O[C@H](CO)[C@H](O)[C@H](O)[C@H]1O)[C@H](O)CO,0,53
O=C(O)[C@H](O)[C@@H](O)[C@H](O[C@@H]1O[C@H](CO)[C@H](O)[C@H](O)[C@H]1O)[C@H](O)CO,0,53
CN(N=O)C(=O)N[C@H]1[C@@H](O)O[C@H](CO)[C@@H](O)[C@@H]1O,0,53
OC[C@]1(O)OC[C@@H](O)[C@H](O)[C@@H]1O,0,53
COC(=O)CCCCCCC(=O)N/N=C/[C@H](O)[C@@H](O)[C@H](O)[C@H](O)CO[C@H]1O[C@H](CO)[C@H](O)[C@H](O)[C@H]1O,0,53
CC(C)NC(=O)NCC[C@H]1CC[C@@H](NC(=O)CN(C)C)[C@@H](CO)O1,0,53
CC(C)NC(=O)NCC[C@@H]1CC[C@H](NC(=O)CN(C)C)[C@@H](CO)O1,0,53
CC(C)NC(=O)N[C@@H]1CC[C@@H](CCN)O[C@H]1CO,0,53
OC[C@H](O)[C@@H](O)[C@H](O[C@@H]1O[C@H](CO)[C@@H](O)[C@H](O)[C@H]1O)[C@H](O)CO,0,53
O=C(CCCCCC(=O)N/N=C/[C@H](O)[C@@H](O)[C@H](O)[C@H](O)CO[C@H]1O[C@H](CO)[C@H](O)[C@H](O)[C@H]1O)NO,0,53
CN([NH2+][O-])C(=O)N[C@H]1[C@@H](O)O[C@H](CO)[C@@H](O)[C@@H]1O,0,53
CCC(=O)N[C@H]1CC[C@@H](CC(=O)OC)O[C@H]1CO,0,53
CCC(=O)N[C@@H]1CC[C@H](CC(=O)OC)O[C@H]1CO,0,53
CC(C)NC(=O)N[C@@H]1CC[C@H](CCN)O[C@H]1CO,0,53
CC(C)NC(=O)N[C@@H]1CC[C@@H](CCN)O[C@@H]1CO,0,53
COC(=O)C[C@H]1CC[C@@H](N)[C@@H](CO)O1,0,53
CC(C)NC(=O)N[C@H]1CC[C@@H](CCN)O[C@H]1CO,0,53
CC(C)(C#N)O[C@@H]1O[C@H](CO)[C@@H](O)[C@H](O)[C@H]1O,0,53
CC(C)NC(=O)NCC[C@H]1CC[C@H](NC(=O)CN(C)C)[C@@H](CO)O1,0,53
CC(C)NC(=O)NCC[C@H]1CC[C@H](NC(=O)CN(C)C)[C@H](CO)O1,0,53
CCC(=O)N[C@H]1CC[C@@H](CC(=O)OC)O[C@@H]1CO,0,53
OC[C@H]1O[C@H](O)[C@H](O)[C@@H](O)[C@@H]1O,0,53
O=C(CCCCCC(=O)N/N=C/[C@H](O)[C@@H](O)[C@H](O[C@@H]1O[C@H](CO)[C@H](O)[C@H](O)[C@H]1O)[C@H](O)CO)NO,0,53
CC(C)NC(=O)N[C@H]1CC[C@H](CCN)O[C@H]1CO,0,53
COC(=O)C[C@H]1CC[C@@H](N)[C@H](CO)O1,0,53
C[C@@H](CO)N1C[C@@H](C)[C@H](CN(C)C(=O)C2CCCCC2)Oc2cc(C#CC3CC3)ccc2S1(=O)=O,1,2547
C[C@H]1CN([C@@H](C)CO)S(=O)(=O)c2ccc(C#CC3CC3)cc2O[C@H]1CN(C)C(=O)C1CCCCC1,0,2547
C=c1ccccc1=C1NN=C(CN2CCCC2)O1,0,2723
COc1ccc(C)c2c1CCCC2=O,0,2618
COc1cccc(NC(=O)N[C@H]2C=C[C@H](CC(=O)N3CCOCC3)O[C@@H]2CO)c1,0,3302
C[C@@H](CN1CC(=O)NC(=O)C1)N1CC(=O)NC(=O)C1,0,436
C[C@@H](NCCCc1cccc(C(F)(F)F)c1)c1cccc2ccccc12.Cl,1,334
COc1ccc(S(=O)(=O)N[C@H]2C=C[C@@H](CC(=O)N3CCN(c4ccccc4)CC3)O[C@H]2CO)cc1,0,2412
COc1ccc(S(=O)(=O)N[C@H]2C=C[C@@H](CC(=O)N3CCN(c4ccccc4)CC3)O[C@@H]2CO)cc1,0,2412
C=C(C)c1cc2cc(C(C)=O)c(O)cc2o1,0,540
COc1ccc2oc(C(C)=O)cc2c1,0,540
OCC(O)[C@H]1O[C@@H]2O[C@H](C(Cl)(Cl)Cl)O[C@@H]2[C@H]1O,0,311
CCC(=O)N1CCC[C@](C)(C(=O)NS(=O)(=O)c2ccc(S(C)(=O)=O)cc2)C1,0,1382
COc1ccc(S(=O)(=O)N2CCO[C@@H]2CNC(=O)C(=O)NCc2ccncc2)cc1,0,1301
O=C(NCc1ccncc1)C(=O)NC[C@H]1OCCN1S(=O)(=O)c1ccc(F)cc1,0,1301
CC(C)=CCc1c2c(c3occ(-c4ccc(O)cc4)c(=O)c3c1O)C=CC(C)(C)O2,0,842
CC(C)=CCc1c2c(c3occ(-c4ccc(O)c(O)c4)c(=O)c3c1O)C=CC(C)(C)O2,0,842
O=C(N1CCOCC1)[C@@]1(CCS(=O)(=O)c2ccccc2)COC(c2ccc(OCCCO)cc2)=N1,0,2524
C[C@@H]1CN([C@H](C)CO)S(=O)(=O)c2ccc(C#Cc3ccc(F)cc3)cc2O[C@H]1CN(C)S(=O)(=O)c1cn(C)cn1,0,1857
C[C@H]1CN([C@@H](C)CO)S(=O)(=O)c2ccc(C#Cc3ccc(F)cc3)cc2O[C@H]1CN(C)S(=O)(=O)c1cn(C)cn1,0,1857
C[C@@H](CO)N1C[C@@H](C)[C@H](CN(C)S(=O)(=O)c2cn(C)cn2)Oc2cc(C#Cc3ccc(F)cc3)ccc2S1(=O)=O,0,1857
C[C@@H](CO)N1C[C@@H](C)[C@H](CN(C)S(=O)(=O)c2cn(C)cn2)Oc2cc(C#Cc3ccccc3)ccc2S1(=O)=O,0,1857
C[C@H]1Cc2cc(S(=O)(=O)N(C)CC(=O)N3CCOCC3)ccc2N1C(=O)C1CC1,0,1388
C[C@@H]1CN([C@H](C)CO)S(=O)(=O)c2ccc(-c3cncnc3)cc2O[C@@H]1CN(C)C(=O)c1ccc2c(c1)OCO2,0,2516
C[C@H]1CN([C@H](C)CO)S(=O)(=O)c2ccc(-c3cncnc3)cc2O[C@@H]1CN(C)C(=O)c1ccc2c(c1)OCO2,0,2516
C[C@@H](CO)N1C[C@@H](C)[C@@H](CN(C)C(=O)c2ccc3c(c2)OCO3)Oc2cc(-c3cncnc3)ccc2S1(=O)=O,0,2516
CC(=O)OC1O[C@@H](c2ccoc2)[C@]2(C)CCC3[C@]4(C)C(C[C@H](OC(C)=O)C[C@@H]4OC(C)=O)C[C@H](OC(C)=O)[C@@]3(C)C23OC13,0,60
C/C(Cc1ncn(-c2cc(C)on2)n1)=N\O,0,2222
CCOC(=O)N1CCN(C[C@@H](O)Cn2c(=O)c3c(ncn3C)n(C)c2=O)CC1,0,1179
CC/N=C1\S[C@H](C(N)=O)CC(=O)N1CC,0,1418
CCCCC(=O)N1c2ccccc2[C@H](Nc2ccccc2)C[C@@H]1C,1,1400
CCCCCCCCc1cc(C)c(OC)c(CC)c1.CCCCCCCCc1ccc(OC)c(C)c1.CCCCCCCCc1ccc(OC)c(C)c1.CCOCCOCCOCCOCCOCCOCCOCCOCCOCCO,0,1133
CC1(C)O[C@]2(C)CC[C@H]1CC2,0,539
NS(=O)(=O)c1cc2c(cc1Cl)N=C(CSCc1ccccc1)NS2(=O)=O,0,194
CCN(CC)CCOc1ccc(/C(=C(\Cl)c2ccccc2)c2ccccc2)cc1.O=C(O)CC(O)(CC(=O)O)C(=O)O,1,356
CC/C(=C(\c1ccccc1)c1ccc(OCCN(C)C)cc1)c1ccccc1.O=C(O)CC(O)(CC(=O)O)C(=O)O,1,356
CN(C)CCOc1ccc(/C(=C(/CCCl)c2ccccc2)c2ccccc2)cc1.O=C(O)CC(O)(CC(=O)O)C(=O)O,0,356
CC(C)(C)c1ccc2c(c1)O[C@H](C(=O)N/N=C/c1ccc[nH]1)CO2.CC(C)(C)c1ccc2c(c1)O[C@H](C(=O)N/N=C\c1ccc[nH]1)CO2,0,3712
O=C(C[C@H]1CC[C@@H]2[C@H](COC[C@@H](O)CN2S(=O)(=O)c2ccccc2)O1)NCc1ccc(-c2ccccc2)cc1,0,2272
c1ccc2c(CSc3nc4ccccc4o3)cccc2c1,0,2931
C[C@@H]1COCS(=O)(=O)N1,0,3481
C[C@@H]1CNS(=O)(=O)CO1,0,3481
O=C(NCCn1ncc2c(=O)n(Cc3ccccc3)cnc21)c1ccc(S(=O)(=O)N2CCOCC2)cc1,0,2335
O=C(Cc1cccs1)N1c2ccccc2Sc2ccccc21,0,1876
C=C1CC[C@H](O)C/C1=C/C=C1\CCC[C@]2(C)C([C@H](C)/C=C/[C@H](C)C(C)C)CC[C@@H]12,0,520
C=C1C[C@H](O[C@@H]2O[C@H](CO)[C@@H](O)[C@H](O)[C@H]2O)[C@H]2[C@H](C)C(=O)O[C@@H]2[C@H]2C(=C)[C@@H](O)C[C@@H]12,0,2747
Nc1nonc1C(=O)OCC(=O)N1CCOCC1,0,3547
O=C(CN1C(=O)c2ccccc2C1=O)N1CCNCC1,0,2846
CC[C@@H]1CN(C(=O)OC)N1,0,1723
COC[C@@H]1CNN1C(=O)OC(C)(C)C,0,1723
NNC(=O)Cn1nnc(N2CCCC2)n1,0,2306
CC[C@H]1OC(=O)[C@H](C)[C@@H](O[C@H]2C[C@@](C)(OC)[C@@H](O)[C@H](C)O2)[C@H](C)[C@@H](O[C@@H]2O[C@H](C)C[C@H](N(C)C)[C@H]2O)[C@](C)(O)C[C@@H](C)/C(=N\OCOCCOC)[C@H](C)[C@@H](O)[C@]1(C)O,1,991
O=C(C[C@@H]1C=C[C@H](NS(=O)(=O)c2ccc(F)cc2)[C@H](CO)O1)N1CCC(Cc2ccccc2)CC1,1,1692
COc1ccc(S(=O)(=O)N[C@H]2C=C[C@@H](CC(=O)N3CCC(Cc4ccccc4)CC3)O[C@@H]2CO)cc1,0,1692
O=C(C[C@@H]1C=C[C@H](NS(=O)(=O)c2ccc(F)cc2)[C@@H](CO)O1)N1CCC(Cc2ccccc2)CC1,0,1692
COc1ccc(CN(CCN(C)C)c2ncccn2)cc1.Cl,0,1087
COc1c2occc2c(OC)c2c(=O)cc(C)oc12,0,683
COc1c2ccoc2cc2oc(C)cc(=O)c12,0,683
CCC(C)[C@H]1O[C@]2(CC[C@@H]1C)C[C@@H]1C[C@@H](C/C=C(\C)[C@@H](OC3C[C@H](OC)C(O[C@H]4C[C@H](OC)[C@@H](O)[C@H](C)O4)[C@H](C)O3)[C@@H](C)/C=C/C=C3\CO[C@@H]4[C@H](O)C(C)=C[C@@H](C(=O)O1)[C@]34O)O2,0,670
N[C@H](c1ccc2c(c1)OCCO2)c1ccco1,0,1203
CCCN1CCC2(CC1)NC(=O)N(CC(=O)N1CCN(C(=O)OCC)CC1)C2=O,0,3115
COC(=O)c1c(CC[C@@H](CO)NC(=O)N[C@@H](Cc2ccccc2)Cn2cc(C3(O)CCCCC3)nn2)oc(C(C)=O)c1C(=O)OC,0,1547
COc1ccc([Si](C)(C)[C@H]2[C@H](CCOC(=O)NCCCCCC(=O)NO)O[C@]3(C(=O)N(Cc4ccccc4)c4ccc(NC(=O)[C@@H](C)OC(=O)NCCCCCC(=O)NO)cc43)[C@@H]2C)cc1,0,2863
CN1C(=O)c2cc(NC(=O)c3cscn3)ccc2OC[C@H]2O[C@@H](CC(=O)N3CCOCC3)CC[C@H]21,0,1529
CN(C)CC(=O)N[C@H]1CC[C@H](CC(=O)NCCN2CCCCC2)O[C@@H]1CO,0,2195
CN(C)CC(=O)N[C@H]1CC[C@H](CC(=O)NCCN2CCCCC2)O[C@H]1CO,0,2195
CN(C)CC(=O)N[C@@H]1CC[C@H](CC(=O)NCCN2CCCCC2)O[C@H]1CO,0,2195
CC[C@H]1CN2CCc3cc(OC)c(OC)cc3C2C[C@@H]1CC1NCCc2cc(OC)c(OC)cc21.Cl.Cl,0,503
Cn1sc(=O)n(Cc2ccccc2)c1=O,1,2754
CC(C)(C)N.CCC[C@H](N[C@@H](C)C(=O)N1[C@H](C(=O)O)C[C@@H]2CCCC[C@@H]21)C(=O)OCC,0,880
CCC[C@H](N[C@@H](C)C(=O)N1[C@H](C(=O)O)C[C@@H]2CCCC[C@@H]21)C(=O)O,0,880
CC1(C)CC(/C=C/c2ccccc2)=Nc2ccccc2N1,0,2792
COc1cccc(NC(=O)N[C@@H]2C=C[C@@H](CC(=O)N3CCN(C)CC3)O[C@H]2CO)c1,0,1649
CCC1(CC)C(=O)NC(=O)NC1=O,0,181
COCCOC(=O)N1C(=O)[C@@]2(c3cc(C#Cc4ccc(OC)cc4)ccc31)[C@H](c1ccccc1OCCO)N1[C@H](c3ccccc3)[C@H](c3ccccc3)OC(=O)[C@H]1[C@@H]2C(=O)NC[C@H](O)c1ccccc1,0,2811
O=C(C[C@@H]1CC[C@@H]2[C@H](COC[C@@H](O)CN2Cc2cc(F)ccc2F)O1)N[C@@H]1CCN(Cc2ccccc2)C1,0,2321
O=C(C[C@@H]1CC[C@@H]2[C@H](COC[C@@H](O)CN2Cc2ccccc2F)O1)N[C@@H]1CCN(Cc2ccccc2)C1,0,2321
O=C(C[C@@H]1CC[C@@H]2[C@H](COC[C@H](O)CN2Cc2ccccc2F)O1)N[C@@H]1CCN(Cc2ccccc2)C1,0,2321
COc1nc(C)nc(Cl)c1NC1=NCCN1,0,3337
O=C(O)CCC(=O)O.O=C(O[C@H]1CN2CCC1CC2)N1CCc2ccccc2[C@@H]1c1ccccc1,0,1024
NNC(=O)c1ccc2c(=O)[nH][nH]c(=O)c2c1,0,1712
C[C@@H](CO)N1C[C@@H](C)[C@H](CN(C)C(=O)c2ccncc2)Oc2cc(C#Cc3ccncc3)ccc2S1(=O)=O,0,2196
C[C@H]1CN([C@@H](C)CO)S(=O)(=O)c2ccc(C#Cc3ccncc3)cc2O[C@H]1CN(C)C(=O)c1ccncc1,0,2196
COCCOC(=O)N1C(=O)[C@@]2(c3cc(C#CC4(O)CCCCCC4)ccc31)[C@H](C(=O)NC[C@H](O)c1ccccc1)[C@H]1C(=O)O[C@H](c3ccccc3)[C@H](c3ccccc3)N1[C@@H]2c1ccc(OCCO)cc1,0,2804
Cc1cccc(C)c1NC1=NCCCS1,0,1160
COCCOC(=O)N1C(=O)[C@@]2(c3cc(C#CCCO)ccc31)[C@H](c1ccccc1OCCO)N1[C@H](c3ccccc3)[C@H](c3ccccc3)OC(=O)[C@H]1[C@@H]2C(=O)NC[C@H](O)c1ccccc1,0,2531
O=C1O[C@@H](c2ccccc2)[C@@H](c2ccccc2)N2[C@@H](c3ccc(O)cc3)[C@]3(C(=O)Nc4ccccc43)[C@@H](C(=O)NC[C@H](O)c3ccccc3)[C@H]12,0,2531
COC(=O)C(CC#Cc1ccc2c(c1)[C@]1(C(=O)N2)[C@H](c2ccc(O)cc2)N2[C@H](c3ccccc3)[C@H](c3ccccc3)OC(=O)[C@H]2[C@@H]1C(=O)NC[C@H](O)c1ccccc1)C(=O)OC,0,2531
O=C1O[C@@H](c2ccccc2)[C@@H](c2ccccc2)N2[C@@H](c3ccc(O)cc3)[C@]3(C(=O)Nc4ccc(C#CCCO)cc43)[C@@H](C(=O)NC[C@H](O)c3ccccc3)[C@H]12,0,2531
O=c1oc2cc3occ(-c4ccccc4)c3cc2c2ccccc12,0,2607
CC(=O)c1c(O)c(C)c(O)c(Cc2c(O)c3c(c(C(=O)/C=C/c4ccccc4)c2O)OC(C)(C)C=C3)c1O,0,1684
C=C1C(=O)O[C@@H]2/C=C(\CO[C@@H]3O[C@H](CO)[C@@H](O)[C@H](O)[C@H]3OC(=O)Cc3ccc(O)cc3)CC/C=C(/C=O)C[C@H](O)[C@@H]12,0,1871
Nc1nc(NC2CC2)c2ncn(C3C=C[C@@H](CO)C3)c2n1.O=S(=O)(O)O,0,41
N#Cc1cccnc1Oc1ccccc1,0,2725
CN1C(=O)CC(C)(c2ccccc2)C1=O,0,757
CN1C(=O)CC(c2ccccc2)C1=O,0,757
C/C(=C(/CCOP(=O)(O)O)SC(=O)c1ccccc1)N(C=O)Cc1cnc(C)nc1N,0,189
O=C1NC(=O)[C@@H](c2ccccc2)N1,0,1269
O=C1NC(=O)C(=C[C@@H]2CC=CCC2)C(=O)N1,0,1411
CN1CC(=O)N=C1NC(=O)[C@H]1CCCN(S(=O)(=O)c2ccc3c(c2)oc(=O)n3C)C1,0,1281
CC(=O)O[C@@H]1[C@@H](O)C[C@@]2(C)[C@@H](CC[C@@H](C)[C@@]23Cc2c(O)cc4c(c2O3)CN([C@@H](CCC(=O)O)C(=O)O)C4=O)C1(C)C,0,1386
COc1cc(-c2coc3cc(O[C@@H]4O[C@H](CO)[C@@H](O)[C@H](O)[C@H]4O)c(OC)c(O)c3c2=O)cc(O)c1OC,0,657
CN(C)Cc1cn(CC[C@@H]2CC[C@H](NC(=O)Cc3cccnc3)[C@H](CO)O2)nn1,0,2753
CN(C)Cc1cn(CC[C@@H]2CC[C@H](NC(=O)Cc3cccnc3)[C@@H](CO)O2)nn1,0,2753
O=S1(=O)OC(c2ccc(O)cc2)(c2ccc(O)cc2)c2ccccc21,0,885
O=C1c2ccccc2[C@](Cc2ccccc2I)(C(=O)NCc2ccccc2)[C@H](c2ccc(CO)cc2)N1C1CCCCC1,0,2854
Cc1cc(C)n(-c2nc3c(c(=O)n(CCN4CCOCC4)c(=O)n3C)n2C)n1,0,3144
CN(C)CCCNC(=O)C[C@@H]1C=C[C@@H](NC(=O)Cc2cccnc2)[C@H](CO)O1,0,2204
CN(C)CCCNC(=O)C[C@H]1C=C[C@@H](NC(=O)Cc2cccnc2)[C@H](CO)O1,0,2204
CN(C)CCCNC(=O)C[C@H]1C=C[C@@H](NC(=O)Cc2cccnc2)[C@@H](CO)O1,0,2204
CC(=O)n1cc([C@@H]2C=C(C(=O)N3CCN(C)CC3)O[C@H](OCc3ccc(CO)cc3)C2)c2ccccc21,0,2942
O=S(=O)(c1ccc(-n2cnnn2)cc1)N1CCNCC1,0,3323
CC1=C(/C=C/C(C)=C/C=C/C(C)=C/C=C/C=C(C)/C=C/C=C(C)/C=C/C2=C(C)CCCC2(C)C)C(C)(C)CCC1,0,206
Cc1cccc(S(=O)(=O)N2C[C@@H](O)COC[C@@H]3O[C@@H](CC(=O)NCc4ccc5c(c4)OCO5)CC[C@H]32)c1,0,3608
Cc1nc2ccccn2c(=O)c1CCN1CCC(C(=O)c2ccc(F)cc2)CC1,0,908
CC(C)=CCC[C@](C)(O)C1CC=C(C)CC1,1,220
C=C(C)C1CC=C(C)CC1,0,220
CCOC(=O)C1=C[C@@H](OC(CC)CC)[C@H](NC(C)=O)[C@@H](N)C1.O=P(O)(O)O,0,220
C=C(C)[C@H]1CC=C(C(=O)O)CC1,0,220
C=C(C)C1CC=C(CO)CC1,0,220
CC1=C(/C=C/C(C)=C/C=C/C(C)=C/CO)C(C)(C)CCC1,0,220
CC(=O)OC/C=C(C)/C=C/C=C(C)/C=C/C1=C(C)CCCC1(C)C,0,220
CCCCCCCCCCCCCCCC(=O)OC/C=C(C)/C=C/C=C(C)/C=C/C1=C(C)CCCC1(C)C,0,220
CCCCC(=O)C1CCCC=C1C(=O)O,0,220
O=C(O)C1=C[C@@H](O)[C@@H](O)[C@H](O)C1,0,220
CC1=C(/C=C/C(C)=C/C=C/C(C)=C/C(=O)O)C(C)(C)CCC1,0,220
C=C(C)[C@H]1COc2cc3oc(=O)ccc3cc2O1,0,833
Cc1nc2ccccc2n1Cc1ccc(Cl)cc1,1,315
O=C(C[C@H]1CC[C@H]2[C@@H](COC[C@H](O)CN2S(=O)(=O)c2cccc(Cl)c2)O1)NCCCN1CCOCC1,0,1635
Cc1cccc(S(=O)(=O)N2C[C@@H](O)COC[C@H]3O[C@@H](CC(=O)NCCCN4CCOCC4)CC[C@@H]32)c1,0,1635
Cc1cccc(S(=O)(=O)N2C[C@H](O)COC[C@H]3O[C@@H](CC(=O)NCCCN4CCOCC4)CC[C@@H]32)c1,0,1635
COc1cccc(S(=O)(=O)N2C[C@H](O)COC[C@H]3O[C@@H](CC(=O)NCCCN4CCOCC4)CC[C@@H]32)c1,1,1635
O=C(C[C@H]1CC[C@H]2[C@@H](COC[C@@H](O)CN2S(=O)(=O)c2cccc(F)c2)O1)NCCCN1CCOCC1,0,1635
O=C(NCCCN1CCCC1=O)c1cccnc1,0,3342
CC1(C)CCC2=C(O1)C(=O)c1ccccc1C2=O,0,86
Cc1c(C(=O)O)sc(=O)n1C,0,3610
Nc1nc(N)nc(-c2cc(Cl)ccc2Cl)n1.O=C(O)/C=C\C(=O)O,0,658
COc1cc2occc2c2oc(=O)ccc12,0,659
COc1c(OC)c2occc2c2oc(=O)ccc12,0,659
COc1cc2ccc(=O)oc2c2ccoc12,0,659
CC(C)c1ccc2[nH]c(=O)c(CCN)cc2c1,0,1657
COc1ccc2cc(CCN)c(=O)[nH]c2c1,0,1657
Cn1c(=O)c(C(=O)NCCO)c(O)c2ccccc21,0,1657
CNC(=O)c1c(O)c2ccccc2n(C)c1=O,0,1657
S=C1C=C(N2CCCCC2)C[C@H](c2ccc(Cl)cc2)S1,1,1509
C/C=C1\[C@H](O[C@H]2O[C@@H](CO)[C@@H](O)[C@@H](O)[C@@H]2O)OC=C(C(=O)OC)[C@H]1CC(=O)OC[C@@H](CO)[C@H]1C[C@@H](OC(=O)C[C@@H]2C(C(=O)OC)=CO[C@H](O[C@H]3O[C@@H](CO)[C@@H](O)[C@@H](O)[C@@H]3O)/C2=C\C)[C@@H](C)[C@@H]1COC(=O)C[C@@H]1C(C(=O)OC)=CO[C@H](O[C@H]2O[C@@H](CO)[C@@H](O)[C@@H](O)[C@@H]2O)/C1=C\C,0,1231
CC(C)(O)CC[C@@H](O)[C@](C)(O)C1CC[C@@]2(O)C3=CC(=O)C4C[C@@H](O)[C@@H](O)C[C@]4(C)C3CC[C@]12C,0,380
COCCOC(=O)N1C(=O)[C@@]2(c3cc(C#CC4(O)CCCCCC4)ccc31)[C@H](c1ccccc1OCCO)N1[C@H](c3ccccc3)[C@H](c3ccccc3)OC(=O)[C@H]1[C@@H]2C(=O)N1CCc2cc(OC)c(OC)cc2C1,0,1593
COc1cc2c(cc1OC)CN(C(=O)[C@H]1[C@@H]3C(=O)O[C@@H](c4ccccc4)[C@@H](c4ccccc4)N3[C@@H](c3ccccc3OCCO)[C@]13C(=O)Nc1ccc(C#CC4(O)CCCCCC4)cc13)CC2,0,1593
COc1cc2c(cc1OC)CN(C(=O)[C@H]1[C@@H]3C(=O)O[C@@H](c4ccccc4)[C@@H](c4ccccc4)N3[C@@H](c3ccc(OCCO)cc3)[C@]13C(=O)Nc1ccc(C#CC4(O)CCCCCC4)cc13)CC2,0,1593
COc1cc2c(cc1OC)CN(C(=O)[C@H]1[C@@H]3C(=O)O[C@@H](c4ccccc4)[C@@H](c4ccccc4)N3[C@@H](c3ccc(O)cc3)[C@]13C(=O)Nc1ccc(C#CC4(O)CCCCCC4)cc13)CC2,0,1593
O=C1C=C2C=C[C@@H]3C[C@@]2(O1)[C@H]1CCCCN31,0,1009
C[C@H]1COC(=O)[C@H](NC(=O)OCC2c3ccccc3-c3ccccc32)CC=CC[C@@H](CC(=O)NCCO)C(=O)N1,0,2446
Cn1c(=O)cc(N2CCCC(N)C2)n(Cc2ccccc2C#N)c1=O.O=C(O)c1ccccc1,0,83
CC(C)(C(=O)c1cccnc1)c1cccnc1,0,765
O=C(CCCCCNC(=O)OCCCCO[C@H]1C[C@H]2C(I)=C[C@@H]1C(=O)[C@]21CCCO1)NO,0,1230
CCN1CCC[C@@H]1CN1CNC(=S)NC1,0,1292
CC(C)CC#Cc1cnc2c(c1)C(=O)N([C@@H](C)CO)C[C@@H](C)[C@H](CN(C)C(=O)CN1CCOCC1)O2,0,2107
C[C@H]1CN([C@H](C)CO)C(=O)c2cc(C#C[C@@H](C)O)cnc2O[C@H]1CN(C)C(=O)CN1CCOCC1,0,2107
C[C@H](O)C#Cc1cnc2c(c1)C(=O)N([C@H](C)CO)C[C@H](C)[C@H](CN(C)C(=O)CN1CCOCC1)O2,0,2107
O=C(C[C@@H]1CC[C@H]2[C@@H](COC[C@@H](O)CN2S(=O)(=O)c2ccc(Cl)cc2)O1)NCCN1CCCCC1,0,2209
O=C(C[C@@H]1CC[C@H]2[C@@H](COC[C@H](O)CN2S(=O)(=O)c2ccc(Cl)cc2)O1)NCCN1CCCCC1,0,2209
COc1ccc(S(=O)(=O)N2C[C@H](O)COC[C@H]3O[C@H](CC(=O)NCCN4CCCCC4)CC[C@@H]32)cc1,0,2209
COc1ccc(S(=O)(=O)N2C[C@@H](O)COC[C@H]3O[C@H](CC(=O)NCCN4CCCCC4)CC[C@@H]32)cc1,0,2209
O=C(C[C@H]1CC[C@@H](NC(=O)CN2CCOCC2)[C@H](CO)O1)NCCc1ccncc1,0,3056
O=C(C[C@H]1CC[C@@H](NC(=O)CN2CCOCC2)[C@@H](CO)O1)NCCc1ccncc1,0,3056
CC1(C)O[C@@H]2CO[C@@]3(COS(N)(=O)=O)OC(C)(C)O[C@H]3[C@@H]2O1,0,1104
Cc1ccc(S(=O)(=O)N(c2cccc(-n3cc(CCC(=O)NO)nn3)c2)S(=O)(=O)c2ccc(C)cc2)cc1,0,2793
Nc1nnc(SCC(=O)N2CCOCC2)[nH]1,0,2314
CC(C)=CCCC(C)[C@@H]1CC[C@]2(C)C3=C(CC[C@@]12C)C1(C)CC[C@H](O)C(C)(C)C1CC3,0,542
CC(C)=CCCC(C)C1CC[C@@]2(C)C3=C(CC[C@]12C)C1(C)CC[C@H](O)C(C)(C)C1CC3,1,542
CC(=O)O[C@H]1CCC2(C)C3=C(CCC2C1(C)C)[C@]1(C)CCC(C(C)CCC=C(C)C)[C@@]1(C)CC3,0,542
Cc1cc2n(c(=O)c1C(N)=O)CCO2,0,3438
CCCC#Cc1ccc2c(c1)O[C@H](CN(C)Cc1ccc3c(c1)OCO3)[C@@H](C)CN([C@@H](C)CO)S2(=O)=O,0,2661
CCCC#Cc1ccc2c(c1)O[C@H](CN(C)Cc1ccc3c(c1)OCO3)[C@H](C)CN([C@H](C)CO)S2(=O)=O,0,2661
COCC#Cc1ccc2c(c1)O[C@H](CN(C)Cc1ccc3c(c1)OCO3)[C@H](C)CN([C@@H](C)CO)S2(=O)=O,0,2661
C=CC[C@@H](CC(=O)N[C@H](CO)Cc1ccccc1)C(=O)NC[C@H](OC(=O)[C@@H](CC=C)Cc1ccc(F)cc1)c1ccccc1,0,2810
C=CCC[C@@H](Cc1ccc(F)cc1)C(=O)O[C@@H](CNC(=O)[C@@H](CC=C)CC(=O)N[C@@H](CO)Cc1ccccc1)c1ccccc1,0,2810
C=CCC[C@H](Cc1ccc(F)cc1)C(=O)O[C@@H](CNC(=O)[C@@H](CC=C)CC(=O)N[C@H](CO)Cc1ccccc1)c1ccccc1,0,2810
C=CC[C@@H](CC(=O)N[C@@H](CO)Cc1ccccc1)C(=O)NC[C@H](OC(=O)[C@@H](CC=C)Cc1ccc(F)cc1)c1ccccc1,0,2810
Cc1n[nH]c(=O)nc1NC1CC1,0,3675
O=S1(=O)N[C@H](c2ccccc2)CO1,0,1614
C[C@H]1CN([C@@H](C)CO)C(=O)CCCn2nncc2CO[C@@H]1CN(C)C(=O)Oc1cccc2ccccc12,0,1955
c1ccc(-c2cc(-c3ccccc3)n(-c3ccccc3)n2)cc1,0,1615
O=C(C[C@@H]1C=C[C@H](NC(=O)C2CC2)[C@@H](CO)O1)NCCCN1CCOCC1,0,1702
O=C(C[C@@H]1C=C[C@H](NC(=O)C2CC2)[C@H](CO)O1)NCCCN1CCOCC1,0,1702
O=C1OCCN1/N=C/c1ccc([N+](=O)[O-])o1,1,577
CN(C)C(=O)c1cccc(-c2cccc(-c3nc(C(=O)N4CCCCC4)cc4c3[C@@H](CCO)N([S@](=O)C(C)(C)C)C4)c2)c1,0,1625
CC(C)(C)[S@@](=O)N1Cc2cc(C(=O)N3CCCCC3)nc(-c3cccc(-c4cccc(C#N)c4)c3)c2[C@H]1CCO,0,1625
CN(C)C(=O)c1cccc(-c2cccc(-c3nc(C(=O)N4CCCCC4)cc4c3[C@H](CCO)N([S@@](=O)C(C)(C)C)C4)c2)c1,0,1625
CC(C)(C)[S@](=O)N1Cc2cc(C(=O)N3CCCCC3)nc(-c3cccc(-c4cccc(C#N)c4)c3)c2[C@@H]1CCO,0,1625
CC(C)(Oc1ccc(C2CC2(Cl)Cl)cc1)C(=O)O,0,341
CCN(CC)C(=O)[C@@]1(c2ccccc2)C[C@H]1CN.Cl,0,341
CCN(CC)C(=O)C1(c2ccccc2)CC1CN.Cl,0,341
NC1C[C@H]1c1ccccc1.O=S(=O)(O)O,0,341
NNC(=O)[C@@H]1C(c2ccccc2)[C@H]1C(=O)NN,0,341
COc1ccc([C@H]2[C@@H](C(N)=O)C2(C#N)C#N)cc1,0,341
COc1ccccc1C1(N)CC1,0,341
NCC1(c2c(F)cc(F)cc2F)CC1,0,341
N[C@H]1C[C@@H]1c1ccccc1,0,341
O=C(CN1CCOCC1)N[C@H]1CC[C@@H](CCNC(=O)Nc2cc(F)ccc2F)O[C@@H]1CO,0,2281
O=C(CN1CCOCC1)N[C@H]1CC[C@@H](CCNC(=O)Nc2cc(F)ccc2F)O[C@H]1CO,0,2281
CC(=O)NCCOCCOCC(=O)N[C@@H]1C/C=C/CCC(=O)N[C@H](c2ccccc2)COC1=O,0,3262
CC(=O)S[C@@H]1CC2=CC(=O)CC[C@]2(C)[C@H]2CC[C@@]3(C)[C@@H](CC[C@@]34CCC(=O)O4)C21,0,1029
COc1cc2c(cc1OC)[C@@]13CCN4CC5=CCOC6CC(=O)N2C1[C@H]6[C@H]5C[C@H]43,0,236
O=C(NC1CCCCC1)NC1CCCCC1,0,444
C=C/C=C\CC1=C(C)[C@@H](OC(=O)[C@@H]2[C@@H](C=C(C)C)C2(C)C)CC1=O,0,945
Cc1ccc(CNc2ccccn2)o1,0,2276
CC#C[C@]1(O)CCC2C3CCC4=CC(=O)CCC4=C3[C@@H](c3ccc(N(C)C)cc3)C[C@@]21C,0,769
O=C(O)CNC(=O)C1CCC1,0,1652
N[C@]1(C(=O)O)C[C@H](C(=O)O)C1,0,1652
NC1(C(=O)O)CCC1,0,1652
O=C(NCCCN1CCOCC1)c1ccc(Cl)cc1,0,518
CS(=O)(=O)O.Oc1ccc(C2CNCCc3c2cc(O)c(O)c3Cl)cc1,0,552
CC(C)C[C@@H](NS(=O)(=O)c1ccc2[nH]c(=O)c(=O)[nH]c2c1)C(=O)O,0,1221
CCOn1c(=O)c(=O)n(OC)c2ccccc21,0,1221
N#CC(O[C@@H]1O[C@H](CO[C@@H]2O[C@H](CO)[C@@H](O)[C@H](O)[C@H]2O)[C@@H](O)[C@H](O)[C@H]1O)c1ccccc1,0,119
COc1ccc([Si](C)(C)[C@@H]2[C@@H](CC(=O)N3CCC[C@H]3CO)O[C@]3(C(=O)N(Cc4cccc(N5C(=O)c6cccc7cccc5c67)c4)c4ccccc43)[C@H]2C)cc1,0,1842
NC(=O)N1C(=O)[C@H]2[C@H](C1=O)[C@@H]1C(CCCO)=C[C@H]2N(Cc2cc3c(cc2Br)OCO3)[C@@H]1C1CC1,0,1180
C(=N/C1CCCCCCCCCCC1)\c1ccco1,1,2351
CN([C@@H](Cc1ccc(OS(=O)(=O)c2cccc3cnccc23)cc1)C(=O)N1CCN(c2ccccc2)CC1)S(=O)(=O)c1cccc2cnccc12,0,1465
C=CCSCC1Nc2cc(Cl)c(S(N)(=O)=O)cc2S(=O)(=O)N1,0,90
NS(=O)(=O)c1cc2c(cc1Cl)NCNS2(=O)=O,0,90
NS(=O)(=O)c1cc2c(cc1C(F)(F)F)NCNS2(=O)=O,0,90
CN1C(CCl)Nc2cc(Cl)c(S(N)(=O)=O)cc2S1(=O)=O,0,90
NS(=O)(=O)c1cc2c(cc1Cl)NC(C(Cl)Cl)NS2(=O)=O,0,90
O=C(O)c1c2ccccc2cc2ccccc12,0,136
NC(=O)c1cc[n+](CC2=C(C(=O)[O-])N3C(=O)[C@@H](NC(=O)Cc4cccs4)[C@H]3SC2)cc1,0,279
Cc1cccc2c3c(ccc12)C1=C(C(=O)C3=O)C(C)CO1,0,465
CN(C)CCCNC(=O)C[C@@H]1C=C[C@@H](NS(=O)(=O)c2ccccc2)[C@@H](CO)O1,0,3367
O=C(C[C@@H]1C=C[C@@H](NC(=O)C2CC2)[C@@H](CO)O1)NCCCN1CCOCC1,0,1710
O=C(C[C@@H]1C=C[C@@H](NC(=O)C2CC2)[C@H](CO)O1)NCCCN1CCOCC1,0,1710
COC(=O)[C@@H]1CC2=CC(=O)CC[C@]2(C)[C@@]23OC2C[C@@]2(C)C(CCC24CCC(=O)O4)[C@H]13,0,516
O=C(C[C@H]1CC[C@H](NS(=O)(=O)c2ccc(F)cc2)[C@H](CO)O1)NCc1ccc(Cl)c(Cl)c1,0,1810
Cc1ccc(S(=O)(=O)N[C@H]2CC[C@H](CC(=O)NCc3ccc(Cl)c(Cl)c3)O[C@@H]2CO)cc1,0,1810
O=C(C[C@@H]1C=C[C@H](NC(=O)CN2CCOCC2)[C@H](CO)O1)NCCc1ccncc1,0,2900
O=C(C[C@@H]1C=C[C@H](NC(=O)CN2CCOCC2)[C@@H](CO)O1)NCCc1ccncc1,0,2900
CC(C(=O)O)c1ccc2c(c1)CC(=O)c1ccccc1S2,0,1162
CN1C2CC[C@@H]1C[C@@H](OC(=O)[C@H](CO)c1ccccc1)C2,0,640
NCC[C@H]1CC[C@H](NC(=O)C2CCCC2)[C@@H](CO)O1,0,2620
NCC[C@@H]1CC[C@H](NC(=O)C2CCCC2)[C@H](CO)O1,0,2620
C(=N/c1cc(-c2ccccc2)nn1-c1ccccc1)\c1ccccc1,0,2121
CCOP(=S)(OCC)Oc1nc(Cl)c(Cl)cc1Cl,0,319
Cc1nc(C)c(Cl)c(O)c1Cl,0,319
O=C(O)c1cccc(C(=O)O)n1,0,319
CCc1cc(C(N)=S)ccn1,0,319
Nc1ccncc1,0,319
CC(C)NNC(=O)c1ccncc1.O=P(O)(O)O,0,319
NNC(=O)c1ccncc1,0,319
O=C(O)c1cccnc1,0,319
O=C(NCCO[N+](=O)[O-])c1cccnc1,0,319
O=C(O)C(O)C(O)C(=O)O.OCc1cccnc1,0,319
CCN(CC)C(=O)c1cccnc1,0,319
CCN(Cc1ccc(Cl)nc1)/C(=C/[N+](=O)[O-])NC,0,319
NCc1cccnc1,0,319
OCc1ccccn1,0,319
CC(N/C(=N/C#N)Nc1ccncc1)C(C)(C)C,0,319
CCCc1cc(C(N)=S)ccn1,0,319
Cc1ncc(CO)c(CO)c1O.Cl,0,319
O=P([O-])(O)C(O)(Cc1cccnc1)P(=O)(O)O.[Na+],0,319
CCOC[C@@H](O)CS(=O)(=O)c1ccccn1,0,319
O=C(O)CNc1ncccc1O,0,319
NNC(=O)c1cccc(C(F)(F)F)n1,0,319
Cc1ncc(CO)c(CO)c1O,0,319
NNC(=O)c1ccccn1,0,319
NC(=S)CS(=O)(=O)c1ccccn1,0,319
CC(C)CNC(=O)C(=O)NCc1ccccn1,0,319
CN(C)CCOc1ccc([N+](=O)[O-])cn1,0,319
O=C(/C=N/O)NCc1ccccn1,0,319
N#Cc1ccc(NCCNC(=N)N)nc1,0,319
NC(=O)c1cccnc1,0,319
O=C(O)CCCNC(=O)c1cncc(O)c1,0,319
CN(C)CC#Cc1cncc(C(=O)NN)c1,0,319
O=C(O)c1cncc(C(=O)O)c1,0,319
Cc1ncc(CO)c(/C=N/O)c1O,0,319
Cc1cc(C(=O)O)c(C#N)c(N)n1,0,319
O=C(N/N=C/[C@H](O)[C@H](O)[C@@H](O)[C@@H](O)CO)c1ccccn1,0,319
COC(=O)c1cccc(C(=O)OC)n1,0,319
CCOC(=O)c1cccnc1N,0,319
O=C(N/N=C/[C@H](O)[C@@H](O)[C@H](O)CO)c1ccccn1,0,319
Cc1ncc([N+](=O)[O-])cc1C(=O)O,0,319
N#CCC(=O)NCc1ccccn1,0,319
COCc1cc(C)nc(N)c1C#N,0,319
O=C(N/N=C/[C@@H](O)[C@@H](O)[C@H](O)[C@H](O)CO)c1ccccn1,0,319
CN(C)CCNC(=O)c1ccccn1,0,319
CCOC(=O)c1cccc(C(=O)O)n1,0,319
NNC(=O)c1ccc(/C=N\O)nc1,0,319
NNC(=O)CS(=O)(=O)c1ccc(C(F)(F)F)cn1,0,319
NC(=O)c1ccc(N)nc1,0,319
O=C(N/N=C/[C@H](O)[C@@H](O)[C@@H](O)[C@H](O)CO)c1ccccn1,0,319
O=C(N/N=C/[C@@H](O)[C@H](O)[C@H](O)CO)c1ccccn1,0,319
O=C(O)CCNC(=O)c1cncc(O)c1,0,319
CC(C)NNC(=O)c1ccncc1,0,319
CCOc1nc(N)cc(N)c1C#N,0,319
N#CCC(=O)Nc1ccncc1,0,319
NC(=O)CSc1ccccn1,0,319
CC(=O)Oc1cncc(C(=O)O)c1,0,319
NC(=O)NCc1ccccn1,0,319
CN(C)CCOc1ccc(C#N)cn1,0,319
O=C(N/N=C/[C@H](O)[C@@H](O)[C@@H](O)[C@H](O)C(=O)O)c1ccccn1,0,319
Cc1ncc(CO)c(CN)c1O,0,319
O=C(N/N=C/[C@H](O)[C@@H](O)[C@H](O)[C@H](O)CO)c1ccccn1,0,319
Cc1ccc(CSc2ncc(C(F)(F)F)cc2Cl)cc1,0,3362
c1cc(-c2nnc(Cn3cncn3)[nH]2)ccn1,0,1905
CN1CCN(c2c(F)cc3c(=O)c(C(=O)O)cn(CCF)c3c2F)CC1,1,561
CCn1cc(C(=O)O)c(=O)c2cc(F)c(N3CCNC(C)C3)c(F)c21.Cl,1,561
CCn1cc(C(=O)O)c(=O)c2cc(F)c(N3CCNCC3)cc21,1,561
CCn1cc(C(=O)O)c(=O)c2cc(F)c(N3CCN(C)CC3)cc21.CS(=O)(=O)O,1,561
Oc1cc(O)c2c(c1)O[C@H](c1ccc(O)c(O)c1)[C@@H](O)C2,0,329
Oc1ccc([C@H]2Oc3cc(O)cc(O)c3C[C@H]2O)cc1,0,329
Oc1cc(O)c2c(c1)O[C@H](c1ccc(O)c(O)c1)[C@H](O)C2,0,329
Oc1cc(O)c2c(c1)O[C@H](c1cc(O)c(O)c(O)c1)[C@H](O)C2,0,329
COC(=O)[C@H](Cc1ccccc1)N1CC2=C[C@H](C3CC3)n3c(=O)n(C)c(=O)n3[C@@H]2[C@H]1[C@H](O)Cc1ccccc1,0,2051
C[C@H]1O[C@@H](OC[C@H]2O[C@@H](OC[C@@]3(C)[C@@H](O)CC[C@@]4(C)[C@@H]3CC[C@@]3(C)[C@@H]4CC[C@H]4C5=CC(C)(C)CC[C@]5(C(=O)O)CC[C@@]43C)[C@@H](O)[C@@H](O)[C@@H]2O)[C@@H](O)[C@@H](O)[C@@H]1O,0,1496
COc1ccccc1C#Cc1ccc2c(c1)O[C@H](CN(C)Cc1cncnc1)[C@H](C)CN([C@H](C)CO)S2(=O)=O,0,2923
COc1ccccc1C#Cc1ccc2c(c1)O[C@H](CN(C)Cc1cncnc1)[C@@H](C)CN([C@H](C)CO)S2(=O)=O,1,2923
CC1CCN(S(=O)(=O)c2c[nH]cn2)CC1,0,1564
CCS(=O)(=O)N[C@@H]1C=C[C@H](CC(=O)NCc2ccc(Cl)cc2)O[C@H]1CO,0,2897
O=C(Nc1ccn([C@H]2O[C@H](CO)[C@@H](O)[C@@H]2O)c(=O)n1)c1ccccc1,0,1222
C[C@H]1CN([C@@H](C)CO)S(=O)(=O)c2ccc(C#CC3(O)CCCC3)cc2O[C@H]1CN(C)C(=O)Cc1cccnc1,0,3346
C[C@H]1CN([C@H](C)CO)S(=O)(=O)c2ccc(C#CC3(O)CCCC3)cc2O[C@H]1CN(C)C(=O)Cc1cccnc1,0,3346
O=C(C[C@@H]1C=C[C@H](NC(=O)c2ccncc2)[C@@H](CO)O1)NCc1ccncn1,0,2323
O=C(C[C@@H]1C=C[C@H](NC(=O)c2ccncc2)[C@H](CO)O1)NCc1ccncn1,0,2323
CN1C[C@H](O)COC[C@H]2O[C@@H](CC(=O)N3CCN(c4ccccc4)CC3)CC[C@@H]21,0,3294
CN1CCN(C(=O)C[C@@H]2CC[C@H]3[C@@H](COC[C@@H](O)CN3C(=O)C3CCCC3)O2)CC1,0,2459
CN1CCN(C(=O)C[C@@H]2CC[C@H]3[C@@H](COC[C@H](O)CN3C(=O)C3CCCC3)O2)CC1,0,2459
Cn1cnc(S(=O)(=O)N2C[C@@H](O)COC[C@@H]3O[C@H](CC(=O)NC4CCC4)CC[C@H]32)c1,0,3530
O=C(O)[C@H]1CCCC[C@@H]1C(=O)N1CCOCC1,0,1471
O=C(C[C@@H]1CC=CC[C@@H](Cc2ccc(F)cc2)C(=O)OC[C@H](Cc2c[nH]c3ccccc23)NC1=O)NCCO,0,3051
Cc1cc(O)c(C=O)c2c1C(=O)Oc1c(C)c(O)c3c(c1O2)C(O)OC3=O,0,829
CN1CCN(C(=O)C[C@@H]2C=C[C@@H](NC(=O)c3ccc4c(c3)OCO4)[C@H](CO)O2)CC1,0,2712
CN1CCN(C(=O)C[C@@H]2C=C[C@@H](NC(=O)c3ccc4c(c3)OCO4)[C@@H](CO)O2)CC1,0,2712
Cc1nc(-c2sc3ccc(Cl)cc3c2C)cs1,0,3539
COc1ccccc1S(=O)(=O)N[C@@H]1C=C[C@@H](CC(=O)N2CCN(C)CC2)O[C@H]1CO,0,1888
CN1CCN(C(=O)C[C@@H]2C=C[C@@H](NS(=O)(=O)c3cccc(F)c3)[C@@H](CO)O2)CC1,0,1888
COc1ccccc1S(=O)(=O)N[C@@H]1C=C[C@@H](CC(=O)N2CCN(C)CC2)O[C@@H]1CO,0,1888
CCCCCCC#C[Si](O[C@H](c1ccccc1)c1cn([C@H](C)c2ccccc2)nn1)(C(C)C)C(C)C,1,2522
CCCCCCC#C[Si](O[C@H](c1ccccc1)c1cn(Cc2cccc(Cl)c2)nn1)(C(C)C)C(C)C,0,2522
CC(C)[Si](C#CCCCC#N)(O[C@H](c1ccccc1)c1cn(Cc2cccc(Cl)c2)nn1)C(C)C,0,2522
N[C@@H](CC(=O)N1CCn2c(nnc2C(F)(F)F)C1)Cc1cc(F)c(F)cc1F.O.O=P(O)(O)O,0,1018
S=C(Nc1ccccc1)Nc1ccc2c(c1)oc1ccccc12,1,2310
COCCNC(=O)C[C@H]1C[C@@H]2c3cc(NS(C)(=O)=O)ccc3O[C@@H]2[C@H](CO)O1,0,2971
COCCNC(=O)C[C@H]1C[C@@H]2c3cc(NC(=O)COC)ccc3O[C@@H]2[C@H](CO)O1,0,2971
COCCNC(=O)C[C@@H]1C[C@@H]2c3cc(NC(=O)COC)ccc3O[C@@H]2[C@H](CO)O1,0,2971
COCCNC(=O)C[C@@H]1C[C@@H]2c3cc(NC(=O)COC)ccc3O[C@@H]2[C@@H](CO)O1,0,2971
CC(C)CC#Cc1ccc2c(c1)O[C@@H](CN(C)Cc1cncnc1)[C@@H](C)CN([C@@H](C)CO)S2(=O)=O,0,2078
C[C@@H]1COC(=O)[C@@H](Cc2ccc(F)cc2)CCC=CC[C@@H](CC(=O)N[C@H](CO)Cc2ccccc2)C(=O)N1,0,1738
Cc1nnc(NS(=O)(=O)c2ccc(N)cc2)s1,0,1042
O=c1cc(-c2ccccc2)[nH]c(=O)[nH]1,0,2560
O=C(C[C@@H]1CC[C@@H](NC(=O)Nc2ccc3c(c2)OCO3)[C@H](CO)O1)NCCCN1CCOCC1,0,3221
CC1=CC2(CO)C(=O)[C@]3(CO3)C1[C@H]1[C@]2(C)C=C(CO)C(=O)[C@]12CO2,1,3446
CO[C@H]1CN(C)C(=O)c2ccc(NS(=O)(=O)c3cn(C)cn3)cc2OC[C@H](C)N(Cc2cccc(F)c2)C[C@H]1C,0,2662
CO[C@H]1CN(C)C(=O)c2ccc(NS(=O)(=O)c3cn(C)cn3)cc2OC[C@@H](C)N(Cc2cccc(F)c2)C[C@H]1C,0,2662
CO[C@@H]1CN(C)C(=O)c2ccc(NS(=O)(=O)c3cn(C)cn3)cc2OC[C@H](C)N(Cc2cccc(F)c2)C[C@@H]1C,0,2662
N#CC(c1ccc(Cl)cc1)c1c(Cl)cc(-n2ncc(=O)[nH]c2=O)cc1Cl,0,441
CCc1ccc(NC(=O)C2CCN(S(=O)(=O)c3c(C)[nH]c(=O)[nH]c3=O)CC2)cc1,0,3631
C=CCOC(=O)[C@@H]1[C@H](C(=O)OC)N(C)[C@@H](c2ccccc2)[C@]12C(=O)Nc1ccc(I)cc12,0,1371
C=CCOC(=O)[C@@H]1[C@@H](C(=O)OC)N(C)[C@@H](c2ccccc2)[C@]12C(=O)Nc1ccc(I)cc12,0,1371
COc1cc2c(cc1OC)Cc1cc(OC)c(OC)cc1Cc1cc(OC)c(OC)cc1C2,0,395
C[C@H](NC(=O)C[C@@H]1CC[C@H](NC(=O)CN2CCOCC2)[C@H](CO)O1)c1ccccc1,0,2080
C[C@@H](NC(=O)C[C@@H]1CC[C@H](NC(=O)CN2CCOCC2)[C@H](CO)O1)c1ccccc1,0,2080
C[C@@H](NC(=O)C[C@@H]1CC[C@H](NC(=O)CN2CCOCC2)[C@@H](CO)O1)c1ccccc1,0,2080
C[C@H](NC(=O)C[C@@H]1CC[C@H](NC(=O)CN2CCOCC2)[C@@H](CO)O1)c1ccccc1,0,2080
NC1=N[C@H]2CS(=O)(=O)C[C@@H]2S1,0,1259
O=C(NC1CC1)c1n[nH]c(=O)c2ccccc12,0,2759
CN1CCN(C(=O)C[C@@H]2CC[C@@H](NC(=O)c3ccc4c(c3)OCO4)[C@H](CO)O2)CC1,1,1543
NCCn1nc([C@H]2CCN(C(=O)c3csc4c3CCCC4)C2)c2nccnc21,0,1251
O=C(CN1CCOCC1)N[C@@H]1CC[C@H](CCNC(=O)C2CCCCC2)O[C@@H]1CO,0,1989
O=C(CN1CCOCC1)N[C@@H]1CC[C@H](CCNC(=O)C2CCCCC2)O[C@H]1CO,0,1989
O=C(CCCCCCC(=O)Nc1ccccc1O)N/N=C/c1ccc(N(c2ccccc2)c2ccccc2)cc1,0,1806
CN1C(=O)[C@]23CC4=CC=C[C@H](O)[C@H]4N2C(=O)[C@@]1(CO)SS3,1,2617
COc1ccc(CN2CCN(C(c3ccc(F)cc3)c3ccc(F)cc3)CC2)c(OC)c1OC.Cl,0,717
Cc1cccc(CN2CCN(C(c3ccccc3)c3ccc(Cl)cc3)CC2)c1.Cl.Cl,0,717
CO[C@H]1O[C@H](COC(=O)NCCCCCC(=O)NO)[C@@H](OC(=O)c2ccccc2)[C@H](OC(=O)Nc2ccccc2-c2ccccc2)[C@@H]1OC(=O)Nc1ccccc1-c1ccccc1,0,2477
CCCNC(=O)N(C)c1nncnc1C(=O)NC,0,2666
Cn1c(N)c(C(=O)c2ccco2)c(=O)n(C)c1=O,0,2441
O=C(C[C@@H]1CC[C@@H]2[C@H](COC[C@H](O)CN2C(=O)c2ccccc2F)O1)N1CCN(c2ccccc2)CC1,0,2350
O=C(C[C@@H]1CC[C@@H]2[C@H](COC[C@@H](O)CN2C(=O)c2ccccc2F)O1)N1CCN(c2ccccc2)CC1,0,2350
Cc1cccc(N(C)C(=S)Oc2ccc3ccccc3c2)c1,0,1100
O=C(C[C@@H]1C[C@H]2c3cc(NS(=O)(=O)c4ccc(F)cc4)ccc3O[C@H]2[C@H](CO)O1)N1CCCCC1,0,2987
COc1cccc(CNc2nn[nH]n2)c1OC,0,3111
O=C(CN1CCOCC1)NCC[C@H]1CC[C@H](NC(=O)c2ccc3c(c2)OCO3)[C@H](CO)O1,0,2820
CCc1cccc2c3c([nH]c12)C(CC)(CC(=O)O)OCC3,0,536
CC(C)(C)c1n[nH]c(C(C)(C)C)c1Cc1c(F)cccc1Cl,0,2173
C=CCN1C(=O)[C@]2(O[C@H](CCn3cc([C@H](O)c4ccccc4)nn3)[C@@H]([Si](C)(C)c3ccc(OC)cc3)[C@@H]2C)c2cc(N3C(=O)c4cccc5cccc3c45)ccc21,0,3105
C[C@H]1O[C@@H](O[C@H]2CC[C@@]3(C)[C@@H](CC[C@@]4(C)[C@@H]3CC=C3[C@H]5C[C@](C)(C(=O)O)CC[C@]5(C(=O)O[C@H]5O[C@@H](CO)[C@@H](O)[C@@H](O)[C@@H]5O)CC[C@@]34C)[C@@]2(C)CO)[C@@H](O)[C@@H](O[C@H]2O[C@@H](CO)[C@@H](O)[C@@H](O)[C@@H]2O)[C@@H]1O,0,1455
O=C(C[C@@H]1CC[C@@H](NC(=O)Cc2ccccn2)[C@H](CO)O1)NCCc1ccncc1,0,3269
Cc1ncc(CSSCc2cnc(C)c(O)c2CO)c(CO)c1O,0,950
NCC[C@H]1CC[C@@H](NC(=O)C2CCCCC2)[C@@H](CO)O1,0,1768
NCC[C@@H]1CC[C@@H](NC(=O)C2CCCCC2)[C@@H](CO)O1,0,1768
NCC[C@@H]1CC[C@@H](NC(=O)C2CCCCC2)[C@H](CO)O1,0,1768
NCC[C@H]1CC[C@@H](NC(=O)C2CCCCC2)[C@H](CO)O1,0,1768
C/C=C1\[C@H]2C=C(C)C[C@]1(N)c1ccc(=O)[nH]c1C2,0,632
O.O=c1ccc2cc(O[C@@H]3O[C@H](CO)[C@@H](O)[C@H](O)[C@H]3O)c(O)cc2o1,0,525
Cc1ccc(S(=O)(=O)N[C@H](C(=O)NCCn2cc(-c3cccc(/C=C/C(=O)NO)c3)nn2)C(C)C)cc1,0,2385
CN(C)CC(=O)N[C@H]1CC[C@@H](CC(=O)NCCN2CCCCC2)O[C@H]1CO,0,3279
CN(C)CC(=O)N[C@@H]1CC[C@@H](CC(=O)NCCN2CCCCC2)O[C@H]1CO,0,3279
CN(C)CC(=O)N[C@H]1CC[C@@H](CC(=O)NCCN2CCCCC2)O[C@@H]1CO,0,3279
CO[C@H]1/C=C/O[C@@]2(C)Oc3c(C)c(O)c4c(O)c(c5c(nc6cc(C)ccn65)c4c3C2=O)NC(=O)/C(C)=C\C=C\[C@H](C)[C@H](O)[C@@H](C)C(O)[C@@H](C)[C@H](OC(C)=O)[C@@H]1C,1,979
CCCNC(=O)N1C[C@H](O)COC[C@@H]2O[C@@H](CC(=O)NCCCN3CCOCC3)CC[C@H]21,0,3678
CN(C)CC/C=C1\c2ccccc2Sc2ccc(Cl)cc21.Cl,0,318
CC(/C=C1\SC(=S)N(CC(=O)O)C1=O)=C\c1ccccc1,0,512
C[C@@H]1CN([C@H](C)CO)C(=O)c2cc(C#Cc3ccccn3)cnc2O[C@H]1CN(C)C(=O)c1cnccn1,0,3415
N[C@H]1CCc2nc3ccccc3c(=O)n2[C@@H]1c1ccsc1,0,1421
O=C1N[C@H](Cc2ccccc2)COC(=O)[C@@H](Cc2ccc(F)cc2)CCC=CC[C@@H]1CC(=O)N(CCO)Cc1ccccc1,0,3099
COC(=O)C[C@H]1CC[C@@H]2[C@H](COC[C@H](O)CN2S(=O)(=O)c2cn(C)cn2)O1,0,1873
COC(=O)C[C@@H]1CC[C@@H]2[C@H](COC[C@@H](O)CN2S(=O)(=O)c2cn(C)cn2)O1,0,1873
CO[C@H](CN(C)S(=O)(=O)c1cn(C)cn1)[C@H](C)CN(C(=O)Nc1ccc(C(F)(F)F)cc1)[C@H](C)CO,0,1780
CO[C@@H](CN(C)S(=O)(=O)c1cn(C)cn1)[C@@H](C)CN(C(=O)Nc1ccc(C(F)(F)F)cc1)[C@@H](C)CO,0,1780
CO[C@H](CN(C)S(=O)(=O)c1cn(C)cn1)[C@H](C)CN(C(=O)Nc1ccc(C(F)(F)F)cc1)[C@@H](C)CO,0,1780
CNC(=O)C[C@H]1CC[C@@H]2[C@H](COC[C@H](O)CN2C(=O)c2ccc3c(c2)OCO3)O1,0,2663
CNC(=O)C[C@H]1CC[C@@H]2[C@H](COC[C@@H](O)CN2C(=O)c2ccc3c(c2)OCO3)O1,0,2663
c1ccc(CN(CC2=NCCN2)c2ccccc2)cc1,0,134
Cc1c[nH]cn1,0,29
NCCC(=O)N[C@@H](Cc1c[nH]cn1)C(=O)O,0,29
CN/C(=N\C#N)NCCSCc1nc[nH]c1C,0,29
CN(C)/N=N/c1[nH]cnc1C(N)=O,1,29
Cc1ncc([N+](=O)[O-])n1C,0,29
Cl.Cl.NCCc1c[nH]cn1,0,29
Cc1ncc([N+](=O)[O-])n1CC(O)CCl,0,29
Cn1c([N+](=O)[O-])cnc1COC(N)=O,1,29
Cc1ncc([N+](=O)[O-])n1CC(C)O,0,29
O=P(O)(O)C(O)(Cn1ccnc1)P(=O)(O)O,0,29
COC[C@@H](O)CSc1[nH]c(C)nc1[N+](=O)[O-],0,29
Cc1ncc([N+](=O)[O-])n1C[C@@H](O)CCl,0,29
Cc1nccn1C[C@H](C)C(=O)O,0,29
Cc1ncc([N+](=O)[O-])n1C[C@@H](C)O,0,29
O=C(O)Cc1cnc[nH]1,0,29
NCCC(=O)NCCc1cnc[nH]1,0,29
COC(=O)c1nc[nH]c1C(=O)OC,0,29
Cc1ncc([N+](=O)[O-])n1CCO,0,29
O=C(O)c1cnc[nH]1,0,29
CCS(=O)(=O)CCn1c([N+](=O)[O-])cnc1C,0,29
CC1=C2C(=CO[C@H](C)[C@H]2C)C(O)=C(C(=O)O)C1=O,0,345
CCNC(=O)C[C@H]1CC[C@@H]2[C@H](COC[C@H](O)CN2S(=O)(=O)c2ccc(Oc3ccccc3)cc2)O1,0,1570
CCCNC(=O)C[C@@H]1CC[C@@H]2[C@H](COC[C@H](O)CN2S(=O)(=O)c2ccc(Oc3ccccc3)cc2)O1,0,1570
Cc1ccc2c(c1)c1nc3ccccc3nc1n2Cc1ccccc1,0,1956
CO[C@H]1/C=C\C=C(/C)C(=O)NC2=CC(=O)C(NCCN(C)C)=C(C[C@@H](C)C[C@H](OC)[C@H](O)[C@@H](C)/C=C(\C)[C@@H]1OC(N)=O)C2=O,0,3436
[N-]=[N+]=Nc1ccccc1C[C@]1(C(=O)N2CCCCC2)N=C(c2ccc(OCCCO)cc2)O[C@H]1c1ccccc1,0,1793
[N-]=[N+]=NCc1ccccc1C[C@]1(C(=O)N2CCCCC2)N=C(c2ccc(OCCCO)cc2)O[C@H]1c1ccccc1N=[N+]=[N-],0,1793
[N-]=[N+]=Nc1ccccc1[C@@H]1OC(c2ccc(OCCCO)cc2)=N[C@]1(Cc1ccccc1)C(=O)N1CCCCC1,0,1793
O=C(O)c1ccccc1C(=O)Nc1ccc(S(=O)(=O)Nc2nccs2)cc1,0,891
Cc1ccc2[nH]c3c(c2c1)CCC[C@H]3Nc1ccc(Cl)cc1,0,1358
C=C1C2CC[C@@]3(C)[C@H](c4ccoc4)OC(=O)C[C@]13O[C@H]1CC(O)C(C)(C)C(CC(=O)OC)[C@@]21C,0,24
CN(C)c1ccc(C(=C2C=CC(=[N+](C)C)C=C2)c2ccc(N(C)C)cc2)cc1.[Cl-],0,589
Cc1ccccc1N1CCN(S(=O)(=O)C[C@@]23CC[C@@H](C[C@@H]2NC(=O)[C@@H](N)CCS(C)(=O)=O)C3(C)C)CC1,0,1341
COc1cc2c(cc1OC)-c1cc3ccc(OC)c(OC)c3c[n+]1CC2.[Cl-],0,862
Cc1cc(-c2ccccc2)oc2cc3ccccc3c1-2,0,2946
Cc1cccc(Nc2ccncc2S(=O)(=O)NC(=O)NC(C)C)c1,0,1105
CN1C(=O)NC(=O)/C(=C\C=C\c2ccco2)C1=O,0,3201
CC[C@H]1OC(=O)[C@H](C)[C@@H](O[C@H]2C[C@@](C)(OC)[C@@H](O)[C@H](C)O2)[C@H](C)[C@@H](O[C@@H]2O[C@H](C)C[C@H](N(C)C)[C@H]2O)[C@](C)(OC)C[C@@H](C)C(=O)[C@H](C)[C@@H](O)[C@]1(C)O,1,346
CCC(=O)O[C@H]1[C@H](O[C@@H]2[C@@H](C)[C@H](O[C@H]3C[C@@](C)(OC)[C@@H](O)[C@H](C)O3)[C@@H](C)C(=O)O[C@H](CC)[C@@](C)(O)[C@H](O)[C@@H](C)C(=O)[C@H](C)C[C@@]2(C)O)O[C@H](C)C[C@@H]1N(C)C.CCCCCCCCCCCCOS(=O)(=O)O,0,346
CCOC(=O)CCC(=O)O[C@H]1[C@H](O[C@@H]2[C@@H](C)[C@H](O[C@H]3C[C@@](C)(OC)[C@@H](O)[C@H](C)O3)[C@@H](C)C(=O)O[C@H](CC)[C@@](C)(O)[C@H](O)[C@@H](C)C(=O)[C@H](C)C[C@@]2(C)O)O[C@H](C)C[C@@H]1N(C)C,1,346
CCCCCCCCCCCCCCCCCC(=O)O.CC[C@H]1OC(=O)[C@H](C)[C@@H](O[C@H]2C[C@@](C)(OC)[C@@H](O)[C@H](C)O2)[C@H](C)[C@@H](O[C@@H]2O[C@H](C)C[C@H](N(C)C)[C@H]2O)[C@](C)(O)C[C@@H](C)C(=O)[C@H](C)[C@@H](O)[C@]1(C)O,1,346
CC[C@H]1OC(=O)[C@H](C)[C@@H](O[C@H]2C[C@@](C)(OC)[C@@H](O)[C@H](C)O2)[C@H](C)[C@@H](O[C@@H]2O[C@H](C)C[C@H](N(C)C)[C@H]2O)[C@](C)(O)C[C@@H](C)C(=O)[C@H](C)[C@@H](O)[C@]1(C)O,1,346
COC(=O)[C@@H](Cc1ccccc1)N[C@H](/C=C/C1CC1)[C@@H](O)CCn1cc(-c2ccc(C(=O)NO)cc2)nn1,0,1493
C[C@H]1CN([C@@H](C)CO)C(=O)c2cc(C#CC3(O)CCCC3)cnc2O[C@@H]1CN(C)C(=O)C1CCCCC1,0,3666
Clc1cc(Cl)cc(Oc2nc(-c3ccccc3)ns2)c1,0,2048
Cc1ccc(S(=O)(=O)NCC[C@H]2CC[C@@H](NS(=O)(=O)c3ccccc3Cl)[C@@H](CO)O2)cc1,0,2449
O=S(=O)(NCC[C@H]1CC[C@@H](NS(=O)(=O)c2cccc(Cl)c2)[C@@H](CO)O1)c1cccc(F)c1,0,2449
O=S(=O)(NCC[C@H]1CC[C@@H](NS(=O)(=O)c2ccccc2Cl)[C@@H](CO)O1)c1ccc(Cl)cc1,0,2449
Cc1ccc(S(=O)(=O)NCC[C@H]2CC[C@@H](NS(=O)(=O)c3ccccc3Cl)[C@H](CO)O2)cc1,0,2449
O=S(=O)(NCC[C@H]1CC[C@@H](NS(=O)(=O)c2ccccc2Cl)[C@H](CO)O1)c1ccc(F)cc1,0,2449
O=S(=O)(NCC[C@H]1CC[C@@H](NS(=O)(=O)c2ccccc2Cl)[C@@H](CO)O1)c1ccc(F)cc1,0,2449
O=S(=O)(NCC[C@H]1CC[C@@H](NS(=O)(=O)c2cccc(Cl)c2)[C@H](CO)O1)c1cccc(F)c1,0,2449
COCC#Cc1ccc2c(c1)O[C@H](CN(C)C(=O)C1CCOCC1)[C@@H](C)CN([C@@H](C)CO)S2(=O)=O,0,3500
COc1cccc(-c2ccc3c(c2)O[C@H](CN(C)C(=O)C2CCC2)[C@H](C)CN([C@H](C)CO)S3(=O)=O)c1,1,2452
C[C@@H](CO)N1C[C@@H](C)[C@@H](CN(C)C(=O)C2CCC2)Oc2cc(-c3ccc(C(=O)N(C)C)cc3)ccc2S1(=O)=O,0,2452
C[C@H]1CN([C@H](C)CO)S(=O)(=O)c2ccc(-c3ccc(C(=O)N(C)C)cc3)cc2O[C@@H]1CN(C)C(=O)C1CCC1,0,2452
COc1cccc(-c2ccc3c(c2)O[C@H](CN(C)C(=O)C2CCC2)[C@@H](C)CN([C@H](C)CO)S3(=O)=O)c1,1,2452
CC(C)[N+](C)(CCOC(=O)C1c2ccccc2Oc2ccccc21)C(C)C.[Br-],0,932
O=C(c1cccc2ccccc12)N(C1CCCC1)C1CCCC1,0,1705
Cn1c(=O)c2c(ncn2C[C@@H](O)COc2ccccc2)n(C)c1=O,0,1188
CCOC(=O)[C@H]1CNC(=S)N[C@@]1(C)O,0,1257
CCO[C@H]1CC(C)(C)NC(=S)N1,0,1257
CC(=O)O.Cc1c(-c2ccc(O)cc2)n(Cc2ccc(OCCN3CCCCCC3)cc2)c2ccc(O)cc12,1,182
CC[C@@]1(O)C(=O)OCc2c1cc1n(c2=O)Cc2cc3cc(O)ccc3nc2-1,0,6
CC[C@@]1(O)C(=O)OCc2c1cc1n(c2=O)Cc2cc3ccccc3nc2-1,0,6
CC[C@@]1(O)C(=O)OCc2c1cc1n(c2=O)Cc2cc3c(CN(C)C)c(O)ccc3nc2-1.Cl,0,6
C(=N/c1nc2ccccc2[nH]1)\N(c1ccccc1)c1ccccc1,0,3595
CC(=O)N(C)C[C@H]1Oc2ncc(C#C[C@@H](C)O)cc2C(=O)N([C@@H](C)CO)C[C@@H]1C,0,1532
CC(=O)N(C)C[C@@H]1Oc2ncc(C#C[C@H](C)O)cc2C(=O)N([C@H](C)CO)C[C@H]1C,0,1532
CC(=O)N(C)C[C@H]1Oc2ncc(C#CC(C)(C)O)cc2C(=O)N([C@H](C)CO)C[C@@H]1C,0,1532
CCC(=O)N(C)C[C@@H]1Oc2ncc(C#C[C@H](C)O)cc2C(=O)N([C@H](C)CO)C[C@H]1C,0,1532
CCC(=O)N(C)C[C@@H]1Oc2ncc(C#C[C@@H](C)O)cc2C(=O)N([C@@H](C)CO)C[C@H]1C,0,1532
CCC(=O)N(C)C[C@H]1Oc2ncc(C#C[C@@H](C)O)cc2C(=O)N([C@H](C)CO)C[C@@H]1C,0,1532
C[C@H]1CN([C@H](C)CO)C(=O)c2cc(C#CC(C)(C)O)cnc2O[C@@H]1CN(C)C(=O)CN(C)C,0,1532
CC(=O)N(C)C[C@@H]1Oc2ncc(C#C[C@@H](C)O)cc2C(=O)N([C@H](C)CO)C[C@@H]1C,0,1532
O=C(C[C@H]1C=C[C@@H](NC(=O)Cc2ccccn2)[C@H](CO)O1)NCCCN1CCOCC1,0,1937
O=C(C[C@H]1C=C[C@@H](NC(=O)Cc2ccccn2)[C@@H](CO)O1)NCCCN1CCOCC1,0,1937
O=C(C[C@@H]1CC[C@@H]2[C@H](COC[C@H](O)CN2S(=O)(=O)c2cccc(Cl)c2)O1)NCCCN1CCOCC1,0,2095
COc1ccc(S(=O)(=O)N2C[C@@H](O)COC[C@@H]3O[C@H](CC(=O)NCCCN4CCOCC4)CC[C@H]32)cc1,0,2095
O=C(C[C@@H]1CC[C@@H]2[C@H](COC[C@@H](O)CN2S(=O)(=O)c2cccc(F)c2)O1)NCCCN1CCOCC1,0,2095
COc1cccc(S(=O)(=O)N2C[C@H](O)COC[C@@H]3O[C@H](CC(=O)NCCCN4CCOCC4)CC[C@H]32)c1,0,2095
Cc1cccc(S(=O)(=O)N2C[C@@H](O)COC[C@@H]3O[C@H](CC(=O)NCCCN4CCOCC4)CC[C@H]32)c1,0,2095
C[C@@H](CO)N1C[C@@H](C)[C@H](CN(C)C(=O)c2cccc(F)c2)Oc2cc(-c3ccncc3)ccc2S1(=O)=O,0,2567
NC(=O)N[C@@H]1CC(=O)N(c2ccccc2)C1,0,1315
COc1ccc(N2C[C@H](C(N)=O)CC2=O)cc1,0,1315
NC[C@@H]1CC(=O)N(c2ccccc2)C1,0,1315
NS(=O)(=O)c1ccc(N2CCCC2=O)cc1,0,1315
Cn1cnc(S(=O)(=O)N2C[C@@H](O)COC[C@H]3O[C@@H](CC(=O)N4CCN(c5ccccc5)CC4)CC[C@@H]32)c1,0,2514
Cn1cnc(S(=O)(=O)N2C[C@H](O)COC[C@H]3O[C@@H](CC(=O)N4CCN(c5ccccc5)CC4)CC[C@@H]32)c1,0,2514
O=C(N[C@H]1CC=CC[C@H](CC(=O)N(CCO)Cc2ccccc2)C(=O)NCC(c2ccccc2)OC1=O)OCC1c2ccccc2-c2ccccc21,0,3456
C[C@]12CCC3c4ccc(O)cc4CCC3C1CC[C@@H]2OC(=O)CCC1CCCC1,0,528
CCOC(=O)[C@H]1CN(C(C)(C)C)C(=O)C1=O,0,1475
O=S1(=O)C[C@H]2NC(=S)N[C@H]2C1,0,2497
CN1C(=S)N[C@@H]2CS(=O)(=O)C[C@@H]21,0,2497
CCCNc1nc(=O)c(C)n[nH]1,0,2552
COC(=O)CSc1nc(=O)c(C)n[nH]1,0,2552
CCOC(=O)CSc1nc(=O)cn[nH]1,0,2552
CC(C)CNc1nc(=O)cn[nH]1,0,2552
CSc1nc(=O)c(C)n[nH]1,0,2552
O=C(Cc1ccncc1)Nc1ccc2c(c1)[C@@H]1C[C@@H](CC(=O)N3CCc4ccccc4C3)O[C@@H](CO)[C@@H]1O2,0,1984
Cc1cc(-c2nnc(N)o2)nn1C,0,3430
Cc1noc(C)c1NC(=O)N[C@@H]1CC[C@H](CC(=O)NCCCN(C)C)O[C@H]1CO,0,2485
Cc1noc(C)c1NC(=O)N[C@@H]1CC[C@H](CC(=O)NCCCN(C)C)O[C@@H]1CO,0,2485
Nc1cccc(C2=NCCN2)c1,0,1911
CCCCNc1cc(C(=O)O)cc(S(N)(=O)=O)c1Oc1ccccc1,0,240
CC(C(=O)O)c1cccc(Oc2ccccc2)c1,0,240
N[C@@H](Cc1cc(I)c(Oc2cc(I)c(O)c(I)c2)c(I)c1)C(=O)[O-].[Na+],0,240
N[C@H](Cc1cc(I)c(Oc2ccc(O)c(I)c2)c(I)c1)C(=O)O,0,240
N[C@@H](Cc1cc(I)c(Oc2ccc(O)c(I)c2)c(I)c1)C(=O)[O-].[Na+],0,240
CS(=O)(=O)Nc1ccc([N+](=O)[O-])cc1Oc1ccccc1,0,240
O=C(O)Cc1cc(I)c(Oc2ccc(O)c(I)c2)c(I)c1,0,240
Oc1cc(Cl)ccc1Oc1ccc(Cl)cc1Cl,1,240
Cc1ccc(Oc2ccc(CN)cc2)cc1,1,240
Nc1ccc(Oc2ccccc2)cc1,0,240
NNS(=O)(=O)c1ccc(Oc2ccc(S(=O)(=O)NN)cc2)cc1,0,240
CC(=O)n1cc([C@H]2C=C(C(=O)N3CCN(C)CC3)O[C@@H](OCc3ccc(CO)cc3)C2)c2ccccc21,0,2525
O=C(CN1CCOCC1)NCC[C@@H]1CC[C@@H](NC(=O)Nc2ccccc2)[C@@H](CO)O1,0,2220
COc1ccc(NC(=O)N[C@@H]2CC[C@@H](CCNC(=O)CN3CCOCC3)O[C@H]2CO)cc1,0,2220
O=C(CN1CCOCC1)NCC[C@@H]1CC[C@@H](NC(=O)Nc2ccccc2)[C@H](CO)O1,0,2220
COc1ccc(NC(=O)N[C@@H]2CC[C@@H](CCNC(=O)CN3CCOCC3)O[C@@H]2CO)cc1,0,2220
C=C1C(=O)O[C@@H]2C3O[C@]3(C)CC/C=C(\C)CC[C@@H]12,0,865
COc1ccc2c(c1)[n+]([O-])c1c([n+]2[O-])CCC1,0,3601
CC(C)(C)c1ccc(NC(=O)c2ccc(C(C)(C)C)s2)cc1,0,1626
COc1ccc(-c2ccc3cc(C(=O)O)ccc3c2)cc1C12CC3CC(CC(C3)C1)C2,0,68
Cn1cnc(S(=O)(=O)N[C@@H]2C=C[C@H](CC(=O)Nc3ccccc3)O[C@@H]2CO)c1,0,2856
CO[C@H]1/C=C/O[C@@]2(C)Oc3c(C)c(O)c4c(O)c(c(/C=N/N5CCN(C6CCCC6)CC5)c(O)c4c3C2=O)NC(=O)/C(C)=C\C=C\[C@H](C)[C@H](O)[C@@H](C)[C@@H](O)[C@@H](C)[C@H](OC(C)=O)[C@@H]1C,1,978
Nc1ccc(Oc2ccc3ccccc3c2Cl)c(Cl)c1,1,3273
Nc1ncnc(NCc2cccnc2)c1[N+](=O)[O-],0,3073
Cn1nnc2c(C(N)=O)ncn2c1=O,0,1067
COc1cc2c(cc1OC)[C@@H]1C(=O)c3ccc4c(c3O[C@@H]1CO2)CC(C(C)C)O4,0,463
C=C(C)[C@H]1Cc2c(ccc3c2O[C@@H]2COc4cc(OC)c(OC)cc4[C@@H]2C3=O)O1,0,463
CC1(C)C(C=C(Cl)Cl)C1C(=O)OC(C#N)c1cccc(Oc2ccccc2)c1,0,396
CC1(C)C(C=C(Cl)Cl)C1C(=O)OCc1cccc(Oc2ccccc2)c1,0,396
CC(C)=CC1C(C(=O)OCc2cccc(Oc3ccccc3)c2)C1(C)C,0,396
CC1(C)[C@@H](C(=O)O[C@@H](C#N)c2cccc(Oc3ccccc3)c2)[C@@H]1C=C(Br)Br,0,396
CC(=O)OC1CCC2(C)C3CC(=O)C4(C)C(CC5OC6(CCC(C)CO6)[C@@H](C)C54)C3CC[C@H]2C1,0,619
COc1cccc(C#Cc2ccc3c(c2)O[C@H](CN(C)C(=O)c2ccccn2)[C@H](C)CN([C@H](C)CO)S3(=O)=O)c1,0,3198
C[C@H]1CN([C@H](C)CO)S(=O)(=O)c2ccc(C#Cc3ccccc3)cc2O[C@@H]1CN(C)C(=O)c1ccccn1,0,3198
C[C@H]1CN([C@@H](C)CO)S(=O)(=O)c2ccc(C#Cc3ccccc3)cc2O[C@@H]1CN(C)C(=O)c1ccccn1,0,3198
C/C=C\C1=C(C(=O)O)N2C(=O)C(NC(=O)C(N)c3ccc(O)cc3)C2SC1,0,293
NS(=O)(=O)c1ccc(CCn2ccn(CC(=O)NCCC3=CCCCC3)c(=O)c2=O)cc1,0,1766
CC[C@@]1(O)C[C@H](O)c2c(cc3c(c2O)C(=O)c2c(O)ccc(O)c2C3=O)[C@H]1C(=O)OC,0,994
CN(/N=C/c1ccncc1)C1=NCCN1,0,3388
CN(C)c1cc[n+](C(=O)N2CCOCC2)cc1,0,2484
CC(C)CNC(=O)C(=O)NC[C@H]1OCCN1S(=O)(=O)c1ccc2c(c1)OCCO2,0,1174
O=C1CN(c2ccccc2)C=NN1,0,3167
CC(C)(C)OC(=O)C[C@@H]1CC=CC[C@H](CC(=O)NCCO)C(=O)NCCOC1=O,0,3266
O=C(C[C@H]1CC=CCCC(=O)OCCNC1=O)NCCO,0,3266
Cc1cc(NC(=O)C(=O)NC[C@H]2CCCO2)n(-c2nc(=O)cc(C)[nH]2)n1,0,1265
C#C[C@]1(O)C=CC2[C@@H]3CCC4=CC(=O)CC[C@@H]4C3CC[C@@]21CC,0,590
COC(=O)[C@@H](Cc1ccccc1)N[C@H](/C=C/C1CC1)[C@@H](O)CCn1cc(-c2ccc(C(=O)NO)s2)nn1,0,1326
C#CCN([C@@H](Cc1ccccc1)C(=O)OC)[C@H](/C=C/C1CC1)[C@@H](O)CCn1cc(-c2ccc(C(=O)NO)s2)nn1,0,1326
CCCCCCCCCC[C@@H](C(=O)O)[C@]1(C(=O)O)CCC(=O)O1,0,1027
COc1ccc(NC(=O)N[C@@H]2CC[C@H](CCNC(=O)CN3CCOCC3)O[C@@H]2CO)cc1,0,1918
O=C(CN1CCOCC1)NCC[C@H]1CC[C@@H](NC(=O)Nc2ccccc2)[C@H](CO)O1,0,1918
O=C(CN1CCOCC1)NCC[C@H]1CC[C@@H](NC(=O)Nc2ccccc2)[C@@H](CO)O1,0,1918
COc1ccc(NC(=O)N[C@@H]2CC[C@H](CCNC(=O)CN3CCOCC3)O[C@H]2CO)cc1,1,1918
COc1cccc(S(=O)(=O)N[C@@H]2CC[C@@H](CCn3cc(-c4ccccc4OC)nn3)O[C@H]2CO)c1,0,1575
COc1cccc(-c2cn(CC[C@@H]3CC[C@@H](NS(=O)(=O)c4ccccc4Cl)[C@H](CO)O3)nn2)c1,0,1575
Cc1cc(C)c2c(c1)NC(=O)C[C@H]2c1cccc(Cl)c1Cl,0,1344
Nc1ncnc2c1ncn2CCN1CCCCC1,0,3182
Cl.O=c1n(CCCN2CCN(c3cccc(Cl)c3)CC2)nc2ccccn12,0,1111
C[C@H](O)C1=C[C@]2(CC[C@@H]3C(C(=O)O)=CO[C@@H](O[C@@H]4O[C@H](CO)[C@@H](O)[C@H](O)[C@H]4O)[C@@H]32)OC1=O,0,1483
O=C(O)/C=C\C(=O)O.c1ccc2nc(N3CCNCC3)ccc2c1,0,959
CC/N=c1\sc(C(=O)OC)cc(=O)n1CC,0,3289
Nc1nc2c(ncn2COCCO)c(=O)[nH]1,0,67
Nc1nc2c(ncn2COC(CO)CO)c(=O)[nH]1.O,0,67
CC(C)[C@H](N)C(=O)OCCOCn1cnc2c(=O)[nH]c(N)nc21.Cl,0,67
CC(C)[C@H](N)C(=O)OCC(CO)OCn1cnc2c(=O)[nH]c(N)nc21.Cl,0,67
CCOc1nc2c(ncn2C)c(=O)n1C,0,67
C[C@@H]1CN([C@H](C)CO)S(=O)(=O)c2ccc(C#Cc3ccncc3)cc2O[C@@H]1CN(C)S(=O)(=O)c1ccc(F)cc1,0,2094
C[C@H]1CN([C@H](C)CO)S(=O)(=O)c2ccc(C#Cc3ccncc3)cc2O[C@@H]1CN(C)S(=O)(=O)c1ccc(F)cc1,0,2094
C[C@@H](CO)N1C[C@@H](C)[C@@H](CN(C)S(=O)(=O)c2ccc(F)cc2)Oc2cc(C#Cc3ccncc3)ccc2S1(=O)=O,0,2094
COCC(=O)Nc1ccc2c(c1)C(=O)N(C)[C@H]1CC[C@H](CC(=O)N3CCc4ccccc4C3)O[C@H]1CO2,0,2450
CNCC[C@@H](Oc1ccccc1C)c1ccccc1.Cl,0,158
CNCCC(Oc1ccc(C(F)(F)F)cc1)c1ccccc1.Cl,0,158
Oc1ccc(OCc2ccccc2)cc1,0,158
Nc1ccccc1OCc1ccccc1,0,158
Cc1ccc(OCc2ccc(Cl)cc2)c(C(C)(C)C)c1,0,158
Nc1ccc(OCc2ccccc2)cc1,1,158
Cc1cccc(NC(=O)Nc2ccc3c(c2)C(=O)N(C)[C@H]2CC[C@H](CC(=O)NCc4ccccc4Cl)O[C@H]2CO3)c1,0,3411
CO/N=C1/C[C@]2(C[C@@H]3C[C@@H](C/C=C(\C)C[C@@H](C)/C=C/C=C4\CO[C@@H]5[C@H](O)C(C)=C[C@@H](C(=O)O3)[C@]45O)O2)O[C@H](/C(C)=C/C(C)C)[C@H]1C,0,788
CN(C)CC(=O)N[C@H]1CC[C@@H](CCNS(=O)(=O)c2ccccc2)O[C@@H]1CO,0,2072
CN(C)CC(=O)N[C@@H]1CC[C@@H](CCNS(=O)(=O)c2ccccc2)O[C@H]1CO,0,2072
COc1ccc(-n2nc(C(N)=O)c3c2C(=O)N(c2ccc(N4CCCCC4=O)cc2)CC3)cc1,0,141
CC(C)c1c(C(=O)c2ccccc2)c(-c2ccccc2)c(-c2ccc(F)cc2)n1CC[C@@H](O)C[C@@H](O)CC(=O)O,0,2165
CNC(=O)Cn1c(=O)c2c(N3CCN(C(=O)C4CC4)CC3)ccnc2n(C)c1=O,0,3140
O=C(CN1CCOCC1)N[C@H]1CC[C@H](CCNS(=O)(=O)c2ccccc2F)O[C@H]1CO,0,1944
O=C(CN1CCOCC1)N[C@H]1CC[C@H](CCNS(=O)(=O)c2ccccc2F)O[C@@H]1CO,0,1944
C[C@@H]1CN([C@H](C)CO)S(=O)(=O)c2ccc(C#Cc3cccnc3)cc2O[C@H]1CN(C)C(=O)Nc1ccc2c(c1)OCO2,0,3040
O=C(C[C@@H]1C=C[C@@H](NC(=O)CN2CCOCC2)[C@@H](CO)O1)NCCc1ccncc1,0,2175
O=C(C[C@@H]1C=C[C@@H](NC(=O)CN2CCOCC2)[C@H](CO)O1)NCCc1ccncc1,0,2175
c1ccc(-c2nc(C34CC5CC(CC(C5)C3)C4)cs2)cc1,0,2750
C[C@@H](O)[C@H]1C(=O)N2C(C(=O)O)=C(SC3CN[C@H](C(=O)N(C)C)C3)[C@H](C)[C@H]12,1,747
CN1C(=O)C[C@H](Nc2ccc(N(C)C)cc2)C1=O,0,1481
O=C(NCCN1CCNCC1)c1ccccn1,0,3384
CC1/C=C/C=C/C=C/C=C/C=C/C=C/C=C/C(OC2O[C@H](C)[C@@H](O)[C@H](N)[C@@H]2O)CC(O)C(C(=O)O)C(O)CC(=O)CC(O)CC(O)CC(O)CC(=O)CCCC(=O)CC(=O)OC1C(C)CC(C)C(O)CC(=O)c1ccc(N)cc1,0,253
CCCC12CN3CC(CCC)(CN(C1)C3[C@@H](O)[C@@H](O)[C@@H](O)CO)C2=O,0,1342
O=[N+]([O-])c1ncn(Cc2ccccn2)n1,0,3460
CC(NCCC(c1ccccc1)c1ccccc1)c1ccccc1.Cl,0,551
C[C@@H](NCCC(c1ccccc1)c1ccccc1)c1ccccc1,1,551
C[C@@H]1CNC(=O)CO1,0,2892
C[C@@H]1COCC(=O)N1,0,2892
Cc1cccc(C)c1OCC(=O)N[C@@H](Cc1ccccc1)[C@@H](O)C[C@H](Cc1ccccc1)NC(=O)[C@H](C(C)C)N1CCCNC1=O,0,719
Cn1nnnc1-c1ccco1,0,3181
CC1(C)[C@@H](O)CC[C@]2(C)C3CC=C4[C@@H]5C[C@@]6(C)C[C@H](OC6=O)[C@]5(C)CC[C@@]4(C)[C@]3(C)CC[C@@H]12,0,1157
NC(=O)C[S@@](=O)C(c1ccccc1)c1ccccc1,0,149
CCN(CC)CCOC(=O)C(O)(c1ccccc1)c1ccccc1.Cl,0,149
CC(C)(C)CC(C)(C)c1ccc(O)c(Cc2ccc(Cl)cc2Cl)c1,0,149
Clc1ccc(C(c2ccc(Cl)cc2)C(Cl)(Cl)Cl)cc1,0,149
Oc1ccc(Cl)cc1Cc1cc(Cl)ccc1O,1,149
CN(C)CCOC(c1ccccc1)c1ccccc1.Cl,0,149
CC(C)C(=O)Oc1ccc(CO)cc1[C@H](CCN(C(C)C)C(C)C)c1ccccc1.O=C(O)/C=C/C(=O)O,0,149
Oc1c(Cl)cc(Cl)c(Cl)c1Cc1c(O)c(Cl)cc(Cl)c1Cl,1,149
CC(C)[N+](C)(CCC(C(N)=O)(c1ccccc1)c1ccccc1)C(C)C.[I-],0,149
Clc1ccc(C(c2ccccc2Cl)C(Cl)Cl)cc1,0,149
NC(=O)CS(=O)C(c1ccccc1)c1ccccc1,0,149
Cc1ccccc1C(OCCN(C)C)c1ccccc1.O=C(O)CC(O)(CC(=O)O)C(=O)O,0,149
CCCC(C(=O)OCCN(CC)CC)(c1ccccc1)c1ccccc1.Cl,1,149
COc1cccc([C@@H](N)c2ccccc2)c1,0,149
COc1ccc([C@@H](N)c2ccccc2)cc1,0,149
NCCOc1ccccc1Cc1ccccc1,1,149
N#CC(c1ccccc1)c1ccccc1,1,149
Cc1ccc(C)c(Cc2cc(Cl)ccc2Cl)c1,0,149
CC(C)CC#Cc1ccc2c(c1)O[C@@H](CN(C)C(=O)NC1CCCC1)[C@@H](C)CN([C@H](C)CO)S2(=O)=O,0,1830
CC(C)CC#Cc1ccc2c(c1)O[C@@H](CN(C)C(=O)NC1CCCC1)[C@@H](C)CN([C@@H](C)CO)S2(=O)=O,0,1830
Cc1ccc(CNc2ccc3c(c2)ncn3C2CCCCC2)cc1,1,3353
CC(C)(O/N=C(\C(=O)N[C@@H]1C(=O)N2C(C(=O)[O-])=C(C[n+]3ccccc3)CSC12)c1csc(N)n1)C(=O)O,0,295
O=C(O)CCCCC1SCC2NC(=O)NC21,0,219
Cc1cc(C)nc(NC2=NCCN2)n1,0,2685
CN[C@@H]1[C@@H](O[C@H]2O[C@H](CO)[C@@H](N)[C@H](O)[C@H]2O)O[C@H]2C[C@@H](N)[C@H](O[C@@H]3[C@@H](N)C[C@@H](N)[C@H](O)[C@H]3O)O[C@@H]2[C@@H]1O.O=S(=O)(O)O,0,143
CCn1nnc(NC(=O)Cc2ccccc2)n1,0,2049
N=C(N)N1CCc2ccccc2C1.O=S(=O)(O)O,0,414
COc1cc2c(cc1OC)C(C)NCC2,0,414
COc1cc2c(cc1O)CCNC2C,0,414
CS(=O)(=O)N1CCc2ccc(N)cc2C1,0,414
C[C@H](N)C(=O)N1CCc2ccccc2C1,0,414
Nc1ccc2c(c1)CNCC2,0,414
c1nc(N2CCOCC2)nc(N2CCOCC2)n1,0,2731
CNC(=O)C[C@H]1Nc2ccccc2NC1=O,0,1271
NC(=O)NC(=O)C[C@H]1Nc2ccccc2NC1=O,0,1271
O=C(O)C[C@H]1Nc2ccccc2NC1=O,0,1271
CS(=O)(=O)N1CC(=O)Nc2ccccc21,0,1271
O=C(O)CCC(=O)N1CC(=O)Nc2ccccc21,0,1271
Cc1n[nH]c(NN2CCOCC2)nc1=O,0,3494
O=C1NC(=S)NC(=O)C1c1ccccc1,0,3599
CCOCCn1c(N2CCCN(C)CC2)nc2ccccc21.O=C(O)/C=C/C(=O)O.O=C(O)/C=C/C(=O)O,0,502
Cc1ccc(S(=O)(=O)NC2=NCN(CCN3CCOCC3)CN2)cc1,0,3465
O=C(OC1CN2CCC1CC2)c1ccccc1,0,191
C=CCOC(=O)[C@@H]1[C@H]2C(=O)O[C@H](c3ccccc3)[C@H](c3ccccc3)N2[C@H](c2ccc(OCCOC(=O)[C@@H]3C[C@@H]4C(=O)N[C@@H](Cc5ccccc5)C(=O)N4[C@@H]3c3ccc(O)cc3)cc2)[C@@]12C(=O)Nc1ccccc12,0,3230
Cn1cnc(S(=O)(=O)N[C@@H]2CC[C@H](CC(=O)N3CCN(c4ccccc4)CC3)O[C@@H]2CO)c1,0,2639
C[C@@H]1O[C@@H](O[C@H]2CC[C@]3(C=O)C4CC[C@]5(C)[C@@H](C6=CC(=O)OC6)CC[C@]5(O)C4CC[C@]3(O)C2)[C@H](O)[C@H](O)[C@H]1O,0,371
C[C@@H]1O[C@@H](O[C@H]2C[C@@H](O)[C@]3(CO)C4C(CC[C@]3(O)C2)[C@@]2(O)CC[C@H](C3=CC(=O)OC3)[C@@]2(C)C[C@H]4O)[C@H](O)[C@H](O)[C@H]1O.O.O.O.O.O.O.O.O,0,371
COC1=C[C@@H]2[C@@H]3Cc4ccc(OC)c(O)c4[C@]2(CCN3C)CC1=O,0,1015
O[C@H]1[C@H](O)[C@@H](O)[C@H](OC/C=C/c2ccccc2)O[C@@H]1CO[C@@H]1OC[C@@H](O)[C@@H](O)[C@@H]1O,0,1240
Cc1cc(S(=O)(=O)N2CCCO[C@@H]2CNC(=O)C(=O)NCc2ccncc2)ccc1F,0,1183
Cc1cc(F)ccc1S(=O)(=O)N1CCCO[C@@H]1CNC(=O)C(=O)NCc1ccncc1,0,1183
CCSC1=C(C#N)C(=O)N[C@@H](CO)S1,0,1206
CC1(C)C2CC(=O)[C@]3(C)C(CC[C@@]4(C)[C@H](c5ccoc5)OC(=O)C5OC543)[C@@]2(C)[C@@H](O)C[C@H]1O,0,4
Cn1cnc(S(=O)(=O)N2C[C@H](O)COC[C@H]3O[C@@H](CC(=O)NC4CCC4)CC[C@@H]32)c1,0,2739
CO[C@H]1CN(C)C(=O)c2ccc(NC(=O)C3CC3)cc2OC[C@@H](C)N(C(=O)C2CCOCC2)C[C@@H]1C,0,1574
CO[C@@H]1CN(C)C(=O)c2ccc(NC(=O)C3CC3)cc2OC[C@@H](C)N(C(=O)C2CCOCC2)C[C@@H]1C,0,1574
CO[C@@H]1CN(C)C(=O)c2ccc(NC(=O)C3CC3)cc2OC[C@H](C)N(C(=O)C2CCOCC2)C[C@H]1C,0,1574
CO[C@H]1CN(C)C(=O)c2ccc(NC(=O)C3CC3)cc2OC[C@H](C)N(C(=O)C2CCOCC2)C[C@H]1C,0,1574
CN1CCN(C(=O)C[C@H]2C=C[C@@H](NC(=O)Cc3ccccn3)[C@H](CO)O2)CC1,0,1711
CN1C(=O)[C@@H](O)N(c2ccccc2)C1=O,0,1389
O=C1CN(c2ccccc2)C(=O)N1,0,1389
N#Cc1ccc(C(c2ccc(C#N)cc2)n2cncn2)cc1,0,700
C[C@@H](CO)N1C[C@@H](C)[C@H](CN(C)Cc2cccc3c2OCCCO3)OCc2cnnn2CCCC1=O,0,2958
CC(C)(C)c1cc(C(C)(C)C)n(-c2ccc(-n3cccc3)cc2)n1,0,1778
Cn1cc(S(=O)(=O)N2CCN(Cc3ccccc3)CC2)c(=O)n(C)c1=O,0,2267
COc1ccc([Si](C)(C)[C@@H]2[C@@H](CCn3cc([C@H](O)c4ccccc4)nn3)O[C@]3(C(=O)N(Cc4ccc(N5C(=O)c6cccc7cccc5c67)cc4)c4ccccc43)[C@H]2C)cc1,0,3615
COc1ccc(NC(=O)Nc2ccc3c(c2)[C@H]2C[C@H](CC(=O)NCc4ccccn4)O[C@H](CO)[C@H]2O3)cc1,0,2733
CC(=O)NC1CCSC1=O,0,344
O=C(O)CSCC(=O)NC1CCSC1=O,0,344
O=C(O)CSCC(=O)N[C@H]1CCSC1=O,0,344
CCOCC(=O)N[C@H]1CCSC1=O,0,344
O=S(=O)(c1ccccc1)N1CCN(CCO)CC1,0,1666
CN1CCN(S(=O)(=O)c2ccc(CN)cc2)CC1,0,1666
COc1cccc(S(=O)(=O)N[C@@H]2C=C[C@H](CC(=O)NC3CCC3)O[C@H]2CO)c1,0,2993
COc1cccc(S(=O)(=O)N[C@@H]2C=C[C@H](CC(=O)NC3CCC3)O[C@@H]2CO)c1,0,2993
COc1ccccc1-c1ccc2c(c1)O[C@@H](CN(C)CC1CCOCC1)[C@H](C)CN([C@@H](C)CO)S2(=O)=O,1,1771
COc1ccc(-c2ccc3c(c2)O[C@@H](CN(C)CC2CCOCC2)[C@H](C)CN([C@@H](C)CO)S3(=O)=O)cc1,0,1771
COc1ccc(-c2ccc3c(c2)O[C@@H](CN(C)CC2CCOCC2)[C@@H](C)CN([C@H](C)CO)S3(=O)=O)cc1,0,1771
COC(=O)C[C@@H]1C(C)(C)[C@H](OC(C)=O)[C@@H]2[C@@H](OC(C)=O)[C@]34O[C@@]2(O)[C@]1(C)[C@H]3CC[C@]1(C)C4=CC(=O)O[C@H]1c1ccoc1,0,1363
CN1CCc2c(c3ccccc3n2Cc2ccccc2)C1,0,736
C[N+]1(C)C2CC[C@H]1C[C@@H](OC(=O)C(O)c1ccccc1)C2.[Br-],0,627
CC(C)[N+]1(C)C2CC[C@H]1C[C@@H](OC(=O)C(CO)c1ccccc1)C2.[Br-],0,627
CN1C(=O)/C(=C(/C#N)C(N)=O)c2ccccc21,0,1664
C[C@H]1CN([C@H](C)CO)S(=O)(=O)c2ccc(C3=CCCC3)cc2O[C@H]1CN(C)C(=O)Cc1ccncc1,0,3219
O=C(C[C@H]1CC[C@@H]2[C@H](COC[C@@H](O)CN2Cc2cc(F)ccc2F)O1)N[C@@H]1CCN(Cc2ccccc2)C1,0,1752
CN(C)CC/C=C1/c2ccccc2COc2ccccc21.Cl,0,484
CN(C)CC/C=C1/c2ccccc2COc2ccc(CC(=O)O)cc21.Cl,1,484
COc1c(-c2ccccc2)oc2c(ccc3ccoc32)c1=O,0,674
CCN[C@H]1C[C@H](C)S(=O)(=O)c2sc(S(N)(=O)=O)cc21.Cl,0,481
CCCOc1ccc(=O)n(C)n1,0,2239
CN(C)CCNc1cn[nH]c(=O)c1Cl,0,2239
CCOC(=O)N(C)C[C@H]1OCc2cnnn2CCCC(=O)N([C@@H](C)CO)C[C@@H]1C,0,2758
CC(=O)O[C@H]1C[C@@]2(C)[C@@H](C[C@@H](O)C3[C@@]4(C)CC[C@@H](O)[C@@H](C)[C@@H]4CC[C@@]32C)/C1=C(/CCC=C(C)C)C(=O)O,1,579
Nc1ccccc1C(=O)N[C@H]1CCCCNC1=O,0,1252
O=C(O)[C@H]1C[C@H]2CCCCN2C1,0,1430
O[C@@H]1[C@H](O)CN2CCC[C@@H](O)[C@H]12,0,1430
Nc1ccc(S(=O)(=O)NC(=O)c2ccccc2)cc1,0,1038
C[C@H]1CN([C@@H](C)CO)S(=O)(=O)c2ccc(-c3ccncc3)cc2O[C@@H]1CN(C)C(=O)c1cccc(F)c1,0,2674
C[C@H]1CN([C@H](C)CO)S(=O)(=O)c2ccc(-c3ccncc3)cc2O[C@@H]1CN(C)C(=O)c1cccc(F)c1,0,2674
C=CCc1ccc(O[C@@H]2O[C@H](CO[C@@H]3O[C@@H](C)[C@H](O)[C@@H](O)[C@H]3O)[C@@H](O)[C@H](O)[C@H]2O)c(O)c1,0,3143
CC(O)CN1CCN(CC(=O)[O-])CCN(CC(=O)[O-])CCN(CC(=O)[O-])CC1.[Gd+3],0,581
CN(CC(=O)Nc1ccc(F)cc1F)S(=O)(=O)c1ccc2c(c1)c(=O)n(C)c(=O)n2C,0,2197
[N-]=[N+]=Nc1ccccc1[C@@H]1OC(c2ccc(OCCCO)cc2)=N[C@]1(CCS(=O)(=O)c1ccccc1)C(=O)NC[C@@H](O)CO,0,1451
NC(=O)[C@@]1(CCS(=O)(=O)c2ccccc2)N=C(c2ccc(OCCCO)cc2)O[C@H]1c1ccccc1,0,1451
CNC(C)[C@@H]1CC[C@@H](N)[C@@H](OC2[C@@H](N)C[C@@H](N)[C@H](OC3OC[C@](C)(O)[C@H](NC)[C@H]3O)[C@H]2O)O1.O=S(=O)(O)O,1,588
O=c1[nH]oc2c1CCNC2,0,3528
O=C(C[C@H]1CC[C@H]2[C@@H](COC[C@@H](O)CN2C(=O)Nc2ccc(Cl)cc2)O1)NC1Cc2ccccc2C1,0,3363
COC[C@H]1CN(C)N=C(C2CC2)O1,1,2265
COC[C@@H]1CN(C)N=C(C2CC2)O1,0,2265
Cn1c(=O)[nH]c(=O)c2c1ncn2CCNCc1ccco1,0,2340
O=C(Cc1ccncc1)NCC[C@H]1CC[C@@H](NC(=O)C2CCOCC2)[C@@H](CO)O1,0,2284
O=C(Cc1ccncc1)NCC[C@H]1CC[C@@H](NC(=O)C2CCOCC2)[C@H](CO)O1,0,2284
NC[C@H]1CC[C@H](C(=O)N2CCC(c3ccncc3)CC2)CC1,0,2182
Br.CN1C2C[C@H](OC(=O)[C@H](CO)c3ccccc3)C[C@H]1[C@H]1OC21,0,1008
CCC1OC(=O)[C@H](C)C(=O)[C@H](C)[C@@H](OC2O[C@H](C)C[C@H](N(C)C)[C@H]2O)[C@](C)(OC)C[C@@H](C)C(=O)[C@@H](C)[C@@H]2N(CCCCn3cnc(-c4cccnc4)c3)C(=O)O[C@]12C,1,1064
CC[C@H](C)C(=O)O[C@H]1C[C@@H](C)C=C2C=C[C@H](C)[C@H](CC[C@@H]3C[C@@H](O)CC(=O)O3)[C@H]21,1,722
CCC(C)(C)C(=O)O[C@H]1C[C@@H](C)C=C2C=C[C@H](C)[C@H](CC[C@@H]3C[C@@H](O)CC(=O)O3)[C@H]21,0,722
Cn1c(=O)c2c(NCCc3ccc(S(N)(=O)=O)cc3)ccnc2n(C)c1=O,0,3612
O=C(C[C@H]1CC[C@H]2[C@@H](COC[C@@H](O)CN2Cc2cccc(C(F)(F)F)c2)O1)NCCc1ccncc1,0,3450
O=S(=O)(Cc1nn[nH]n1)c1ccccc1,0,2881
Cc1ccc(Nc2nnc(-c3ccccc3)c3ccccc23)cc1,0,3573
O=C(C1=C[C@H](c2coc3ccccc3c2=O)C[C@H](OCCCCO)O1)N1CCN(Cc2ccc3c(c2)OCO3)CC1,0,1568
CC(C)n1c(-c2ccccc2)cs/c1=N\c1ccccc1,0,2934
COCC(=O)N[C@H]1C=C[C@@H](CC(=O)N2CCCCC2)O[C@@H]1CO,0,2397
COCC(=O)N[C@@H]1C=C[C@@H](CC(=O)N2CCCCC2)O[C@@H]1CO,0,2397
COCC(=O)N[C@H]1C=C[C@@H](CC(=O)N2CCCCC2)O[C@H]1CO,0,2397
COc1cc2c(cc1OC)[C@@H]1C(=O)c3ccc4c(c3O[C@@H]1CO2)C=CC(C)(C)O4,0,418
CC(C)C[N+]1(C)Cc2ccccc2C1,0,3657
CN1C(CC(=O)c2ccccc2)CCCC1CC(O)c1ccccc1.Cl,0,715
COc1ccccc1CNC(=O)C[C@H]1CC[C@@H]2[C@H](COC[C@H](O)CN2C(=O)Nc2ccc(F)cc2)O1,0,1941
COc1cccc(NC(=O)N2C[C@H](O)COC[C@@H]3O[C@@H](CC(=O)NCc4ccccc4F)CC[C@H]32)c1,0,1941
COc1ccccc1CNC(=O)C[C@H]1CC[C@@H]2[C@H](COC[C@@H](O)CN2C(=O)Nc2ccc(Cl)cc2)O1,0,1941
COc1ccc(NC(=O)N2C[C@@H](O)COC[C@@H]3O[C@@H](CC(=O)NCc4ccccc4OC)CC[C@H]32)cc1,0,1941
O=C(C[C@H]1CC[C@@H]2[C@H](COC[C@@H](O)CN2C(=O)Nc2cccc(Cl)c2)O1)NCc1ccccc1F,1,1941
O=C(C[C@H]1CC[C@@H]2[C@H](COC[C@H](O)CN2C(=O)Nc2ccc(Cl)c(Cl)c2)O1)NCc1ccc(Cl)c(Cl)c1,0,1941
COc1cccc(NC(=O)N2C[C@@H](O)COC[C@@H]3O[C@@H](CC(=O)NCc4ccccc4F)CC[C@H]32)c1,0,1941
C[C@]12CCC3c4ccc(OC(=O)c5ccccc5)cc4CCC3C1CC[C@@H]2O,0,527
O=C(C[C@@H]1CC=CC[C@@H](NC(=O)OCC2c3ccccc3-c3ccccc32)C(=O)OC[C@@H](Cc2ccccc2)NC1=O)N[C@@H](CO)Cc1ccccc1,0,2381
Cc1ccnc2c1NC(=O)c1cccnc1N2C1CC1,0,814
O=C(C[C@H]1C=C[C@H](NS(=O)(=O)c2ccccc2)[C@@H](CO)O1)NCc1ccncn1,0,2020
O=C(C[C@H]1C=C[C@H](NS(=O)(=O)c2ccccc2)[C@H](CO)O1)NCc1ccncn1,0,2020
CC(=O)N(O)CCC[C@H]1NC(=O)CNC(=O)CNC(=O)CNC(=O)[C@@H](CCCN(O)C(C)=O)NC(=O)[C@@H](CCCN(O)C(C)=O)NC1=O,0,1306
COc1ccc([C@@H]2CC(=O)c3c(O)cc(O)cc3O2)cc1O,0,622
O=C1C[C@@H](c2ccc(O)cc2)Oc2cc(O)cc(O)c21,0,622
Cc1ccc2c(c1)C(=O)C[C@@H](c1ccc(Cl)cc1Cl)O2,0,622
C[C@H]1CN([C@@H](C)CO)C(=O)Cc2cc(NC(=O)Nc3cccc4c3CCCC4)ccc2O[C@H]1CN(C)S(=O)(=O)c1ccc(Cl)cc1,0,2859
COc1ccc(S(=O)(=O)N(C)C[C@@H]2Oc3ccc(NC(=O)Nc4cccc5c4CCCC5)cc3CC(=O)N([C@@H](C)CO)C[C@@H]2C)cc1Cl,0,2859
C[C@H]1CN([C@H](C)CO)S(=O)(=O)c2ccc(C#Cc3ccncc3)cc2O[C@H]1CN(C)C(=O)C1CCCCC1,0,2006
O=c1ccc(=O)n(CCO)[nH]1,0,3038
COC(CNC(=O)C(=O)NC[C@H]1OCCN1C(=O)c1ccc2c(c1)OCO2)OC,0,1461
COc1cc2c(cc1OC)C(=O)OC2,0,749
COc1c(C)c2c(c(O)c1C/C=C(\C)CCC(=O)O)C(=O)OC2,0,749
CCCc1nc2c(C)cc(-c3nc4ccccc4n3C)cc2n1Cc1ccc(-c2ccccc2C(=O)O)cc1,0,1065
O=C(CNc1ccc2c(c1)oc1ccccc12)c1ccc(F)cc1,1,3467
CC[C@H]1C2CC3[C@@H]4N(C)c5ccccc5[C@]45C[C@@H](C2C5O)N3[C@@H]1O,0,75
Nc1ccn(C2CSC(CO)O2)c(=O)n1,0,691
C=CCC[C@H](Cc1ccc(F)cc1)C(=O)OC[C@@H](NC(=O)[C@H](CC=C)CC(=O)N(CCO)Cc1ccccc1)c1ccccc1,0,2301
C=CC[C@@H](CC(=O)N(CCO)Cc1ccccc1)C(=O)N[C@H](COC(=O)[C@@H](CC=C)Cc1ccc(F)cc1)c1ccccc1,0,2301
OC[C@H]1O[C@@H](O[C@@H]2[C@@H](CO)O[C@H](O)[C@H](O)[C@H]2O)[C@H](O)[C@@H](O)[C@@H]1O,0,301
O.OC[C@H]1O[C@H](O)[C@H](O)[C@@H](O)[C@@H]1O[C@@H]1O[C@H](CO)[C@H](O)[C@H](O)[C@H]1O,0,301
C[C@H]1CN([C@H](C)CO)S(=O)(=O)c2ccc(C#Cc3ccccc3F)cc2O[C@H]1CN(C)C(=O)c1ccc2c(c1)OCO2,0,3501
COC(=O)[C@H](Cc1ccccc1)N1CC2=C[C@@H]([C@@H](O)CCn3cc(-c4ccc(C(=O)NO)s4)nn3)n3c(=O)n(C)c(=O)n3[C@@H]2[C@@H](C2CC2)O1,0,1198
O=C(NCc1ccco1)c1nc2ncccn2n1,0,3597
CC(C)(C)OC(=O)C[C@@H]1CC=CC[C@H](CC(=O)N[C@@H](CO)Cc2ccccc2)C(=O)N2CCC[C@H]2COC1=O,0,3261
CCOC(=O)C(C#N)C1=NCCC1,0,3268
O=C(N[C@H]1CC[C@@H](CCNS(=O)(=O)c2ccc(F)cc2)O[C@H]1CO)C1CC1,0,2687
O=C(N[C@H]1CC[C@@H](CCNS(=O)(=O)c2ccc(F)cc2)O[C@@H]1CO)C1CC1,0,2687
Cc1ccc(N(c2ccc(C)cc2)c2cccnc2)cc1,0,3399
O=C(C[C@@H]1C=C[C@H](NC(=O)c2cccnc2)[C@H](CO)O1)NCc1ccncn1,0,2443
O=C(C[C@H]1CC[C@H]2[C@@H](COC[C@H](O)CN2Cc2cc(F)ccc2F)O1)N[C@H]1CCN(Cc2ccccc2)C1,0,3134
O=C(C[C@H]1CC[C@H]2[C@@H](COC[C@@H](O)CN2Cc2cc(F)ccc2F)O1)N[C@H]1CCN(Cc2ccccc2)C1,0,3134
O=C(C[C@H]1CC[C@H]2[C@@H](COC[C@@H](O)CN2Cc2ccccc2F)O1)N[C@H]1CCN(Cc2ccccc2)C1,0,3134
O=C(C[C@H]1C[C@H]2c3cc(NC(=O)c4ccc5c(c4)OCO5)ccc3O[C@H]2[C@H](CO)O1)NCc1ccccn1,0,2683
C[C@@H](CO)N1C[C@@H](C)[C@H](CN(C)C(=O)c2cnccn2)Oc2cc(C#CCC3CCCC3)ccc2S1(=O)=O,1,1969
C[C@H]1CN([C@H](C)CO)S(=O)(=O)c2ccc(C#CCC3CCCC3)cc2O[C@H]1CN(C)C(=O)c1cnccn1,1,1969
Cc1cccc(/C=C2\CS/C(=C\c3cccc(C)c3)C2=O)c1,0,3307
O=C(C[C@H]1CC[C@@H]2[C@H](COC[C@H](O)CN2S(=O)(=O)c2ccc(Cl)cc2)O1)NCCN1CCCC1,0,2696
COc1cc([C@H]2Oc3cc([C@H]4Oc5cc(O)cc(O)c5C(=O)[C@@H]4O)ccc3O[C@@H]2CO)ccc1O,0,1014
O=c1cccc2n1C[C@H]1CNC[C@H]2C1,0,1381
Cl.Nc1c2c(nc3ccccc13)CCCC2,1,1055
Nc1c2c(nc3ccccc13)CCCC2,1,1055
NNC(=O)CCCC[C@H]1SC[C@H]2NC(=O)N[C@H]21,0,1423
O=C(O[C@@H]1Cc2c(O)cc(O)cc2O[C@@H]1c1cc(O)c(=O)c2c(O)c(O)cc([C@H]3Oc4cc(O)cc(O)c4C[C@H]3O)c2c1)c1cc(O)c(O)c(O)c1,0,1080
CCOc1nc2cccc(C(=O)OCc3oc(=O)oc3C)c2n1Cc1ccc(-c2ccccc2-c2noc([O-])n2)cc1.[K+],0,172
O=C(C[C@H]1CC[C@@H](NC(=O)Cc2ccccn2)[C@@H](CO)O1)NCCCN1CCOCC1,0,2106
O=C(C[C@H]1CC[C@@H](NC(=O)Cc2ccccn2)[C@H](CO)O1)NCCCN1CCOCC1,0,2106
CCc1nc2ccccc2nc1CC,0,3674
COCCNC(=O)C[C@H]1C[C@H]2c3cc(NC(=O)COC)ccc3O[C@H]2[C@@H](CO)O1,0,3218
COCCNC(=O)C[C@@H]1C[C@H]2c3cc(NS(C)(=O)=O)ccc3O[C@H]2[C@H](CO)O1,0,3218
COCCNC(=O)C[C@H]1C[C@H]2c3cc(NS(C)(=O)=O)ccc3O[C@H]2[C@@H](CO)O1,0,3218
CCCCCCc1nc(-c2ccc(-c3ccc(Cl)c(Cl)c3)o2)cc2c1[Si](C(C)C)(C(C)C)O[C@H]2c1ccccc1,0,1572
COc1ccc([Si](C)(C)[C@H]2[C@H](CCO)O[C@@]3(C(=O)N(Cc4cccc(N5C(=O)c6cccc7cccc5c67)c4)c4ccccc43)[C@@H]2C)cc1,0,1864
CN1C(=O)[C@@H]2[C@H](N=CN2CCCO)N(C)C1=O,0,1293
O=C(O[C@@H]1Cc2c(O)cc(O)cc2O[C@@H]1c1cc(O)c(O)c2c(=O)c(O)cc([C@H]3Oc4cc(O)cc(O)c4C[C@H]3O)c-2c1)c1cc(O)c(O)c(O)c1,1,3180
C=CCOC(=O)[C@@H]1[C@H]2C(=O)O[C@H](c3ccccc3)[C@H](c3ccccc3)N2[C@H](c2ccc(OCCOC(=O)NCCCCCC(=O)NO)cc2)[C@]12C(=O)Nc1ccccc12,0,2787
C=CCC[C@H](Cc1ccc(F)cc1)C(=O)OC[C@H]1CCCN1C(=O)[C@H](CC=C)CC(=O)N(CCO)Cc1ccccc1,0,2129
C=CCC[C@@H](Cc1ccc(F)cc1)C(=O)OC[C@H]1CCCN1C(=O)[C@H](CC=C)CC(=O)N(CCO)Cc1ccccc1,0,2129
CCn1cc(-c2ccc3ccccc3n2)c(=S)c2ccccc21,0,3215
COC(=O)c1c(CC[C@@H](CO)NC(=O)N2CCC[C@H]2Cn2cc(-c3ccccn3)nn2)oc(C(C)=O)c1C(=O)OC,0,3241
NCC[C@@H](O)C(=O)N[C@@H]1C[C@H](N)[C@@H](O[C@H]2O[C@H](CN)[C@@H](O)[C@H](O)[C@H]2O)[C@H](O)[C@H]1O[C@H]1O[C@H](CO)[C@@H](O)[C@H](N)C1O.O,1,98
NC[C@H]1O[C@H](O[C@@H]2[C@@H](N)C[C@@H](N)[C@H](O[C@H]3O[C@H](CO)[C@@H](O)[C@H](N)[C@H]3O)[C@H]2O)[C@H](N)[C@@H](O)[C@@H]1O.O=S(=O)(O)O,1,98
NC[C@@H]1CC[C@@H](N)[C@@H](O[C@@H]2[C@@H](N)C[C@@H](N)[C@H](O[C@H]3O[C@H](CO)[C@@H](O)[C@H](N)[C@H]3O)[C@H]2O)O1,0,98
NC[C@H]1O[C@H](O[C@@H]2[C@@H](N)C[C@@H](N)[C@H](O[C@H]3O[C@H](CO)[C@@H](O)[C@H](N)[C@H]3O)[C@H]2O)[C@H](N)C[C@@H]1O,1,98
OC[C@H]1O[C@H](OC[C@H]2O[C@@H](O)[C@H](O)[C@@H](O)[C@@H]2O)[C@H](O)[C@@H](O)[C@H]1O,0,740
C[C@H]1CN([C@H](C)CO)S(=O)(=O)c2ccc(C#Cc3ccccc3)cc2O[C@H]1CN(C)C(=O)c1ccccn1,0,2221
C[C@@H](CO)N1C[C@@H](C)[C@H](CN(C)C(=O)c2ccccn2)Oc2cc(C#Cc3ccc(F)cc3)ccc2S1(=O)=O,1,2221
C[C@H]1CN([C@H](C)CO)S(=O)(=O)c2ccc(C#Cc3ccc(F)cc3)cc2O[C@H]1CN(C)C(=O)c1ccccn1,1,2221
C[C@H]1CN([C@@H](C)CO)S(=O)(=O)c2ccc(C#Cc3ccc(F)cc3)cc2O[C@H]1CN(C)C(=O)c1ccccn1,1,2221
Cc1ccc(S[C@]2(C(=O)NCc3ccccc3)CC(=O)N(Cc3ccccc3C(F)(F)F)[C@@H]2c2ccc(CO)cc2)cc1,0,2092
C[C@H]1CN([C@@H](C)CO)C(=O)c2cc(C#Cc3cccc(F)c3)cnc2O[C@H]1CN(C)C(=O)C1CCOCC1,0,1749
C[C@@H]1CN([C@H](C)CO)C(=O)c2cc(C#Cc3cccc(F)c3)cnc2O[C@H]1CN(C)C(=O)C1CCOCC1,0,1749
C[C@H]1CN([C@@H](C)CO)C(=O)CCCn2cc(nn2)CO[C@@H]1CN(C)C(=O)Nc1ccc(N2CCCCC2)cc1,0,2155
Cc1ccc(S(=O)(=O)N[C@@H]2C=C[C@H](CC(=O)NCCN3CCCCC3)O[C@@H]2CO)cc1,0,1807
O=C(C[C@H]1C=C[C@@H](NS(=O)(=O)c2ccc(F)cc2)[C@H](CO)O1)NCCN1CCCCC1,0,1807
O=C(C[C@H]1C=C[C@@H](NS(=O)(=O)c2ccc(F)cc2)[C@@H](CO)O1)NCCN1CCCCC1,1,1807
COc1ccc(COC(=O)[C@H]2[C@H]3C(=O)N(Cc4ccc5c(c4)OCO5)C[C@]34C=C[C@]2(Br)O4)cc1,1,3713
COc1ccc(S(=O)(=O)N[C@H]2CC[C@H](CC(=O)N3CCN(c4ccccc4)CC3)O[C@@H]2CO)cc1,0,3504
COc1ccc(S(=O)(=O)N[C@H]2CC[C@H](CC(=O)N3CCN(c4ccccc4)CC3)O[C@H]2CO)cc1,0,3504
Cc1ccc(S(=O)(=O)C[C@H]2O[C@@H](n3cc(I)c(=O)[nH]c3=O)C[C@@H]2O)cc1,0,3091
COc1ccccc1CN1C(=O)c2ccccc2[C@@]2(Cc3ccccc3N(CCCN(C)C)C2=O)[C@@H]1c1ccc(CO)cc1,0,2926
CC(C)N1C(=O)[C@@]2(Cc3ccccc31)c1ccccc1C(=O)N(Cc1ccccc1Cl)[C@H]2c1ccc(CO)cc1,0,2926
CC(C)CN1C(=O)[C@@]2(Cc3ccccc31)c1ccccc1C(=O)N(Cc1ccccc1)[C@H]2c1ccc(CO)cc1,0,2926
CCn1nnc2c(=S)nc[nH]c21,0,3425
C=CCN([C@@H](Cc1ccccc1)[C@@H](O)c1cn(CCCCCCNC(=O)C(=O)NC)nn1)S(=O)(=O)c1ccccc1[N+](=O)[O-],0,2667
Cn1c(=O)c2c(nc(N3CCOCC3)n2CCN)n(C)c1=O,0,2704
CC(=O)OC1CC[C@@]2(C)C(CCC3C2CC[C@]2(C)C(C4=CC(=O)OC4)C(OC(C)=O)CC32O)C1,0,593
C[C@]12CCC3C(CC[C@]4(O)C[C@@H](O)CC[C@]34C=O)[C@@]1(O)CCC2C1=CC(=O)OC1,0,593
O=C(N[C@H]1CC[C@@H](CCn2cc(C3(O)CCCC3)nn2)O[C@@H]1CO)C1CCOCC1,0,3150
CCCCN1CNC(=S)NC1,1,3008
C[C@@H](O)[C@H]1C(=O)N2C(C(=O)[O-])=C(SC3Cn4cnc[n+]4C3)[C@H](C)[C@H]12,1,214
CC1(C)CC[C@]2(C(=O)O[C@@H]3O[C@H](CO)[C@@H](O)[C@H](O)[C@H]3O)CC[C@]3(C)C(=CC[C@H]4[C@@]5(C)CC[C@@H](O[C@@H]6O[C@H](C(=O)O)[C@@H](O[C@@H]7OC[C@@H](O)[C@H](O)[C@H]7O)[C@H](O[C@@H]7OC[C@](O)(CO)[C@H]7O)[C@H]6O)C(C)(C)[C@@H]5CC[C@]43C)[C@@H]2C1,0,1285
O=C(CN1CCOCC1)N[C@@H]1CC[C@H](CCNS(=O)(=O)c2ccccc2F)O[C@@H]1CO,0,3130
O=C(CN1CCOCC1)N[C@@H]1CC[C@H](CCNS(=O)(=O)c2ccccc2F)O[C@H]1CO,0,3130
O=C(CN1CCOCC1)N[C@@H]1CC[C@@H](CCn2cc(C3CCCC3)nn2)O[C@@H]1CO,0,2505
O=C(CN1CCOCC1)N[C@@H]1CC[C@@H](CCn2cc(C3CCCC3)nn2)O[C@H]1CO,0,2505
CCOC(=O)c1cncn1[C@H](C)c1ccccc1,0,537
Cl.O=C(O)/C=C/c1ccc(Cn2ccnc2)cc1,0,537
O=C(O)/C=C/c1ccc(Cn2ccnc2)cc1,0,537
NCc1cn(Cc2ccc(Cl)c(Cl)c2)cn1,0,537
Cc1ccc(CSc2nnc(CCN)o2)cc1,0,3292
COc1ccc(C#Cc2ccc3c(c2)[C@@]2(C(=O)N3C(=O)N[C@@H](C)c3ccccc3)[C@H](c3ccc(OCCO)cc3)N3[C@H](c4ccccc4)[C@H](c4ccccc4)OC(=O)[C@H]3[C@@H]2C(=O)O)cc1,0,1462
COc1ccc(S(=O)(=O)N(C)C[C@H]2Oc3cc(C#CC4CCCC4)ccc3S(=O)(=O)N([C@@H](C)CO)C[C@@H]2C)cc1,0,2898
COc1ccc(S(=O)(=O)N(C)C[C@H]2Oc3cc(C#CC4CCCC4)ccc3S(=O)(=O)N([C@@H](C)CO)C[C@H]2C)cc1,0,2898
O=C(O)c1cncnc1N1CCCC1,0,3488
CCCCC(=O)N(Cc1ccc(-c2ccccc2-c2nn[nH]n2)cc1)[C@H](C(=O)O)C(C)C,0,1138
[N-]=[N+]=NCc1ccccc1C[C@]1(C(=O)N2CCOCC2)N=C(c2ccc(OCCCO)cc2)O[C@H]1c1ccccc1N=[N+]=[N-],0,2794
CC1(C)[C@@H](OC(=O)CCC(=O)O)CC[C@]2(C)[C@@H]3C(=O)C=C4[C@@H]5C[C@@](C)(C(=O)O)CC[C@]5(C)CC[C@@]4(C)[C@]3(C)CC[C@@H]12,0,1608
COc1c2ccoc2cc2oc(=O)ccc12,0,202
COc1c2ccoc2c(OC)c2oc(=O)ccc12,0,202
COc1c2occc2cc2ccc(=O)oc12,0,202
Cc1cc2cc3c(C)cc(=O)oc3c(C)c2o1,0,202
Cn1ncc2c(N3CCCC3)ncnc21,0,2171
C[C@@H](CO)N1C[C@@H](C)[C@H](CN(C)Cc2cncnc2)Oc2cc(C#CC3CCCC3)ccc2S1(=O)=O,0,1592
C[C@H]1CN([C@@H](C)CO)S(=O)(=O)c2ccc(C#CC3CCCC3)cc2O[C@H]1CN(C)Cc1cncnc1,1,1592
C[C@@H]1CN([C@H](C)CO)S(=O)(=O)c2ccc(C#CC3CCCC3)cc2O[C@H]1CN(C)Cc1cncnc1,1,1592
C[C@H]1CN([C@H](C)CO)S(=O)(=O)c2ccc(C#CC3CCCC3)cc2O[C@H]1CN(C)Cc1cncnc1,1,1592
O=C(O)C[C@H]1CC[C@@H]2NC[C@H](O)COC[C@H]2O1,0,2680
Cc1noc(C)c1NC(=O)N[C@H]1C=C[C@@H](CC(=O)NCCCN(C)C)O[C@H]1CO,0,3617
CC(C)[C@]12O[C@H]1[C@@H]1O[C@@]13[C@@]1(C)CCC4=C(COC4=O)[C@@H]1C[C@@H]1O[C@@]13[C@@H]2O,0,1122
CCCCCCCCCCCCCCCCOc1nc2ccc(C)cc2c(=O)o1,0,307
O=C(C[C@@H]1CC[C@@H]2[C@H](COC[C@@H](O)CN2C(=O)Nc2ccc3c(c2)OCO3)O1)N1CCN(c2ccccc2)CC1,0,1978
O=C(C[C@@H]1CC[C@@H]2[C@H](COC[C@H](O)CN2C(=O)Nc2ccc3c(c2)OCO3)O1)N1CCN(c2ccccc2)CC1,0,1978
Nc1nnnn1/N=C\C=C\c1ccccc1,0,2031
O=C(C[C@@H]1CC[C@@H](NC(=O)CN2CCOCC2)[C@@H](CO)O1)NCCc1ccccc1,0,1597
O=C(C[C@@H]1CC[C@@H](NC(=O)CN2CCOCC2)[C@H](CO)O1)NCCc1ccccc1,0,1597
OCCN1CCN(c2ncnc3c2ncn3[C@H]2CN(Cc3ccc(Cl)cc3)C[C@@H](CO)O2)CC1,0,3081
OCCN1CCN(c2ncnc3c2ncn3[C@H]2CN(Cc3cccc(C(F)(F)F)c3)C[C@@H](CO)O2)CC1,0,3081
CC(C)CC#Cc1ccc2c(c1)O[C@H](CN(C)Cc1cncnc1)[C@@H](C)CN([C@H](C)CO)S2(=O)=O,0,2612
N[C@@H](c1ccccc1)c1cc2ccccc2cn1,1,1443
COCC(=O)N[C@@H]1C=C[C@H](CC(=O)N2CCCCC2)O[C@H]1CO,0,1829
COCC(=O)N[C@H]1C=C[C@H](CC(=O)N2CCCCC2)O[C@H]1CO,0,1829
COCC(=O)N[C@H]1C=C[C@H](CC(=O)N2CCCCC2)O[C@@H]1CO,0,1829
Cc1ccc(S[C@]2(C(=O)NCCCN(C)C)CC(=O)N(C3CCCCC3)[C@@H]2c2ccc(CO)cc2I)cc1,0,2300
COCCCNC(=O)[C@@]1(Sc2ccc(C)cc2)CC(=O)N(C2CCCCC2)[C@@H]1c1ccc(CO)cc1I,1,2300
[N-]=[N+]=NCc1ccccc1C[C@]1(C(=O)NCCN2CCOCC2)N=C(c2ccc(OCCCO)cc2)O[C@H]1c1ccccc1N=[N+]=[N-],0,3509
O=S(=O)(NCCN(C/C=C/c1ccc(F)cc1)C/C=C/c1ccc(F)cc1)c1cccc2cnccc12,0,1648
O=[N+]([O-])c1ccc(/C=C/CN(C/C=C/c2ccc([N+](=O)[O-])cc2)CCNS(=O)(=O)c2cccc3cnccc23)cc1,0,1648
CC(=O)C1C(=O)C=C(C)OC1=O,0,419
NC[C@H](c1ccncc1)c1ccc[nH]1,0,1193
O=C(C[C@@H]1C[C@@H]2c3cc(NC(=O)Cc4ccncc4)ccc3O[C@@H]2[C@H](CO)O1)NCc1ccc2c(c1)OCO2,0,3536
CCOc1ccc(Cc2cc([C@@H]3O[C@H](CO)[C@@H](O)[C@H](O)[C@H]3O)ccc2Cl)cc1,0,408
C[C@@H](CO)N1C[C@@H](C)[C@H](CN(C)S(=O)(=O)c2ccccc2)Oc2ncc(C#Cc3ccccc3F)cc2C1=O,0,1855
C[C@@H](CO)N1C[C@@H](C)[C@H](CN(C)S(=O)(=O)c2ccccc2F)Oc2ncc(C#Cc3ccccc3)cc2C1=O,0,1855
C[C@H]1CN([C@@H](C)CO)C(=O)c2cc(C#Cc3ccccc3F)cnc2O[C@H]1CN(C)S(=O)(=O)c1ccccc1,0,1855
C[C@@H]1CN([C@H](C)CO)S(=O)(=O)c2ccc(C#CC3CC3)cc2O[C@H]1CN(C)Cc1ccccc1F,0,2588
C[C@H]1CN([C@@H](C)CO)S(=O)(=O)c2ccc(C#CC3CC3)cc2O[C@H]1CN(C)Cc1ccc(F)cc1,0,2588
C[C@@H](CO)N1C[C@@H](C)[C@H](CN(C)Cc2ccccc2F)Oc2cc(C#CC3CC3)ccc2S1(=O)=O,0,2588
C[C@H]1CN([C@H](C)CO)S(=O)(=O)c2ccc(C#CC3CC3)cc2O[C@H]1CN(C)Cc1ccccc1F,0,2588
COc1ccc(COCC23Oc4ccccc4[C@H]([C@H]2COC(=O)NCCCCCC(=O)NO)n2c(c4c(c(C(C)=O)c2=O)C(=O)N(C)C4=O)N3C)cc1,0,2085
O=C(C[C@@H]1C=C[C@@H](NC(=O)c2ccc3c(c2)OCO3)[C@H](CO)O1)NCc1ccc(Oc2ccccc2)cc1,0,2581
O=C(C[C@@H]1C[C@H]2c3cc(NC(=O)Nc4ccccc4)ccc3O[C@H]2[C@@H](CO)O1)NCCN1CCCCC1,0,3366
Nn1c(=S)[nH]c2cc(C(=O)O)ccc2c1=O,0,2785
CN1CCN(C(=O)C[C@H]2CC[C@H]3[C@@H](COC[C@H](O)CN3Cc3ccc4c(c3)OCO4)O2)CC1,0,1814
CN1CCN(C(=O)C[C@H]2CC[C@H]3[C@@H](COC[C@@H](O)CN3Cc3ccc4c(c3)OCO4)O2)CC1,0,1814
N#C[C@@]12[C@H]3CC=C[C@@H]1N2CC3,0,3714
O=C(CCN1CCNCC1)N1CCCCC1,0,3529
Cn1c2c(c(=O)n(C)c1=O)CN(CC1CC1)CN2,0,3159
CC12CCC3c4ccc(O)cc4CCC3C1C[C@H](O)[C@@H]2O,0,514
C[C@]12CCC3c4ccc(O)cc4CCC3C1CC[C@@H]2O,0,514
CCCCC(=O)O[C@H]1CCC2C3CCc4cc(O)ccc4C3CC[C@@]21C,0,514
C[C@]12CCC3c4ccc(OC(=O)N(CCCl)CCCl)cc4CCC3C1CC[C@@H]2O,0,514
C[C@]12CCC3c4ccc(O)cc4CCC3C1C[C@@H](O)[C@@H]2O,0,514
CCC(=O)Oc1ccc2c(c1)CCC1C2CC[C@@]2(C)C1C[C@@H](OC(=O)CC)[C@@H]2OC(=O)CC,0,514
C#C[C@]1(O)CCC2C3CCc4cc(O)ccc4C3CC[C@@]21C,0,514
C#C[C@]1(O)CCC2C3CCc4cc(OC)ccc4C3CC[C@@]21C,0,514
CC(C)C1=CC2=CCC3[C@@](C)(C(=O)O)CCC[C@]3(C)C2CC1,0,43
CC(=O)c1cc2c(cc1O)OC(C)(C)C=C2,0,541
COc1ccc([Si](C)(C)[C@H]2[C@H](CCn3cc([C@H](O)c4ccccc4)nn3)O[C@@]3(C(=O)N(Cc4cccc(N5CCC5=O)c4)c4ccccc43)[C@@H]2C)cc1,0,2249
COc1cccc(NC(=O)N[C@H]2C=C[C@@H](CC(=O)N3CCOCC3)O[C@H]2CO)c1,0,2246
COc1cccc(NC(=O)N[C@H]2C=C[C@@H](CC(=O)N3CCOCC3)O[C@@H]2CO)c1,0,2246
NS(=O)(=O)c1cc(C(=O)O)c(NCc2ccco2)cc1Cl,0,578
C[C@@H]1CN([C@H](C)CO)S(=O)(=O)c2ccc(C#Cc3ccncc3)cc2O[C@@H]1CN(C)C(=O)c1ccncc1,0,3695
O=c1oc2c(O)c(O)cc3c(=O)oc4c(O)c(O)cc1c4c23,0,500
Nc1nc(=O)c2nc(CNc3ccc(C(=O)N[C@@H](CCC(=O)O)C(=O)O)cc3)cnc2[nH]1,0,2126
Cc1ccc(-c2noc([C@H](C)c3ccc(CC(C)C)cc3)n2)cc1,0,1225
C[C@@H](CO)N1C[C@@H](C)[C@@H](CN(C)Cc2ccc3c(c2)OCO3)OCCCC[C@@H](C)Oc2ccc(NS(=O)(=O)c3ccc(Cl)cc3)cc2C1=O,0,2798
COc1nc(C#N)nc(N2CCCCC2)n1,0,2700
CNc1nc(OCC#N)nc(N2CCCCC2)n1,0,2700
C[C@@H](CO)N1C[C@@H](C)[C@H](CN(C)C(=O)Nc2ccc(N3CCN(C)CC3)cc2)OCc2cn(nn2)CCCC1=O,0,2063
O=C(N/N=C/[C@H](O)[C@@H](O)[C@H](O[C@@H]1O[C@H](CO)[C@H](O)[C@H](O)[C@H]1O)[C@H](O)CO)c1ccccn1,0,1974
COC(=O)C1=CO[C@@H](O[C@@H]2O[C@H](CO)[C@@H](O)[C@H](O)[C@H]2O)[C@H]2C1C(=O)C[C@@H]2C,0,1145
O=C(O)c1cc(S(=O)(=O)NCCN2CCNC2=O)ccc1O,0,3146
CN1C=C(C(=O)OCCS(C)(=O)=O)C(C(=O)OCCS(C)(=O)=O)=CC(CCCO)=C[C@@H]1C1CC1,0,1427
COc1ccccc1CNC(=O)C[C@@H]1C[C@@H]2c3cc(NC(=O)Cc4ccncc4)ccc3O[C@@H]2[C@@H](CO)O1,0,2260
O=C(NCCN1CCOCC1)C(=O)NC[C@H]1OCCN1S(=O)(=O)c1ccc(F)cc1,0,1469
CN(C)CCN(Cc1cccs1)c1ccccn1.Cl,0,753
COc1cccc(S(=O)(=O)Nc2ccc3c(c2)OC[C@H](C)N(C(=O)Cc2cccnc2)C[C@H](C)[C@H](OC)CN(C)C3=O)c1,0,2131
COc1cccc(S(=O)(=O)Nc2ccc3c(c2)OC[C@@H](C)N(C(=O)Cc2cccnc2)C[C@@H](C)[C@@H](OC)CN(C)C3=O)c1,0,2131
COc1cccc(S(=O)(=O)Nc2ccc3c(c2)OC[C@H](C)N(C(=O)Cc2cccnc2)C[C@@H](C)[C@@H](OC)CN(C)C3=O)c1,0,2131
COc1cccc(S(=O)(=O)Nc2ccc3c(c2)OC[C@@H](C)N(C(=O)Cc2cccnc2)C[C@H](C)[C@@H](OC)CN(C)C3=O)c1,0,2131
CO/N=C(/C(=O)NC1C(=O)N2C(C(=O)OC(C)OC(C)=O)=C(COC(N)=O)CSC12)c1ccco1,0,298
CO/N=C(/C(=O)NC1C(=O)N2C(C(=O)[O-])=C(COC(N)=O)CSC12)c1ccco1.[Na+],1,298
Cc1cccc(S(=O)(=O)N2C[C@@H](O)COC[C@@H]3O[C@H](CC(=O)N4CCN(C)CC4)CC[C@H]32)c1,0,1541
CN1CCN(C(=O)C[C@@H]2CC[C@@H]3[C@H](COC[C@H](O)CN3S(=O)(=O)c3cccc(F)c3)O2)CC1,0,1541
CN1CCN(C(=O)C[C@@H]2CC[C@@H]3[C@H](COC[C@@H](O)CN3S(=O)(=O)c3cccc(Cl)c3)O2)CC1,0,1541
CN1CCN(C(=O)C[C@@H]2CC[C@@H]3[C@H](COC[C@H](O)CN3S(=O)(=O)c3cccc(Cl)c3)O2)CC1,0,1541
COc1cccc(S(=O)(=O)N2C[C@H](O)COC[C@@H]3O[C@H](CC(=O)N4CCN(C)CC4)CC[C@H]32)c1,0,1541
Cc1cccc(S(=O)(=O)N2C[C@H](O)COC[C@@H]3O[C@H](CC(=O)N4CCN(C)CC4)CC[C@H]32)c1,0,1541
CCCC(=O)Nc1ncnc2c1ncn2C1O[C@@H]2COP(=O)([O-])O[C@H]2[C@H]1OC(=O)CCC.[Na+],0,237
N#CNC1=NCN(CCN2CCOCC2)CN1,0,3698
O=S1(=O)C[C@H](O)[C@@H](NCCCN2CCOCC2)C1,0,1359
COc1ccc(S(=O)(=O)N[C@H]2CC[C@@H](CCNC(=O)CN3CCOCC3)O[C@@H]2CO)cc1,0,1587
COc1ccc(S(=O)(=O)N[C@H]2CC[C@@H](CCNC(=O)CN3CCOCC3)O[C@H]2CO)cc1,0,1587
O=C(CN1CCOCC1)NCC[C@@H]1CC[C@H](NS(=O)(=O)c2ccc(Cl)cc2)[C@H](CO)O1,0,1587
Cc1ccc(S(=O)(=O)N[C@H]2CC[C@@H](CCNC(=O)CN3CCOCC3)O[C@H]2CO)cc1,0,1587
Cl.Clc1cccc(Cl)c1N=C1NCCN1,0,358
CCCC1O[C@@H]2CC3C4CCC5=CC(=O)C=CC5(C)C4[C@@H](O)CC3(C)[C@]2(C(=O)CO)O1,0,238
CC1(C)O[C@@H]2CC3C4CCC5=CC(=O)C=C[C@]5(C)C4[C@@H](O)C[C@]3(C)[C@]2(C(=O)CO)O1,0,238
CC1(C)O[C@@H]2CC3C4C[C@H](F)C5=CC(=O)C=CC5(C)C4C(O)CC3(C)[C@]2(C(=O)CO)O1,0,238
CC1(C)O[C@@H]2CC3C4C[C@H](F)C5=CC(=O)C=C[C@]5(C)[C@@]4(F)[C@@H](O)C[C@]3(C)[C@]2(C(=O)CO)O1,0,238
CC(=O)OCC(=O)[C@@]12OC(C)(C)O[C@@H]1CC1C3C[C@H](F)C4=CC(=O)C=C[C@]4(C)[C@@]3(F)[C@@H](O)C[C@@]12C,0,238
CC1(C)O[C@@H]2CC3C4CCC5=CC(=O)C=C[C@]5(C)[C@@]4(F)[C@@H](O)C[C@]3(C)[C@]2(C(=O)CO)O1,0,238
C=CC[C@H](Nc1ccccc1C)c1ccc(Cl)cc1,0,1260
CC(C)(C)C(=O)C[C@@H](Nc1ccccc1)c1ccc(Cl)cc1,0,1260
CO[C@@H](CN(C)S(=O)(=O)c1ccc(F)cc1)[C@H](C)CN([C@@H](C)CO)S(=O)(=O)c1cccc(Cl)c1,1,1636
CO[C@@H](CN(C)S(=O)(=O)c1cccc(Cl)c1)[C@@H](C)CN([C@H](C)CO)S(=O)(=O)c1cccc(Cl)c1,0,1636
CO[C@H](CN(C)S(=O)(=O)c1ccc(Cl)cc1)[C@H](C)CN([C@H](C)CO)S(=O)(=O)c1cccc(Cl)c1,0,1636
CO[C@H](CN(C)S(=O)(=O)c1cccc(Cl)c1)[C@H](C)CN([C@H](C)CO)S(=O)(=O)c1ccc(Cl)cc1,0,1636
CO[C@@H](CN(C)S(=O)(=O)c1ccc(C)cc1)[C@H](C)CN([C@H](C)CO)S(=O)(=O)c1cccc(Cl)c1,0,1636
CO[C@@H](CN(C)S(=O)(=O)c1cccc(Cl)c1)[C@H](C)CN([C@@H](C)CO)S(=O)(=O)c1ccc(Cl)cc1,0,1636
CO[C@H](CN(C)S(=O)(=O)c1ccc(F)cc1)[C@@H](C)CN([C@@H](C)CO)S(=O)(=O)c1cccc(Cl)c1,1,1636
CO[C@@H](CN(C)S(=O)(=O)c1cccc(Cl)c1)[C@@H](C)CN([C@H](C)CO)S(=O)(=O)c1ccc(Cl)cc1,0,1636
CO[C@H](CN(C)S(=O)(=O)c1cccc(Cl)c1)[C@@H](C)CN([C@@H](C)CO)S(=O)(=O)c1ccc(Cl)cc1,0,1636
CO[C@H](CN(C)S(=O)(=O)c1ccc(C)cc1)[C@H](C)CN([C@@H](C)CO)S(=O)(=O)c1cccc(Cl)c1,1,1636
CO[C@@H](CN(C)S(=O)(=O)c1ccc(Cl)cc1)[C@@H](C)CN([C@H](C)CO)S(=O)(=O)c1cccc(Cl)c1,1,1636
CO[C@H](CN(C)S(=O)(=O)c1ccc(Cl)cc1)[C@@H](C)CN([C@@H](C)CO)S(=O)(=O)c1cccc(Cl)c1,0,1636
CO[C@@H](CN(C)S(=O)(=O)c1ccc(F)cc1)[C@@H](C)CN([C@@H](C)CO)S(=O)(=O)c1cccc(Cl)c1,1,1636
CO[C@H](CN(C)S(=O)(=O)c1cccc(Cl)c1)[C@@H](C)CN([C@@H](C)CO)S(=O)(=O)c1cccc(Cl)c1,0,1636
CO[C@H](CN(C)S(=O)(=O)c1cccc(Cl)c1)[C@@H](C)CN([C@H](C)CO)S(=O)(=O)c1cccc(Cl)c1,0,1636
O=C(C[C@H]1CC[C@H]2[C@@H](COC[C@@H](O)CN2S(=O)(=O)c2ccc(F)cc2)O1)N1CCc2ccccc2C1,0,3169
O=C(C[C@H]1CC[C@H]2[C@@H](COC[C@H](O)CN2C(=O)Nc2ccc3c(c2)OCO3)O1)N1CCN(c2ccccc2)CC1,0,2089
CCCN[C@H]1CCc2nc(N)sc2C1.Cl.Cl,0,919
NCCCc1nc2c(s1)CCCC2,0,919
C/C=C(\C)C(=O)O[C@H]1C[C@@H](OC(C)=O)[C@@]2(C(=O)OC)CO[C@H]3[C@@H](O)[C@@](C)([C@]45O[C@@]4(C)[C@H]4C[C@@H]5O[C@H]5OC=C[C@]45O)[C@@H]4[C@@](O)(C(=O)OC)OC[C@@]14[C@@H]32,0,1187
CN1CCC(=C2c3ccccc3C=Cc3ccccc32)CC1.Cl,0,397
CC[C@@H](C)C(=O)O[C@H]1[C@@H]2CC3=C4CC(=O)O[C@@H](c5ccoc5)[C@]4(C)CC[C@@H]3[C@@](C)(C2=O)[C@@H](CC(=O)OC)C1(C)C,0,1375
O=C1N[C@H](Cc2c[nH]c3ccccc23)COC(=O)[C@@H](Cc2ccc(F)cc2)CCC=CC[C@@H]1CC(=O)N(CCO)Cc1ccccc1,0,2721
Cc1ccc(S(=O)(=O)NCC[C@@H]2CC[C@H](NS(=O)(=O)c3ccccc3Cl)[C@H](CO)O2)cc1,0,2279
O=S(=O)(NCC[C@@H]1CC[C@H](NS(=O)(=O)c2cccc(Cl)c2)[C@@H](CO)O1)c1cccc(F)c1,0,2279
O=S(=O)(NCC[C@@H]1CC[C@H](NS(=O)(=O)c2cccc(Cl)c2)[C@H](CO)O1)c1cccc(F)c1,0,2279
O=S(=O)(NCC[C@@H]1CC[C@H](NS(=O)(=O)c2ccccc2Cl)[C@H](CO)O1)c1ccc(F)cc1,0,2279
Cc1ccc(S(=O)(=O)NCC[C@@H]2CC[C@H](NS(=O)(=O)c3ccccc3Cl)[C@@H](CO)O2)cc1,0,2279
CO[C@H]1CC(O[C@@H]2/C(C)=C/C[C@@H]3C[C@@H](C[C@]4(C=C[C@H](C)[C@@H](C5CCCCC5)O4)O3)OC(=O)[C@@H]3C=C(C)[C@@H](O)[C@H]4OC/C(=C\C=C\[C@@H]2C)[C@@]34O)O[C@@H](C)C1O[C@H]1C[C@H](OC)[C@@H](O)[C@H](C)O1,0,480
Nc1ccc(S(=O)(=O)Nc2ccccn2)cc1,0,1046
CCOC(=O)[C@H](CCc1ccccc1)N[C@@H](C)C(=O)N1Cc2cc(OC)c(OC)cc2C[C@H]1C(=O)O.Cl,0,778
CCOC(=O)[C@H](CCc1ccccc1)N[C@@H](C)C(=O)N1Cc2ccccc2C[C@H]1C(=O)O,0,778
C[C@H](N[C@@H](CCc1ccccc1)C(=O)O)C(=O)N1Cc2ccccc2C[C@H]1C(=O)O,0,778
Cc1ccc(S(=O)(=O)N[C@@H](Cc2ccccc2)C(=O)NCCCn2cc(C(=O)NO)nn2)cc1,0,2305
Cc1ccc(S(=O)(=O)N[C@@H](Cc2ccccc2)C(=O)NCCCn2cc(CCC(=O)NO)nn2)cc1,0,2305
O=C(C[C@@H]1C=C[C@H](NC(=O)CN2CCOCC2)[C@H](CO)O1)NCc1cccc(F)c1,0,1927
O=C(C[C@@H]1C=C[C@H](NC(=O)CN2CCOCC2)[C@@H](CO)O1)NCc1cccc(F)c1,0,1927
COc1cccc(-c2cn(CC[C@H]3CC[C@@H](NC(=O)CN(C)C)[C@H](CO)O3)nn2)c1,0,1942
COc1cccc(-c2cn(CC[C@H]3CC[C@@H](NC(=O)CN(C)C)[C@@H](CO)O3)nn2)c1,0,1942
CC(C)(Sc1cc(C(C)(C)C)c(O)c(C(C)(C)C)c1)Sc1cc(C(C)(C)C)c(O)c(C(C)(C)C)c1,0,930
COc1ccc2[nH]c(S(=O)Cc3ncc(C)c(OC)c3C)nc2n1,0,1068
O=C1CCc2cc(OCCCCc3nnnn3C3CCCCC3)ccc2N1,0,332
NC(=O)N1C(=O)[C@H]2[C@H](C1=O)[C@@H]1C(c3ccc(CO)cc3)=C[C@H]2N(Cc2cc3c(cc2Br)OCO3)[C@@H]1C1CC1,0,1217
O=C1[C@@H]2SC[C@@H](O)[C@@H]2C(=O)N1c1ccccc1,0,3709
CC1(C)C(=O)NCCN1C(=O)c1ccco1,0,3640
O=C(NO)c1cccc(C(=O)N/N=C/[C@H](O)[C@@H](O)[C@H](O[C@@H]2O[C@H](CO)[C@H](O)[C@H](O)[C@H]2O)[C@H](O)CO)c1,0,1573
O=C(NO)c1ccc(C(=O)N/N=C/[C@H](O)[C@@H](O)[C@H](O[C@@H]2O[C@H](CO)[C@H](O)[C@H](O)[C@H]2O)[C@H](O)CO)cc1,0,1573
COc1cnc(SC)n(C)c1=O,0,2887
CC1=CC(=O)C2=C(C)CC[C@H]3[C@H](C)C(=O)O[C@@H]3[C@@H]12,0,701
COc1ccc([Si](C)(C)[C@H]2[C@H](CC(=O)N(CCO)Cc3ccccc3)O[C@@]3(C(=O)N(Cc4ccc(N5CCC5=O)cc4)c4ccccc43)[C@@H]2C)cc1,0,3012
Nc1ncnc2c1ncn2[C@@H]1O[C@H](CO)[C@@H](O)[C@H]1O,0,70
Nc1nc(F)nc2c1ncn2[C@@H]1O[C@H](COP(=O)(O)O)[C@@H](O)[C@@H]1O,0,70
Nc1ncnc2c1ncn2[C@@H]1O[C@H](CO)[C@@H](O)[C@@H]1O,0,70
Nc1ncnc2c1ncn2[C@H]1CC[C@@H](CO)O1,0,70
Nc1ncnc2c1ncn2[C@H]1CCCO1,0,70
CNc1ncnc2c1ncn2[C@@H]1O[C@H](CO)[C@@H](O)[C@H]1O,0,70
CCC(=O)O[C@@H](O[P@](=O)(CCCCc1ccccc1)CC(=O)N1C[C@H](C2CCCCC2)C[C@H]1C(=O)[O-])C(C)C.[Na+],0,572
C[C@@H]1CC[C@]2(C(=O)O[C@@H]3O[C@H](CO)[C@@H](O)[C@H](O)[C@H]3O)CC[C@]3(C)C(=CC[C@H]4[C@@]5(C)C[C@@H](O)[C@H](O)[C@@](C)(CO)[C@@H]5CC[C@]43C)[C@@H]2[C@]1(C)O,0,1476
O=C(C[C@H]1CC[C@@H](NC(=O)c2cnccn2)[C@H](CO)O1)NCc1ccccc1F,0,3267
CN1CCN(C(=O)C[C@H]2CC[C@H]3[C@@H](COC[C@H](O)CN3C(=O)C3CC3)O2)CC1,0,3229
O=C(C[C@@H]1C=C[C@@H](NC(=O)c2ccc(F)cc2)[C@@H](CO)O1)NCc1ccncn1,0,1816
O=C(C[C@@H]1C=C[C@@H](NC(=O)c2ccc(F)cc2)[C@H](CO)O1)NCc1ccncn1,0,1816
c1ccc(-n2ncc3c2ncn2nnnc32)cc1,0,2052
C=c1cc(C)cc(C)c1=C1NN=C(N)S1,0,2974
CO[C@@H]1CN(C)C(=O)c2ccc(NC(=O)C3CC3)cc2OC[C@H](C)N(C(=O)CN2CCOCC2)C[C@H]1C,0,2427
CO[C@@H]1CN(C)C(=O)c2ccc(NC(=O)C3CC3)cc2OC[C@@H](C)N(C(=O)CN2CCOCC2)C[C@@H]1C,0,2427
CO[C@H]1CN(C)C(=O)c2ccc(NC(=O)C3CC3)cc2OC[C@@H](C)N(C(=O)CN2CCOCC2)C[C@@H]1C,0,2427
CO[C@H]1CN(C)C(=O)c2ccc(NC(=O)C3CC3)cc2OC[C@H](C)N(C(=O)CN2CCOCC2)C[C@@H]1C,0,2427
O=C(C[C@@H]1CC[C@@H]2[C@H](COC[C@H](O)CN2S(=O)(=O)c2ccc(Oc3ccccc3)cc2)O1)NCCN1CCCCC1,0,3408
CN(C)CCC=C1c2ccccc2C=Cc2ccccc21.Cl,0,387
O=C(CN1CCOCC1)N[C@@H]1CC[C@H](CCNC(=O)C2CCC2)O[C@@H]1CO,0,2001
O=C(CN1CCOCC1)N[C@@H]1CC[C@H](CCNC(=O)C2CCC2)O[C@H]1CO,0,2001
Cc1ccc(C(=O)c2ccc(CC(=O)[O-])n2C)cc1.[Na+],0,1099
Cc1cc(CC(=O)O)n(C)c1C(=O)c1ccc(Cl)cc1,0,1099
CCC1(c2ccccc2)C(=O)NCNC1=O,0,929
O=C1c2c(O)cccc2Cc2cccc(O)c21,0,137
Cc1cc(O)c2c(c1)Cc1cccc(O)c1C2=O,0,137
CC(=O)O[C@H]1[C@H](C)O[C@@H](O[C@@H]2[C@@H](O)[C@H](O)[C@@H](CO[C@@H]3O[C@@H](C)[C@H](O)[C@@H](O)[C@H]3O)O[C@H]2OC/C=C(\C)CC/C=C(\C)CC/C=C(\C)CCC=C(C)C)[C@H](OC(C)=O)[C@@H]1OC(C)=O,1,2886
COc1cccc(NC(=O)N[C@H]2CC[C@H](CC(=O)N3CCOCC3)O[C@@H]2CO)c1,0,2590
Cc1n[nH]c(=O)nc1N1CCN(C)CC1,0,2676
O=C1O[C@@H](c2ccccc2)[C@@H](c2ccccc2)N2[C@@H](c3ccc(OCCO)cc3)[C@]3(C(=O)Nc4ccc(C#CC5(O)CCCCCC5)cc43)[C@@H](C(=O)Nc3nc4ccccc4s3)[C@H]12,0,2796
COC(=O)C[C@H]1C(C)(C)C(=O)[C@@H]2CC3=C4CC(=O)O[C@@H](c5ccoc5)[C@]4(C)CCC3[C@@]1(C)C2=O,0,767
O=C(O)c1cc(-c2ccccc2)nc2ccccc12,0,337
CN1CCN(C(=O)C[C@H]2CC[C@@H]3[C@H](COC[C@@H](O)CN3Cc3ccc4c(c3)OCO4)O2)CC1,0,2280
CN1CCN(C(=O)C[C@H]2CC[C@@H]3[C@H](COC[C@H](O)CN3Cc3ccc4c(c3)OCO4)O2)CC1,0,2280
COc1cc(C(=O)NC2CCCNC2)cc(OC)c1OC,0,1130
C[C@H]1C[C@H](C)C(=O)[C@H]([C@H](O)CC2CC(=O)NC(=O)C2)C1,0,388
C[C@@H]1CN([C@H](C)CO)S(=O)(=O)c2ccc(-c3ccc(F)cc3)cc2O[C@@H]1CN(C)C(=O)C1CCOCC1,0,1677
C[C@H]1CN([C@H](C)CO)S(=O)(=O)c2ccc(-c3ccc(C(=O)N(C)C)cc3)cc2O[C@@H]1CN(C)C(=O)C1CCOCC1,0,1677
C[C@H]1CN([C@H](C)CO)S(=O)(=O)c2ccc(-c3ccc(F)cc3)cc2O[C@@H]1CN(C)C(=O)C1CCOCC1,0,1677
C[C@@H](CO)N1C[C@@H](C)[C@@H](CN(C)C(=O)C2CCOCC2)Oc2cc(-c3ccc(C(=O)N(C)C)cc3)ccc2S1(=O)=O,0,1677
C[C@H]1CN([C@@H](C)CO)S(=O)(=O)c2ccc(-c3ccc(F)cc3)cc2O[C@@H]1CN(C)C(=O)C1CCOCC1,0,1677
Cn1nc2c(c1N)CCC2,0,2789
Cc1ccc(S(=O)(=O)N2C[C@H](O)COC[C@H]3O[C@H](CC(=O)NCc4ccc(Cl)c(Cl)c4)CC[C@@H]32)cc1,0,2320
O=C(C[C@@H]1CC[C@H]2[C@@H](COC[C@H](O)CN2S(=O)(=O)c2ccccc2F)O1)NCc1ccccc1Cl,0,2320
O=C(C[C@@H]1CC[C@H]2[C@@H](COC[C@@H](O)CN2S(=O)(=O)c2ccccc2F)O1)NCc1ccccc1Cl,0,2320
COc1ccc(S(=O)(=O)N2C[C@H](O)COC[C@H]3O[C@H](CC(=O)NCc4ccc(Cl)c(Cl)c4)CC[C@@H]32)cc1,0,2320
O=C(C[C@@H]1CC[C@H]2[C@@H](COC[C@@H](O)CN2S(=O)(=O)c2ccc(F)cc2)O1)NCc1ccc(Cl)c(Cl)c1,1,2320
O=C(C[C@@H]1CC[C@H]2[C@@H](COC[C@@H](O)CN2S(=O)(=O)c2ccccc2Cl)O1)NCc1ccccc1Cl,0,2320
O=C(C[C@@H]1CC[C@H]2[C@@H](COC[C@@H](O)CN2S(=O)(=O)c2ccccc2F)O1)NCc1ccccc1F,0,2320
Cc1ccccc1S(=O)(=O)N1C[C@@H](O)COC[C@H]2O[C@H](CC(=O)NCc3ccccc3Cl)CC[C@@H]21,0,2320
COc1ccc(S(=O)(=O)N2C[C@@H](O)COC[C@H]3O[C@H](CC(=O)NCc4ccc(Cl)c(Cl)c4)CC[C@@H]32)cc1,0,2320
Cc1ccc(S(=O)(=O)N2C[C@@H](O)COC[C@H]3O[C@H](CC(=O)NCc4ccc(Cl)c(Cl)c4)CC[C@@H]32)cc1,0,2320
O=C(C[C@@H]1C=C[C@H](NC(=O)c2cccc(F)c2)[C@@H](CO)O1)NCCN1CCCC1,0,3025
Cn1cnc(S(=O)(=O)N2C[C@@H](O)COC[C@@H]3O[C@H](CC(=O)NC4Cc5ccccc5C4)CC[C@H]32)c1,0,3700
O=C(C[C@H]1C=C[C@H](NC(=O)C2CC2)[C@H](CO)O1)NCCCN1CCOCC1,0,2457
O=C(C[C@H]1C=C[C@H](NC(=O)C2CC2)[C@@H](CO)O1)NCCCN1CCOCC1,0,2457
Cn1cnc(CCNC(=O)C[C@@H]2CC[C@@H]3[C@H](COC[C@@H](O)CN3C(=O)Nc3ccc(Cl)cc3)O2)c1,0,3459
Cn1cnc(CCNC(=O)C[C@@H]2CC[C@@H]3[C@H](COC[C@@H](O)CN3C(=O)Nc3ccc(C(F)(F)F)cc3)O2)c1,0,3459
O=C(CCC1CCCCC1)NCCC12CC3CC(CC(C3)C1)C2,0,3114
COc1ccc(CCN(C)CCCC(C#N)(c2ccc(OC)c(OC)c2)C(C)C)cc1OC.Cl,0,1143
COc1ccccc1C#Cc1ccc2c(c1)O[C@@H](CN(C)Cc1ccncc1)[C@@H](C)CN([C@H](C)CO)S2(=O)=O,0,2138
S=C1NCN(Cc2ccncc2)CN1,0,2816
C[C@H]1CN([C@@H](C)CO)C(=O)Cc2cc(NC(=O)Nc3ccc(C#N)cc3)ccc2O[C@H]1CN(C)S(=O)(=O)c1ccc(Oc2ccccc2)cc1,0,1618
C[C@H]1CN([C@@H](C)CO)C(=O)Cc2cc(NC(=O)Nc3ccc(Cl)c(Cl)c3)ccc2O[C@H]1CN(C)S(=O)(=O)c1ccc(Oc2ccccc2)cc1,0,1618
C[C@H]1CN([C@@H](C)CO)C(=O)Cc2cc(NC(=O)Nc3cc(Cl)cc(Cl)c3)ccc2O[C@H]1CN(C)S(=O)(=O)c1ccc(Oc2ccccc2)cc1,0,1618
C[C@H]1CN([C@@H](C)CO)C(=O)Cc2cc(NC(=O)Nc3cccc(C(F)(F)F)c3)ccc2O[C@H]1CN(C)S(=O)(=O)c1ccc(Oc2ccccc2)cc1,0,1618
C[C@H]1CN([C@@H](C)CO)C(=O)Cc2cc(NC(=O)Nc3ccc(F)cc3)ccc2O[C@H]1CN(C)S(=O)(=O)c1ccc(Oc2ccccc2)cc1,0,1618
O=C1CC(=O)N(Cc2ccccc2)C(=O)N1,0,3022
O=C(N[C@@H]1C=C[C@@H](CC(=O)N2CCOCC2)O[C@H]1CO)c1ccc2c(c1)OCO2,0,2582
CN(C)/C=N/[C@@H]1N=C(C2CC2)N(C)C(=O)N1,0,1401
O=C(C[C@@H]1CC[C@H](NC(=O)CN2CCOCC2)[C@@H](CO)O1)NCCc1ccccc1,0,1744
O=C(C[C@@H]1CC[C@H](NC(=O)CN2CCOCC2)[C@H](CO)O1)NCCc1ccccc1,0,1744
CCCC[C@@H](CC)COC(=O)C(C#N)=C(c1ccccc1)c1ccccc1,0,835
ClC(Cl)=C(c1ccc(Cl)cc1)c1ccc(Cl)cc1,0,835
COC(=O)C1=CO[C@@H](O[C@@H]2O[C@H](CO)[C@@H](O)[C@H](O)[C@H]2O)[C@H]2[C@@H]1[C@H](O)[C@H](OC(=O)/C=C/c1ccc(O)cc1)[C@@H]2C,0,1891
C[C@H]1[C@@H](OC(=O)/C=C/c2ccc(O)cc2)C[C@@H]2C(C(=O)O)=CO[C@@H](O[C@@H]3O[C@H](CO)[C@@H](O)[C@H](O)[C@H]3O)[C@@H]21,0,1891
CC(C)NC(=O)N(C)C[C@H]1Oc2cc(C#Cc3ccccn3)ccc2S(=O)(=O)N([C@H](C)CO)C[C@@H]1C,0,2703
Cc1ccccc1Nc1nnc(C)c(=O)n1N,0,3451
O=c1cn[nH]c(NC2CCCC2)n1,0,3256
CN(C)C1CN(S(=O)(=O)CCC2CC2)C1,0,2322
CCn1cc(C(=O)O)c(=O)c2cnc(N3CCNCC3)nc21,0,903
O=C1C(CCS(=O)c2ccccc2)C(=O)N(c2ccccc2)N1c1ccccc1,0,1049
Cc1noc(C)c1NC(=O)N[C@H]1C=C[C@H](CC(=O)N2CCN(C)CC2)O[C@@H]1CO,0,3151
C#C[C@]1(O)CCC2C3CCC4=CC(=O)CC[C@@H]4C3CC[C@@]21CC,0,706
C#C[C@]1(O)CCC2C3CCC4=CC(=O)CC[C@@H]4C3CC[C@@]21C,0,706
C#C[C@]1(OC(C)=O)CCC2C3CCC4=CC(=O)CC[C@@H]4C3CC[C@@]21C,0,706
COc1ccc(-c2coc3cc(O)cc(OC)c3c2=O)cc1,0,31
COc1ccc(-c2coc3cc(OC)cc(OC)c3c2=O)cc1,0,31
COc1ccc(-c2coc3cc(OC)ccc3c2=O)c(O)c1,0,31
COc1ccc(-c2coc3cc(OC)ccc3c2=O)cc1,0,31
COc1ccc(-c2coc3cc(O)cc(O)c3c2=O)cc1,0,31
COc1ccc(-c2coc3cc(OC(C)=O)cc(OC(C)=O)c3c2=O)cc1,0,31
O=c1c(-c2ccc(O)cc2)coc2cc(O)ccc12,0,31
COc1ccc(-c2coc3c(O)c(O)c(OC)cc3c2=O)cc1,0,31
COc1ccc(-c2coc3cc(O)ccc3c2=O)cc1,0,31
O=c1c(-c2ccc(O)cc2)coc2cc(O)cc(O)c12,0,31
CC(C)Oc1ccc2c(=O)c(-c3ccccc3)coc2c1,0,31
COc1cc(-c2coc3cc(O)c(OC)c(O)c3c2=O)cc(O)c1OC,0,31
COc1ccc(-c2coc3c(OC)c(OC)cc(O)c3c2=O)cc1,0,31
COc1ccc(-c2coc3cc(O)ccc3c2=O)c(O)c1O,0,31
COc1ccc(-c2coc3cc(O)ccc3c2=O)c(OC)c1OC,0,31
COc1cc(C)c2c(=O)c(-c3ccccc3)coc2c1,0,31
COC(=O)[C@H]1c2cc3c(c(O)c2[C@@H](O[C@@H]2O[C@H](C)[C@H](OC)[C@](C)(OC)[C@@H]2OC)C[C@@]1(C)O)C(=O)c1c(O)cc2c(c1C3=O)O[C@H]1O[C@@]2(C)[C@@H](O)[C@H](N(C)C)[C@@H]1O,0,1346
C[C@@H]1CN([C@H](C)CO)C(=O)CCCn2cc(nn2)CO[C@H]1CN(C)C(=O)Nc1ccc2c(c1)OCCO2,0,3106
O=C(C[C@H]1CC[C@@H](NC(=O)CN2CCOCC2)[C@@H](CO)O1)NCCc1ccccc1,0,2513
O=C(C[C@H]1CC[C@@H](NC(=O)CN2CCOCC2)[C@H](CO)O1)NCCc1ccccc1,0,2513
COCCOC(=O)N1C(=O)[C@@]2(c3cc(C#Cc4ccc(OC)cc4)ccc31)[C@H](C(=O)NC[C@H](O)c1ccccc1)[C@H]1C(=O)O[C@H](c3ccccc3)[C@H](c3ccccc3)N1[C@@H]2c1ccc(O)cc1,0,3047
CCCNC(=O)N1C[C@@H](O)COC[C@@H]2O[C@H](CC(=O)NCCCN3CCOCC3)CC[C@H]21,0,3701
CCOP(=O)(CC(=O)O[C@H]1[C@@H]2OC(=O)[C@@H](Cc3ccc4ccccc4c3)C/C=C\C[C@H](Cc3ccc4ccccc4c3)C(=O)O[C@H]2[C@@H](OC)O[C@@H]1COC(=O)NCCCCCC(=O)NO)OCC,0,2334
COc1ccc(S(=O)(=O)N(C)C[C@@H]2Oc3cc(Br)ccc3S(=O)(=O)N([C@H](C)CO)C[C@@H]2C)cc1,0,1569
C[C@@H](CO)N1C[C@@H](C)[C@H](CN(C)S(=O)(=O)c2ccccc2)Oc2cc(Br)ccc2S1(=O)=O,0,1569
C/C=C/c1ccc2c(c1)O[C@@H](CN(C)S(=O)(=O)c1ccc(C)cc1)[C@@H](C)CN([C@@H](C)CO)S2(=O)=O,0,1569
COc1cccc(S(=O)(=O)N(C)C[C@@H]2Oc3cc(C#CCN(C)C)ccc3S(=O)(=O)N([C@H](C)CO)C[C@@H]2C)c1,0,1569
CC(C)CC#Cc1ccc2c(c1)O[C@@H](CN(C)S(=O)(=O)c1cccc(F)c1)[C@H](C)CN([C@@H](C)CO)S2(=O)=O,0,1569
COc1cccc(S(=O)(=O)N(C)C[C@@H]2Oc3cc(C#CCC(C)C)ccc3S(=O)(=O)N([C@H](C)CO)C[C@@H]2C)c1,0,1569
COCC#Cc1ccc2c(c1)O[C@@H](CN(C)S(=O)(=O)c1ccc(C)cc1)[C@@H](C)CN([C@@H](C)CO)S2(=O)=O,0,1569
C/C=C/c1ccc2c(c1)O[C@@H](CN(C)S(=O)(=O)c1ccccc1OC)[C@@H](C)CN([C@@H](C)CO)S2(=O)=O,0,1569
Cc1ccc(S(=O)(=O)N(C)C[C@@H]2Oc3cc(Br)ccc3S(=O)(=O)N([C@@H](C)CO)C[C@@H]2C)cc1,0,1569
C/C=C/c1ccc2c(c1)O[C@@H](CN(C)S(=O)(=O)c1ccccc1OC)[C@H](C)CN([C@@H](C)CO)S2(=O)=O,0,1569
COCC#Cc1ccc2c(c1)O[C@@H](CN(C)S(=O)(=O)c1cccc(F)c1)[C@H](C)CN([C@H](C)CO)S2(=O)=O,0,1569
COc1cccc(S(=O)(=O)N(C)C[C@@H]2Oc3cc(C#CCC(C)C)ccc3S(=O)(=O)N([C@@H](C)CO)C[C@H]2C)c1,0,1569
C[C@@H]1CN([C@H](C)CO)S(=O)(=O)c2ccc(Br)cc2O[C@H]1CN(C)S(=O)(=O)c1ccccc1,0,1569
COc1ccccc1S(=O)(=O)N(C)C[C@@H]1Oc2cc(C#CCC(C)C)ccc2S(=O)(=O)N([C@H](C)CO)C[C@@H]1C,0,1569
C/C=C/c1ccc2c(c1)O[C@@H](CN(C)S(=O)(=O)c1ccccc1)[C@@H](C)CN([C@@H](C)CO)S2(=O)=O,0,1569
CC(C)CC#Cc1ccc2c(c1)O[C@@H](CN(C)S(=O)(=O)c1cccc(F)c1)[C@@H](C)CN([C@H](C)CO)S2(=O)=O,0,1569
C/C=C/c1ccc2c(c1)O[C@@H](CN(C)S(=O)(=O)c1ccc(C)cc1)[C@@H](C)CN([C@H](C)CO)S2(=O)=O,0,1569
C[C@H]1CN([C@H](C)CO)S(=O)(=O)c2ccc(Br)cc2O[C@H]1CN(C)S(=O)(=O)c1ccc(F)cc1,0,1569
C[C@H]1CN([C@H](C)CO)S(=O)(=O)c2ccc(Br)cc2O[C@H]1CN(C)S(=O)(=O)c1ccccc1,0,1569
COCC#Cc1ccc2c(c1)O[C@@H](CN(C)S(=O)(=O)c1cccc(OC)c1)[C@@H](C)CN([C@H](C)CO)S2(=O)=O,0,1569
COc1cccc(S(=O)(=O)N(C)C[C@@H]2Oc3cc(C#CCC(C)C)ccc3S(=O)(=O)N([C@H](C)CO)C[C@H]2C)c1,0,1569
COCC#Cc1ccc2c(c1)O[C@@H](CN(C)S(=O)(=O)c1ccc(F)cc1)[C@H](C)CN([C@H](C)CO)S2(=O)=O,0,1569
COCC#Cc1ccc2c(c1)O[C@@H](CN(C)S(=O)(=O)c1ccc(F)cc1)[C@@H](C)CN([C@@H](C)CO)S2(=O)=O,0,1569
COCC#Cc1ccc2c(c1)O[C@@H](CN(C)S(=O)(=O)c1cccc(F)c1)[C@H](C)CN([C@@H](C)CO)S2(=O)=O,0,1569
CC(C)CC#Cc1ccc2c(c1)O[C@@H](CN(C)S(=O)(=O)c1ccc(F)cc1)[C@H](C)CN([C@H](C)CO)S2(=O)=O,0,1569
C[C@@H](CO)N1C[C@@H](C)[C@H](CN(C)S(=O)(=O)c2cccc(F)c2)Oc2cc(C#CCN(C)C)ccc2S1(=O)=O,0,1569
CC(C)CC#Cc1ccc2c(c1)O[C@@H](CN(C)S(=O)(=O)c1ccc(F)cc1)[C@@H](C)CN([C@@H](C)CO)S2(=O)=O,0,1569
COCC#Cc1ccc2c(c1)O[C@@H](CN(C)S(=O)(=O)c1ccc(F)cc1)[C@@H](C)CN([C@H](C)CO)S2(=O)=O,0,1569
COCC#Cc1ccc2c(c1)O[C@@H](CN(C)S(=O)(=O)c1cccc(F)c1)[C@@H](C)CN([C@@H](C)CO)S2(=O)=O,0,1569
C[N+](C)(C)CCCC[C@@H]1NC(=O)[C@H]2C[C@@H](C(=O)NCc3ccc(F)cc3)[C@@H](c3cccc(OCCO)c3)N2C1=O,0,2756
C[N+](C)(C)CCCC[C@@H]1NC(=O)[C@H]2C[C@@H](C(=O)NCc3ccc(F)cc3)[C@@H](c3ccc(O)cc3)N2C1=O,0,2756
NCCCC[C@@H]1NC(=O)[C@H]2C[C@@H](C(=O)NCc3ccc(F)cc3)[C@@H](c3cccc(OCCO)c3)N2C1=O,0,2756
O=C(N[C@@H]1CC[C@@H](CCn2cc(C3(O)CCCC3)nn2)O[C@H]1CO)C1CCOCC1,0,2486
O=C(N[C@@H]1CC[C@@H](CCn2cc(C3(O)CCCC3)nn2)O[C@@H]1CO)C1CCOCC1,0,2486
CO[C@H]1CN(C)C(=O)c2cc(NS(=O)(=O)c3ccccc3)ccc2OC[C@@H](C)N(C(=O)NC(C)C)C[C@H]1C,0,1795
CO[C@@H]1CN(C)C(=O)c2cc(NS(=O)(=O)c3ccccc3)ccc2OC[C@H](C)N(C(=O)NC(C)C)C[C@@H]1C,0,1795
CO[C@H]1CN(C)C(=O)c2cc(NS(=O)(=O)c3ccccc3C)ccc2OC[C@@H](C)N(S(C)(=O)=O)C[C@@H]1C,0,1795
Cl.Nc1ncnc(Nc2ccc(Cl)cc2)n1,0,312
C=CCN1C(C)=N[C@H]2C=C[C@H](NCCCO)[C@H]21,0,3724
C/C=C1\[C@H](O[C@@H]2O[C@H](CO)[C@@H](O)[C@H](O)[C@H]2O)OC=C(C(=O)OC)[C@H]1CC(=O)OC[C@H]1O[C@@H](OCCc2ccc(O)cc2)[C@H](O)[C@@H](O)[C@@H]1OC(=O)C[C@@H]1C(C(=O)OC)=CO[C@@H](O[C@@H]2O[C@H](CO)[C@@H](O)[C@H](O)[C@H]2O)/C1=C\C,0,2998
O=C(C[C@H]1C=C[C@@H](NS(=O)(=O)c2ccccc2)[C@H](CO)O1)NCc1ccncn1,0,2740
O=C(C[C@H]1C=C[C@@H](NS(=O)(=O)c2ccccc2)[C@@H](CO)O1)NCc1ccncn1,0,2740
COC(=O)c1ccc2c(c1)no[n+]2[O-],0,2916
O=C(CN1CCOCC1)N[C@@H]1CC[C@H](CCn2cc(C3CC3)nn2)O[C@@H]1CO,0,3579
O=C(CN1CCOCC1)N[C@@H]1CC[C@H](CCn2cc(C3CC3)nn2)O[C@H]1CO,0,3579
CC1(C)N=C(N)N=C(N)N1c1ccccc1,0,3435
COc1ccccc1N1C(N)=NC(N)=NC1(C)C,0,3435
Cl.NC12CC3CC(CC(C3)C1)C2,0,93
CC12CC3CC(C)(C1)CC(N)(C3)C2.Cl,0,93
CC(N)C12CC3CC(CC(C3)C1)C2.Cl,0,93
CC[C@@H](N)CC12CC3CC(CC(C3)C1)C2,0,93
OCCC12CC3CC(CC(C3)C1)C2,0,93
NCCSC12CC3CC(CC(C3)C1)C2,0,93
c1ccc(-c2ccc(C(c3ccccc3)n3ccnc3)cc2)cc1,0,217
CN1CCN(C(=O)C[C@@H]2CC[C@H]3[C@@H](COC[C@H](O)CN3C(=O)C3CC3)O2)CC1,0,2499
C[C@@H]1CC[C@]2(C)C(C=O)=CCC[C@H]2[C@@]1(C)CC1OC(O)C(=O)[C@]12CO2,1,350
COc1cc2ccnc(CCCN)c2cc1OC,0,1641
COc1ccc(C#Cc2ccc3c(c2)[C@]2(C(=O)N3)[C@H](c3ccc(O)cc3)N3[C@H](c4ccccc4)[C@H](c4ccccc4)OC(=O)[C@H]3[C@@H]2C(=O)N2CCCCCCC2)cc1,0,2492
COCCOC(=O)N1C(=O)[C@@]2(c3cc(C#Cc4ccc(OC)cc4)ccc31)[C@H](c1ccc(O)cc1)N1[C@H](c3ccccc3)[C@H](c3ccccc3)OC(=O)[C@H]1[C@@H]2C(=O)N1CCCCCCC1,0,2492
COCC#Cc1cnc2c(c1)C(=O)N([C@@H](C)CO)C[C@H](C)[C@H](CN(C)C(=O)c1cnccn1)O2,0,3652
CN1CCN(C(=O)C[C@H]2C[C@@H]3c4cc(NC(=O)c5ccc6c(c5)OCO6)ccc4O[C@@H]3[C@H](CO)O2)CC1,0,3457
CC[C@@H]([C@H](C)O)n1ncn(-c2ccc(N3CCN(c4ccc(OC[C@@H]5CO[C@@](Cn6cncn6)(c6ccc(F)cc6F)C5)cc4)CC3)cc2)c1=O,0,918
CC(C)(C)c1c(C(C)(C)C)c1=O,0,2261
Fc1cccc(-c2csc(COc3ccccc3Cl)n2)c1,0,3464
N[C@@H](c1ccncc1)c1ccc(OCc2ccccc2)cc1,0,1310
CC(=O)OC[C@H]1O[C@H](n2ccc(=O)[nH]c2=O)[C@@H](OC(C)=O)[C@@H]1OC(C)=O,0,1191
COC(=O)/C=C/c1cn([C@H]2OC[C@@H](CO)[C@@H]2O)c(=O)[nH]c1=O,0,1191
CCNC(=O)C[C@@H]1C=C[C@H](NC(=O)C2CC2)[C@H](CO)O1,0,2255
CN(C)C(=O)C[C@@H]1C=C[C@H](NC(=O)C2CC2)[C@@H](CO)O1,0,2255
CCNC(=O)C[C@H]1C=C[C@H](NC(=O)C2CC2)[C@H](CO)O1,0,2255
CN(C)C(=O)C[C@H]1C=C[C@H](NC(=O)C2CC2)[C@H](CO)O1,0,2255
CCNC(=O)C[C@@H]1C=C[C@H](NC(=O)C2CC2)[C@@H](CO)O1,0,2255
O=C(NC(=O)N1CCOCC1)c1ccc(S(=O)(=O)N2CCOCC2)cc1,0,2880
C[C@H]1CN([C@H](C)CO)C(=O)c2cc(-c3cncnc3)cnc2O[C@@H]1CN(C)C(=O)Nc1ccc2c(c1)OCO2,0,3339
Cn1cnc(CCNC(=O)C[C@@H]2CC[C@H]3[C@@H](COC[C@H](O)CN3C(=O)Nc3ccc(Cl)cc3)O2)c1,0,3439
CO[C@@H](CN(C)C(=O)C1CCOCC1)[C@@H](C)CN(C(=O)Nc1ccc(C(F)(F)F)cc1)[C@H](C)CO,0,2003
CC1(C)S[C@@H]2[C@H](NC(=O)[C@H](C(=O)[O-])c3ccsc3)C(=O)N2[C@H]1C(=O)[O-].[Na+].[Na+],0,1088
CC(C)(C)NC(=O)[C@H]1CCC2C3CCC4NC(=O)C=C[C@]4(C)C3CC[C@@]21C,0,556
CC(=O)O[C@@H]1CC2C(C)(C)C(=O)C3OC3[C@]2(C)C2CC[C@@]3(C)[C@H](c4ccoc4)OC(=O)C4OC43[C@@]21C,0,517
C[C@@H](CO)N1C[C@@H](C)[C@H](CN(C)S(=O)(=O)c2ccc3c(c2)OCCCO3)Oc2c(NC(=O)Nc3cccc4ccccc34)cccc2C1=O,0,3109
C[C@@H](CO)N1C[C@@H](C)[C@H](CN(C)C(=O)c2ccc(N3CCN(C)CC3)cc2)OCc2cn(nn2)CCCC1=O,0,2099
O=C(/C=C/c1ccc(O)cc1)c1ccccc1O,0,17
COc1ccc(/C=C/C(=O)c2ccc(O)cc2O)cc1,0,17
O=C(/C=C/c1ccccc1)c1ccc(O)cc1O,0,17
COc1ccc(/C=C/C(=O)c2cc(O)ccc2O)cc1,0,17
O=C(/C=C/c1ccc(O)cc1)c1ccccc1,0,17
COc1ccc(/C=C/C(=O)c2ccccc2)cc1,0,17
O=C(/C=C/c1ccccc1)c1ccc(O)cc1,0,17
COc1ccc(C(=O)/C=C/c2ccccc2)cc1,0,17
O=C(/C=C/c1ccc(O)cc1)c1ccc(O)cc1O,0,17
O=C1C(O)=C([C@H]2CC[C@H](c3ccc(Cl)cc3)CC2)C(=O)c2ccccc21,0,160
Cl.O=C1CN2Cc3c(ccc(Cl)c3Cl)N=C2N1,0,122
Cl.OC(CCN1CCCCC1)(c1ccccc1)C1CCCCC1,0,1116
C[C@H](O)C#Cc1ccc2c(c1)O[C@H](CN(C)C(=O)Cc1ccccn1)[C@@H](C)CN([C@H](C)CO)S2(=O)=O,0,1607
C[C@H]1CN([C@H](C)CO)S(=O)(=O)c2ccc(C#C[C@@H](C)O)cc2O[C@@H]1CN(C)C(=O)Cc1ccccn1,0,1607
CC(C)C#Cc1ccc2c(c1)O[C@H](CN(C)C(=O)Cc1ccccn1)[C@H](C)CN([C@H](C)CO)S2(=O)=O,0,1607
C[C@H]1CN([C@@H](C)CO)S(=O)(=O)c2ccc(C#C[C@@H](C)O)cc2O[C@@H]1CN(C)C(=O)Cc1ccccn1,0,1607
C[C@H](O)C#Cc1ccc2c(c1)O[C@H](CN(C)C(=O)Cc1ccccn1)[C@@H](C)CN([C@@H](C)CO)S2(=O)=O,0,1607
Nc1ncn(C[C@@H](O)CO)c2nc(Br)nc1-2,0,1195
CCN1C(=O)C(N=O)N(CC)C1=S,0,2520
O=C1O[C@@H](c2ccccc2)[C@@H](c2ccccc2)N2[C@@H](c3ccc(O)cc3)[C@]3(C(=O)Nc4ccc(C#CCCO)cc43)[C@@H](C(=O)N3CCCCCCC3)[C@H]12,0,1808
O=C1O[C@@H](c2ccccc2)[C@@H](c2ccccc2)N2[C@@H](c3ccc(OCCO)cc3)[C@]3(C(=O)Nc4ccc(C#CCCO)cc43)[C@@H](C(=O)N3CCCCCCC3)[C@H]12,0,1808
CC(=O)c1ccc2c(c1)N(CCCN(C)C)c1ccccc1S2.O=C(O)/C=C\C(=O)O,0,54
CN(C)CCCN1c2ccccc2Sc2ccc(Cl)cc21.Cl,1,54
CCN(CC)C(C)CN1c2ccccc2Sc2ccccc21.Cl,0,54
c1ccc2c(c1)Nc1ccccc1S2,0,54
CN(C)CCCN1c2ccccc2Sc2ccccc21.Cl,0,54
CC(CN1c2ccccc2Sc2ccccc21)N(C)C.Cl,0,54
CN(C)CCCN1c2ccccc2Sc2ccc(C(F)(F)F)cc21.Cl,1,54
CC(CN(C)C)CN1c2ccccc2Sc2ccccc21.O=C(O)C(O)C(O)C(=O)O,0,54
NCCC(=O)N1c2ccccc2Sc2ccccc21,0,54
CCC(CC)C(=O)N1c2ccccc2Sc2ccccc21,1,54
Nc1nnc(N[C@H]2CCCCNC2=O)[nH]1,1,1286
N.N.O=C1O[Pt]OC(=O)C12CCC2,1,268
CC(=O)N1CCc2c(sc(N)c2C(N)=O)C1,0,3291
CC(=O)OCC(=O)[C@@]12N=C(C)O[C@@H]1CC1C3CCC4=CC(=O)C=C[C@]4(C)C3[C@@H](O)C[C@@]12C,0,417
S=C1SCN(Cc2ccccc2)CN1Cc1ccccc1,0,1036
Cc1ccc([C@@H](CN)c2c[nH]c3ccccc23)o1,0,1407
CC(C)(C)OC(=O)CC[C@]12N=C(c3ccc(OCCCO)cc3)O[C@H]1c1ccccc1CN(C(=O)c1ccccc1)C2=O,0,3512
O=c1cccc(/C=C/c2ccc3c(c2)OCO3)o1,0,35
O=C(C[C@@H]1CC[C@H]2[C@@H](COC[C@@H](O)CN2Cc2cccc(C(F)(F)F)c2)O1)NCCc1ccncc1,0,2047
COc1cccc(S(=O)(=O)N2C[C@H](O)COC[C@@H]3O[C@@H](CC(=O)NCCCN4CCOCC4)CC[C@H]32)c1,0,1550
COc1ccc(S(=O)(=O)N2C[C@@H](O)COC[C@@H]3O[C@@H](CC(=O)NCCCN4CCOCC4)CC[C@H]32)cc1,0,1550
Cc1cccc(S(=O)(=O)N2C[C@@H](O)COC[C@@H]3O[C@@H](CC(=O)NCCCN4CCOCC4)CC[C@H]32)c1,0,1550
O=C(C[C@H]1CC[C@@H]2[C@H](COC[C@@H](O)CN2S(=O)(=O)c2cccc(F)c2)O1)NCCCN1CCOCC1,0,1550
O=C(C[C@H]1CC[C@@H]2[C@H](COC[C@H](O)CN2S(=O)(=O)c2cccc(Cl)c2)O1)NCCCN1CCOCC1,0,1550
Cc1cccc(S(=O)(=O)N2C[C@H](O)COC[C@@H]3O[C@@H](CC(=O)NCCCN4CCOCC4)CC[C@H]32)c1,0,1550
CO[C@H]1CN(C)C(=O)c2cc(NC(=O)C3CC3)ccc2OC[C@@H](C)N(C(=O)C2CCOCC2)C[C@@H]1C,0,2362
CO[C@H]1CN(C)C(=O)c2cc(NC(=O)C3CC3)ccc2OC[C@H](C)N(C(=O)C2CCOCC2)C[C@@H]1C,0,2362
Cc1ccc2nc(-c3ccc(/N=C\c4ccc[nH]4)cc3)sc2c1,0,2921
COC(=O)c1ccc([C@H]2C=C(C(=O)N3CCOCCOCCOCCOCC3)O[C@@H](OCCCCO)C2)cc1,0,1577
O=c1nc(NCc2ccco2)cc[nH]1,0,3505
CC(C)NC(=O)Nc1ccc2c(c1)C(=O)N([C@H](C)CO)C[C@@H](C)[C@H](CN(C)S(=O)(=O)c1ccc(Cl)cc1)O2,0,3214
O=C(N[C@H]1C=C[C@@H](CC(=O)N2CCOCC2)O[C@@H]1CO)c1ccccn1,0,2682
O=C(N[C@H]1C=C[C@@H](CC(=O)N2CCOCC2)O[C@H]1CO)c1ccccn1,0,2682
Cn1cc(S(=O)(=O)Nc2ccc3c(c2)OCCO3)c(=O)n(C)c1=O,0,2658
C=C[C@H]1[C@H](O[C@@H]2O[C@H](CO)[C@@H](O)[C@H](O)[C@H]2O)OC=C2C(=O)OCC[C@H]21,0,2462
Cc1ccc(S(=O)(=O)N[C@@H]2CC[C@H](CCNC(=O)CN3CCOCC3)O[C@@H]2CO)cc1,0,2364
COc1ccc(S(=O)(=O)N[C@@H]2CC[C@H](CCNC(=O)CN3CCOCC3)O[C@H]2CO)cc1,0,2364
O=C(CN1CCOCC1)NCC[C@H]1CC[C@@H](NS(=O)(=O)c2ccc(Cl)cc2)[C@H](CO)O1,0,2364
COc1ccc(S(=O)(=O)N[C@@H]2CC[C@H](CCNC(=O)CN3CCOCC3)O[C@@H]2CO)cc1,0,2364
O=C(CN1CCOCC1)NCC[C@H]1CC[C@@H](NS(=O)(=O)c2ccc(Cl)cc2)[C@@H](CO)O1,0,2364
O=C(CN1CCOCC1)NCC[C@H]1CC[C@@H](NS(=O)(=O)c2ccc(F)cc2)[C@@H](CO)O1,0,2364
Cc1ccc(S(=O)(=O)N[C@@H]2CC[C@H](CCNC(=O)CN3CCOCC3)O[C@H]2CO)cc1,0,2364
Cc1cc(NC2CCCCC2)ncn1,0,3059
O=S(=O)(Cc1ccccc1)Nn1cnnc1,0,2495
CCc1c(C)[nH]c2c(C#N)cnn2c1=O,0,2738
COC(=O)c1cnn2c(=O)cc(C)[nH]c12,0,2738
CCOc1nc2cccc(C(=O)O)c2n1Cc1ccc(-c2ccccc2-c2nnn[nH]2)cc1,0,251
N#C/C(=C\c1ccc(C(F)(F)F)cc1)c1c[nH]c2ccccc12,0,3402
O=C(C[C@H]1C[C@H]2c3cc(NS(=O)(=O)c4ccc(F)cc4)ccc3O[C@H]2[C@@H](CO)O1)NCc1cccnc1,0,3461
C[C@H]1CN([C@@H](C)CO)S(=O)(=O)c2ccc(-c3ccncc3)cc2O[C@H]1CN(C)Cc1ccc(Oc2ccccc2)cc1,0,2366
C[C@@H]1[C@@H]([Si](C)(C)F)[C@H](CCO)O[C@@]12C(=O)N(Cc1cccc(N3C(=O)c4cccc5cccc3c45)c1)c1ccccc12,0,3276
NC[C@H]1O[C@H](OC2[C@@H](N)C[C@@H](N)[C@H](O[C@H]3O[C@H](CO)[C@@H](O)[C@H](N)[C@H]3O)[C@H]2O)[C@H](O)[C@@H](O)[C@@H]1O.O=S(=O)(O)O,1,673
COc1cc2c(cc1OC)[C@@]13ON=C(c4ccc(OCCOC(=O)NCCCCCC(=O)NO)cc4)[C@@H]1CCN3CC2,0,2665
O=C(c1cccs1)N1c2ccccc2Sc2ccccc21,0,3352
COc1ccc(CCNC(=O)[C@@]2(Cc3ccccc3I)c3ccccc3C(=O)N(C3CCCCC3)[C@H]2c2ccc(CO)cc2)cc1,0,3611
COc1cccc(S(=O)(=O)N[C@H]2CC[C@@H](CCn3cc(-c4ccccc4OC)nn3)O[C@H]2CO)c1,0,2012
COc1cccc(S(=O)(=O)N[C@H]2CC[C@@H](CCn3cc(-c4ccccc4OC)nn3)O[C@@H]2CO)c1,0,2012
COc1cccc(-c2cn(CC[C@@H]3CC[C@H](NS(=O)(=O)c4ccccc4Cl)[C@H](CO)O3)nn2)c1,0,2012
CN1[C@@H]2CC[C@@H]1CC(O)C2,0,1126
Cc1cc(-n2c(=O)[nH]c(=O)n(C)c2=O)ccc1Oc1ccc(SC(F)(F)F)cc1,0,1101
C[C@@H]1CN([C@H](C)CO)S(=O)(=O)c2ccc(-c3cccc(C#N)c3)cc2O[C@@H]1CN(C)C(=O)c1cccnc1,0,2241
Cn1cnc(S(=O)(=O)N[C@H]2CC[C@@H](CC(=O)NCC3CC3)O[C@H]2CO)c1,0,2355
Cn1cnc(S(=O)(=O)N[C@H]2CC[C@@H](CC(=O)NCC3CC3)O[C@@H]2CO)c1,0,2355
Cc1cn2c(=O)c(C(=O)O)cnc2s1,0,3604
COc1ccc(C#Cc2ccc3c(c2)[C@]2(C(=O)N3)[C@H](C(=O)N3CCc4cc(OC)c(OC)cc4C3)[C@H]3C(=O)O[C@H](c4ccccc4)[C@H](c4ccccc4)N3[C@@H]2c2ccccc2OCCO)cc1,0,2011
COc1ccc(C#Cc2ccc3c(c2)[C@]2(C(=O)N3)[C@H](C(=O)N3CCc4cc(OC)c(OC)cc4C3)[C@H]3C(=O)O[C@H](c4ccccc4)[C@H](c4ccccc4)N3[C@@H]2c2ccc(O)cc2)cc1,0,2011
COc1ccc(C#Cc2ccc3c(c2)[C@]2(C(=O)N3)[C@H](C(=O)N3CCc4cc(OC)c(OC)cc4C3)[C@H]3C(=O)O[C@H](c4ccccc4)[C@H](c4ccccc4)N3[C@@H]2c2ccc(OCCO)cc2)cc1,0,2011
COCCOC(=O)N1C(=O)[C@@]2(c3cc(C#Cc4ccc(OC)cc4)ccc31)[C@H](C(=O)N1CCc3cc(OC)c(OC)cc3C1)[C@H]1C(=O)O[C@H](c3ccccc3)[C@H](c3ccccc3)N1[C@@H]2c1ccc(OCCO)cc1,0,2011
C[C@@H](CO)N1C[C@@H](C)[C@H](CN(C)C(=O)NC2CCCC2)Oc2cc(-c3cncnc3)ccc2S1(=O)=O,0,2349
C[C@@H]1CN([C@H](C)CO)S(=O)(=O)c2ccc(-c3cncnc3)cc2O[C@H]1CN(C)C(=O)NC1CCCC1,0,2349
C/C=C(/C)C(=O)O[C@H]1CC[C@@]2(C)[C@@H]3CC[C@@H]4[C@@]2(C[C@@]2(O)[C@@H]5CN6C[C@@H](C)CC[C@H]6[C@@](C)(O)[C@@]5(O)[C@@H](O)C[C@@]42O)O[C@]13O.Cl,0,1144
COc1ccc(C(=O)Nc2cccc(CN3C(=O)[C@]4(O[C@H](CC(=O)N(CCO)Cc5ccccc5)[C@@H]([Si](C)(C)c5ccc(OC)cc5)[C@@H]4C)c4ccccc43)c2)cc1,0,1621
C[C@H]1CN([C@H](C)CO)S(=O)(=O)c2ccc(-c3ccncc3)cc2O[C@@H]1CN(C)Cc1ccc(Oc2ccccc2)cc1,0,2920
CN(CCO)S(=O)(=O)c1ccc2c(c1)C(=NO)c1cc(S(=O)(=O)N(C)CCO)ccc1-2,0,2083
O=C1NCC2(CNC2)O1,0,1967
CC(C)(C)OC(=O)N1CC2(CNC(=O)O2)C1,0,1967
CC1C2C(CC3C4CC[C@H]5C[C@@H](O)CC[C@]5(C)C4CC(=O)[C@@]32C)O[C@]12CC[C@@H](C)CO2,0,618
COc1ccc(C2C(=O)c3ccccc3C2=O)cc1,0,132
O=C1c2ccccc2C(=O)C1c1ccc(Br)cc1,0,132
O=C1c2ccccc2C(=O)C1c1ccc(Cl)cc1,0,132
O=C1c2ccccc2C(=O)C1c1ccccc1,0,132
O=C([O-])c1ccccc1-c1c2cc(I)c(=O)c(I)c-2oc2c(I)c([O-])c(I)cc12.[Na+].[Na+],0,523
O=C([O-])c1ccccc1-c1c2cc(Br)c(=O)cc-2oc2c([Hg]O)c([O-])c(Br)cc12.[Na+].[Na+],1,523
Cc1cc(C)nc(N2CC(=O)NC2=N)n1,0,3211
CCN(CC)CCOC(=O)C1(C2CCCCC2)CCCCC1.Cl,0,445
Nc1cc(N2CCCCC2)nc(N)[n+]1[O-],0,772
Cl.N#Cc1ccc2[nH]cc(CCCCN3CCN(c4ccc5oc(C(N)=O)cc5c4)CC3)c2c1,0,1147
Cn1nnnc1SCC(=O)NC(C)(C)C,0,2218
CC(C)[C@@H](C(=O)O)n1cnnn1,0,2218
O=C(CCCCCNC(=O)OC[C@]12N=C3SCC(=O)N3[C@H](c3ccccc3O1)[C@H]2COC(=O)c1ccccc1)NO,0,3673
O=C(CN1CCOCC1)N[C@H]1CC[C@H](CCNC(=O)C2CCC2)O[C@@H]1CO,0,1999
C=CCn1c(=O)n([C@H]2O[C@@H](CO)[C@@H](O)[C@@H]2O)c2[nH]c(N)nc(=O)c21,0,1290
C[C@@H](CO)N1C[C@@H](C)[C@@H](CN(C)C(=O)NC2CCCC2)Oc2cc(-c3cccnc3)ccc2S1(=O)=O,0,3306
O=C(CN1CCOCC1)NCC[C@@H]1CC[C@@H](NC(=O)c2ccc3c(c2)OCO3)[C@@H](CO)O1,0,2088
COC(=O)[C@H]1CCCNC1=O,0,1339
NNC(=O)[C@H]1CCCNC1=O,0,1339
COc1ccc(NC(=O)Nc2ccc3c(c2)[C@@H]2C[C@@H](CC(=O)NCc4ccccn4)O[C@@H](CO)[C@@H]2O3)cc1,0,1995
CCN(CC)Cc1ccc(Nc2ccnc3cc(Cl)ccc23)cc1O.Cl.Cl,1,111
O=C(OCC(O)CO)c1ccccc1Nc1ccnc2cc(Cl)ccc12,0,111
Cc1noc(C)c1-c1ccc(N)cc1,0,3160
CC(C)c1ccc2oc3nc(N)c(C(=O)O)cc3c(=O)c2c1,0,109
O=c1n(Cl)c(=O)n(Cl)c(=O)n1Cl,0,1054
CC[C@H]1CN(C(=O)c2cnccn2)N1C,0,3428
COC(=O)[C@@H](NC(=O)Cn1cc(C(=O)NO)nn1)c1ccccc1,0,3200
COC(=O)[C@@H](NC(=O)Cn1cc(CCC(=O)NO)nn1)c1ccccc1,0,3200
C=CCNc1ncnc2c1cnn2C,0,2645
N#CCSc1ncnc2c1cnn2CCO,0,2645
CN(C)c1nc(NCCO)c2cnn(C)c2n1,0,2645
Cc1sc(/N=C/c2ccc(Cl)c(Cl)c2)c(C#N)c1C,0,3126
N[C@H]1CS(=O)(=O)c2ccccc21,0,1416
CC(C)[C@H]1CC[C@H](C(=O)N[C@@H](Cc2ccccc2)C(=O)O)CC1,0,807
COc1ccc(C[C@@H](N)C(=O)N[C@H]2[C@@H](CO)O[C@H](n3cnc4c(N(C)C)ncnc43)[C@@H]2O)cc1,1,1613
Cc1onc(-c2ccccc2Cl)c1C(=O)N[C@@H]1C(=O)N2[C@@H](C(=O)[O-])C(C)(C)S[C@H]12.[Na+],0,364
Cc1onc(-c2c(Cl)cccc2Cl)c1C(=O)N[C@@H]1C(=O)N2[C@@H](C(=O)[O-])C(C)(C)S[C@H]12.[Na+],0,364
CN(C)CCCCNC(=O)[C@H]1C[C@H]2C(=O)N[C@@H](CCCCN(C)C)C(=O)N2[C@H]1c1cccc(OCCO)c1,0,1557
CC(=O)NCCCC[C@@H]1NC(=O)[C@@H]2C[C@H](C(=O)NCCCCN(C)C)[C@H](c3cccc(OCCO)c3)N2C1=O,0,1557
NCCCCCNC(=O)[C@H]1C[C@H]2C(=O)NCC(=O)N2[C@H]1c1cccc(OCCO)c1,0,1557
CC(=O)NCCCC[C@@H]1NC(=O)[C@@H]2C[C@H](C(=O)NCCCCCNC(=O)CS)[C@H](c3cccc(OCCO)c3)N2C1=O,0,1557
CC(=O)NCCCC[C@@H]1NC(=O)[C@@H]2C[C@H](C(=O)NCCCCN(C)C)[C@H](c3ccc(O)cc3)N2C1=O,0,1557
CN(C)CCCCNC(=O)[C@H]1C[C@H]2C(=O)NCC(=O)N2[C@H]1c1cccc(OCCO)c1,0,1557
CN(C)CCCCNC(=O)[C@H]1C[C@H]2C(=O)N[C@@H](CCCC[N+](C)(C)C)C(=O)N2[C@H]1c1cccc(OCCO)c1,0,1557
CC(=O)NCCCC[C@@H]1NC(=O)[C@@H]2C[C@H](C(=O)NCCCCCCNC(=O)CS)[C@H](c3ccc(O)cc3)N2C1=O,0,1557
CN(C)CCCCNC(=O)[C@H]1C[C@H]2C(=O)N[C@@H](CCCC[N+](C)(C)C)C(=O)N2[C@H]1c1ccc(O)cc1,0,1557
CN(C)CCCCCCNC(=O)[C@H]1C[C@H]2C(=O)N[C@@H](CCCC[N+](C)(C)C)C(=O)N2[C@H]1c1cccc(OCCO)c1,0,1557
CC(=O)NCCCC[C@@H]1NC(=O)[C@@H]2C[C@H](C(=O)NCCCC[N+](C)(C)C)[C@H](c3cccc(OCCO)c3)N2C1=O,0,1557
CC(=O)NCCCC[C@@H]1NC(=O)[C@@H]2C[C@H](C(=O)NCCCCCN)[C@H](c3cccc(OCCO)c3)N2C1=O,0,1557
CC(=O)NCCCC[C@@H]1NC(=O)[C@@H]2C[C@H](C(=O)NCCCCCCN)[C@H](c3cccc(OCCO)c3)N2C1=O,0,1557
O=C(CS)NCCCCCCNC(=O)[C@H]1C[C@H]2C(=O)NCC(=O)N2[C@H]1c1ccc(O)cc1,0,1557
C[N+](C)(C)CCCCNC(=O)[C@H]1C[C@H]2C(=O)N[C@@H](CCCC[N+](C)(C)C)C(=O)N2[C@H]1c1cccc(OCCO)c1,0,1557
O=C(CS)NCCCCCNC(=O)[C@H]1C[C@H]2C(=O)NCC(=O)N2[C@H]1c1cccc(OCCO)c1,0,1557
CC(=O)NCCCC[C@@H]1NC(=O)[C@@H]2C[C@H](C(=O)NCCCCCN)[C@H](c3ccc(O)cc3)N2C1=O,0,1557
CC(C)C[C@@H]1NC(=O)[C@@H]2C[C@H](C(=O)NCCCCCCN(C)C)[C@H](c3cccc(OCCO)c3)N2C1=O,0,1557
CC(C)C[C@@H]1NC(=O)[C@@H]2C[C@H](C(=O)NCCCCCNC(=O)CS)[C@H](c3ccc(O)cc3)N2C1=O,0,1557
CC(C)C[C@@H]1NC(=O)[C@@H]2C[C@H](C(=O)NCCCC[N+](C)(C)C)[C@H](c3cccc(OCCO)c3)N2C1=O,0,1557
COc1ccc(-c2csc(C(C#N)=C3CCCCC3)n2)cc1,0,2575
O=C(C[C@H]1CC[C@@H]2[C@H](COC[C@@H](O)CN2S(=O)(=O)c2ccccc2F)O1)NCc1ccccc1F,0,2368
Cc1ccc(S(=O)(=O)N2C[C@H](O)COC[C@@H]3O[C@@H](CC(=O)NCc4ccc(Cl)c(Cl)c4)CC[C@H]32)cc1,0,2368
Cc1ccccc1S(=O)(=O)N1C[C@H](O)COC[C@@H]2O[C@@H](CC(=O)NCc3ccccc3Cl)CC[C@H]21,0,2368
COc1ccc(S(=O)(=O)N2C[C@H](O)COC[C@@H]3O[C@@H](CC(=O)NCc4ccc(Cl)c(Cl)c4)CC[C@H]32)cc1,1,2368
COc1ccc(S(=O)(=O)N2C[C@@H](O)COC[C@@H]3O[C@@H](CC(=O)NCc4ccc(Cl)c(Cl)c4)CC[C@H]32)cc1,0,2368
C=C1CCC2[C@@](C)(CC[C@@H](O)[C@@]2(C)CO)[C@@H]1C/C=C1/C(=O)OC[C@H]1O,0,127
Cc1ccc(S(=O)(=O)N(C)C[C@@H]2Oc3ncc(-c4ccncc4)cc3C(=O)N([C@@H](C)CO)C[C@@H]2C)cc1,0,2245
C[C@@H](CO)N1C[C@@H](C)[C@H](CN(C)S(=O)(=O)c2ccc(F)cc2)Oc2ncc(-c3ccncc3)cc2C1=O,0,2245
Cc1ccc(S(=O)(=O)N(C)C[C@@H]2Oc3ncc(-c4ccncc4)cc3C(=O)N([C@H](C)CO)C[C@H]2C)cc1,0,2245
CCOc1cc(CC(=O)N[C@@H](CC(C)C)c2ccccc2N2CCCCC2)ccc1C(=O)O,0,968
C[C@@]12CC[C@@](C)(O1)[C@@H](C(=O)O)[C@H]2C(=O)O,0,1362
O=C(C[C@H]1C=C[C@@H](NC(=O)c2cccc(F)c2)[C@H](CO)O1)NCCN1CCCC1,0,2584
Cc1cccc(NC(=O)CN2C(=O)CNC2=O)c1,0,2709
COc1cc([C@@H]2c3cc4c(cc3C(O[C@@H]3O[C@@H]5CO[C@@H](c6cccs6)OC5[C@H](O)[C@H]3O)C3COC(=O)[C@@H]32)OCO4)cc(OC)c1O,1,1069
COCC(=O)OCn1nnc2ccccc2c1=O,0,3348
O=C(O)CC[C@H](NC(=O)CCn1nnc2ccccc2c1=O)C(=O)O,0,3348
COc1cc(N2CCC(N(C)C)CC2)ccc1Nc1ncc(Cl)c(Nc2ccccc2P(C)(C)=O)n1,0,2953
COc1ccc(NC(=O)N2C[C@@H](O)COC[C@@H]3O[C@H](CC(=O)NC4Cc5ccccc5C4)CC[C@H]32)cc1,0,2177
COc1cccc(NC(=O)N2C[C@@H](O)COC[C@@H]3O[C@H](CC(=O)NC4Cc5ccccc5C4)CC[C@H]32)c1,0,2177
CC[C@]1(O)CC2CN(CCc3c([nH]c4ccccc34)[C@@](C(=O)OC)(c3cc4c(cc3OC)N(C)[C@H]3[C@@](O)(C(=O)OC)[C@H](OC(C)=O)[C@]5(CC)C=CCN6CC[C@]43[C@@H]65)C2)C1.O=S(=O)(O)O,0,1148
CC[C@]1(O)CC2CN(CCc3c([nH]c4ccccc34)[C@@](C(=O)OC)(c3cc4c(cc3OC)N(C=O)[C@H]3[C@@](O)(C(=O)OC)[C@H](OC(C)=O)[C@]5(CC)C=CCN6CC[C@]43[C@@H]65)C2)C1.O=S(=O)(O)O,0,1148
CC(=O)/N=c1\sc(S(N)(=O)=O)nn1C,0,2002
O=C(C[C@H]1CC[C@H]2[C@@H](COC[C@@H](O)CN2S(=O)(=O)c2cccc(Cl)c2)O1)N1CCOCC1,0,2461
O=C(C[C@H]1CC[C@H]2[C@@H](COC[C@H](O)CN2S(=O)(=O)c2cccc(Cl)c2)O1)N1CCOCC1,0,2461
COc1cccc(S(=O)(=O)N2C[C@H](O)COC[C@H]3O[C@@H](CC(=O)N4CCOCC4)CC[C@@H]32)c1,0,2461
O=C(C[C@H]1CC[C@H]2[C@@H](COC[C@H](O)CN2S(=O)(=O)c2ccccc2)O1)N1CCOCC1,0,2461
O=C(C[C@H]1CC[C@H]2[C@@H](COC[C@@H](O)CN2S(=O)(=O)c2ccccc2)O1)N1CCOCC1,0,2461
C[C@H]1C[C@@H](C)CN(Cc2nc3c(c(=O)n(C)c(=O)n3C)n2CC(N)=O)C1,0,1398
COc1cc2c3cc1Oc1cc(ccc1O)C[C@@H]1c4c(cc(OC)c(O)c4Oc4ccc(cc4)C[C@@H]3N(C)CC2)CC[N+]1(C)C.Cl.O.O.O.O.O.[Cl-],0,1131
CCn1cc(C(=O)O)c(=O)c2ccc(C)nc21,0,801
O=C(O)c1cc(-n2cnnn2)ccc1O,0,1581
CC(=O)NCc1nnnn1-c1ccc(C)cc1,0,1581
Nc1ccc(-n2cnnn2)cc1,0,1581
CC(C)C(=O)NCc1nnnn1-c1ccccc1,0,1581
CCOC(=O)C(=O)NCc1nnnn1-c1ccccc1,0,1581
CS(=O)(=O)NCc1nnnn1-c1ccc(F)c(F)c1,0,1581
NC(=O)CSc1nnnn1-c1ccccc1,0,1581
NC(=O)CSc1nnnn1-c1cccc(O)c1,0,1581
O=C(O)c1ccc(Nc2cn[nH]c(=O)n2)cc1O,0,2767
COc1ccc(NC(=O)O[C@H]2[C@H](OC(=O)Nc3ccccc3-c3ccccc3)[C@@H](OC(=O)Nc3ccccc3-c3ccccc3)[C@@H](OC)O[C@@H]2COC(=O)NCCCCCC(=O)NO)cc1,0,2416
Cn1c(=O)c2[nH]c(NCCN3CCOCC3)nc2n(C)c1=O,0,1598
COc1ccc2c(c1)O[C@@H]1COc3cc(OC)c(OC)cc3[C@@H]1C2=O,0,790
CCn1cc(C(=O)O)c(=O)c2cnc(N3CCCC3)nc21,0,913
CCCCCOC(=O)Nc1nc(=O)n(C2O[C@H](C)[C@@H](O)[C@H]2O)cc1F,0,257
C[N+](C)(C)CCOP(=O)([O-])OP(=O)(O)OC[C@H]1OC(n2ccc(N)nc2=O)[C@H](O)[C@@H]1O,0,257
Nc1ccn(C2O[C@H](CO)[C@@H](O)[C@@H]2O)c(=O)n1,0,257
Nc1ccn(C2O[C@H](CO)[C@@H](O)[C@H]2O)c(=O)n1,0,257
CCc1cn(C2OCC(O)C2CO)c(=O)nc1O,0,257
Cc1c(C)c2ccc(O[C@@H]3O[C@H](CO)[C@H](O)[C@H](O)[C@H]3O)cc2oc1=O,0,2936
Cn1cc(C(=O)Nc2nn[nH]n2)c2ccccc21,0,2969
CC1=CCc2c(cc3oc(C)cc(=O)c3c2O)OC1,0,939
O=c1[nH]cc(Nc2ccccc2)c(=O)[nH]1,0,3538
C[C@@H]1CN([C@H](C)CO)C(=O)CCCn2nncc2CO[C@H]1CN(C)Cc1ccc2c(c1)OCCN2C,0,3613
O=C(N/N=C/c1ccc([N+](=O)[O-])o1)c1ccc(O)cc1,0,821
O=C(N/N=C/c1ccc([N+](=O)[O-])o1)c1cc([N+](=O)[O-])cc([N+](=O)[O-])c1O,0,821
CC(=O)c1ccc[nH]1,0,10
CNC[C@@H](O)Cn1cc(C)c(C(C)=O)c1C,0,10
Cc1ccc(C(=N)NO)n1C,0,10
CCCNS(=O)(=O)c1c[nH]c(C(=O)OC)c1,0,10
OCCCC1=C[C@H](c2ccc(CN3CCCC3)cc2)N(Cc2cc3c(cc2Br)OCO3)CC1,0,1324
COC[C@]12CN(C=O)C3[C@@H]4[C@H](OC)C1[C@]3(C1CC3(O)C(OC)C(O)C4(OC(C)=O)C1C3OC(=O)c1ccccc1)[C@@H](OC)C[C@H]2O,0,853
Cc1cc(-c2ccccc2)nnc1NCCN1CCOCC1.Cl.Cl,0,771
O=C(C[C@H]1CC[C@H]2[C@@H](COC[C@H](O)CN2S(=O)(=O)c2ccccc2)O1)NCc1ccc2c(c1)OCO2,0,2371
Cc1ccc(S(=O)(=O)N2C[C@@H](O)COC[C@H]3O[C@@H](CC(=O)NCc4ccc5c(c4)OCO5)CC[C@@H]32)cc1,0,2371
Cc1ccc(S(=O)(=O)N2C[C@H](O)COC[C@H]3O[C@@H](CC(=O)NCc4ccc5c(c4)OCO5)CC[C@@H]32)cc1,0,2371
O=C(C[C@H]1CC[C@H]2[C@@H](COC[C@@H](O)CN2S(=O)(=O)c2ccccc2)O1)NCc1ccc2c(c1)OCO2,0,2371
Cc1ccc(/C=c2\sc3ncnn3c2=O)o1,0,3184
COCCNC(=O)C[C@H]1CC[C@@H]2[C@H](COC[C@@H](O)CN2C(=O)Nc2ccc3c(c2)OCO3)O1,0,2231
CNC(=O)C[C@@H]1CC[C@@H]2[C@H](COC[C@@H](O)CN2C(=O)Nc2ccc3c(c2)OCO3)O1,0,2231
CNC(=O)C[C@H]1CC[C@@H]2[C@H](COC[C@@H](O)CN2C(=O)Nc2ccc3c(c2)OCO3)O1,0,2231
O=C(C[C@@H]1C[C@H]2c3cc(NS(=O)(=O)c4ccc(F)cc4)ccc3O[C@H]2[C@H](CO)O1)N1CCOCC1,0,3098
COc1cccc(NC(=O)N(C)C[C@@H]2Oc3cc(C#CC4(O)CCCC4)ccc3S(=O)(=O)N([C@@H](C)CO)C[C@@H]2C)c1,0,2578
C[C@H]1CN([C@H](C)CO)S(=O)(=O)c2ccc(C#CC3(O)CCCC3)cc2O[C@H]1CN(C)C(=O)Nc1cccc(F)c1,1,2578
COc1cccc(NC(=O)N(C)C[C@@H]2Oc3cc(C#CC4(O)CCCC4)ccc3S(=O)(=O)N([C@H](C)CO)C[C@@H]2C)c1,0,2578
C[C@@H]1CN([C@H](C)CO)S(=O)(=O)c2ccc(C#CC3(O)CCCC3)cc2O[C@H]1CN(C)C(=O)Nc1ccc(F)cc1,0,2578
CN(C)c1ccc([C@@H](CN)N2CCc3ccccc3C2)cc1,0,1254
CCN(C(C)=O)c1cccc(-c2ccnc3c(C#N)cnn23)c1,0,1161
CN(C)C(=O)C[C@@H]1C=C[C@H](NC(=O)C2CCOCC2)[C@H](CO)O1,0,1782
CCNC(=O)C[C@H]1C=C[C@H](NC(=O)C2CCOCC2)[C@H](CO)O1,0,1782
CCNC(=O)C[C@@H]1C=C[C@H](NC(=O)C2CCOCC2)[C@@H](CO)O1,0,1782
CN(C)C(=O)C[C@H]1C=C[C@H](NC(=O)C2CCOCC2)[C@H](CO)O1,0,1782
CCNC(=O)C[C@H]1C=C[C@H](NC(=O)C2CCOCC2)[C@@H](CO)O1,0,1782
C=CCN(Cc1ccccc1)C(=O)[C@@H]1N(c2cccc(Cl)c2CO)C(=O)[C@H]2[C@H](C(=O)OCC)[C@@H]3C=C[C@@]21O3,0,2978
O=C(Cn1ccc([N+](=O)[O-])n1)Nc1cccnc1,0,2611
C[C@H]1CCc2c(C(=O)O)csc2C1,0,1261
C[C@H]1CN([C@@H](C)CO)S(=O)(=O)c2ccc(C#CC3CC3)cc2O[C@@H]1CN(C)C(=O)c1cccc(F)c1,0,2649
CN(c1c[nH]c(=O)[nH]c1=O)C1CCCCC1,0,3324
O=C1O[C@@H](c2ccccc2)[C@@H](c2ccccc2)N2[C@@H](c3ccc(OCCO)cc3)[C@]3(C(=O)Nc4ccc(C#CC5=CCCCC5)cc43)[C@@H](C(=O)NC[C@H](O)c3ccccc3)[C@H]12,0,3489
O=C(CN1CCOCC1)N[C@H]1CC[C@@H](CCNC(=O)C2CCCCC2)O[C@@H]1CO,0,2701
O=C(CN1CCOCC1)N[C@H]1CC[C@@H](CCNC(=O)C2CCCCC2)O[C@H]1CO,0,2701
O=c1[nH]c(=O)c2ccccc2o1,0,272
Cn1cnc(S(=O)(=O)N[C@H]2CC[C@H](CC(=O)NCC3CC3)O[C@@H]2CO)c1,0,2646
Cn1cnc(S(=O)(=O)N[C@H]2CC[C@H](CC(=O)NCC3CC3)O[C@H]2CO)c1,0,2646
CC(O)(CS(=O)(=O)c1ccc(F)cc1)C(=O)Nc1ccc(C#N)c(C(F)(F)F)c1,0,215
O=C(C[C@@H]1CC[C@H](NC(=O)CN2CCOCC2)[C@H](CO)O1)NCCc1ccncc1,0,1640
O=C(C[C@@H]1CC[C@H](NC(=O)CN2CCOCC2)[C@@H](CO)O1)NCCc1ccncc1,0,1640
Cc1c(C)c(C)c(CSc2ccccc2N)c(C)c1C,0,2744
Cc1cc(SCc2ccc(F)cc2)c(C)cc1Cl,0,2744
Cc1ccc(N2NC(=O)/C(=N/O)C2=O)cc1C,0,3069
Cc1[nH]c(=O)[nH]c(=O)c1S(=O)(=O)NCc1ccccn1,1,2984
Cc1ccc2nc(Nc3ccccc3)nc(-c3ccccc3)c2c1,0,3523
C=CCNC(=O)[C@H]1[C@@H]2C(=O)O[C@@H](c3ccccc3)[C@@H](c3ccccc3)N2[C@@H](c2ccc(OCCO)cc2)[C@]12C(=O)N(C(=O)OCCOC)c1ccc(C#CC3(O)CCCCCC3)cc12,0,2292
COCCOC(=O)N1C(=O)[C@@]2(c3cc(C#CC4(O)CCCCCC4)ccc31)[C@H](c1ccc(O)cc1)N1[C@H](c3ccccc3)[C@H](c3ccccc3)OC(=O)[C@H]1[C@@H]2C(N)=O,0,2292
NC(=O)[C@H]1[C@@H]2C(=O)O[C@@H](c3ccccc3)[C@@H](c3ccccc3)N2[C@@H](c2ccc(O)cc2)[C@]12C(=O)Nc1ccc(C#CC3(O)CCCCCC3)cc12,0,2292
C=CCNC(=O)[C@H]1[C@@H]2C(=O)O[C@@H](c3ccccc3)[C@@H](c3ccccc3)N2[C@@H](c2ccc(O)cc2)[C@]12C(=O)N(C(=O)OCCOC)c1ccc(C#CC3(O)CCCCCC3)cc12,0,2292
Cc1nn(-c2nc3c(c(=O)n(CC(N)=O)c(=O)n3C)n2C)c(C)c1C,0,1856
CCn1c(-n2nc(C)cc2C)nc2c1c(=O)n(CC(N)=O)c(=O)n2C,0,1856
Oc1ccccc1CNc1ccc(C2CCCCC2)cc1,0,1792
CC(C)CC#Cc1ccc2c(c1)O[C@H](CN(C)S(=O)(=O)c1cccc(F)c1)[C@@H](C)CN([C@@H](C)CO)S2(=O)=O,0,1586
COc1cccc(S(=O)(=O)N(C)C[C@H]2Oc3cc(C#CCC(C)C)ccc3S(=O)(=O)N([C@H](C)CO)C[C@H]2C)c1,0,1586
COCC#Cc1ccc2c(c1)O[C@H](CN(C)S(=O)(=O)c1cccc(OC)c1)[C@H](C)CN([C@@H](C)CO)S2(=O)=O,0,1586
Cc1ccc(S(=O)(=O)N(C)C[C@H]2Oc3cc(Br)ccc3S(=O)(=O)N([C@H](C)CO)C[C@H]2C)cc1,0,1586
COCC#Cc1ccc2c(c1)O[C@H](CN(C)S(=O)(=O)c1cccc(OC)c1)[C@H](C)CN([C@H](C)CO)S2(=O)=O,0,1586
COc1cccc(S(=O)(=O)N(C)C[C@H]2Oc3cc(C#CCC(C)C)ccc3S(=O)(=O)N([C@@H](C)CO)C[C@H]2C)c1,0,1586
CC(C)CC#Cc1ccc2c(c1)O[C@H](CN(C)S(=O)(=O)c1cccc(F)c1)[C@H](C)CN([C@H](C)CO)S2(=O)=O,0,1586
COc1ccccc1S(=O)(=O)N(C)C[C@H]1Oc2cc(C#CCC(C)C)ccc2S(=O)(=O)N([C@@H](C)CO)C[C@@H]1C,0,1586
CCCC#Cc1ccc2c(c1)O[C@H](CN(C)S(=O)(=O)c1cccc(OC)c1)[C@@H](C)CN([C@H](C)CO)S2(=O)=O,0,1586
COCC#Cc1ccc2c(c1)O[C@H](CN(C)S(=O)(=O)c1cccc(F)c1)[C@H](C)CN([C@@H](C)CO)S2(=O)=O,0,1586
C[C@H]1CN([C@H](C)CO)S(=O)(=O)c2ccc(Br)cc2O[C@@H]1CN(C)S(=O)(=O)c1ccccc1,0,1586
CC(C)CC#Cc1ccc2c(c1)O[C@H](CN(C)S(=O)(=O)c1cccc(F)c1)[C@@H](C)CN([C@H](C)CO)S2(=O)=O,0,1586
COc1cccc(S(=O)(=O)N(C)C[C@H]2Oc3cc(C#CCN(C)C)ccc3S(=O)(=O)N([C@H](C)CO)C[C@H]2C)c1,0,1586
C[C@@H]1CN([C@H](C)CO)S(=O)(=O)c2ccc(Br)cc2O[C@@H]1CN(C)S(=O)(=O)c1ccc(F)cc1,1,1586
COCC#Cc1ccc2c(c1)O[C@H](CN(C)S(=O)(=O)c1ccc(F)cc1)[C@@H](C)CN([C@H](C)CO)S2(=O)=O,0,1586
COCC#Cc1ccc2c(c1)O[C@H](CN(C)S(=O)(=O)c1cccc(F)c1)[C@@H](C)CN([C@@H](C)CO)S2(=O)=O,0,1586
Cc1ccc(S(=O)(=O)N(C)C[C@H]2Oc3cc(Br)ccc3S(=O)(=O)N([C@@H](C)CO)C[C@H]2C)cc1,0,1586
COCC#Cc1ccc2c(c1)O[C@H](CN(C)S(=O)(=O)c1cccc(OC)c1)[C@@H](C)CN([C@@H](C)CO)S2(=O)=O,0,1586
C[C@H]1CN([C@H](C)CO)S(=O)(=O)c2ccc(Br)cc2O[C@@H]1CN(C)S(=O)(=O)c1ccc(F)cc1,0,1586
COCC#Cc1ccc2c(c1)O[C@H](CN(C)S(=O)(=O)c1cccc(F)c1)[C@H](C)CN([C@H](C)CO)S2(=O)=O,1,1586
COCC#Cc1ccc2c(c1)O[C@H](CN(C)S(=O)(=O)c1ccc(F)cc1)[C@@H](C)CN([C@@H](C)CO)S2(=O)=O,0,1586
COCC#Cc1ccc2c(c1)O[C@H](CN(C)S(=O)(=O)c1ccc(OC)cc1)[C@H](C)CN([C@H](C)CO)S2(=O)=O,0,1586
C[C@H]1CN([C@@H](C)CO)S(=O)(=O)c2ccc(C#CCN(C)C)cc2O[C@@H]1CN(C)S(=O)(=O)c1cccc(F)c1,0,1586
COCC#Cc1ccc2c(c1)O[C@H](CN(C)S(=O)(=O)c1ccc(F)cc1)[C@H](C)CN([C@H](C)CO)S2(=O)=O,0,1586
COc1cccc(S(=O)(=O)N(C)C[C@H]2Oc3cc(C#CCC(C)C)ccc3S(=O)(=O)N([C@@H](C)CO)C[C@@H]2C)c1,0,1586
Br.CN(C)CCCC1(c2ccc(F)cc2)OCc2cc(C#N)ccc21,0,343
CN(C)CCC[C@@]1(c2ccc(F)cc2)OCc2cc(C#N)ccc21.O=C(O)C(=O)O,0,343
O=C(C[C@H]1C=C[C@@H](NC(=O)c2ccc(F)cc2)[C@@H](CO)O1)NCc1ccncn1,0,2924
O=C(C[C@H]1C=C[C@@H](NC(=O)c2ccc(F)cc2)[C@H](CO)O1)NCc1ccncn1,0,2924
CCN1CCN(C(=O)NC(C(=O)NC2C(=O)N3C(C(=O)O)=C(CSc4nnnn4C)CSC23)c2ccc(O)cc2)C(=O)C1=O,1,289
COc1cc(OC)c2c(c1)OC(c1ccccc1)CC2=O,0,89
COc1ccc([Si](C)(C)[C@@H]2[C@@H](CC(=O)N3Cc4ccccc4C[C@H]3CO)O[C@]3(C(=O)N(Cc4ccc(N5C(=O)c6cccc7cccc5c67)cc4)c4ccccc43)[C@H]2C)cc1,0,1929
CN[C@H]1CC[C@@H](c2ccc(Cl)c(Cl)c2)c2ccccc21.Cl,1,1012
CN[C@H]1CC[C@@H](c2ccc(Cl)c(Cl)c2)c2ccccc21,1,1012
COc1ccc(S(=O)(=O)N(C)C[C@@H]2Oc3cc(C4=CCCC4)ccc3S(=O)(=O)N([C@@H](C)CO)C[C@H]2C)cc1,0,1560
COc1cccc(S(=O)(=O)N(C)C[C@@H]2Oc3cc(C4=CCCC4)ccc3S(=O)(=O)N([C@H](C)CO)C[C@@H]2C)c1,0,1560
Br.CN1C2CC(O)[C@H]1C[C@@H](OC(=O)[C@H](CO)c1ccccc1)C2,0,133
Br.CN1C2CC[C@H]1C[C@@H](OC(=O)C(O)c1ccccc1)C2,0,133
O=C(C[C@H]1C[C@@H]2c3cc(NC(=O)c4ccc5c(c4)OCO5)ccc3O[C@@H]2[C@H](CO)O1)NCc1ccccn1,0,2891
C[C@@H]1CC[C@H]2C(C)(C)C3CC21CC[C@@]3(C)O,0,277
Cc1cc(C2(c3cc(C)c(N)c(C)c3)CCCCC2)cc(C)c1N,0,3086
O=C1NCCC[C@@H]1C(=O)N1CCCCC1,0,1385
C[C@@H](CO)N1C[C@@H](C)[C@H](CN(C)C(=O)c2ccc3c(c2)OCO3)Oc2cc(-c3cncnc3)ccc2S1(=O)=O,0,2717
CCC1(C)CC(=O)NC1=O,0,533
C[C@H](C(=O)O)N1C(=O)CCC1=O,0,533
CC[C@@]1(C)CC(=O)NC1=O,0,533
CN1CCN(C(=O)C[C@H]2CC[C@@H](NC(=O)Cc3ccccn3)[C@@H](CO)O2)CC1,0,2273
O=C(C[C@@H]1CC[C@H]2[C@@H](COC[C@H](O)CN2C(=O)c2ccncc2)O1)NCc1ccc(-c2ccccc2)cc1,0,3567
CS(=O)(=O)c1ccc(C(=O)C2C(=O)CCCC2=O)c([N+](=O)[O-])c1,0,748
COC(=O)c1cc(=O)nc2n1[C@H]1O[C@H](CO)[C@H](O)[C@H]1O2,0,1227
Cn1c(=O)[nH]c(=O)c2c(=O)cc[nH]c21,0,3498
C[C@@H](CO)N1C[C@@H](C)[C@@H](CN(C)C(=O)C2CCCCC2)Oc2cc(C#CC3CC3)ccc2S1(=O)=O,0,3380
C[C@@H]1CN([C@H](C)CO)S(=O)(=O)c2ccc(C#CC3CC3)cc2O[C@@H]1CN(C)C(=O)C1CCCCC1,0,3380
COC(=O)c1c(N)c(C#N)c2n1CCC2,0,1741
NC(=O)c1c(N)c(C(N)=S)n2c1CCC2,0,1741
CCCCCCCCCCCCCC(=O)O[C@@H]1[C@@H](C)[C@@]2(O)[C@@H](C=C(CO)C[C@]3(O)C(=O)C(C)=C[C@@H]23)[C@@H]2C(C)(C)[C@]12OC(C)=O,0,3174
C[C@@H]1O[C@@H](OC[C@H]2OC(Oc3c(-c4ccc(O)c(O)c4)oc4cc(O)cc(O)c4c3=O)[C@H](O)[C@@H](O)[C@@H]2O)[C@H](O)[C@H](O)[C@H]1O,0,995
CC[n+]1oc(-c2ccccc2)cc1C,0,3474
O=C(C[C@@H]1CC=CCCC(=O)OC[C@H](Cc2c[nH]c3ccccc23)NC1=O)N[C@H](CO)Cc1ccccc1,0,2199
O=C(C[C@@H]1CC=CCCC(=O)OC[C@H](Cc2c[nH]c3ccccc23)NC1=O)N[C@@H](CO)Cc1ccccc1,0,2199
CC(C)(Oc1ccc(CCNC(=O)c2ccc(Cl)cc2)cc1)C(=O)O,0,213
O=C(C[C@@H]1CC=CCCC(=O)OC[C@@H](Cc2c[nH]c3ccccc23)NC1=O)N[C@H](CO)Cc1ccccc1,0,1655
CCc1ccc(CCOc2ccc(CC3SC(=O)NC3=O)cc2)nc1.Cl,0,901
COC(=O)Nc1nc2ccc(S(=O)c3ccccc3)cc2[nH]1,0,849
CC(C)(O)[C@@H]1CC[C@](C)([C@H]2[C@@H](O)C[C@@]3(C)C4C[C@H](O[C@@H]5O[C@H](CO)[C@@H](O)[C@H](O)[C@H]5O)C5C(C)(C)[C@@H](O[C@@H]6OC[C@@H](O)[C@H](O)[C@H]6O)CC[C@@]56C[C@@]46CC[C@]23C)O1,0,156
CC1(C)CCC2=C(O1)c1ccccc1C(=O)C2=O,0,208
COc1cccc(C#Cc2cnc3c(c2)C(=O)N([C@H](C)CO)C[C@@H](C)[C@@H](CN(C)C(=O)C2CCC2)O3)c1,1,2373
Cc1ccc(/C=N/Nc2cnnc(=O)[nH]2)o1,0,1908
O.O.OC[C@H]1O[C@H](O[C@H]2O[C@H](CO)[C@@H](O)[C@H](O)[C@H]2O)[C@H](O)[C@@H](O)[C@@H]1O,0,1112
O=C(OC[C@H]1O[C@H](OC(=O)c2cc(O)c(O)c(OC(=O)c3cc(O)c(O)c(O)c3)c2)[C@H](OC(=O)c2cc(O)c(O)c(OC(=O)c3cc(O)c(O)c(O)c3)c2)[C@@H](OC(=O)c2cc(O)c(O)c(OC(=O)c3cc(O)c(O)c(O)c3)c2)[C@@H]1OC(=O)c1cc(O)c(O)c(OC(=O)c2cc(O)c(O)c(O)c2)c1)c1cc(O)c(O)c(OC(=O)c2cc(O)c(O)c(O)c2)c1,0,1058
CCC(=O)OCC(=O)C1(OC(=O)CC)C(C)CC2C3CCC4=CC(=O)C=CC4(C)C3(Cl)C(O)CC21C,0,183
C[C@H]1CC2C3CCC4=CC(=O)C=C[C@]4(C)[C@@]3(F)[C@@H](O)C[C@]2(C)[C@@]1(O)C(=O)CO,0,183
CCC(=O)OCC(=O)[C@@]1(OC(=O)CC)[C@@H](C)CC2C3CCC4=CC(=O)C=C[C@]4(C)C3(F)[C@@H](O)C[C@@]21C,0,183
CC(=O)OCC(=O)[C@@]1(O)[C@@H](C)CC2C3CCC4=CC(=O)C=C[C@]4(C)[C@@]3(F)[C@@H](O)C[C@@]21C,0,183
C[C@H]1CC2C3CCC4=CC(=O)C=C[C@]4(C)[C@@]3(F)[C@@H](O)C[C@]2(C)[C@@]1(O)C(=O)COP(=O)([O-])[O-].[Na+].[Na+],0,183
CCCCC(=O)O[C@]1(C(=O)CO)[C@@H](C)CC2C3CCC4=CC(=O)C=C[C@]4(C)[C@@]3(F)C(O)C[C@@]21C,0,183
CCC(=O)O[C@]1(C(=O)CCl)[C@@H](C)CC2C3CCC4=CC(=O)C=C[C@]4(C)[C@@]3(F)[C@@H](O)C[C@@]21C,0,183
C[C@@H]1CC2C3CCC4=CC(=O)C=C[C@]4(C)[C@@]3(F)[C@@H](O)C[C@]2(C)[C@H]1C(=O)CO,0,183
C[C@@H]1CC2C3CCC4=CC(=O)C=C[C@]4(C)[C@@]3(F)[C@@H](O)C[C@]2(C)[C@@]1(O)C(=O)CO,0,183
CC(=O)OCC(=O)[C@@]1(O)[C@H](C)CC2C3CCC4=CC(=O)C=C[C@]4(C)[C@@]3(F)[C@@H](O)C[C@@]21C,0,183
C[C@@H]1CC2C3CCC4=CC(=O)C=C[C@]4(C)[C@@]3(F)[C@@H](O)C[C@]2(C)[C@@]1(O)C(=O)COP(=O)([O-])[O-].[Na+].[Na+],0,183
CC(=O)OCC(=O)[C@@]1(O)CCC2C3CCC4=CC(=O)C=C[C@]4(C)[C@@]3(Cl)[C@@H](Cl)C[C@@]21C,0,183
CC(=O)OCC(=O)[C@@]1(OC(C)=O)[C@@H](C)CC2C3C[C@H](F)C4=CC(=O)C=C[C@]4(C)[C@@]3(F)[C@@H](O)C[C@@]21C,0,183
C[C@@H]1CC2C3C[C@H](F)C4=CC(=O)C=C[C@]4(C)[C@@]3(F)[C@@H](O)C[C@]2(C)[C@@]1(O)C(=O)CO,0,183
C[C@@H]1CC2C3C[C@H](F)C4=CC(=O)C=C[C@]4(C)[C@@]3(F)[C@@H](O)C[C@]2(C)[C@@]1(O)C(=O)COC(=O)C(C)(C)C,0,183
CC(=O)[C@@]1(O)CCC2C3C[C@H](C)C4=CC(=O)C=CC4(C)[C@@]3(F)[C@@H](O)C[C@@]21C,0,183
CCC(=O)O[C@]1(C(=O)SCF)[C@H](C)CC2C3CC(F)C4=CC(=O)C=C[C@]4(C)C3(F)[C@@H](O)C[C@@]21C,0,183
CC(=O)OCC(=O)[C@@]1(O)CCC2C3CCC4=CC(=O)C=C[C@]4(C)[C@@]3(F)[C@@H](O)C[C@@]21C,0,183
C[C@H]1CC2C3CC[C@](O)(C(=O)CO)[C@@]3(C)C[C@H](O)C2[C@@]2(C)C=CC(=O)C=C12,0,183
C[C@H]1CC2C3CC[C@](O)(C(=O)COC(=O)CCC(=O)[O-])[C@@]3(C)C[C@H](O)C2[C@@]2(C)C=CC(=O)C=C12.[Na+],0,183
C[C@]12C[C@H](O)C3C(CCC4=CC(=O)C=C[C@@]43C)C1CC[C@]2(O)C(=O)CO,0,183
CC(=O)OCC(=O)[C@@]1(O)CCC2C3CCC4=CC(=O)C=CC4(C)C3[C@@H](O)C[C@@]21C,0,183
C[C@]12C[C@H](O)C3C(CCC4=CC(=O)C=C[C@@]43C)C1CC[C@]2(O)C(=O)COC(=O)CCC(=O)O,1,183
C[C@]12C[C@H](O)C3C(CCC4=CC(=O)C=C[C@@]43C)C1CC[C@]2(O)C(=O)COP(=O)([O-])[O-].[Na+].[Na+],0,183
C[C@]12C[C@H](O)[C@@]3(F)C(CCC4=CC(=O)C=C[C@@]43C)C1C[C@@H](O)[C@]2(O)C(=O)CO,0,183
CC(=O)OCC(=O)[C@@]1(O)[C@H](OC(C)=O)CC2C3CCC4=CC(=O)C=C[C@]4(C)[C@@]3(F)[C@@H](O)C[C@@]21C,0,183
COc1cccc(C#Cc2ccc3c(c2)O[C@@H](CN(C)C(=O)CN2CCOCC2)[C@H](C)CN([C@@H](C)CO)S3(=O)=O)c1,1,1561
C[C@@H](CO)N1C[C@@H](C)[C@H](CN(C)C(=O)CN2CCOCC2)Oc2cc(C#Cc3cccc(F)c3)ccc2S1(=O)=O,1,1561
C[C@H]1CN([C@@H](C)CO)S(=O)(=O)c2ccc(C#Cc3cccc(F)c3)cc2O[C@H]1CN(C)C(=O)CN1CCOCC1,0,1561
COc1cccc(C#Cc2ccc3c(c2)O[C@@H](CN(C)C(=O)CN2CCOCC2)[C@@H](C)CN([C@@H](C)CO)S3(=O)=O)c1,1,1561
C[C@H]1CN([C@H](C)CO)S(=O)(=O)c2ccc(C#Cc3cccc(F)c3)cc2O[C@H]1CN(C)C(=O)CN1CCOCC1,0,1561
COc1cccc(C#Cc2ccc3c(c2)O[C@@H](CN(C)C(=O)CN2CCOCC2)[C@H](C)CN([C@H](C)CO)S3(=O)=O)c1,1,1561
Cc1nnc(NCCc2ccccc2)n(N)c1=O,0,3003
Cn1cnc(CCNC(=O)C[C@@H]2CC[C@@H]3[C@H](COC[C@@H](O)CN3C(=O)C3CC3)O2)c1,0,2454
Cn1cnc(CCNC(=O)C[C@@H]2CC[C@@H]3[C@H](COC[C@H](O)CN3C(=O)C3CC3)O2)c1,1,2454
C[C@@H](CO)N1C[C@@H](C)[C@H](CN(C)C(=O)c2cccc(F)c2)Oc2cc(-c3cncnc3)ccc2S1(=O)=O,0,2742
O=C(Nc1ccccc1C(=O)O)c1nnc[nH]1,0,2964
Cc1ccc(S(=O)(=O)c2c[nH]c(=O)[nH]2)cc1,0,2746
C[C@H]1CN([C@@H](C)CO)S(=O)(=O)c2ccc(C#CC3(O)CCCC3)cc2O[C@@H]1CN(C)C(=O)Cc1cccnc1,0,2238
C[C@@H](CO)N1C[C@@H](C)[C@@H](CN(C)C(=O)Cc2cccnc2)Oc2cc(C#CC3(O)CCCC3)ccc2S1(=O)=O,0,2238
C[C@@H]1CN([C@H](C)CO)S(=O)(=O)c2ccc(C#CC3(O)CCCC3)cc2O[C@@H]1CN(C)C(=O)Cc1cccnc1,0,2238
C=CC[C@H](NC(=O)OCC1c2ccccc2-c2ccccc21)C(=O)OC[C@@H](NC(=O)[C@H](CC=C)CC(=O)N(CCO)Cc1ccccc1)C(C)(C)C,0,2644
C=CC[C@@H](CC(=O)N(CCO)Cc1ccccc1)C(=O)N[C@H](COC(=O)[C@H](CC=C)NC(=O)OCC1c2ccccc2-c2ccccc21)C(C)(C)C,1,2644
CC(C)CC#Cc1ccc2c(c1)O[C@@H](CN(C)CC1CCOCC1)[C@@H](C)CN([C@H](C)CO)S2(=O)=O,1,2965
CC(=O)OCC1=C[C@@H]2OC(=O)C3=CO[C@@H](O[C@H]4O[C@H](CO)[C@@H](O)[C@H](O)[C@H]4O)[C@H]1[C@@H]32,0,1412
C[C@H]1[C@H]([Si](C)(C)F)[C@@H](CCO)O[C@]12C(=O)N(Cc1ccccc1)c1ccc(N3C(=O)c4ccccc4Oc4ccccc43)cc12,0,2566
O=C(C[C@H]1C=C[C@H](NC(=O)Cc2ccccn2)[C@@H](CO)O1)NCCCN1CCOCC1,0,2720
O=C(C[C@H]1C=C[C@H](NC(=O)Cc2ccccn2)[C@H](CO)O1)NCCCN1CCOCC1,0,2720
O=C(CCNc1n[nH]c(=O)[nH]c1=O)N1CCOCC1,0,1650
C=CC(=O)N1C[C@H]2CC[C@H](O)[C@H]2C1,0,1364
Nc1nonc1C(=O)NCc1ccco1,0,1943
COc1ccc([Si](C)(C)[C@H]2[C@H](CCn3cc(CCO)nn3)O[C@@]3(C(=O)N(C)c4ccccc43)[C@@H]2C)cc1,0,2000
CN1CCC(=C2c3ccccc3Sc3ccccc32)CC1.O=C(O)/C=C\C(=O)O,1,898
O=C(C[C@H]1CC[C@H](NC(=O)Cc2ccccn2)[C@H](CO)O1)NCCCN1CCOCC1,0,1538
CC(=O)Oc1ccc(C(c2ccc(OC(C)=O)cc2)c2ccccn2)cc1,0,221
O=C(CN1CCOCC1)N[C@H]1CC[C@@H](CCNC(=O)C2CCC2)O[C@@H]1CO,0,3072
O=C(CN1CCOCC1)N[C@H]1CC[C@@H](CCNC(=O)C2CCC2)O[C@H]1CO,0,3072
CCN(CC)CCOCCOC(=O)C1(c2ccccc2)CCCC1.O=C(O)CC(O)(CC(=O)O)C(=O)O,0,266
CC(C)(C)NC[C@H](O)COc1ccccc1C1CCCC1.O=S(=O)(O)O,0,266
NC1(c2ccccc2F)CCCC1,0,266
COc1cccc(C2(N)CCCC2)c1,0,266
COc1ccc(C2(CN)CCCC2)cc1,0,266
CO[C@@H]1[C@@H](OC(=O)c2ccc(C)[nH]2)[C@@H](O)[C@@H](Oc2ccc3c(c2C)OC(=O)[C@H](NC(=O)c2[nH]cc(CC(=O)Nc4cc5ccc(O[C@@H]6OC(C)(C)[C@H](OC)[C@@H](OC(=O)c7ccc(C)[nH]7)[C@H]6O)c(C)c5oc4=O)c2C)C3)CC1(C)C,1,1245
C[C@H](NC(=O)C[C@H]1CC[C@@H](NC(=O)CN2CCOCC2)[C@@H](CO)O1)c1ccccc1,0,2029
C[C@H](NC(=O)C[C@H]1CC[C@@H](NC(=O)CN2CCOCC2)[C@H](CO)O1)c1ccccc1,0,2029
C[C@@H](NC(=O)C[C@H]1CC[C@@H](NC(=O)CN2CCOCC2)[C@H](CO)O1)c1ccccc1,0,2029
CN1CCN(C(=O)C[C@@H]2CC[C@@H]3[C@@H](COc4ccc(NC(=O)C5CCCCC5)cc4C(=O)N3C)O2)CC1,0,3192
C[C@H]1CN([C@H](C)CO)S(=O)(=O)c2ccc(-c3cncnc3)cc2O[C@H]1CN(C)C(=O)CN(C)C,0,1824
COCCCN(C[C@]1(O)CC[C@H]2C3=CC=C4C[C@@H](O)CC[C@]4(C)[C@@H]3CC[C@@]21C)C(=O)O[C@H]1C[C@@H](C)CC[C@@H]1C(C)C,0,1477
O=C(C[C@H]1CC[C@@H]2[C@H](COC[C@@H](O)CN2C(=O)c2ccccc2)O1)N1CCOCC1,0,2989
O=C(C[C@H]1CC[C@@H]2[C@H](COC[C@H](O)CN2C(=O)c2ccccc2)O1)N1CCOCC1,0,2989
NC[C@H](c1cccs1)N1CCCCCC1,0,1365
O=C(C[C@@H]1CC[C@H](NC(=O)Cc2ccccn2)[C@@H](CO)O1)NCCCN1CCOCC1,0,2187
O=C(C[C@@H]1CC[C@H](NC(=O)Cc2ccccn2)[C@H](CO)O1)NCCCN1CCOCC1,0,2187
O=C1OCc2cc(-n3cnnn3)ccc21,0,2851
Cc1ccc(S(=O)(=O)O)cc1.NC1CCN(c2nc3c(cc2F)c(=O)c(C(=O)O)cn3-c2ccc(F)cc2F)C1.O,1,1106
CC(=O)O[C@H]1C[C@@]2(C)[C@@H](C[C@@H](O)[C@@H]3[C@@]4(C)CC[C@@H](O)[C@@H](C)[C@@H]4CC[C@@]32C)/C1=C(/CCC=C(C)C)C(=O)O,1,1199
Cn1cnc(S(=O)(=O)N[C@@H]2CC[C@@H](CC(=O)N3CCN(c4ccccc4)CC3)O[C@H]2CO)c1,0,1835
Cn1cnc(S(=O)(=O)N[C@@H]2CC[C@@H](CC(=O)N3CCN(c4ccccc4)CC3)O[C@@H]2CO)c1,0,1835
Clc1ccc(/N=C/c2ccc(Br)o2)cc1Cl,0,1834
COc1ccc2c(c1)c(-c1ccccc1)nn2-c1ccc(C)cc1,0,1553
O=C(CSc1nnc[nH]1)C1CC1,0,1798
O=C(O)c1csc2c1CCCCC2,0,3656
O=C(C[C@H]1CC[C@@H]2[C@H](COC[C@H](O)CN2C(=O)c2ccc(F)cc2)O1)NCCCN1CCOCC1,0,2384
NC(=O)c1ccc[n+]([C@@H]2O[C@H](COP(=O)([O-])OP(=O)(O)OC[C@H]3O[C@@H](n4cnc5c(N)ncnc54)[C@H](O)[C@@H]3O)[C@@H](O)[C@H]2O)c1,0,794
O=C(C[C@H]1CC[C@@H]2[C@H](COC[C@H](O)CN2C(=O)c2ccc3c(c2)OCO3)O1)NCCN1CCCC1,0,3639
CC(C)c1nc2cc3sc(C(C)C)nc3cc2s1,0,3403
Cn1nnnc1SCC1=C(C(=O)[O-])N2C(=O)C(NC(=O)C(OC=O)c3ccccc3)C2SC1.[Na+],0,280
Cn1nnnc1SCC1=C(C(=O)[O-])N2C(=O)C(NC(=O)C(O)c3ccccc3)C2SC1.[Na+],0,280
NCc1ccccc1CC(=O)NC1C(=O)N2C(C(=O)O)=C(CSc3nnnn3CC(=O)O)CSC12,0,280
Cc1noc(C)c1S(=O)(=O)NC(C)C,0,2826
COC(=O)[C@@H](NC(=O)c1cc(C)on1)C(C)C,0,2826
Cc1noc(C)c1S(=O)(=O)/N=C/N(C)C,0,2826
CCOC(=O)CNC(=O)c1cc(C)on1,0,2826
CC(C)(C)c1cc(C(=O)NN)no1,0,2826
O=C(NCc1nc2ccccc2[nH]1)C1=C[C@H](c2csc3ccccc23)C[C@H](OCc2ccc(CO)cc2)O1,0,3490
C=CCCCCCCCCCCCc1ccco1,0,166
NC(=O)N/N=C/c1ccc([N+](=O)[O-])o1,1,166
CN/C(=C\[N+](=O)[O-])NCCSCc1ccc(CN(C)C)o1.Cl,0,166
C[C@@H](N)Cc1ccco1,1,166
CCOC(=O)c1c(C)oc(N)c1C(N)=O,0,166
O=C(O)COCC(=O)NCc1ccco1,0,166
O=C(NCCO)C(=O)NCc1ccco1,0,166
N#CCN(CC#N)C(=O)c1ccco1,0,166
Cc1ccoc1C(=O)NCCN,0,166
CNC(=S)NCc1ccco1,0,166
CS(=O)(=O)N(CCC#N)Cc1ccco1,0,166
N#C/C(=N\O)C(=O)c1ccco1,0,166
NNC(=O)C1CCCC1,0,3535
OCCNC(=S)NC1CCCC1,0,3535
O=C(C[C@@H]1C=C[C@@H](NC(=O)Cc2ccccn2)[C@H](CO)O1)NCCCN1CCOCC1,0,2735
O=C(C[C@@H]1C=C[C@@H](NC(=O)Cc2ccccn2)[C@@H](CO)O1)NCCCN1CCOCC1,0,2735
C(=N/n1cnnc1)\c1ccccn1,0,1894
CC(=O)O[C@@H]1CC[C@@]2(C)C(C[C@@H](OC(C)=O)[C@@]3(C)C4=CC(=O)O[C@@H](c5ccoc5)[C@]4(C)CCC23)C1(C)C,0,23
CC(=O)O[C@@H]1CC2C(C)(CC[C@H](O)C2(C)C)C2CC[C@]3(C)C(=CC(=O)O[C@H]3c3ccoc3)C21C,0,23
CC(=O)O[C@H]1C[C@@H](OC(C)=O)C(C)(C)C2C[C@@H](OC(C)=O)[C@@]3(C)C4=CC(=O)O[C@@H](c5ccoc5)[C@]4(C)CCC3[C@]21C,0,23
CC[C@H]1CN(C)N1C(=O)[C@@H]1CCCO1,0,2960
CC(C)(C)OC(=O)N[C@H]1CCC(=O)NC1=O,0,1209
CCC1(C)CC(=O)NC(=O)C1,0,1209
O=C(O)COC(=O)Cc1ccccc1Nc1c(Cl)cccc1Cl,0,49
O=C([O-])Cc1ccccc1Nc1c(Cl)cccc1Cl.[Na+],0,49
O=C(O)c1ccccc1Nc1cccc(C(F)(F)F)c1,0,49
Cc1ccc(Nc2c(F)cccc2Cl)c(CC(=O)O)c1,0,49
Cc1ccc(Cl)c(Nc2ccccc2C(=O)[O-])c1Cl.[Na+],1,49
Cc1cccc(Nc2ccccc2C(=O)O)c1C,0,49
Cc1c(Cl)cccc1Nc1ccccc1C(=O)O,0,49
CN(C)CCCNC(=O)C[C@@H]1C=C[C@H](NC(=O)Cc2cccnc2)[C@@H](CO)O1,0,1731
CN(C)CCCNC(=O)C[C@H]1C=C[C@H](NC(=O)Cc2cccnc2)[C@@H](CO)O1,0,1731
CN(C)CCCNC(=O)C[C@@H]1C=C[C@H](NC(=O)Cc2cccnc2)[C@H](CO)O1,0,1731
CN(C)CCCNC(=O)C[C@H]1C=C[C@H](NC(=O)Cc2cccnc2)[C@H](CO)O1,0,1731
O=c1c(O[C@@H]2O[C@H](CO)[C@@H](O)[C@H](O)[C@@H]2O[C@H]2OC[C@](O)(CO)[C@H]2O)c(-c2ccc(O)c(O)c2)oc2cc(O)cc(O)c12,0,1470
O.O=P1(N(CCCl)CCCl)NCCCO1,0,391
O=P1(NCCCl)OCCCN1CCCl,0,391
CN1C=C(C(=O)OCCS(C)(=O)=O)C(C(=O)OCCS(C)(=O)=O)=CC(c2ccc(CO)cc2)=C[C@@H]1C1CC1,0,1420
Cl.OC(CCN1CCCC1)(c1ccccc1)C1CCCCC1,0,931
COc1ccc(C[C@@H](N)c2ccc(C)cn2)cc1OC,0,1458
CN1CCN(C(=O)C[C@@H]2CC[C@H]3[C@@H](COC[C@@H](O)CN3Cc3ccc4c(c3)OCO4)O2)CC1,0,2800
CN1CCN(C(=O)C[C@@H]2CC[C@H]3[C@@H](COC[C@H](O)CN3Cc3ccc4c(c3)OCO4)O2)CC1,0,2800
CC(=O)NCCCC[C@@H]1NC(=O)[C@H]2C[C@@H](C(=O)O)[C@@H](c3ccc(O)cc3)N2C1=O,0,2018
CN(C)CCCCNC(=O)[C@@H]1C[C@@H]2C(=O)N[C@@H](CCCCN(C)C)C(=O)N2[C@@H]1c1cccc(OCCO)c1,0,2018
O=C(O)[C@@H]1C[C@@H]2C(=O)NCC(=O)N2[C@@H]1c1ccc(O)cc1,0,2018
CC(C)C[C@@H]1NC(=O)[C@H]2C[C@@H](C(=O)NCCCCCCNC(=O)CS)[C@@H](c3ccc(O)cc3)N2C1=O,0,2018
NCCCCCCNC(=O)[C@@H]1C[C@@H]2C(=O)N[C@@H](CCCCN)C(=O)N2[C@@H]1c1ccc(O)cc1,0,2018
CN(C)CCCCCCNC(=O)[C@@H]1C[C@@H]2C(=O)N[C@@H](CCCC[N+](C)(C)C)C(=O)N2[C@@H]1c1cccc(OCCO)c1,0,2018
CC(=O)NCCCC[C@@H]1NC(=O)[C@H]2C[C@@H](C(=O)NCCCC[N+](C)(C)C)[C@@H](c3ccc(O)cc3)N2C1=O,0,2018
CN(C)CCCCNC(=O)[C@@H]1C[C@@H]2C(=O)N[C@@H](CCCC[N+](C)(C)C)C(=O)N2[C@@H]1c1ccc(O)cc1,0,2018
CC(=O)NCCCC[C@@H]1NC(=O)[C@H]2C[C@@H](C(=O)NCCCCCCNC(=O)CS)[C@@H](c3ccc(O)cc3)N2C1=O,0,2018
CN(C)CCCCNC(=O)[C@@H]1C[C@@H]2C(=O)N[C@@H](CCCC[N+](C)(C)C)C(=O)N2[C@@H]1c1cccc(OCCO)c1,0,2018
CC(=O)NCCCC[C@@H]1NC(=O)[C@H]2C[C@@H](C(=O)NCCCCCN)[C@@H](c3cccc(OCCO)c3)N2C1=O,0,2018
O=C(CS)NCCCCCCNC(=O)[C@@H]1C[C@@H]2C(=O)NCC(=O)N2[C@@H]1c1cccc(OCCO)c1,0,2018
CN(C)CCCCNC(=O)[C@@H]1C[C@@H]2C(=O)N[C@@H](CCCCN)C(=O)N2[C@@H]1c1ccc(O)cc1,0,2018
CC(C)C[C@@H]1NC(=O)[C@H]2C[C@@H](C(=O)NCCCCCCNC(=O)CS)[C@@H](c3cccc(OCCO)c3)N2C1=O,0,2018
CC(C)C[C@@H]1NC(=O)[C@H]2C[C@@H](C(=O)NCCCCCC[N+](C)(C)C)[C@@H](c3cccc(OCCO)c3)N2C1=O,1,2018
CC(=O)NCCCC[C@@H]1NC(=O)[C@H]2C[C@@H](C(=O)NCCCCCNC(=O)CS)[C@@H](c3ccc(O)cc3)N2C1=O,0,2018
C[N+](C)(C)CCCCCCNC(=O)[C@@H]1C[C@@H]2C(=O)N[C@@H](CCCC[N+](C)(C)C)C(=O)N2[C@@H]1c1ccc(O)cc1,0,2018
CC(=O)NCCCC[C@@H]1NC(=O)[C@H]2C[C@@H](C(=O)NCCCC[N+](C)(C)C)[C@@H](c3cccc(OCCO)c3)N2C1=O,0,2018
NCCCCCCNC(=O)[C@@H]1C[C@@H]2C(=O)N[C@@H](CCCCN)C(=O)N2[C@@H]1c1cccc(OCCO)c1,0,2018
COc1ccc(S(=O)(=O)N(CC(=O)O)c2ccc(N(CC(=O)O)S(=O)(=O)c3ccc(OC)cc3)c3ccccc23)cc1,0,2938
O=C(CCNNC(=O)c1ccncc1)NCc1ccccc1,0,815
O=C1c2ccccc2[C@@]2(Cc3ccccc3N(CCN3CCOCC3)C2=O)[C@H](c2ccc(CO)cc2)N1Cc1ccccc1Cl,0,3237
C=c1cc(C)ccc1=C1NN=C(N)O1,0,3702
O=C(C[C@@H]1C=C[C@H](NC(=O)Nc2cc(F)ccc2F)[C@H](CO)O1)NCCCN1CCOCC1,0,3584
O=C(C[C@@H]1C=C[C@H](NC(=O)Nc2cc(F)ccc2F)[C@@H](CO)O1)NCCCN1CCOCC1,0,3584
CN1CCC(=C2c3ccccc3CCc3sccc32)CC1.O=C(O)CC(O)C(=O)O,0,914
COc1cccc([C@]2(O)CCCC[C@H]2CN(C)C)c1.Cl,0,1108
CCCCC(=O)C1CCC(c2ccc(Cl)cc2)CC1,1,1108
Cc1ccc(C2(CN)CCCCC2)cc1,1,1108
O=C(C[C@@H]1CC=CCC[C@@H](Cc2ccc(F)cc2)C(=O)OC[C@@H](Cc2c[nH]c3ccccc23)NC1=O)N[C@@H](CO)Cc1ccccc1,0,2493
O=C(C[C@@H]1CC=CCC[C@@H](Cc2ccc(F)cc2)C(=O)OC[C@@H](Cc2c[nH]c3ccccc23)NC1=O)N[C@H](CO)Cc1ccccc1,0,2493
Br.Cc1ccc(Sc2ccccc2N2CCNCC2)c(C)c1,0,1154
O=C1COC2(CN1)COC2,0,3560
O=C1O[C@H](c2ccccc2)[C@H](c2ccccc2)N2[C@H]1[C@@H](C(=O)Nc1nc3ccccc3s1)[C@]1(C(=O)Nc3ccc(C#CC4(O)CCCCCC4)cc31)[C@H]2c1ccccc1OCCO,0,1278
C=C1C=[N+]([O-])N(c2ccc(C(=O)O)cc2)N1,0,1965
CN(C)CCCNC(=O)C[C@H]1C=C[C@H](NS(=O)(=O)c2ccccc2)[C@@H](CO)O1,0,1584
CN(C)CCCNC(=O)C[C@H]1C=C[C@H](NS(=O)(=O)c2ccccc2)[C@H](CO)O1,0,1584
CN(C)CCCNC(=O)C[C@@H]1C=C[C@H](NS(=O)(=O)c2ccccc2)[C@@H](CO)O1,0,1584
C[C@H]1CCCN(C(=O)CCNS(=O)(=O)c2ccc3c(c2)c(=O)n(C)c(=O)n3C)C1,0,1312
O=C(OC[C@]12O[C@H]1[C@@H](O)[C@@H]1C=CO[C@@H](O[C@@H]3O[C@H](CO)[C@@H](O)[C@H](O)[C@H]3O)[C@@H]12)c1ccccc1,0,2992
c1ccc2c(c1)sc1ccccc12,0,440
Cc1ccccc1S(=O)(=O)N1C[C@H](O)COC[C@H]2O[C@@H](CC(=O)NCCc3ccccc3)CC[C@@H]21,0,1818
Fc1ccccc1[C@H]1Nc2ccc3ccccc3c2[C@H]2C=CC[C@@H]21,0,1190
CSc1nc(C)nc2ccccc12,0,1628
O=C(NCCO)c1nc(NCCO)c2ccccc2n1,0,1628
COc1ccc(CC[C@@H](OC(=O)[C@H]2CCCCN2C(=O)Cc2ccccc2)c2cccc(OCC(=O)O)c2)cc1OC,0,1330
O=C(/C=C/c1cccc(-c2cn(CC(=O)N3CCC4(CC3)C(=O)NCN4c3ccccc3)nn2)c1)NO,0,1759
O=C(N[C@@H]1CC=CC[C@H](CC(=O)N(CCO)Cc2ccccc2)C(=O)NCC(c2ccccc2)OC1=O)OCC1c2ccccc2-c2ccccc21,0,3580
COc1ccccc1-c1ccc2c(c1)O[C@@H](CN(C)S(=O)(=O)c1ccccc1)[C@H](C)CN([C@H](C)CO)S2(=O)=O,0,2317
COc1ccccc1-c1ccc2c(c1)O[C@@H](CN(C)S(=O)(=O)c1ccccc1)[C@@H](C)CN([C@H](C)CO)S2(=O)=O,0,2317
Cc1ccc(Oc2ccccc2)c(NC(=O)c2ccccc2)c1,0,3432
CCOc1ccc2nc(C34CC5CC(CC(C5)C3)C4)ccc2c1,0,3162
O=C(NO)c1cn(-c2cccc(C(=O)N3CCC4(CC3)C(=O)NCN4c3ccccc3)c2)nn1,1,2227
CCNc1cc(=N)n(CC)c2n[nH]c(N)c12,0,2174
CC[C@@H]1/C=C/C=C/C[C@H](C)[C@@H](O)[C@](C)(O)C(=O)[C@H](C)[C@@H](O)[C@H](C)C(=O)[C@H](C)[C@@H](O)[C@H](C)/C=C/C(=O)O[C@H]2[C@@H](C)[C@@H](CC1)O[C@@]1(CC[C@@H](C)[C@@H](C[C@H](C)O)O1)[C@@H]2C,0,3210
Cc1cc(/C=C/c2ccc3cc(N(C)C)ccc3[n+]2C)c(C)n1-c1ccccc1.O=C([O-])c1cc2ccccc2c(Cc2c(O)c(C(=O)O)cc3ccccc23)c1O,0,952
C[C@H]1CN([C@H](C)CO)C(=O)c2cc(C#CC3(O)CCCC3)cnc2O[C@@H]1CN(C)C(=O)Cc1ccncc1,0,3466
C[C@@H]1OC2=C(Cl)C(=O)N3CCC[C@H]3C[C@@]21O,0,3717
O=C1C(Cl)=C2OC[C@@]2(O)C[C@@H]2CCCN12,0,3717
O=C(N[C@H]1CC[C@@H](CCNS(=O)(=O)c2ccccc2)O[C@@H]1CO)c1cnccn1,0,3338
CC(=O)O[C@H]1C[C@@H](O)C(C)(C)C2C[C@@H](OC(C)=O)[C@]3(C)C(CC[C@@]4(C)[C@H](c5ccoc5)OC(=O)C5OC543)[C@]21C,0,20
CC(=O)O[C@@H]1CC2C(C)(C)[C@H](O)CC[C@]2(C)C2CC[C@@]3(C)[C@H](c4ccoc4)OC(=O)C4OC43[C@@]21C,0,20
N/C(=N/O)c1cnc2n(c1=O)CCS2,0,2500
CO[C@@H]1[C@@H](O[C@@H]2O[C@H](C)C(O[C@H]3C[C@@](C)(O)[C@@H](OC(=O)CC(C)C)[C@H](C)O3)[C@H](N(C)C)[C@H]2O)[C@@H](CC=O)C[C@@H](C)[C@@H](O)/C=C/C=C/C[C@@H](C)OC(=O)C[C@H]1O,1,685
COc1ccc([Si](C)(C)[C@H]2[C@H](CC(=O)N3Cc4ccccc4C[C@H]3CO)O[C@@]3(C(=O)N(C)c4c(Br)cc(C)cc43)[C@@H]2C)cc1,0,3653
CC1(C)C(=O)C=C[C@@]2(C)C1C=C[C@]1(C)C2CC[C@@]2(C)[C@H](c3ccoc3)OC(=O)[C@H]3O[C@]321,0,37
CS(=O)(=O)O.OC(CCN1CCCCC1)(c1ccccc1)c1ccccc1,0,928
CC1(C)C(=O)NCCN1C(=O)C1CC1,0,2348
Cl.NC1CCN(c2c(F)cc3c(=O)c(C(=O)O)cn(C4CC4)c3c2Cl)C1,1,353
Cn1c(CN)nc2ccccc2c1=O,0,2988
CCOc1nc2ccccc2c(=O)n1CCO,0,2988
CCOC(=O)Cn1cnc2ccccc2c1=O,0,2988
CC1(C)S[C@@H]2[C@H](NC(=O)COc3ccccc3)C(=O)N2[C@H]1C(=O)[O-].[K+],1,873
OC(Cn1cncn1)(Cn1cncn1)c1ccc(F)cc1F,0,563
NS(=O)(=O)c1cc2c(cc1C(F)(F)F)NC(Cc1ccccc1)NS2(=O)=O,0,187
CC1=NCCC2c3ccc(O)cc3NC12,0,616
CC1(C)CC(=O)C(=CNC(CO)(CO)CO)C(=O)C1,0,3598
C[C@H]1CN([C@@H](C)CO)C(=O)CCCn2nncc2CO[C@@H]1CN(C)S(=O)(=O)c1ccc(-n2cccn2)cc1,0,3477
Nc1ccc(-n2nn[nH]c2=S)cc1,0,2847
COC(=O)C1=C[C@@H](O)[C@@H](O)[C@H](O[C@@H]2O[C@H](COC(=O)/C=C/c3ccccc3)[C@@H](O)[C@H](O)[C@H]2O)C1,0,3603
COCCOC(=O)N1C(=O)[C@@]2(c3cc(C#CCNC(N)=O)ccc31)[C@H](c1ccc(O)cc1)N1[C@H](c3ccccc3)[C@H](c3ccccc3)OC(=O)[C@H]1[C@@H]2C(=O)N1CCc2cc(OC)c(OC)cc2C1,0,1832
COCCOC(=O)N1C(=O)[C@@]2(c3ccccc31)[C@H](c1ccc(OCCO)cc1)N1[C@H](c3ccccc3)[C@H](c3ccccc3)OC(=O)[C@H]1[C@@H]2C(=O)N1CCc2cc(OC)c(OC)cc2C1,0,1832
COCCOC(=O)N1C(=O)[C@@]2(c3cc(C#CCCO)ccc31)[C@H](c1ccccc1OCCO)N1[C@H](c3ccccc3)[C@H](c3ccccc3)OC(=O)[C@H]1[C@@H]2C(=O)N1CCc2cc(OC)c(OC)cc2C1,0,1832
COc1cc2c(cc1OC)CN(C(=O)[C@H]1[C@@H]3C(=O)O[C@@H](c4ccccc4)[C@@H](c4ccccc4)N3[C@@H](c3ccc(O)cc3)[C@]13C(=O)Nc1ccccc13)CC2,0,1832
O=C(C[C@H]1CC[C@H]2[C@@H](COC[C@H](O)CN2C(=O)c2ccncc2)O1)NCc1ccc(-c2ccccc2)cc1,0,1851
O=C(C[C@H]1CC[C@H]2[C@@H](COC[C@@H](O)CN2C(=O)c2ccncc2)O1)NCc1ccc(-c2ccccc2)cc1,0,1851
C[C@H](CCC(=O)[O-])[C@H]1CCC2C3C(=O)CC4CC(=O)CC[C@]4(C)C3CC(=O)[C@@]21C.[Na+],0,420
C[C@H]1CN=C(NS(=O)(=O)c2ccccc2)N1,0,1350
Cc1nc2c(C)cc(N)cn2n1,0,2907
Nc1cccn2ncnc12,0,2907
O=C(O)[C@H]1CCS(=O)(=O)C1,0,1202
CCOC(=O)[C@H](C(C)=O)[C@H]1CCS(=O)(=O)C1,0,1202
CN(C)[C@H]1CS(=O)(=O)C[C@@H]1N(C)C,0,1202
CCC[C@@H](N[C@H]1CCS(=O)(=O)C1)C(=O)O,0,1202
NC(=O)C(C(N)=O)[C@H]1CCS(=O)(=O)C1,0,1202
COCCN[C@H]1CS(=O)(=O)C[C@@H]1O,0,1202
C=C(C)C1Cc2c(ccc3c(=O)c4c(oc23)COc2cc(OC)c(OC)cc2-4)O1,0,423
NC[C@H]1O[C@H](O[C@H]2C(O[C@@H]3O[C@H](CO)[C@@H](O)[C@H]3O)[C@@H](O)[C@H](N)C[C@@H]2N)[C@H](N)[C@@H](O)[C@@H]1O.O=S(=O)(O)O,0,976
O=c1ccc2c[nH][nH]c-2c1,0,2589
Brc1ccc(CSc2c[nH]c3ccccc23)cc1,0,1901
FC(F)(F)c1ccc(CSc2c[nH]c3ccccc23)cc1,0,1901
C[C@@H]1COC(=O)[C@H](Cc2ccc(F)cc2)CC=CC[C@@H](CC(=O)N[C@@H](CO)Cc2ccccc2)C(=O)N1,1,2023
Cn1cnc(S(=O)(=O)N2C[C@H](O)COC[C@@H]3O[C@H](CC(=O)N4CCN(c5ccccc5)CC4)CC[C@H]32)c1,0,3097
Cn1cnc(S(=O)(=O)N2C[C@@H](O)COC[C@@H]3O[C@H](CC(=O)N4CCN(c5ccccc5)CC4)CC[C@H]32)c1,0,3097
Cc1cc(N2C(=O)CCC2=O)no1,0,2057
CC(C)c1nc(CN(C)C(=O)N[C@H](C(=O)N[C@@H](Cc2ccccc2)C[C@H](O)[C@H](Cc2ccccc2)NC(=O)OCc2cncs2)C(C)C)cs1,0,981
COc1cccc(S(=O)(=O)N[C@H]2C=C[C@@H](CC(=O)NC3CCC3)O[C@H]2CO)c1,0,3387
COc1cccc(S(=O)(=O)N[C@H]2C=C[C@@H](CC(=O)NC3CCC3)O[C@@H]2CO)c1,0,3387
COc1cccc(C#Cc2ccc3c(c2)O[C@@H](CN(C)S(=O)(=O)c2ccccc2F)[C@H](C)CN([C@H](C)CO)S3(=O)=O)c1,0,1764
C[C@@H](CO)N1C[C@@H](C)[C@H](CN(C)S(=O)(=O)c2ccccc2F)Oc2cc(C#Cc3ccccc3)ccc2S1(=O)=O,0,1764
C[C@@H]1CN([C@H](C)CO)S(=O)(=O)c2ccc(C#Cc3cccc(F)c3)cc2O[C@H]1CN(C)S(=O)(=O)c1ccccc1F,0,1764
C[C@H]1CN([C@@H](C)CO)S(=O)(=O)c2ccc(C#Cc3ccc(F)cc3)cc2O[C@H]1CN(C)S(=O)(=O)c1ccc(F)cc1,0,1764
C[C@@H]1CN([C@H](C)CO)S(=O)(=O)c2ccc(C#Cc3ccccc3)cc2O[C@H]1CN(C)S(=O)(=O)c1ccccc1F,0,1764
Cc1ccc(S(=O)(=O)N(C)C[C@@H]2Oc3cc(C#Cc4ccccc4)ccc3S(=O)(=O)N([C@@H](C)CO)C[C@H]2C)cc1,0,1764
C[C@H]1CN([C@H](C)CO)S(=O)(=O)c2ccc(C#Cc3cccc(F)c3)cc2O[C@H]1CN(C)S(=O)(=O)c1ccccc1F,0,1764
C[C@@H](CO)N1C[C@@H](C)[C@H](CN(C)S(=O)(=O)c2ccccc2F)Oc2cc(C#Cc3cccc(F)c3)ccc2S1(=O)=O,0,1764
NCC[C@@H]1CC[C@@H](NC(=O)C2CCC2)[C@H](CO)O1,0,2817
O=C(N[C@H]1C=C[C@H](CC(=O)N2CCOCC2)O[C@H]1CO)c1ccc2c(c1)OCO2,0,2398
Brc1ccc(-c2ccc(Br)s2)s1,0,3632
Clc1ccc2c(c1)C(N1CCNCC1)=Nc1ccccc1O2,1,113
CN1CCN(C2=Nc3ccccc3Oc3ccc(Cl)cc32)CC1.O=C(O)CCC(=O)O,0,113
CC1(C)CCC(C)(C)c2cc(-c3csc(CC#N)n3)ccc21,0,2244
Cc1ccc(N(CC2=NCCN2)c2cccc(O)c2)cc1.Cl,0,887
COc1ccc(/C=C/C(=O)Nc2ccccc2C(=O)O)cc1OC,0,1110
CSc1cccc(NC(=O)/C=C/c2ccc(C(C)C)cc2)c1,0,1110
COc1ccc(CCNC(=O)[C@@]2(Cc3ccccc3I)c3ccccc3C(=O)N(Cc3ccccc3OC)[C@H]2c2ccc(CO)cc2)cc1,0,1531
COc1ccc(CCNC(=O)[C@@]2(Cc3ccccc3I)c3ccccc3C(=O)N(Cc3ccccc3)[C@H]2c2ccc(COC(=O)NCCCCCC(=O)NO)cc2)cc1,0,1531
O=C(CCc1ccc(O)cc1)c1c(O)cc(O)cc1O,0,889
CCCNCC(O)COc1ccccc1C(=O)CCc1ccccc1.Cl,0,889
O=C(O)c1cc(-c2ccc(F)cc2F)ccc1O,0,452
O=C(O)Cc1ccc(-c2ccccc2)cc1,0,452
O=C(O)CCC(=O)c1ccc(-c2ccccc2)cc1,0,452
CC(C(=O)O)c1ccc(-c2ccccc2)c(F)c1,0,452
NCc1ccc(-c2ccccc2O)cc1,0,452
Nc1cc(-c2ccccc2)ccc1O,0,452
Cc1ccc(-c2ccc(N)cc2)cc1,0,452
Nc1ccc(-c2ccc(N)cc2)cc1,0,452
COc1ccc2c(c1)c(CC(=O)OCC(=O)O)c(C)n2C(=O)c1ccc(Cl)cc1,0,52
COc1ccc2c(c1)c(CC(=O)O)c(C)n2C(=O)c1ccc(Cl)cc1,0,52
C[C@@H]1CN([C@H](C)CO)C(=O)CCCn2cc(nn2)CO[C@H]1CN(C)C(=O)Nc1cccc2ccccc12,0,2198
COc1cccc(S(=O)(=O)Nc2ccc3c(c2)[C@@H]2C[C@@H](CC(=O)NC4CCCCC4)O[C@@H](CO)[C@@H]2O3)c1,0,1687
CC1[C@H](C)OC(=O)CC(O)CC(O)CC(O)CCC(O)C(O)C[C@]2(O)CC(O)C(C(=O)O)C(CC(OC3O[C@H](C)[C@@H](O)[C@H](N)[C@@H]3O)/C=C/C=C/C=C/C=C/CC/C=C/C=C/[C@H](C)[C@H]1O)O2,0,832
CCc1c(C)[nH]c(N2CCOCC2)nc1=O,0,3540
CN(C(=O)C(Cl)Cl)c1ccc(OC(=O)c2ccco2)cc1,0,466
Cc1ccsc1/C=C/C1=NCCCN1C.O=C(O)CC(O)(CC(=O)O)C(=O)O,0,785
CC(C)(C)c1csc(-c2ccc(-c3cccs3)s2)n1,0,2827
COc1cc(/C=C/C(=O)N2CCC=CC2=O)cc(OC)c1OC,0,907
CN(Cc1ccccc1)C[C@H]1C[C@@H](c2ccc(CO)cc2)O[C@H](c2ccc(NC(=O)CCCCCCC(=O)NO)cc2)O1,0,1438
CC(=O)O[C@H]1CC[C@@]2(C)C(=CCC3C4CCC(=O)[C@@]4(C)CCC32)C1,0,923
CCCCC[C@H]1C(=O)O[C@H](C)[C@H](NC(=O)c2cccc(NC=O)c2O)C(=O)O[C@@H](C)[C@@H]1OC(=O)CC(C)C,0,139
CC1=CC2C(CC1=O)C2(C)C,0,11
C[C@@H](CO)N1C[C@@H](C)[C@@H](CN(C)S(=O)(=O)c2cn(C)cn2)Oc2cc(C#Cc3ccc(F)cc3)ccc2S1(=O)=O,0,2330
C[C@H]1CN([C@H](C)CO)S(=O)(=O)c2ccc(C#Cc3ccc(F)cc3)cc2O[C@@H]1CN(C)S(=O)(=O)c1cn(C)cn1,0,2330
C[C@@H]1CN([C@H](C)CO)S(=O)(=O)c2ccc(C#Cc3cccc(F)c3)cc2O[C@@H]1CN(C)S(=O)(=O)c1cn(C)cn1,0,2330
C[C@H]1OC(=O)c2c(O)ccc(O)c2[C@H]1O,0,2752
Cc1cc(C2CCCCC2)n(O)c(=O)c1.NCCO,1,330
Nc1nc2nn[nH]c2c(=O)[nH]1,0,2904
C[C@@H]1O[C@@H](O[C@@H]2C=C3CCC4C(CC[C@]5(C)[C@@H](c6ccc(=O)oc6)CC[C@]45O)[C@@]3(C)CC2)C(O)C(O)[C@H]1O,0,935
COC(=O)C1=CO[C@@H](C)C2CN3CC[C@]4(C(=O)Nc5ccccc54)C3C[C@H]12,0,775
O=C(C[C@H]1C[C@H]2c3cc(NC(=O)C4CCOCC4)ccc3O[C@H]2[C@@H](CO)O1)NCc1cc(F)ccc1F,0,3067
O=C(C[C@@H]1CC[C@H](NC(=O)c2ccc(F)cc2)[C@H](CO)O1)NCc1ccncn1,0,3452
COc1cccc(S(=O)(=O)N2C[C@H](O)COC[C@H]3O[C@H](CC(=O)N4CCOCC4)CC[C@@H]32)c1,0,1756
O=C(C[C@@H]1CC[C@H]2[C@@H](COC[C@@H](O)CN2S(=O)(=O)c2cccc(Cl)c2)O1)N1CCOCC1,0,1756
O=C(C[C@H]1C=C[C@H](NC(=O)c2ccncc2)[C@@H](CO)O1)NCc1ccncn1,0,1680
COc1ccc(Cl)cc1C(=O)NCCc1ccc(S(=O)(=O)NC(=O)NC2CCCCC2)cc1,0,600
CO[C@@H]1CN(C)C(=O)c2cc(NS(=O)(=O)CC(F)(F)F)ccc2OC[C@H](C)N(Cc2ccccn2)C[C@H]1C,0,2184
CO[C@H]1CN(C)C(=O)c2cc(NS(=O)(=O)CC(F)(F)F)ccc2OC[C@H](C)N(Cc2ccccn2)C[C@@H]1C,0,2184
CCS(=O)(=O)Nc1ccc2c(c1)C(=O)N(C)C[C@H](OC)[C@H](C)CN(Cc1ccccn1)[C@H](C)CO2,0,2184
CO[C@H]1CN(C)C(=O)c2cc(NS(=O)(=O)CC(F)(F)F)ccc2OC[C@@H](C)N(Cc2ccccn2)C[C@@H]1C,0,2184
CO[C@@H]1CN(C)C(=O)c2cc(NS(=O)(=O)CC(F)(F)F)ccc2OC[C@H](C)N(Cc2ccccn2)C[C@@H]1C,0,2184
CCS(=O)(=O)Nc1ccc2c(c1)C(=O)N(C)C[C@@H](OC)[C@@H](C)CN(Cc1ccccn1)[C@H](C)CO2,0,2184
CCS(=O)(=O)Nc1ccc2c(c1)C(=O)N(C)C[C@H](OC)[C@@H](C)CN(Cc1ccccn1)[C@H](C)CO2,0,2184
CO[C@@H]1CN(C)C(=O)c2cc(NS(=O)(=O)CC(F)(F)F)ccc2OC[C@@H](C)N(Cc2ccccn2)C[C@@H]1C,0,2184
O=C(O)[C@@H]1CC(=O)N(Cc2cccnc2)C1,0,1313
CC1(C)CC[C@]2(C(=O)O[C@@H]3O[C@H](CO)[C@@H](O[C@H]4OC[C@](O)(CO)[C@H]4O)[C@H](O)[C@H]3O)CC[C@]3(C)C(=CC[C@H]4[C@@]5(C)C[C@@H](O)[C@H](O)[C@@](C)(CO)[C@@H]5[C@H](O)C[C@]43C)[C@@H]2C1,0,1395
O=C(C[C@H]1C=C[C@@H](NC(=O)Cc2ccccn2)[C@H](CO)O1)NCCc1ccncc1,0,2431
O=C(C[C@H]1C=C[C@@H](NC(=O)Cc2ccccn2)[C@@H](CO)O1)NCCc1ccncc1,0,2431
O=C(Cc1ccccn1)NCC[C@H]1CC[C@@H](NC(=O)CN2CCOCC2)[C@@H](CO)O1,0,2325
O=C(Cc1ccccn1)NCC[C@H]1CC[C@@H](NC(=O)CN2CCOCC2)[C@H](CO)O1,0,2325
COc1ccc2cc1Oc1ccc(cc1)C[C@H]1c3c(cc4c(c3Oc3cc5c(cc3OC)CCN(C)[C@@H]5C2)OCO4)CCN1C,0,305
c1cncc(-c2nc3ccc4ccccc4c3c3c2CCCC3)c1,0,3619
Nc1ccc(Sc2ccc3ccccc3c2Cl)c(Cl)c1,0,2248
O=C1NC(=O)C(C2(O)C(=O)c3ccccc3C2=O)C(=O)N1,0,2862
CS(=O)(=O)CCOC(=O)C1=CC(c2ccc(CO)cc2)=C[C@@H](C2CC2)N(Cc2cc3c(cc2Br)OCO3)C=C1C(=O)OCCS(C)(=O)=O,0,1454
O=C1NC(=S)N/C1=C\c1ccco1,0,3470
Cc1ccc(C=Nn2nnnc2N)s1,0,3233
Cc1ccc(S(=O)(=O)N[C@@H](Cc2ccccc2)C(=O)NCCCn2cc(CN3C(=O)COC[C@H]3c3ccccc3)nn2)cc1,0,3186
CCCNC(=O)N1C[C@@H](O)COC[C@H]2O[C@H](CC(=O)NCc3ccncn3)CC[C@@H]21,0,2163
C[C@@H](CO)N1C[C@@H](C)[C@@H](CN(C)C(=O)c2cnccn2)Oc2cc(C3=CCCC3)ccc2S1(=O)=O,0,3440
CC(CO)NC(=O)C1C=C2c3cccc4[nH]cc(c34)C[C@H]2N(C)C1.O=C(O)/C=C\C(=O)O,0,521
CC[C@@H](CO)NC(=O)[C@@H]1C=C2c3cccc4c3c(cn4C)C[C@H]2N(C)C1.O=C(O)/C=C\C(=O)O,0,521
NNc1ccn([C@H]2O[C@@H](CO)[C@@H](O)[C@@H]2O)c(=O)n1,0,1490
CC(C)CCCC(C)C1CCC2C3CC[C@H]4C[C@@H](O)CC[C@]4(C)C3CC[C@]12C,0,34
C[C@]12CCC3C(CC[C@H]4C[C@H](O)CC[C@]34C)C1CC[C@@H]2O,0,34
COC(=O)c1ccc(O)c(/C=N/N(CCO)C2=NS(=O)(=O)c3ccccc32)c1,0,3543
CNC(=O)C(=O)NC[C@H]1OCCN1S(=O)(=O)c1ccccc1,0,1224
OC[C@H]1O[C@@H](Oc2ccc(O)cc2)[C@H](O)[C@@H](O)[C@@H]1O,0,145
O=Cc1ccccc1O[C@@H]1O[C@H](CO)[C@H](O)[C@@H](O)[C@H]1O,0,145
OCc1ccccc1O[C@@H]1O[C@H](CO)[C@@H](O)[C@H](O)[C@H]1O,0,145
O=C(O)/C=C/c1ccc(O[C@@H]2O[C@H](CO)[C@@H](O)[C@H](O)[C@H]2O)cc1,0,145
FC(F)(F)c1ccc(/C=N/c2cc(Cl)cc(Cl)c2)cc1,0,1884
Oc1ccc(/C=N/c2ccccc2)cc1,0,1884
C[C@@H]1CN([C@H](C)CO)C(=O)c2cc(C#Cc3ccccc3F)cnc2O[C@@H]1CN(C)S(=O)(=O)c1ccccc1,0,2977
C[C@H]1CN([C@H](C)CO)C(=O)c2cc(C#Cc3ccccc3F)cnc2O[C@@H]1CN(C)S(=O)(=O)c1ccccc1F,0,2977
C[C@@H]1Cn2nncc2CO1,0,3370
COc1ccc(-c2cc(=O)c3c(O)cc(O[C@@H]4O[C@H](CO[C@H]5O[C@H](C)[C@@H](O)[C@H](O)[C@@H]5O)[C@@H](O)[C@H](O)[C@H]4O)cc3o2)cc1O,0,3563
CCOC(=O)c1nonc1N,0,2728
COc1nonc1NC(C)=O,0,2728
C=CC[N+]1([C@H]2CC3C4CCC5C[C@H](O)[C@@H](N6CCOCC6)C[C@]5(C)C4CC[C@]3(C)[C@H]2OC(C)=O)CCCC1.[Br-],0,984
C=C1CC2C(CC[C@]3(C)C(=O)CCC23)[C@@]2(C)C=CC(=O)C=C12,0,544
C[C@H]1CN([C@@H](C)CO)S(=O)(=O)c2ccc(C#CCN(C)C)cc2O[C@H]1CN(C)C(=O)c1ccccc1F,0,1787
C[C@H]1CN([C@@H](C)CO)S(=O)(=O)c2ccc(Br)cc2O[C@H]1CN(C)C(=O)c1cccc(F)c1,0,1787
C[C@@H](CO)N1C[C@@H](C)[C@H](CN(C)C(=O)c2ccccc2F)Oc2cc(C#CCN(C)C)ccc2S1(=O)=O,0,1787
C[C@H]1CN([C@H](C)CO)S(=O)(=O)c2ccc(C#C[C@@H](C)O)cc2O[C@H]1CN(C)C(=O)c1ccccc1,0,1787
C[C@H](O)C#Cc1ccc2c(c1)O[C@@H](CN(C)C(=O)c1ccccc1)[C@@H](C)CN([C@@H](C)CO)S2(=O)=O,0,1787
CC(C)C#Cc1ccc2c(c1)O[C@@H](CN(C)C(=O)c1cccc(F)c1)[C@@H](C)CN([C@@H](C)CO)S2(=O)=O,0,1787
C[C@@H](O)C#Cc1ccc2c(c1)O[C@@H](CN(C)C(=O)c1ccccc1)[C@H](C)CN([C@H](C)CO)S2(=O)=O,0,1787
COCC#Cc1ccc2c(c1)O[C@@H](CN(C)C(=O)c1ccccc1F)[C@@H](C)CN([C@@H](C)CO)S2(=O)=O,0,1787
C[C@H](O)C#Cc1ccc2c(c1)O[C@@H](CN(C)C(=O)c1ccccc1)[C@H](C)CN([C@@H](C)CO)S2(=O)=O,0,1787
CC(C)C#Cc1ccc2c(c1)O[C@@H](CN(C)C(=O)c1cccc(F)c1)[C@H](C)CN([C@@H](C)CO)S2(=O)=O,0,1787
COCC#Cc1ccc2c(c1)O[C@@H](CN(C)C(=O)c1ccccc1F)[C@H](C)CN([C@H](C)CO)S2(=O)=O,0,1787
COCC#Cc1ccc2c(c1)O[C@@H](CN(C)C(=O)c1ccccc1F)[C@@H](C)CN([C@H](C)CO)S2(=O)=O,0,1787
CC(C)C#Cc1ccc2c(c1)O[C@@H](CN(C)C(=O)c1cccc(F)c1)[C@H](C)CN([C@H](C)CO)S2(=O)=O,0,1787
CCCC[C@H](NC(C)=O)C(=O)N[C@@H](CCC(N)=O)C(=O)N[C@@H](Cc1c[nH]cn1)C(=O)N[C@H](Cc1ccccc1)C(=O)N[C@@H](CCCNC(=N)N)C(=O)N[C@H](Cc1c[nH]c2ccccc12)C(=O)NCC(N)=O,0,1523
NCC[C@H]1CC[C@H](NC(=O)NC2CCCCC2)[C@@H](CO)O1,0,3048
NCC[C@H]1CC[C@H](NC(=O)NC2CCCCC2)[C@H](CO)O1,0,3048
Cc1cc(C)c(S(=O)(=O)N2CCO[C@@H]2CNC(=O)C(=O)NCCCN2CCCC2=O)c(C)c1,0,1309
CCCOc1c(-c2ccc3ccccc3n2)cnc2ccccc12,0,1566
Cc1ccc2ncc(-c3ccc4cc(C)ccc4n3)cc2c1,0,1566
Cc1c2oc3c(C)ccc(C(=O)OC(C)C4NC(=O)C(C(C)C)N(C)C(=O)CN(C)C(=O)C5CCCN5C(=O)C(C(C)C)NC4=O)c3nc-2c(C(=O)OC(C)C2NC(=O)C(C(C)C)N(C)C(=O)CN(C)C(=O)C3CCCN3C(=O)C(C(C)C)NC2=O)c(N)c1=O,1,405
C[C@H]1CN([C@@H](C)CO)S(=O)(=O)c2ccc(C3=CCCC3)cc2O[C@H]1CN(C)C(=O)c1cnccn1,0,2336
C[C@@H](CO)N1C[C@@H](C)[C@H](CN(C)C(=O)c2cnccn2)Oc2cc(C3=CCCC3)ccc2S1(=O)=O,0,2336
CC(=O)ON1C(C)(C)C=C(C(N)=O)C1(C)C,0,3592
Cc1c(Cl)cccc1Nc1ncccc1C(=O)O,0,359
CNC[C@H](O)[C@@H](O)[C@H](O)[C@H](O)CO.Cc1c(Nc2ncccc2C(=O)O)cccc1C(F)(F)F,0,359
O=C(O)c1cccnc1Nc1cccc(C(F)(F)F)c1,0,359
C[N+]1(C)C2CC(OC(=O)[C@@H](CO)c3ccccc3)CC1C1OC12.[Br-],0,756
CC12CCC3C(=CCc4cc(O)ccc43)C1CCC2=O,0,519
Cc1cc2c(cc1C(=O)c1ccc(C(=O)O)cc1)C(C)(C)CCC2(C)C,0,211
Nc1nccs1,0,104
NC(N)=Nc1nc(CSCC/C(N)=N\S(N)(=O)=O)cs1,0,104
CC(=O)Nc1ncc([N+](=O)[O-])s1,1,104
CN/C(=C\[N+](=O)[O-])NCCSCc1csc(CN(C)C)n1,0,104
N=C(N)Nc1nc(CSCC/C(N)=N\S(N)(=O)=O)cs1,0,104
CCNC(=O)c1sc(C)nc1N,0,104
CCOC(=O)Cc1csc(/C(=N/O)C(N)=O)n1,0,104
CCS(=O)(=O)NCCc1csc(C)n1,0,104
COC(=O)Cc1csc(CC(N)=O)n1,0,104
CCC(=O)Nc1nc(C(=O)NC)cs1,0,104
O=C(C[C@@H]1C=C[C@@H](NC(=O)CN2CCOCC2)[C@H](CO)O1)NCCc1ccccc1,0,3039
O=C(C[C@@H]1C=C[C@@H](NC(=O)CN2CCOCC2)[C@@H](CO)O1)NCCc1ccccc1,0,3039
COc1ccc([Si](C)(C)[C@@H]2[C@@H](CC(=O)N3Cc4ccccc4C[C@H]3CO)O[C@]3(C(=O)N(Cc4cccc(N5CCC5=O)c4)c4ccccc43)[C@H]2C)cc1,0,3037
C=CCOC(=O)[C@@H]1[C@H]2C(=O)O[C@H](c3ccccc3)[C@H](c3ccccc3)N2[C@H](c2ccc(OCCOC(=O)[C@H]3C[C@H]4C(=O)N[C@@H](Cc5ccccc5)C(=O)N4[C@H]3c3ccc(O)cc3)cc2)[C@@]12C(=O)Nc1ccc(I)cc12,0,2596
CC(=O)c1ccc2c(c1)N(CCCN1CCN(CCO)CC1)c1ccccc1S2.O=C(O)/C=C\C(=O)O,0,59
Cl.Cl.OCCN1CCN(CCCN2c3ccccc3Sc3ccc(C(F)(F)F)cc32)CC1,1,59
OCCN1CCN(CCCN2c3ccccc3Sc3ccc(Cl)cc32)CC1,1,59
CN1CCN(CCCN2c3ccccc3Sc3ccc(Cl)cc32)CC1.O=S(=O)(O)CCS(=O)(=O)O,1,59
CN1CCN(CCCN2c3ccccc3Sc3ccc(C(F)(F)F)cc32)CC1.Cl.Cl,1,59
CN1CCN(C(=O)C[C@@H]2C=C[C@H](NC(=O)Cc3ccccn3)[C@H](CO)O2)CC1,0,3624
COc1ccc(-c2ccc3c(c2)O[C@H](CN(C)CC2CCOCC2)[C@@H](C)CN([C@@H](C)CO)S3(=O)=O)cc1,0,2122
COc1ccccc1-c1ccc2c(c1)O[C@H](CN(C)CC1CCOCC1)[C@H](C)CN([C@H](C)CO)S2(=O)=O,0,2122
COc1ccc(-c2ccc3c(c2)O[C@H](CN(C)CC2CCOCC2)[C@@H](C)CN([C@H](C)CO)S3(=O)=O)cc1,0,2122
COc1ccccc1-c1ccc2c(c1)O[C@H](CN(C)CC1CCOCC1)[C@H](C)CN([C@@H](C)CO)S2(=O)=O,0,2122
CC(Cc1cccc(C(F)(F)F)c1)NCCOC(=O)c1ccccc1.Cl,0,188
CO[C@H]1CN(C)C(=O)c2cc(NS(=O)(=O)c3cn(C)cn3)ccc2OC[C@@H](C)N(Cc2cccc(F)c2)C[C@@H]1C,0,1546
CO[C@@H]1CN(C)C(=O)c2cc(NS(=O)(=O)c3cn(C)cn3)ccc2OC[C@H](C)N(Cc2cccc(F)c2)C[C@@H]1C,0,1546
Cc1ccc2c(N)[nH]nc2n1,0,2858
CC(C)(C(=O)O)c1ccc(C(O)CCCN2CCC(C(O)(c3ccccc3)c3ccccc3)CC2)cc1.Cl,0,555
CC(C)(C)c1ccc(C(O)CCCN2CCC(C(O)(c3ccccc3)c3ccccc3)CC2)cc1,1,555
CC(C)(C(=O)O)c1ccc([C@@H](O)CCCN2CCC(C(O)(c3ccccc3)c3ccccc3)CC2)cc1,0,555
CN(C)C(=O)C[C@@H]1CC[C@@H](NC(=O)C2CC2)[C@@H](CO)O1,0,2160
NCC[C@@H]1CC[C@@H](NC(=O)C2CC2)[C@H](CO)O1,0,2160
CCNC(=O)C[C@H]1CC[C@@H](NC(=O)C2CC2)[C@H](CO)O1,0,2160
CN(C)C(=O)C[C@H]1CC[C@@H](NC(=O)C2CC2)[C@H](CO)O1,0,2160
NCC[C@H]1CC[C@@H](NC(=O)C2CC2)[C@@H](CO)O1,0,2160
CCS(=O)(=O)NCC[C@@H]1CC[C@@H](NC(=O)C2CC2)[C@@H](CO)O1,0,2160
CCNC(=O)C[C@@H]1CC[C@@H](NC(=O)C2CC2)[C@@H](CO)O1,0,2160
NCC[C@H]1CC[C@@H](NC(=O)C2CC2)[C@H](CO)O1,0,2160
CC[C@@H](C)NC=C1C(=O)NC(=O)NC1=O,1,1511
COc1cccc(NC(=O)N[C@H]2CC[C@@H](CC(=O)N3CCOCC3)O[C@@H]2CO)c1,0,2583
COCC(=O)Nc1ccc2c(c1)[C@@H]1C[C@H](CC(=O)N3CCOCC3)O[C@H](CO)[C@@H]1O2,0,2885
Cc1nc2n(c(=O)c1CCN1CCC(c3noc4cc(F)ccc34)CC1)CCC[C@H]2O,0,861
Cc1nc2n(c(=O)c1CCN1CCC(c3noc4cc(F)ccc34)CC1)CCCC2,0,861
O=C(C[C@H]1CC[C@H]2[C@@H](COC[C@@H](O)CN2C(=O)Nc2ccc(F)cc2)O1)NCCCN1CCOCC1,0,1675
O=C(C[C@H]1CC[C@H]2[C@@H](COC[C@H](O)CN2C(=O)Nc2cccc(F)c2)O1)NCCCN1CCOCC1,0,1675
COc1cccc(NC(=O)N2C[C@@H](O)COC[C@H]3O[C@@H](CC(=O)NCCCN4CCOCC4)CC[C@@H]32)c1,0,1675
O=C(C[C@H]1CC[C@H]2[C@@H](COC[C@@H](O)CN2C(=O)Nc2cccc(F)c2)O1)NCCCN1CCOCC1,0,1675
COc1cccc(NC(=O)N2C[C@H](O)COC[C@H]3O[C@@H](CC(=O)NCCCN4CCOCC4)CC[C@@H]32)c1,0,1675
COC(=O)C1=C(C)NC(C)=C(C(=O)OCCN(C)Cc2ccccc2)C1c1cccc([N+](=O)[O-])c1.Cl,0,816
O=C(C[C@@H]1CC=CC[C@@H](NC(=O)OCC2c3ccccc3-c3ccccc32)C(=O)OC[C@@H](Cc2c[nH]c3ccccc23)NC1=O)N[C@H](CO)Cc1ccccc1,0,2893
C/C=C(C(=C/C)/c1ccc(O)cc1)\c1ccc(O)cc1,0,447
CCCCCCC#C[Si](O[C@H](c1ccccc1)c1cn([C@H](CO)Cc2ccccc2)nn1)(C(C)C)C(C)C,0,2059
COc1ccc([C@@H]([C@H](Cc2ccccc2)OC(C)=O)N2C[C@@H](OC(C)=O)[C@H]3C(=NO[C@@H]3c3ccccc3)[C@@H]2Cc2ccccc2)cc1,0,1189
CCOC(=O)C1=C(N)C(=O)N(CCCN2CCOCC2)C1,0,3236
COc1ccc(C2=C(N)C(=O)NC2=O)cc1OC,0,3419
CN1C(=O)c2cc(NC(=O)C3CCCC3)ccc2OC[C@@H]2O[C@@H](CC(=O)NCCc3ccncc3)CC[C@@H]21,0,3499
COCC(=O)N1C[C@H](C)[C@@H](OC)CN(C)C(=O)c2cc(NC(=O)c3cc(C)on3)ccc2OC[C@H]1C,0,2481
COCC(=O)N1C[C@H](C)[C@H](OC)CN(C)C(=O)c2cc(NC(=O)c3cc(C)on3)ccc2OC[C@H]1C,0,2481
COCC(=O)N1C[C@@H](C)[C@H](OC)CN(C)C(=O)c2cc(NC(=O)c3cc(C)on3)ccc2OC[C@@H]1C,0,2481
COC(=O)c1ccc(Cn2cc(C(=O)NO)nn2)o1,0,2219
CC(C)(O)[C@H]1[C@@H]2C(=O)O[C@H]1[C@H]1OC(=O)[C@@]34O[C@@H]3C[C@]2(O)[C@@]14C,0,895
C=C(C)[C@H]1[C@@H]2C(=O)O[C@H]1[C@H]1OC(=O)[C@@]34O[C@@H]3C[C@]2(O)[C@@]14C,0,895
O=C(C[C@@H]1CC[C@H]2[C@@H](COC[C@@H](O)CN2C(=O)c2ccccc2)O1)N1CCOCC1,0,2806
O=c1nc[nH]c2n[nH]cc12,0,3479
C[C@H]1C/C(=C\N(C)C)C(=O)C1=O,1,1368
C=C1CC(=O)C2=C(C)C[C@H](O[C@@H]3O[C@H](CO)[C@@H](O)[C@H](O)[C@H]3O)[C@H]3C(=C)C(=O)O[C@@H]3[C@@H]12,0,3321
CO[C@H]1O[C@H](CO)C(=O)C(=O)[C@@H]1N,0,1223
COc1ccc(S(=O)(=O)N[C@@H]2C=C[C@@H](CC(=O)N3CCN(c4ccccc4)CC3)O[C@@H]2CO)cc1,0,2783
COc1ccc(S(=O)(=O)N[C@@H]2C=C[C@@H](CC(=O)N3CCN(c4ccccc4)CC3)O[C@H]2CO)cc1,0,2783
Cn1cnc(CCNC(=O)C[C@H]2CC[C@H]3[C@@H](COC[C@H](O)CN3C(=O)C3CC3)O2)c1,0,2610
CN(C)C(=O)C(CCN1CCC(O)(c2ccc(Cl)cc2)CC1)(c1ccccc1)c1ccccc1.Cl,0,718
Nc1ncn(C(=O)c2ccccc2)n1,0,1720
CC1(C)S[C@H]2[C@@H](NC(=O)[C@@H](N)c3ccccc3)C(=O)N2[C@@H]1C(=O)O,0,1610
O=c1c(O)nnc2n1CCN2c1ccccc1,0,2983
COc1ccc(N2CCn3c2nnc(C(=O)NCCO)c3=O)cc1,0,2983
Cc1ccc(C(=O)Nc2ccc(S(=O)(=O)[O-])c3cc(S(=O)(=O)[O-])cc(S(=O)(=O)[O-])c23)cc1NC(=O)c1cccc(NC(=O)Nc2cccc(C(=O)Nc3cc(C(=O)Nc4ccc(S(=O)(=O)[O-])c5cc(S(=O)(=O)[O-])cc(S(=O)(=O)[O-])c45)ccc3C)c2)c1.[Na+].[Na+].[Na+].[Na+].[Na+].[Na+],0,1052
C[C@H]1O[C@H](OC[C@@H]2O[C@H](Oc3c(-c4ccc(OCCO)c(OCCO)c4)oc4cc(OCCO)cc(O)c4c3=O)[C@@H](O)[C@H](O)[C@H]2O)[C@@H](O)[C@@H](O)[C@@H]1O,0,1129
Cc1ccccc1S(=O)(=O)N1C[C@H](O)COC[C@H]2O[C@H](CC(=O)NCCc3ccccc3)CC[C@@H]21,0,3616
COC(=O)C1=C(C)NC(C)=C(C(=O)OCCN2CCN(C(c3ccccc3)c3ccccc3)CC2)C1c1cccc([N+](=O)[O-])c1,0,731
Cc1ccc(-c2nc3ccc(C)cn3c2CC(=O)N(C)C)cc1,0,1167
CC(C)c1ccc2c(c1O)CC[C@H]1C3=C(CC[C@]21C)C(=O)OC3,0,1123
Cn1cccc1[C@@H](CN)N1CCc2ccccc2C1,0,1391
C[C@H]1CN([C@@H](C)CO)S(=O)(=O)c2ccc(C3=CCCC3)cc2O[C@@H]1CN(C)C(=O)C1CCOCC1,0,1820
O=C(CCCCCNC(=O)OCc1ccc(CN(C(=O)Nc2ccccc2)[C@@H](Cc2ccccc2)Cn2cc(-c3ccccn3)nn2)cc1)NO,0,3533
CN(C)CC(=O)N[C@H]1C=C[C@H](CC(=O)NCCN2CCCCC2)O[C@@H]1CO,0,3707
O=C(C[C@@H]1CC[C@@H]2[C@H](COC[C@H](O)CN2C(=O)c2ccncc2)O1)NC1CCC1,0,2098
O=C(C[C@@H]1CC[C@@H]2[C@H](COC[C@@H](O)CN2C(=O)c2ccncc2)O1)NC1CCC1,0,2098
C[C@@H]1C2C3=CCC4[C@@]5(C)C[C@@H](O)[C@H](O)[C@@](C)(CO)C5CC[C@@]4(C)[C@]3(C)CC[C@@]2(C(=O)O[C@@H]2O[C@H](CO[C@@H]3O[C@H](CO)[C@@H](O[C@H]4O[C@H](C)[C@H](O)[C@@H](O)[C@H]4O)[C@H](O)[C@H]3O)[C@@H](O)[C@H](O)[C@H]2O)CC[C@H]1C,0,154
COc1cc(/C=C/c2cc(O)cc(O[C@@H]3O[C@H](CO)[C@@H](O)[C@H](O)[C@H]3O)c2)ccc1O[C@@H]1O[C@H](CO)[C@@H](O)[C@H](O)[C@H]1O,0,3636
O=C(CCCCCCC(=O)Nc1ccc(C(=O)NCCOCCOCCNC(=O)c2ccc(NC(=O)CCCCCCC(=O)NO)cc2)cc1)NO,0,1940
COC(=O)C[C@@H]1CC[C@H]2[C@@H](COC[C@H](O)CN2S(=O)(=O)c2ccccc2C)O1,0,1921
O=C(O)C[C@@H]1CC[C@H]2[C@@H](COC[C@H](O)CN2S(=O)(=O)c2ccc(F)cc2)O1,0,1921
COC(=O)C[C@H]1CC[C@H]2[C@@H](COC[C@@H](O)CN2S(=O)(=O)c2ccc(F)cc2)O1,0,1921
O=C(O)C[C@H]1CC[C@H]2[C@@H](COC[C@@H](O)CN2S(=O)(=O)c2ccc(F)cc2)O1,0,1921
COC(=O)C[C@H]1CC[C@H]2[C@@H](COC[C@H](O)CN2S(=O)(=O)c2ccc(F)cc2)O1,0,1921
Cc1ccc(S(=O)(=O)N2C[C@H](O)COC[C@H]3O[C@@H](CC(=O)NCCCN(C)C)CC[C@@H]32)cc1,0,1921
COc1ccccc1S(=O)(=O)N1C[C@H](O)COC[C@H]2O[C@@H](CC(=O)O)CC[C@@H]21,0,1921
COCCNC(=O)C[C@@H]1CC[C@H]2[C@@H](COC[C@@H](O)CN2S(=O)(=O)c2ccccc2C)O1,0,1921
COCCNC(=O)C[C@H]1CC[C@H]2[C@@H](COC[C@H](O)CN2S(=O)(=O)c2ccccc2C)O1,0,1921
CN(C)C(=O)C[C@@H]1CC[C@H]2[C@@H](COC[C@H](O)CN2S(=O)(=O)c2ccccc2)O1,0,1921
COC(=O)C[C@H]1CC[C@H]2[C@@H](COC[C@H](O)CN2S(=O)(=O)c2ccccc2C)O1,0,1921
COC(=O)C[C@H]1CC[C@H]2[C@@H](COC[C@@H](O)CN2S(=O)(=O)c2ccccc2C)O1,0,1921
O=C(O)c1ccc(N2CCCS2(=O)=O)cc1,0,2429
COc1cc(N)ccc1N1CCCS1(=O)=O,0,2429
COc1ccc(N2CCCS2(=O)=O)cc1N,0,2429
NNC(=O)c1cccc(Cn2cccn2)c1,0,1976
O=C(NC[C@@H](O)CO)[C@]1(CCS(=O)(=O)c2ccccc2)N=C(c2ccc(OCCCO)cc2)O[C@@H]1c1ccccc1,0,1504
[N-]=[N+]=Nc1ccccc1[C@H]1OC(c2ccc(OCCCO)cc2)=N[C@@]1(CCS(=O)(=O)c1ccccc1)C(=O)NC[C@@H](O)CO,0,1504
COc1ccc([C@@H](N)c2ccncc2)cc1,0,1262
Cc1ccc(/N=C/N(C)/C=N/c2ccc(C)cc2C)c(C)c1,0,107
O=C(CN1CCOCC1)NCC[C@H]1CC[C@H](NC(=O)Cc2ccccn2)[C@H](CO)O1,0,3155
CC1=NCCN=C(C)C1N1CCOCC1,0,2718
CC(C)CCCC(C)[C@H]1CCC2C3CC=C4CC(=O)CC[C@]4(C)C3CC[C@@]21C,0,324
COC(=O)c1c2oc(c1C(=O)OC)C(=O)N(C)Cc1cn(nn1)C[C@@H](Cc1ccccc1)NC(=O)N[C@H](COC(=O)NCCCCCC(=O)NO)CC2,0,2919
Nc1c2ccccc2nc2ccccc12,1,100
CC(O)C(=O)O.CCOc1ccc2nc3cc(N)ccc3c(N)c2c1,0,100
Nc1ccc2cc3ccc(N)cc3nc2c1.O=S(=O)(O)O,1,100
CCN(CC)CCCC(C)Nc1c2ccc(Cl)cc2nc2ccc(OC)cc12.Cl.Cl,0,100
CN(C)c1ccc2nc3ccc(N(C)C)cc3[s+]c2c1.O.[Cl-],0,760
Cc1cc2nc3ccc(N(C)C)cc3[s+]c2cc1N.[Cl-],0,760
O=C1CC[C@]23/C=C/C(=O)NCCCCNCCCNC(=O)/C=C/c4ccc(c2c4)O[C@@H]3C1,0,725
O=C1[N-]C(=O)C(c2ccccc2)(c2ccccc2)N1.[Na+],0,888
COc1cccc(S(=O)(=O)Nc2ccc3c(c2)[C@@H]2C[C@@H](CC(=O)NCCc4ccccc4)O[C@@H](CO)[C@@H]2O3)c1,1,2710
CN(C)Cc1c(C(=O)N/N=C/c2ccncc2)nnn1-c1nonc1N,0,2208
NCC[C@@H]1CC[C@@H](NC(=O)c2ccccc2F)[C@H](CO)O1,0,2616
NCC[C@H]1CC[C@@H](NC(=O)c2ccccc2F)[C@H](CO)O1,0,2616
NCC[C@H]1CC[C@@H](NC(=O)c2ccccc2F)[C@@H](CO)O1,0,2616
NCC[C@@H]1CC[C@@H](NC(=O)c2ccccc2F)[C@@H](CO)O1,0,2616
COC(=O)C[C@H]1C(C)(C)C(=O)[C@@H]2CC3=C(CC[C@]4(C)C3=CC(=O)O[C@H]4c3ccoc3)[C@@]1(C)C2=O,0,261
CN(C)Cc1cn(CC[C@H]2CC[C@@H](NS(=O)(=O)c3ccccc3)[C@@H](CO)O2)nn1,0,3156
CN(C)Cc1cn(CC[C@H]2CC[C@@H](NS(=O)(=O)c3ccccc3)[C@H](CO)O2)nn1,0,3156
CCCNC(=O)N1C[C@H](O)COC[C@H]2O[C@H](CC(=O)NCCCN3CCOCC3)CC[C@@H]21,0,3468
c1ccc(Oc2nnc(-c3ccccc3)c3ccccc23)cc1,0,2707
CS(=O)(=O)Nc1ccc2c(c1)[C@H]1C[C@@H](CC(=O)NCC3CC3)O[C@H](CO)[C@H]1O2,0,2389
Cc1nc2sccn2c(=O)c1CCN1CCC(=C(c2ccc(F)cc2)c2ccc(F)cc2)CC1,0,980
CC12CCCC(O)(C1)C1CC(C)(C)C1CC2,0,207
COC(=O)[C@@H]1C[C@H](OC(C)=O)C(=O)[C@H]2[C@@]1(C)CC[C@H]1C(=O)O[C@H](c3ccoc3)C[C@]21C,0,1000
Cn1cnc(S(=O)(=O)N[C@@H]2CC[C@@H](CC(=O)NCC3CC3)O[C@H]2CO)c1,0,2829
Cn1cnc(S(=O)(=O)N[C@@H]2CC[C@@H](CC(=O)NCC3CC3)O[C@@H]2CO)c1,0,2829
N=C(N)NCCN1CCCCCCC1.O=S(=O)(O)O,0,612
C[C@H]1[C@H]2[C@H](CC3C4CC[C@H]5C[C@@H](O)CC[C@]5(C)C4CC[C@@]32C)O[C@]12CC[C@@H](C)CO2,0,1089
C=c1nnsc1=C1NC(c2cc(C)on2)=NO1,0,2857
CCCNC(=O)C[C@@H]1CC[C@H]2[C@@H](COc3ccc(NS(=O)(=O)c4ccccc4C)cc3C(=O)N2C)O1,0,3310
OC[C@H]1O[C@](O)(CO)[C@@H](O)[C@@H]1O[C@@H]1O[C@H](CO)[C@H](O)[C@H](O)[C@H]1O,0,689
O=C(Nn1cnnc1)c1ccccc1,0,1898
C=c1ccc(S(=O)(=O)N2CCCC2)cc1=C1NN=C2c3ccccc3C(C)=NN21,0,3444
CO[C@@H](CN(C)C(=O)Nc1ccc(C(F)(F)F)cc1)[C@@H](C)CN(Cc1ccccc1Cl)[C@@H](C)CO,1,1981
CO[C@H](CN(C)C(=O)Nc1ccc(C(F)(F)F)cc1)[C@H](C)CN(Cc1ccccc1Cl)[C@H](C)CO,1,1981
CO[C@@H](CN(C)C(=O)Nc1ccc(C(F)(F)F)cc1)[C@H](C)CN(Cc1ccccc1Cl)[C@@H](C)CO,1,1981
CO[C@@H](CN(C)C(=O)Nc1ccc(C(F)(F)F)cc1)[C@H](C)CN(Cc1ccccc1Cl)[C@H](C)CO,1,1981
Cn1cnc(S(=O)(=O)N2C[C@@H](O)COC[C@@H]3O[C@@H](CC(=O)NCc4ccc(F)cc4)CC[C@H]32)c1,0,2672
Cn1cnc(S(=O)(=O)N2C[C@H](O)COC[C@@H]3O[C@@H](CC(=O)NCc4ccc(F)cc4)CC[C@H]32)c1,0,2672
Cn1cnc(S(=O)(=O)N2C[C@H](O)COC[C@@H]3O[C@@H](CC(=O)NCc4cc(F)cc(F)c4)CC[C@H]32)c1,0,2672
C=CC1=C(C)C2=N/C1=C\C1=N/C(=C\C3=N/C(=C\C4=N/C(=C\2)C(C)=C4CCC(=O)O)C(CCC(=O)O)=C3C)C(C=C)=C1C,0,1860
C=C[C@@](C)(O)CCC1C(=C)C[C@H](OC(C)=O)C2C(C)(C)CCCC12C,0,697
C(=N/c1ccc2ccccc2c1)\Nc1ccc2ccccc2c1,1,2096
O=c1/c(=C\c2ccc(F)cc2)sc2n1CCN=2,0,2776
C[C@H]1CN([C@@H](C)CO)C(=O)CCCn2cc(nn2)CO[C@@H]1CN(C)C(=O)c1ccc(N2CCN(C)CC2)cc1,0,1651
Oc1c(Cl)cc(Cl)cc1Sc1cc(Cl)cc(Cl)c1O,1,224
COP(=S)(OC)Oc1ccc(Sc2ccc(OP(=S)(OC)OC)cc2)cc1,0,224
NCc1ccccc1Sc1ccccc1CO,0,224
CSc1ccc(Sc2ccc(SC)cc2)cc1,0,224
Cc1csc2sc(C(=O)Oc3ccc(Cl)cc3)c(C)c12,0,3138
O=C1COC2(CNC2)CN1,0,2483
Cc1ccc(Cc2nc(-c3ccc(Cl)cc3)cs2)cc1,0,2453
N[C@H]1CCCC[C@@H]1N1C(=O)CSC1=O,0,1403
Oc1cc(O)c2cc(O)c(-c3ccc(O)c(O)c3)[o+]c2c1.[Cl-],0,383
C#C[C@]1(O)CCC2[C@@H]3CCC4=CCCC[C@@H]4C3C(=C)C[C@@]21CC,0,432
Cc1c(C(=O)O)c(O)cc2c1C(=O)c1c(O)c(C3O[C@H](CO)[C@@H](O)[C@H](O)[C@H]3O)c(O)c(O)c1C2=O,0,269
CC1=CC(=O)CC(C)(C)C1(O)/C=C/C(C)=C\C(=O)O,0,46
Cl.OC(CNCC(O)C1CCc2cc(F)ccc2O1)C1CCc2cc(F)ccc2O1,0,808
COc1cccc(S(=O)(=O)N[C@H]2CC[C@H](CC(=O)NC3CCC3)O[C@@H]2CO)c1,0,2608
O=S(=O)(O)NC1CCCCC1,0,385
NCC1(CC(=O)O)CCCCC1,0,385
O[C@H]1[C@H](O)[C@@H](O)[C@H](O)[C@@H](O)[C@H]1O,0,385
CC(C)[C@@H]1CC[C@@H](C)C[C@H]1O,0,385
Cl[C@H]1[C@H](Cl)[C@@H](Cl)[C@@H](Cl)[C@H](Cl)[C@H]1Cl,0,385
O=NN(CCCl)C(=O)NC1CCCCC1,0,385
COC1C(O)C(O)C(O)[C@@H](O)C1O,0,385
CC1CCC(NC(=O)N(CCCl)N=O)CC1,0,385
O=S(=O)([O-])NC1CCCCC1.[Na+],0,385
CC1(O)CCC(C(C)(C)O)CC1.O,0,385
OCC(CO)N[C@H]1C[C@](O)(CO)[C@@H](O)[C@H](O)[C@H]1O,0,385
C[C@@]1(N)CCCC[C@@H]1C(=O)O,0,385
C[C@@]1(C(=O)O)CCCC[C@@H]1N,0,385
COC(=O)[C@H]1CCCC[C@@H]1CN,0,385
CCSC(=O)NC1CCCCC1,0,385
NC[C@H]1CC[C@H](C(=O)O)CC1,0,385
COC(=O)CC1(N)CCCCC1,0,385
NCC(=O)NC1CCCCC1,0,385
O=C(NC1CCCCC1)N(CCCl)[NH2+][O-],0,385
NCC1CCC(C(=O)O)CC1,0,385
CC(CO)(CO)NC(=O)NC1CCCCC1,0,385
O=C(O)[C@]1(O)C[C@@H](O)[C@@H](O)[C@H](O)C1,0,385
C[C@]12CCC3c4ccc(O)cc4CCC3C1CCC2=O,0,529
COc1cccc(CNC(=O)C[C@@H]2C=C[C@@H](NC(=O)C3CCOCC3)[C@H](CO)O2)c1,0,2598
Cl.O=C1NCC2(CCN(CCc3ccccc3)CC2)O1,0,554
CC1(C)O[C@H]2CC(=O)OC[C@@]23[C@H]1CC(=O)[C@]1(C)[C@@H]3CC[C@@]2(C)[C@H](c3ccoc3)OC(=O)[C@H]3O[C@]321,0,709
CCOC(=O)C1=C(C)NC(C)=C(C(=O)OC)C1c1cccc(Cl)c1Cl,0,549
COC(=O)C1=C(C)NC(C)=C(C(=O)OC)C1c1ccccc1[N+](=O)[O-],0,549
COC(=O)C1=C(C#N)NC(C)=C(C(=O)OC(C)C)C1c1cccc([N+](=O)[O-])c1,0,549
COCCOC(=O)C1=C(C)NC(C)=C(C(=O)OC(C)C)C1c1cccc([N+](=O)[O-])c1,0,549
COC(=O)C1=C(C)NC(C)=C(C(=O)OCC(C)C)C1c1ccccc1[N+](=O)[O-],0,549
CCOC(=O)C1=C(C)NC(C)=C(C(=O)OC)C1c1cccc([N+](=O)[O-])c1,0,549
COc1ccc(-c2cnc3c(c2)C(=O)N([C@H](C)CO)C[C@H](C)[C@@H](CN(C)S(=O)(=O)c2ccc(OC)cc2)O3)cc1,0,1926
COc1cccc(S(=O)(=O)N(C)C[C@H]2Oc3ncc(-c4cccc(C(=O)N(C)C)c4)cc3C(=O)N([C@@H](C)CO)C[C@H]2C)c1,0,1926
COc1ccc(-c2cn(CCNC(=O)[C@H](Cc3ccccc3)NS(=O)(=O)c3ccc(C)cc3)nn2)cc1OC,0,2123
Cc1ccc(S(=O)(=O)N[C@@H](Cc2ccccc2)C(=O)NCCn2cc(-c3cccc(/C=C/C(=O)NO)c3)nn2)cc1,0,2123
C[C@@H](CO)N1C[C@@H](C)[C@H](CN(C)S(=O)(=O)c2cn(C)cn2)Oc2cc(C3=CCCC3)ccc2S1(=O)=O,0,3270
C[C@H]1CN([C@H](C)CO)S(=O)(=O)c2ccc(C3=CCCC3)cc2O[C@H]1CN(C)S(=O)(=O)c1cn(C)cn1,0,3270
Cc1ncc(C[n+]2csc(CCO)c2C)c(N)n1.Cl.[Cl-],0,1082
CC(C)(C)NC(=O)[C@@H]1CN(Cc2cccnc2)CCN1C[C@H](O)C[C@H](Cc1ccccc1)C(=O)N[C@@H]1c2ccccc2C[C@@H]1O,0,653
CN1CCCN=C1/C=C/c1cccc(O)c1.O=C(O)c1cc2ccccc2c(Cc2c(O)c(C(=O)O)cc3ccccc23)c1O,0,845
Cc1[nH]c2ccccc2c1C(=O)CSc1ccc(Cl)cc1,0,3534
CC(=O)Oc1ccccc1C(=O)Nc1ccccc1,0,61
O=C(Nc1ccc(C(=O)O)c(O)c1)c1ccccc1,0,61
Cc1cccc(C)c1NC(=O)c1ccccc1C(=O)O,0,61
O=C(Nc1ccc([N+](=O)[O-])cc1Cl)c1cc(Cl)ccc1O,0,61
O=C(Nc1cc(Cl)cc(Cl)c1O)c1c(O)c(Cl)cc(Cl)c1Cl,1,61
CC(=O)NS(=O)(=O)c1ccc(NC(=O)c2ccccc2C(=O)O)cc1,0,61
O=C(Nc1ccccc1)c1ccccc1O,1,61
CC[C@@H](C)c1ccc(NC(=O)c2ccc(N(CC)CC)cc2)cc1,0,61
O=C(Nc1ccccc1)c1ccccc1,0,61
CC(C)(C)c1ccc(C(=O)Nc2cccc(C(F)(F)F)c2)cc1,0,61
COc1c(-c2coc3cc4c(cc3c2=O)CC(O)C(C)(C)O4)ccc2c1C=CC(C)(C)O2,0,791
CCN(CC)S(=O)(=O)c1nnc[nH]1,0,1617
CCc1nnc(SCC(=O)O)n1N,0,1617
CC(C)OC(=O)c1nnc(N)[nH]1,0,1617
CCOC(=O)CNc1nnc(N)[nH]1,0,1617
CCOC(=O)Cc1nnc(CC(=O)OCC)[nH]1,0,1617
CC(C)(C)OC(=O)NCc1nnc(N)[nH]1,0,1617
CCc1nnc(SCC(=O)OC)[nH]1,0,1617
CCCNC(=O)Cc1nnc[nH]1,0,1617
CS(=O)(=O)O.C[C@H]1COc2c(C3(N)CC3)c(F)cc3c(=O)c(C(=O)O)cn1c23,1,868
CC(C)(C)OC(=O)C[C@H]1CC=CC[C@@H](CC(=O)N[C@H](CO)Cc2ccccc2)C(=O)N2CCC[C@@H]2COC1=O,0,3026
C[C@H]1O[C@H](O[C@@H]2[C@@H](O)[C@@H](O)[C@H](O)[C@H](O)[C@H]2O)[C@@H](N)C[C@@H]1NC(=N)C(=O)O.Cl,1,675
Cn1c(=O)c2c(nc(N3CCCCC3)n2CCN)n(C)c1=O,0,3084
O=S(=O)(NCCCN(C/C=C/c1ccc(F)cc1)C/C=C/c1ccc(F)cc1)c1cccc2cnccc12,0,2629
Cn1cnc(CCNC(=O)C[C@H]2CC[C@H]3[C@@H](COC[C@H](O)CN3C(=O)Nc3ccc(Cl)cc3)O2)c1,0,3328
Clc1ccc2nc(Cl)cc(-c3ccccc3)c2c1,0,3308
CC(C)CCC[C@@H](C)[C@H]1CC[C@@]2(C)C3=C(CC[C@]12C)[C@@]1(C)CC[C@H](OC(=O)CCl)C(C)(C)[C@@H]1CC3,0,1192
C=C(CC[C@@H](C)[C@H]1CC[C@@]2(C)C3=C(C[C@H](O)[C@]12C)[C@@]1(C)CC[C@@H](OC(=O)CC(=O)O)C(C)(C)[C@@H]1CC3)[C@@H](C)C(=O)O,0,1192
C[C@H]1[C@H]([Si](C)(C)F)[C@@H](CCn2cc([C@H](O)c3ccccc3)nn2)O[C@]12C(=O)N(c1ccccc1)c1ccccc12,0,2949
COC1O[C@@H]2O[C@]3(C)CC[C@H]4[C@H](C)CC[C@@H]([C@H]1C)[C@]42OO3,0,150
CCOC1O[C@@H]2O[C@]3(C)CC[C@H]4[C@H](C)CC[C@@H]([C@H]1C)[C@]42OO3,0,150
C[C@@H]1CC[C@H]2[C@@H](C)C(O)O[C@@H]3O[C@]4(C)CC[C@@H]1[C@@]23OO4,0,150
C[C@@H]1CC[C@H]2[C@@H](C)[C@H](OC(=O)CCC(=O)O)O[C@@H]3O[C@]4(C)CC[C@@H]1[C@@]23OO4,0,150
C=CCN1C(=O)[C@]2(O[C@H](CCO)[C@@H]([Si](C)(C)c3ccc(OC)cc3)[C@@H]2C)c2cc(NC(=O)[C@H](C)O)ccc21,1,3035
CCCc1nc(C(C)(C)O)c(C(=O)OCc2oc(=O)oc2C)n1Cc1ccc(-c2ccccc2-c2nn[nH]n2)cc1,0,838
COc1ccccc1-c1ccc2c(c1)O[C@H](CN(C)C(=O)c1ccncc1)[C@@H](C)CN([C@H](C)CO)S2(=O)=O,0,2152
COc1ccccc1-c1ccc2c(c1)O[C@H](CN(C)C(=O)c1ccncc1)[C@@H](C)CN([C@@H](C)CO)S2(=O)=O,0,2152
O=C(C[C@H]1CC[C@H]2[C@@H](COC[C@H](O)CN2Cc2cc(F)ccc2F)O1)N[C@@H]1CCN(Cc2ccccc2)C1,0,1730
O=C(C[C@H]1CC[C@H]2[C@@H](COC[C@@H](O)CN2Cc2ccccc2F)O1)N[C@@H]1CCN(Cc2ccccc2)C1,1,1730
O=C(C[C@H]1CC[C@H]2[C@@H](COC[C@@H](O)CN2Cc2cc(F)ccc2F)O1)N[C@@H]1CCN(Cc2ccccc2)C1,0,1730
O=C(Nc1ccc2c(c1)[C@H]1C[C@H](CC(=O)N3CCc4ccccc4C3)O[C@@H](CO)[C@H]1O2)C1CCOCC1,0,3232
CC(C)=CCCC1(C)C=Cc2c(O)c3c(c(CC=C(C)C)c2O1)OC12C(=CC4CC1C(C)(C)OC2(C/C=C(/C)C(=O)O)C4=O)C3=O,0,583
O=C(Nc1cc(C(=O)Nc2ccc(S(=O)(=O)O)cc2S(=O)(=O)O)cc(C(=O)Nc2ccc(S(=O)(=O)O)cc2S(=O)(=O)O)c1)Nc1cc(C(=O)Nc2ccc(S(=O)(=O)O)cc2S(=O)(=O)O)cc(C(=O)Nc2ccc(S(=O)(=O)O)cc2S(=O)(=O)O)c1,0,2540
NCC[C@H]1CC[C@@H](NC(=O)Nc2ccc(F)cc2)[C@H](CO)O1,0,2009
NCC[C@@H]1CC[C@@H](NC(=O)Nc2ccc(F)cc2)[C@@H](CO)O1,0,2009
CC(C)CC#Cc1ccc2c(c1)O[C@H](CN(C)C(=O)NC1CCCC1)[C@@H](C)CN([C@H](C)CO)S2(=O)=O,0,3374
CC(C)CC#Cc1ccc2c(c1)O[C@H](CN(C)C(=O)NC1CCCC1)[C@H](C)CN([C@H](C)CO)S2(=O)=O,0,3374
Cc1cc(=O)oc2c(O)c(O)ccc12,0,28
Cc1cc(=O)oc2cc(O)c(O)cc12,0,28
CC(=O)Oc1ccc2c(C)cc(=O)oc2c1,0,28
CC(C)=CCC/C(C)=C/COc1ccc2ccc(=O)oc2c1,0,28
COc1cc(OC)c2ccc(=O)oc2c1,1,28
O=c1ccc2ccccc2o1,0,28
CCOP(=S)(OCC)Oc1ccc2c(C)c(Cl)c(=O)oc2c1,0,28
COc1cc2ccc(=O)oc2c(OC)c1OC,0,28
Cc1cc(=O)oc2cc(O)ccc12,0,28
COc1ccc2c(C)cc(=O)oc2c1,0,28
CC(C)=CCOc1cc2oc(=O)ccc2cc1O,0,28
O=c1ccc2ccc(O)cc2o1,0,28
NC(=O)c1cc2ccccc2oc1=O,0,28
O=C(NCCCO)c1cc2ccccc2oc1=O,0,28
Cc1ccc2oc(=O)cc(Cl)c2c1,0,28
O=C(NCCO)c1cc2ccccc2oc1=O,0,28
OC[C@H]1O[C@H](C#Cc2ccccc2)C=C[C@@H]1O,0,1890
COc1cccc(S(=O)(=O)N[C@@H]2CC[C@@H](CC(=O)NC3CCC3)O[C@H]2CO)c1,0,2404
CO[C@H]1CN(C)C(=O)c2cc(NS(C)(=O)=O)ccc2OC[C@@H](C)N(C(=O)c2ccc3c(c2)OCO3)C[C@@H]1C,0,2150
CO[C@H]1CN(C)C(=O)c2cc(NS(=O)(=O)CC(F)(F)F)ccc2OC[C@H](C)N(C(=O)c2ccc3c(c2)OCO3)C[C@H]1C,0,2150
CO[C@H]1CN(C)C(=O)c2cc(NS(C)(=O)=O)ccc2OC[C@@H](C)N(C(=O)c2ccc3c(c2)OCO3)C[C@H]1C,0,2150
CCS(=O)(=O)Nc1ccc2c(c1)C(=O)N(C)C[C@H](OC)[C@@H](C)CN(C(=O)c1ccc3c(c1)OCO3)[C@H](C)CO2,0,2150
CO[C@H]1CN(C)C(=O)c2cc(NS(C)(=O)=O)ccc2OC[C@H](C)N(C(=O)c2ccc3c(c2)OCO3)C[C@@H]1C,0,2150
C[C@H]1CCc2[nH]c3ccccc3c2C1,0,1522
NCCCn1c2c(c3ccccc31)CCCC2,1,1522
CN1CCN(C(=O)C[C@@H]2C=C[C@H](NC(=O)c3ccc4c(c3)OCO4)[C@H](CO)O2)CC1,0,1600
CN1CCN(C(=O)C[C@@H]2C=C[C@H](NC(=O)c3ccc4c(c3)OCO4)[C@@H](CO)O2)CC1,0,1600
CN[C@H](CC(C)C)C(=O)N[C@@H]1C(=O)N[C@@H](CC(N)=O)C(=O)N[C@H]2C(=O)N[C@@H]3C(=O)C[C@H](C(=O)N[C@@H](C(=O)O)c4cc(O)cc(O)c4-c4cc3ccc4O)[C@H](O)c3ccc(c(Cl)c3)Oc3cc2cc(c3O[C@@H]2O[C@@H](CO)[C@@H](O)[C@H](O)[C@H]2O[C@H]2C[C@](C)(N)[C@H](O)[C@H](C)O2)Oc2ccc(cc2Cl)[C@H]1O,0,1296
OC[C@H]1O[C@@H](OCCc2ccc(O)cc2)[C@H](O)[C@@H](O)[C@@H]1O,0,998
COC(=O)/C=c1\sc2n(c1=O)CCN=2,0,3293
OCC(O)CN1CCN(c2ccccc2)CC1,0,488
OC[C@@H](O)CN1CCN(c2ccccc2)CC1,0,488
COC(=O)[C@H]1CNCCN1c1ccccc1,0,488
NCCN1CCN(c2ccc(F)cc2)CC1,0,488
NCCS(=O)(=O)N1CCN(c2ccc(F)cc2)CC1,0,488
CS(=O)(=O)N1CCN(c2ccccc2)CC1,0,488
O=C(O)/C=C/C(=O)O.OCCOCCN1CCN(C2=Nc3ccccc3Sc3ccccc32)CC1,0,955
NNC(=O)c1nnn(-c2nonc2N)c1CN1CCCCC1,0,2959
CC(=O)O[C@H]1CC[C@]2(C)C3CC[C@]4(C)C(C(C)=O)=CC[C@H]4C3CC[C@H]2C1,0,19
C[C@H]1CN([C@@H](C)CO)C(=O)c2cc(-c3cncnc3)cnc2O[C@@H]1CN(C)C(=O)CN1CCOCC1,0,3322
C[C@H]1CN([C@H](C)CO)C(=O)c2cc(-c3cncnc3)cnc2O[C@@H]1CN(C)C(=O)CN1CCOCC1,0,3322
Nc1ncnc2c1c(I)cn2[C@H]1O[C@@H](CO)[C@@H](O)[C@@H]1O,1,1237
CSC[C@H]1O[C@H](n2ccc3c(N)ncnc32)[C@@H](O)[C@H]1O,0,1237
[N-]=[N+]=Nc1ccccc1[C@@H]1OC(c2ccc(OCCCO)cc2)=N[C@]1(Cc1ccccc1)C(=O)NC[C@@H](O)CO,1,1211
COCCCNC(=O)[C@@]1(Cc2ccccc2CN=[N+]=[N-])N=C(c2ccc(OCCCO)cc2)O[C@H]1c1ccccc1N=[N+]=[N-],0,1211
CN(C)C(=O)[C@@]1(Cc2ccccc2CN=[N+]=[N-])N=C(c2ccc(OCCCO)cc2)O[C@H]1c1ccccc1N=[N+]=[N-],0,1211
COC(=O)[C@@]1(Cc2ccccc2N=[N+]=[N-])N=C(c2ccc(OCCCO)cc2)O[C@H]1c1ccccc1CN=[N+]=[N-],0,1211
COCCCNC(=O)[C@@]1(Cc2ccccc2CN=[N+]=[N-])N=C(c2ccc(OCCCO)cc2)O[C@H]1c1ccccc1CN=[N+]=[N-],0,1211
CCOC(=O)[C@H]1CC(C)=NNC1=O,0,1495
COc1cccc(OC)c1C(=O)N[C@@H]1C(=O)N2[C@@H](C(=O)[O-])C(C)(C)S[C@H]12.[Na+],0,755
COc1cc(N2CCN(S(C)(=O)=O)CC2)nc(C)n1,0,3447
O.O.O.O=C([O-])C1O[Sb]2OC(=O)C(O2)C(C(=O)[O-])O[Sb]2OC(=O)C1O2.[K+].[K+],0,138
O=C(CN1CCOCC1)N[C@@H]1CC[C@H](CCn2cc(C3CCCC3)nn2)O[C@@H]1CO,0,2141
O=C(CN1CCOCC1)N[C@@H]1CC[C@H](CCn2cc(C3CCCC3)nn2)O[C@H]1CO,0,2141
COc1ccccc1-c1cnc2c(c1)C(=O)N([C@@H](C)CO)C[C@H](C)[C@H](CN(C)C(=O)c1ccncc1)O2,0,2087
CN1CCN2c3ccccc3Cc3ccccc3C2C1.Cl,0,768
COc1cc2c(cc1-c1coc3c4c(c(OC)cc3c1=O)OC(C)(C)CC4)OCO2,0,461
COc1cc2c(cc1-c1coc3c4c(ccc3c1=O)OC(C)(C)CC4)OCO2,0,461
COc1ccc([Si](C)(C)[C@@H]2[C@@H](CC(=O)N(CCO)Cc3ccccc3)O[C@]3(C(=O)N(Cc4ccc(N5CCC5=O)cc4)c4ccccc43)[C@H]2C)cc1,0,2795
C[C@H]1CN([C@@H](C)CO)C(=O)c2cc(C#CCN(C)C)cnc2O[C@H]1CN(C)C(=O)c1ccc2c(c1)OCO2,0,2312
OCCN(CCO)c1nc(N2CCCCC2)c2nc(N(CCO)CCO)nc(N3CCCCC3)c2n1,0,475
Nc1nc(=O)c2nc(Br)n([C@H]3O[C@H]4CO[PH](O)(O)O[C@@H]4[C@@H]3O)c2[nH]1,0,1337
O=c1cccc2n1C[C@@H]1CNC[C@H]2C1,0,3274
COc1ccc(C2CNC(=O)C2)cc1OC1CCCC1,0,986
O=C(CN1CCOCC1)N[C@H]1CC[C@H](CCNC(=O)Nc2cc(F)ccc2F)O[C@H]1CO,0,2912
Cn1nnnc1-c1ccc(N)cc1,0,2207
O=C(O)Cn1nnnc1-c1ccc(F)cc1,0,2207
NC(=O)CSc1nnc(Cc2cc(=O)[nH]c(=O)[nH]2)n1-c1ccccc1,0,3602
O=C1NC(=O)[C@H](Cc2ccccc2)N1,0,1345
O=C(O)[C@H]1C[C@H](O)CN1Cc1ccccc1,0,1218
CCCc1ccc2c(c1)CNCCC2,0,1596
COC(=O)c1cn(CC(=O)N2CCN(C)CC2)nn1,0,2832
CC(C)=CCCC1(C)C=Cc2c(O)c3c(c(CC=C(C)C)c2O1)OC12C(=CCCC1C(C)(C)O[C@@]2(C/C=C(\C)C(=O)O)C(=O)O)C3=O,0,584
CC(=O)N(C)[C@H]1C(=O)C(=O)c2ccccc2C1=O,0,1486
CC(C)c1cccc(C(C)C)c1NC(=O)Cc1cccs1,0,3497
C[C@H]1CN([C@@H](C)CO)C(=O)Cc2cc(NC(=O)Nc3cccc4c3CCCC4)ccc2O[C@H]1CN(C)S(=O)(=O)c1ccc(Oc2ccccc2)cc1,0,3284
CO/C1=C\C(C)=C\[C@@H](C)[C@@H](O)[C@@H](C)C/C(C)=C/C=C/[C@H](OC)[C@@H]([C@@H](C)[C@@H](O)[C@H](C)C(=O)/C=C/[C@H](C)[C@H](O)C(C)C)OC1=O,0,3227
COc1cc2nc(N3CCN(C(=O)C4COc5ccccc5O4)CC3)nc(N)c2cc1OC.CS(=O)(=O)O,0,483
O=C(C[C@H]1C[C@H]2c3cc(NS(=O)(=O)c4ccc(F)cc4)ccc3O[C@H]2[C@H](CO)O1)NCc1ccccc1F,0,1930
COc1ccccc1CNC(=O)C[C@H]1C[C@H]2c3cc(NS(=O)(=O)c4ccc(F)cc4)ccc3O[C@H]2[C@@H](CO)O1,0,1930
COc1cccc(S(=O)(=O)Nc2ccc3c(c2)[C@@H]2C[C@H](CC(=O)NCc4ccccc4F)O[C@H](CO)[C@@H]2O3)c1,0,1930
COc1cccc(S(=O)(=O)Nc2ccc3c(c2)[C@@H]2C[C@H](CC(=O)NCc4cccc(F)c4)O[C@@H](CO)[C@@H]2O3)c1,0,1930
O=C(C[C@H]1C[C@H]2c3cc(NS(=O)(=O)c4ccc(F)cc4)ccc3O[C@H]2[C@@H](CO)O1)NCc1ccccc1F,0,1930
Cc1nnc(=O)[nH]c1NNc1ccccc1,1,2910
CC(C)NC(=O)N[C@H]1C=C[C@H](CC(=O)NCCN2CCCC2)O[C@H]1CO,0,1670
CC(C)NC(=O)N[C@@H]1C=C[C@H](CC(=O)NCCN2CCCC2)O[C@@H]1CO,0,1670
CC(C)NC(=O)N[C@@H]1C=C[C@H](CC(=O)NCCN2CCCC2)O[C@H]1CO,0,1670
CC(C)NC(=O)N[C@H]1C=C[C@H](CC(=O)NCCN2CCCC2)O[C@@H]1CO,0,1670
O=S(=O)(N1CCOCC1)N1CCCN(S(=O)(=O)N2CCOCC2)CC1,0,1732
O=C(C[C@H]1CC[C@@H]2[C@H](COC[C@H](O)CN2C(=O)c2ccccc2F)O1)N1CCN(c2ccccc2)CC1,0,3263
O=C(C[C@H]1CC[C@@H]2[C@H](COC[C@@H](O)CN2C(=O)c2ccccc2F)O1)N1CCN(c2ccccc2)CC1,1,3263
O=C(C[C@@H]1CC=CCC[C@H](Cc2ccc(F)cc2)C(=O)OC[C@H](Cc2c[nH]c3ccccc23)NC1=O)N[C@@H](CO)Cc1ccccc1,0,3187
O=C(C[C@@H]1C=C[C@@H](NC(=O)CN2CCOCC2)[C@H](CO)O1)NC1CCCCC1,0,2737
Cc1cc(NC(=O)CSc2nnc[nH]2)no1,0,3209
O=C(O)CCc1n[nH]c(=S)[nH]c1=O,0,2719
Nc1ncnc2c1ncn2[C@@H]1O[C@H](COP(=O)(O)OP(=O)(O)OP(=O)(O)OP(=O)(O)OC[C@H]2O[C@@H](n3cnc4c(N)ncnc43)[C@H](O)[C@@H]2O)[C@@H](O)[C@H]1O,0,1373
NNC(=O)c1ccncc1.Nc1ccc(C(=O)O)c(O)c1,0,866
COc1ccc([C@@H]([C@H](Cc2ccccc2)OC(C)=O)N2C[C@@H]3C(=NO[C@H]3[C@@H](OC(C)=O)c3ccccc3)[C@@H]2Cc2ccccc2)cc1,0,1302
CC1(C)[C@H]2CC[C@@]1(C)c1nn(-c3ccccc3)c(C(F)(F)F)c12,0,1499
CC(C)/N=c1\cc2n(-c3ccc(Cl)cc3)c3ccccc3nc-2cc1Nc1ccc(Cl)cc1,0,355
CO[C@@H]1CN(C)C(=O)c2ccc(NC(=O)Nc3ccc(Cl)cc3)cc2OC[C@H](C)N(C(=O)Nc2c(C)noc2C)C[C@H]1C,0,2058
CO[C@@H]1CN(C)C(=O)c2ccc(NC(=O)Nc3cccc(Cl)c3)cc2OC[C@H](C)N(C(=O)Nc2c(C)noc2C)C[C@@H]1C,0,2058
CO[C@H]1CN(C)C(=O)c2ccc(NC(=O)Nc3cccc(Cl)c3)cc2OC[C@@H](C)N(C(=O)Nc2c(C)noc2C)C[C@H]1C,0,2058
CO[C@H]1CN(C)C(=O)c2ccc(NC(=O)Nc3ccc(Cl)cc3)cc2OC[C@@H](C)N(C(=O)Nc2c(C)noc2C)C[C@H]1C,0,2058
CO[C@H]1CN(C)C(=O)c2ccc(NC(=O)Nc3cccc(F)c3)cc2OC[C@H](C)N(C(=O)Nc2c(C)noc2C)C[C@H]1C,0,2058
CO[C@@H]1CN(C)C(=O)c2ccc(NC(=O)Nc3cccc(F)c3)cc2OC[C@H](C)N(C(=O)Nc2c(C)noc2C)C[C@@H]1C,0,2058
CO[C@@H]1CN(C)C(=O)c2ccc(NC(=O)Nc3ccc(Cl)cc3)cc2OC[C@H](C)N(C(=O)Nc2c(C)noc2C)C[C@@H]1C,0,2058
COC(=O)/C=C1\N[C@H]2CCCC[C@@H]2NC1=O,0,1444
C[C@H]1[C@H]([Si](C)(C)F)[C@@H](CC(=O)N2Cc3ccccc3C[C@H]2CO)O[C@]12C(=O)N(c1ccccc1)c1ccccc12,0,3581
O=C(NO)c1cccc(C(=O)N/N=C/[C@H](O)[C@@H](O)[C@H](O)[C@H](O)CO[C@H]2O[C@H](CO)[C@H](O)[C@H](O)[C@H]2O)c1,0,1535
O=C(NO)c1ccc(C(=O)N/N=C/[C@H](O)[C@@H](O)[C@H](O)[C@H](O)CO[C@H]2O[C@H](CO)[C@H](O)[C@H](O)[C@H]2O)cc1,0,1535
CCOC(=O)C1=NNC[C@@H]1C(=O)OCC,0,1321
O=C(C1=C[C@H](c2coc3ccccc3c2=O)C[C@H](OCCCCO)O1)N1CCOCCOCCOCCOCC1,0,3689
CN[C@H](CC(C)C)C(=O)NC1C(=O)N[C@@H](CC(N)=O)C(=O)N[C@H]2C(=O)NC3C(=O)N[C@H](C(=O)N[C@@H](C(=O)O)c4cc(O)cc(O)c4-c4cc3ccc4O)[C@H](O)c3ccc(c(Cl)c3)Oc3cc2cc(c3O[C@@H]2OC(CO)[C@@H](O)[C@H](O)[C@H]2O[C@H]2C[C@](C)(N)[C@H](O)[C@H](C)O2)Oc2ccc(cc2Cl)[C@H]1O.Cl,0,1139
CCOC(=O)CSc1nc(=O)cc(C)[nH]1,0,1661
Cc1[nH]c(SCCC(=O)O)nc(=O)c1C,0,1661
CSc1nc(=O)cc(O)[nH]1,0,1661
CCOC(=O)c1c[nH]c(CC(C)=O)nc1=O,0,1661
CSc1nc(=O)c(CCO)c(C)[nH]1,0,1661
Cc1cc(=O)nc(SCC(N)=O)[nH]1,0,1661
CSCc1nc(=O)cc(C(=O)O)[nH]1,0,1661
C=CCSc1nc(=O)cc(N)[nH]1,0,1661
C=CCNC(=O)CSc1nc(=O)cc(N)[nH]1,0,1661
Cc1nc(=O)c(/C=N/O)c(O)[nH]1,0,1661
C=CCc1c(C)[nH]c(N)nc1=O,0,1661
CCNc1nc(=O)cc(F)[nH]1,0,1661
CCCc1cc(=O)nc(SCC(N)=O)[nH]1,0,1661
Br.COC(=O)C1=CCCN(C)C1,0,146
CP(=O)(O)C1=CCNCC1,0,146
COC(=O)C1=CCCN(C)C1,0,146
CC(=O)N[C@@H]1C[C@H](O)[C@@H](O)CCC(=O)N[C@H](c2ccccc2)COC1=O,0,2311
Cc1nccnc1N1CCCCC1.O=S(=O)(O)O,0,777
CCCCN1CCCCC1C(=O)Nc1c(C)cccc1C.Cl,0,241
Cc1cccc(C)c1NC(=O)C1CCCCN1C.Cl,0,241
CCCCC(CC)COc1ccc(-c2nc(-c3ccc(OC)cc3)nc(-c3ccc(OCC(CC)CCCC)cc3O)n2)c(O)c1,0,184
O=S(=O)(Nn1cnnc1)c1ccccc1,0,3132
NNC(=O)c1ccc(CN2CCCCC2)o1,0,2494
O=C(O)c1cc2ccccc2c(Cc2c(O)c(C(=O)O)cc3ccccc23)c1O.OCCOCCN1CCN(C(c2ccccc2)c2ccc(Cl)cc2)CC1,0,638
NC(=O)NCC#Cc1ccc2c(c1)[C@]1(C(=O)N2)[C@H](C(=O)N2CCN(c3ncccn3)CC2)[C@H]2C(=O)O[C@H](c3ccccc3)[C@H](c3ccccc3)N2[C@@H]1c1ccccc1OCCO,0,2774
O=C1[C@H](CCC(O)c2ccc(F)cc2)[C@@H](c2ccc(O)cc2)N1c1ccc(F)cc1,0,545
COc1cc(NS(=O)(=O)c2ccc(N)cc2)nc(OC)n1,0,1041
COc1ncnc(NS(=O)(=O)c2ccc(N)cc2)c1OC,0,1041
COc1cc(NS(=O)(=O)c2ccc(N)cc2)ncn1,0,1041
Cc1cc(NS(=O)(=O)c2ccc(N)cc2)nc(C)n1,0,1041
CC(=O)O[C@@H]1CC2C(C)(C)C(=O)C=C[C@]2(C)C2CC[C@]3(C)C(=CC(=O)O[C@H]3c3ccoc3)[C@@]21C,0,427
O=C(C[C@@H]1C=C[C@H](NC(=O)Cc2ccccn2)[C@@H](CO)O1)NCCCN1CCOCC1,0,3074
O=C(C[C@@H]1C=C[C@H](NC(=O)Cc2ccccn2)[C@H](CO)O1)NCCCN1CCOCC1,0,3074
O=C(O[C@H]1[C@H](O)[C@@H](CO)O[C@H](c2c(O)cc(O)c(C(=O)c3ccc(O)cc3)c2O)[C@H]1OC(=O)c1cc(O)c(O)c(O)c1)c1cc(O)c(O)c(O)c1,0,1196
CC(C)Cn1c(=O)[nH]c2c1c(=O)n(C)c(=O)n2C,0,3638
NC[C@@H]1O[C@H](O[C@@H]2[C@@H](CO)OC(O[C@@H]3[C@@H](O)[C@H](N)C[C@H](N)[C@H]3O[C@H]3O[C@H](CO)[C@@H](O)[C@H](O)[C@H]3N)[C@@H]2O)[C@H](N)[C@@H](O)[C@@H]1O.O=S(=O)(O)O,1,863
COC(=O)C1=CO[C@@H](O[C@@H]2O[C@H](CO)[C@@H](O)[C@H](O)[C@H]2O)/C(=C\CO)[C@@H]1CC(=O)OCCc1ccc(O)cc1,1,1993
Nc1nc(N)c2nc(-c3ccccc3)c(N)nc2n1,0,1114
O=C(NCc1ccncc1)C(=O)NC[C@H]1OCCN1C(=O)c1ccc(Cl)cc1,0,1320
Cn1cnc(S(=O)(=O)N2C[C@H](O)COC[C@@H]3O[C@H](CC(=O)NCc4cc(F)cc(F)c4)CC[C@H]32)c1,0,2957
Cn1cnc(S(=O)(=O)N2C[C@@H](O)COC[C@@H]3O[C@H](CC(=O)NCc4ccc(F)cc4)CC[C@H]32)c1,0,2957
CO[C@@H]1O[C@H](C(=O)O)[C@@H](O)[C@H](O)[C@@H]1O.CO[C@@H]1[C@H](C(=O)O)O[C@@H](C)[C@@H](O)[C@H]1O,0,78
O=c1[nH]/c(=C/c2ccco2)c(=O)[nH]/c1=C\c1ccco1,0,2236
CC(C)(C)C(=O)OCOP(=O)(COCCn1cnc2c(N)ncnc21)OCOC(=O)C(C)(C)C,0,69
Nc1ncnc2[nH]cnc12,0,69
CC(=O)OCC(CCn1cnc2cnc(N)nc21)COC(C)=O,0,69
C[C@H](Cn1cnc2c(N)ncnc21)OCP(=O)(O)O,0,69
Nc1nc(S)c2nc[nH]c2n1,0,69
Nc1ncnc2c1ncn2CCO,0,69
Cn1cnc2c(C(F)(F)F)nc(N)nc21,0,69
O=C(Nc1ccccc1)Nc1ccc(Nc2ccccc2)cc1,0,1990
COC1=C(O)C(=O)c2c(cc3oc(C(C)=O)c(O)c3c2O)C1=O,0,972
Cn1c2c(c(=S)[nH]c1=O)CCC2,0,2139
Cl.N=C(N)NC(=N)N1CCOCC1,0,786
C[C@@H](SC(=S)N1CCOCC1)C(=O)O,1,786
CN(CP(=O)(O)CN1CCOCC1)S(C)(=O)=O,0,786
C[C@H]1CN(C(=N)N)C[C@@H](C)O1,0,786
O=C(O)CSC(=S)N1CCOCC1,0,786
C[C@@H]1COCCN1,0,786
C[C@H]1CNCCO1,0,786
CC1(C)CO[C@@H](CC(=O)O)CN1,0,786
CN(C)/C=N/C(=S)N1CCOCC1,0,786
CCNC(=S)N1CCOCC1,0,786
C=CC(=O)NC(C)(C)CCN1CCOCC1,0,786
Nc1ccc(S(=O)(=O)[N-]c2cnc3ccccc3n2)cc1.[Na+],0,1047
CCCCc1nc(Cl)c(CO)n1Cc1ccc(-c2ccccc2-c2nnn[nH]2)cc1,0,721
CN1CCN(c2nc(=O)c3c([nH]2)CCCC3)CC1,0,3347
CC(C)(C)OC(=O)C[C@H]1CC=CC[C@@H](CC(=O)NCCO)C(=O)N[C@@H](Cc2ccccc2)COC1=O,0,2943
CC(C)(C)OC(=O)C[C@@H]1CC=CC[C@@H](CC(=O)NCCO)C(=O)N[C@@H](Cc2ccccc2)COC1=O,0,2943
COc1oc(C(=O)NC2CCCCC2)c(-c2ccc(Cl)cc2)c1S(=O)(=O)c1ccccc1NC(C)=O,0,1709
COc1oc(C(=O)NC2CCCCC2)c(-c2ccc(Cl)cc2)c1S(=O)(=O)c1ccc(Br)cc1,0,1709
COc1oc(C(=O)NC2CCCCC2)c(-c2ccc(Cl)cc2)c1S(=O)(=O)c1ccccc1Cl,0,1709
COc1oc(C(=O)NC2CCCCC2)c(-c2ccc(Cl)cc2)c1S(=O)(=O)c1cccc(Cl)c1,0,1709
COc1oc(C(=O)NC2CCCCC2)c(-c2ccc(Cl)cc2)c1S(=O)(=O)c1ccc(C(F)(F)F)cc1[N+](=O)[O-],0,1709
COc1ccc(Cc2c(O)[nH]c(N)nc2=O)cc1,0,1859
Cc1ccccc1S(=O)(=O)N1C[C@H](O)COC[C@@H]2O[C@H](CC(=O)N3CCC(Cc4ccccc4)CC3)CC[C@H]21,0,1861
Cc1ccc(S(=O)(=O)N[C@@H](Cc2ccccc2)C(=O)NCCn2cc(C(=O)NO)nn2)cc1,0,2968
Cc1ccc(S(=O)(=O)N[C@@H](Cc2ccccc2)C(=O)NCCn2cc(CCC(=O)NO)nn2)cc1,0,2968
NC(=O)N1CCC(=O)Nc2ccccc21,0,2896
C[C@@H]1CN([C@H](C)CO)S(=O)(=O)c2ccc(C#Cc3ccccc3F)cc2O[C@@H]1CN(C)C(=O)Cc1cccnc1,0,3421
O=C(C[C@H]1C=C[C@H](NC(=O)CN2CCOCC2)[C@H](CO)O1)NC1CCC1,0,1985
O=C(C[C@H]1C=C[C@H](NC(=O)CN2CCOCC2)[C@@H](CO)O1)NC1CCC1,0,1985
CC(C)(C)CC(=O)N1C[C@H]2C[C@@H]1CN2,0,1536
CC(C)(C)OC(=O)N1C[C@H]2C[C@@H]1CN2,0,1536
CO[C@H]1CN(C)C(=O)c2cc(NC(=O)C3CC3)ccc2OC[C@H](C)N(C(=O)Cc2ccccn2)C[C@@H]1C,0,3033
CO[C@@H]1CN(C)C(=O)c2cc(NC(=O)C3CC3)ccc2OC[C@@H](C)N(C(=O)Cc2ccccn2)C[C@@H]1C,0,3033
CO[C@H]1CN(C)C(=O)c2cc(NC(=O)C3CC3)ccc2OC[C@@H](C)N(C(=O)Cc2ccccn2)C[C@H]1C,0,3033
O=C(O)c1cn(C2CC2)c2cc(N3CCNCC3)c(F)cc2c1=O,1,342
CCN1CCN(c2cc3c(cc2F)c(=O)c(C(=O)O)cn3C2CC2)CC1,1,342
COc1c(N2CCNC(C)C2)c(F)cc2c(=O)c(C(=O)O)cn(C3CC3)c12,1,342
C[C@H]1CN(c2c(F)c(F)c3c(=O)c(C(=O)O)cn(C4CC4)c3c2F)C[C@@H](C)N1,1,342
CC1CN(c2c(F)c(N)c3c(=O)c(C(=O)O)cn(C4CC4)c3c2F)C[C@H](C)N1,1,342
CN1CCN([C@@H](CN)c2ccc3c(c2)OCO3)CC1,0,1267
Cl.Clc1ccc(C(OCCN2CCCCC2)c2ccccc2)cc1,0,360
COc1cccc(NC(=O)N[C@H]2CC[C@H](CC(=O)N3CCN(C)CC3)O[C@@H]2CO)c1,0,3389
O/N=C1\CCCCc2c1[nH]c1ccc(C3CCCCC3)cc21,0,3503
O=C(c1ccc(F)cc1)C1CCN(CCn2c(=O)[nH]c3ccccc3c2=O)CC1,0,678
CC(=O)NN1Cc2ccccc2C1=N,0,2375
CCOC(=O)[C@H](CCc1ccccc1)N[C@H](C)C(=O)N1C2CCCCC2C[C@H]1C(=O)O,0,1109
C[C@@H]1CCCCO[C@@H](CN(C)Cc2ccc3c(c2)OCO3)[C@H](C)CN([C@H](C)CO)C(=O)c2cc(NS(=O)(=O)c3cccs3)ccc2O1,0,1945
C[C@H]1CN([C@H](C)CO)C(=O)c2cc(NS(=O)(=O)c3cccs3)ccc2O[C@H](C)CCCCO[C@H]1CN(C)Cc1ccc2c(c1)OCO2,0,1945
CCNC(=O)C[C@@H]1CC[C@@H](NC(=O)C2CCOCC2)[C@H](CO)O1,0,2210
CCNC(=O)C[C@H]1CC[C@@H](NC(=O)C2CCOCC2)[C@H](CO)O1,0,2210
CCNC(=O)C[C@H]1CC[C@@H](NC(=O)C2CCOCC2)[C@@H](CO)O1,0,2210
CCS(=O)(=O)NCC[C@@H]1CC[C@@H](NC(=O)C2CCOCC2)[C@@H](CO)O1,0,2210
CCS(=O)(=O)NCC[C@@H]1CC[C@@H](NC(=O)C2CCOCC2)[C@H](CO)O1,0,2210
CN(C)C(=O)C[C@@H]1CC[C@@H](NC(=O)C2CCOCC2)[C@@H](CO)O1,0,2210
CN(C)C(=O)C[C@@H]1CC[C@@H](NC(=O)C2CCOCC2)[C@H](CO)O1,0,2210
CCNC(=O)C[C@@H]1CC[C@@H](NC(=O)C2CCOCC2)[C@@H](CO)O1,0,2210
N#CC1(N[C@@H](Cc2ccccc2)c2ccccc2)CCCCCC1,0,1355
CNCCCC1c2ccccc2C=Cc2ccccc21.Cl,0,937
CCCCCCNC(=O)n1cc(F)c(=O)[nH]c1=O,1,270
O=c1[nH]cc(F)c(=O)[nH]1,0,270
O=C(O)c1cc(=O)[nH]c(=O)[nH]1,0,270
O=c1cc[nH]c(=O)[nH]1,0,270
CO[C@@H](C)n1cc(Br)c(=O)[nH]c1=O,0,270
CCOC(=O)Cn1cc(F)c(=O)[nH]c1=O,0,270
CC(C)(C)C(=O)Nc1c[nH]c(=O)[nH]c1=O,0,270
CC(C)Cn1c(N)cc(=O)n(C)c1=O,0,270
CCCC(=O)c1c(O)[nH]c(=O)[nH]c1=O,0,270
CCOCc1c[nH]c(=O)[nH]c1=O,0,270
Cc1[nH]c(=O)n(C(C)(C)C)c(=O)c1C,0,270
Cc1[nH]c(=O)[nH]c(=O)c1/C=C/C(=O)O,0,270
CSc1[nH]c(=O)[nH]c(=O)c1C#N,0,270
Cc1cc(=O)n(CCO)c(=O)[nH]1,0,270
CCOC(=O)Cn1c(=O)c(C(N)=S)cn(C(C)C)c1=O,0,270
CCOC(=O)CCn1cc(F)c(=O)[nH]c1=O,1,270
CCOC(=O)Cc1c(C)[nH]c(=O)[nH]c1=O,0,270
CC(C)(C)OC(=O)Cn1ccc(=O)[nH]c1=O,0,270
O=C(O)Cn1cc(Br)c(=O)[nH]c1=O,0,270
CNc1cc(=O)n(C)c(=O)n1C,0,270
O=c1cc(Cl)[nH]c(=O)[nH]1,0,270
COC(=O)c1ccccc1S(=O)(=O)NC(=O)Nc1nc(C)c2c(n1)CCS(=O)(=O)C2,0,3532
Nc1nc(=S)c2ncn([C@@H]3O[C@H](CO)[C@@H](O)[C@H]3O)c2[nH]1,0,3298
COc1ccccc1-c1cnc2c(c1)C(=O)N([C@H](C)CO)C[C@H](C)[C@@H](CN(C)C(=O)c1cccnc1)O2,0,3220
C[C@@H]1CN([C@H](C)CO)C(=O)c2cc(-c3ccc(C(=O)N(C)C)cc3)cnc2O[C@@H]1CN(C)C(=O)c1cccnc1,0,3220
Cc1ccc(Oc2nnc(-c3cccs3)c3ccccc23)cc1,0,2802
O=c1cccc2n1C[C@H]1CNCC2C1,0,401
Cn1cnc([N+](=O)[O-])c1Sc1[nH]cnc2ncnc1-2,0,170
C[C@@H]1O[C@@H](O[C@H]2[C@H](Oc3cc(O)c4c(=O)cc(-c5ccc(O)cc5)oc4c3)O[C@H](CO)[C@@H](O)[C@@H]2O)[C@H](O)[C@H](O)[C@H]1O,0,973
O=C(O)CCC(=O)Nc1ccc(S(=O)(=O)Nc2nccs2)cc1,0,1033
Nc1ccc(S(=O)(=O)Nc2nccs2)cc1,0,1033
C[C@@H]1CN([C@H](C)CO)S(=O)(=O)c2ccc(C3=CCCCC3)cc2O[C@@H]1CN(C)S(=O)(=O)c1cn(C)cn1,1,3125
CCCN(CCC)CCc1cccc2c1CC(=O)N2.Cl,0,987
CC(=O)N[C@H]1C(=O)Nc2ccc(F)cc21,0,987
COCC(=O)Nc1ccc2c(c1)CC(=O)N2C,0,987
COCC(=O)Nc1ccc2c(c1)CC(=O)N2,0,987
CCS(=O)(=O)Nc1ccc2c(c1)CC(=O)N2,0,987
CN1C(=O)Cc2cc(NS(C)(=O)=O)ccc21,0,987
C1CNCCN1.C[C@]12CCC3c4ccc(OS(=O)(=O)O)cc4CCC3C1CCC2=O,0,530
O=C(O)[C@H]1O[C@@H](Oc2cc3oc(-c4ccccc4)cc(=O)c3c(O)c2O)[C@H](O)[C@@H](O)[C@@H]1O,0,179
COc1ccc(-c2nc3cc(C4=NNC(=O)CC4C)ccc3[nH]2)cc1,0,899
CC(Cc1ccc(O)c(O)c1)C(C)Cc1ccc(O)c(O)c1,0,826
Cn1c(=O)c2c(ncn2CCCCn2cnc3c2c(=O)n(C)c(=O)n3C)n(C)c1=O,0,2557
COc1ccc([Si](C)(C)[C@H]2[C@H](CC(=O)N(CCO)Cc3ccccc3)O[C@@]3(C(=O)N(Cc4cccc(N5CCCCC5=O)c4)c4ccccc43)[C@@H]2C)cc1,0,2180
O=C(Cc1ccncc1)NCC[C@H]1CC[C@H](NC(=O)C2CCOCC2)[C@@H](CO)O1,0,3515
O=C(Cc1ccncc1)NCC[C@H]1CC[C@H](NC(=O)C2CCOCC2)[C@H](CO)O1,0,3515
O=C(c1ccccc1)C12CN3CN(CN(C3)C1)C2,0,2318
C[C@H]1CCCCO[C@H](CN(C)Cc2ccc3c(c2)OCO3)[C@H](C)CN([C@H](C)CO)C(=O)c2cc(NS(=O)(=O)c3cccs3)ccc2O1,0,2186
C[C@H]1CCCCO[C@H](CN(C)Cc2ccc3c(c2)OCO3)[C@@H](C)CN([C@H](C)CO)C(=O)c2cc(NS(=O)(=O)c3cccs3)ccc2O1,0,2186
C[C@H]1CN([C@@H](C)CO)C(=O)c2cc(NS(=O)(=O)c3cccs3)ccc2O[C@H](C)CCCCO[C@@H]1CN(C)Cc1ccc2c(c1)OCO2,0,2186
C[C@H]1CN([C@H](C)CO)C(=O)c2cc(NS(=O)(=O)c3cccs3)ccc2O[C@H](C)CCCCO[C@@H]1CN(C)Cc1ccc2c(c1)OCO2,0,2186
COc1c(C)c2c(c(O)c1C/C=C(\C)CCC(=O)OCCN1CCOCC1)C(=O)OC2,0,793
Cc1ccc(S(=O)(=O)N2C[C@@H](O)COC[C@H]3O[C@H](CC(=O)NCc4ccc5c(c4)OCO5)CC[C@@H]32)cc1,0,2082
Cc1cccc(S(=O)(=O)N2C[C@@H](O)COC[C@H]3O[C@H](CC(=O)NCc4ccc5c(c4)OCO5)CC[C@@H]32)c1,0,2082
O=C(C[C@@H]1CC[C@H]2[C@@H](COC[C@@H](O)CN2S(=O)(=O)c2ccccc2)O1)NCc1ccc2c(c1)OCO2,0,2082
Cc1ccc(S(=O)(=O)N2C[C@H](O)COC[C@H]3O[C@H](CC(=O)NCc4ccc5c(c4)OCO5)CC[C@@H]32)cc1,0,2082
CC(C)N1C(=O)C[C@@](C(=O)NCCN2CCOCC2)(c2ccc([N+](=O)[O-])cc2)[C@H]1c1ccc(CO)cc1,0,2871
O=C1c2c(O)cccc2C([C@@H]2O[C@H](CO)[C@@H](O)[C@H](O)[C@H]2O)c2cc(CO)cc(O)c21,0,84
O=C(C[C@H]1C=C[C@@H](NC(=O)CN2CCOCC2)[C@@H](CO)O1)NCc1cccc(F)c1,0,2432
C[C@H](NC(=O)C[C@H]1C=C[C@@H](NC(=O)CN2CCOCC2)[C@@H](CO)O1)c1ccccc1,0,2432
C[C@@H](NC(=O)C[C@H]1C=C[C@@H](NC(=O)CN2CCOCC2)[C@@H](CO)O1)c1ccccc1,0,2432
O=C(C[C@H]1C=C[C@@H](NC(=O)CN2CCOCC2)[C@H](CO)O1)NCc1cccc(F)c1,0,2432
Nc1nc(N)c2nc(CNc3ccc(C(=O)NC(CCC(=O)O)C(=O)O)cc3)cnc2n1,0,102
CN(Cc1cnc2nc(N)nc(N)c2n1)c1ccc(C(=O)NC(CCC(=O)O)C(=O)O)cc1.O,0,102
O=C(C[C@@H]1C[C@@H]2c3cc(NC(=O)C4CCOCC4)ccc3O[C@@H]2[C@@H](CO)O1)NCCN1CCCCC1,0,3127
C/C1=C2/N=C(/C=C3\N=C(/C(C)=C4\N=C(C(CC(N)=O)C4(C)CCC(=O)NCC(C)OP(=O)(O)O[C@@H]4[C@@H](CO)OC(n5c[n+]([Co]C#N)c6cc(C)c(C)cc65)[C@@H]4O)C4(C)N=C1C(CCC(N)=O)C4(C)CC(N)=O)C(CCC(N)=O)C3(C)C)C(CCC(N)=O)C2(C)CC(N)=O,0,384
O=C(CN1CCOCC1)N[C@H]1CC[C@@H](CCNS(=O)(=O)c2ccccc2F)O[C@@H]1CO,0,2830
O=C(CN1CCOCC1)N[C@H]1CC[C@@H](CCNS(=O)(=O)c2ccccc2F)O[C@H]1CO,0,2830
Cc1scc2c1N(C(=O)CN1CCN(C)CC1)c1ccccc1NC2=O.Cl,1,1063
C[C@H]1CN([C@H](C)CO)S(=O)(=O)c2ccc(C#Cc3cccnc3)cc2O[C@@H]1CN(C)C(=O)Nc1ccc2c(c1)OCO2,0,3296
C[C@@H]1CN([C@H](C)CO)C(=O)c2cc(C#CCc3ccccc3)cnc2O[C@H]1CN(C)C(=O)Cc1cccnc1,0,2726
C[C@@H]1CN([C@H](C)CO)S(=O)(=O)c2ccc(C3=CCCC3)cc2O[C@H]1CN(C)C(=O)C1CCOCC1,0,3623
COc1cccc2c1C(=O)c1c(O)c3c(c(O)c1C2=O)C[C@@](O)(C(C)=O)C[C@@H]3O[C@H]1C[C@H](N)[C@H](O)[C@H](C)O1.Cl,1,411
COc1cccc2c1C(=O)c1c(O)c3c(c(O)c1C2=O)C[C@@](O)(C(=O)CO)C[C@@H]3O[C@H]1C[C@H](N)[C@@H](O)[C@H](C)O1.Cl,1,411
O=C(Cc1ccncc1)Nc1ccc2c(c1)[C@H]1C[C@@H](CC(=O)N3CCc4ccccc4C3)O[C@H](CO)[C@H]1O2,0,3496
C[C@]12CC(=O)C3C(CCC4=CC(=O)CC[C@@]43C)C1CC[C@]2(O)C(=O)CO,0,373
CC(=O)OCC(=O)[C@@]1(O)CCC2C3CCC4=CC(=O)CC[C@]4(C)C3C(=O)C[C@@]21C,0,373
O=c1ccc(-c2ccncc2)n[nH]1,0,3275
C=C1[N-]O[N+](O)=C1CN(Cc1c(C)no[n+]1[O-])OC(C)=O,0,2948
CC(C)=CCCC1(C)C=Cc2c(O)c3c(c(CC=C(C)C)c2O1)OC12C(=CC4CC1C(C)(C)OC2(C/C=C(/C)C(=O)O)C4O)C3=O,0,459
Cc1ccnc(NC(=O)Cn2cnc3c2c(=O)n(C)c(=O)n3C)n1,0,3148
C[C@@]1(C(=O)O)[C@H]2CC[C@@H](O2)[C@@]1(C)C(=O)O,0,1445
O=C(C[C@H]1C[C@@H]2c3cc(NC(=O)c4ccc5c(c4)OCO5)ccc3O[C@@H]2[C@H](CO)O1)NCc1ccc(Oc2ccccc2)cc1,0,2882
CN(C)c1nc(Oc2ccc(=O)n(C)n2)nc(N(C)C)n1,0,1907
CON(C)c1nc(Oc2ccc(=O)[nH]n2)nc(N(C)C)n1,0,1907
C#C[C@]1(O)CCC2C3CCC4=Cc5oncc5C[C@]4(C)C3CC[C@@]21C,0,406
C(=N/c1nnc2nc[nH]n12)\c1ccco1,0,2784
CC(C)CC1C(=O)N2CCC[C@H]2C2(O)O[C@](NC(=O)C3C=C4c5cccc6[nH]c(Br)c(c56)C[C@H]4N(C)C3)(C(C)C)C(=O)N12.CS(=O)(=O)O,0,233
CCCNC(=O)N1C[C@@H](O)COC[C@@H]2O[C@H](CC(=O)NCc3ccncn3)CC[C@H]21,0,3390
NC(=O)C1N=CN([C@@H]2O[C@H](CO)[C@@H](O)[C@H]2O)C1=O,0,3513
COC(CNC1=Nc2ncccc2OC1)OC,0,2954
CCOC(=O)c1ncn2c1C(=O)OC2(C)C,0,2624
NCCc1cc2nc(-c3ccncc3)ccn2n1,0,1799
Cn1c(=O)cc(N2CCC[C@@H](N)C2)n(Cc2ccccc2C#N)c1=O,0,3418
COS(=O)(=O)[O-].COc1cc(N)cn[n+]1-c1ccccc1,0,97
O=C(C[C@@H]1C=C[C@H](NS(=O)(=O)c2ccc(F)cc2)[C@H](CO)O1)NCCN1CCCCC1,0,2112
Cc1ccc(S(=O)(=O)N[C@H]2C=C[C@@H](CC(=O)NCCN3CCCCC3)O[C@H]2CO)cc1,0,2112
O=C(C[C@@H]1C=C[C@H](NS(=O)(=O)c2ccc(F)cc2)[C@@H](CO)O1)NCCN1CCCCC1,0,2112
COC(=O)c1c(CC[C@@H](COC(=O)NCCCCCC(=O)NO)NC(=O)N[C@@H](Cc2ccccc2)Cn2cc(-c3ccccc3)nn2)oc(C(=O)N2CCOCC2)c1C(=O)OC,0,1674
CN1C[C@H](O)COC[C@H]2O[C@H](CC(=O)N3CCN(c4ccccc4)CC3)CC[C@@H]21,0,2532
C[C@@H]1CN([C@H](C)CO)S(=O)(=O)c2ccc(-c3cccnc3)cc2O[C@H]1CN(C)C(=O)c1cccc(F)c1,0,3625
C[C@]12C[C@H](O)[C@H]3[C@@H](CCC4=CC(=O)C=C[C@@]43C)[C@@H]1CC[C@]2(O)C(=O)COC(=O)c1ccc(CO[N+](=O)[O-])cc1,0,1524
COc1ccc(S(=O)(=O)N[C@@H]2C=C[C@H](CC(=O)N3CCN(c4ccccc4)CC3)O[C@H]2CO)cc1,0,2042
COc1ccc(S(=O)(=O)N[C@@H]2C=C[C@H](CC(=O)N3CCN(c4ccccc4)CC3)O[C@@H]2CO)cc1,0,2042
Nc1ccc(NC(=O)CCN2CCOCC2)cc1,0,2354
C[C@@H]1CN([C@H](C)CO)C(=O)c2cc(C#CCc3ccccc3)cnc2O[C@H]1CN(C)CC1CCOCC1,0,2689
COc1ccc([Si](C)(C)[C@@H]2[C@@H](CCO)O[C@]3(C(=O)N(Cc4cccc(N5C(=O)COc6ccccc65)c4)c4ccccc43)[C@H]2C)cc1,0,3131
Cc1cc(C)n(C(=O)Cn2cc([N+](=O)[O-])cn2)n1,0,3122
CCCCCOC(=O)Nc1nc(=O)n([C@@H]2O[C@H](C)[C@@H](O)[C@H]2O)cc1F,0,258
Cl.Nc1ccn([C@@H]2O[C@H](CO)[C@@H](O)C2(F)F)c(=O)n1,0,258
Nc1ccn([C@H]2CC[C@@H](CO)O2)c(=O)n1,0,258
O=c1ncccn1[C@@H]1O[C@H](CO)[C@@H](O)[C@H]1O,0,258
COC(=O)N[C@H](C(=O)N[C@@H](Cc1ccccc1)[C@@H](O)CN(Cc1ccc(-c2ccccn2)cc1)NC(=O)[C@@H](NC(=O)OC)C(C)(C)C)C(C)(C)C.O=S(=O)(O)O,0,157
COc1cc2ccc(=O)oc2c(O[C@H]2O[C@@H](CO)[C@@H](O)[C@@H](O)[C@@H]2O)c1O,0,1282
O=C(CCc1ccc(O)cc1)c1c(O)c([C@@H]2O[C@H](CO)[C@@H](O)[C@H](O)[C@H]2O)c(O)c([C@@H]2O[C@H](CO)[C@@H](O)[C@H](O)[C@H]2O)c1O,0,3491
O=C(C[C@H]1NC(=O)NC1=O)Nc1ccccc1,0,1277
CC(C)c1nc(/N=C/N(C)C)nc(=O)n1C,0,3166
c1ccc(/N=C2\S/C(=N\C3CCCCC3)C3=C2CCCC3)cc1,0,2930
O=C(C[C@@H]1CC[C@H](NC(=O)c2cccnc2)[C@@H](CO)O1)NCCN1CCCCC1,0,3052
COc1ccc(C(=O)Nc2ccc(CN3C(=O)[C@]4(O[C@H](CC(=O)N5CCC[C@H]5CO)[C@@H]([Si](C)(C)c5ccc(OC)cc5)[C@@H]4C)c4ccccc43)cc2)cc1,0,1739
COC(=O)c1cc(-c2ccccc2)oc1CN,0,1729
N#Cc1ccc(-c2ccccc2F)o1,0,1729
CN(C)[C@@H](CCOc1cccc2ccccc12)c1ccccc1.Cl,1,409
C=C1O[C@@](CO)(n2cnc3c(N)ncnc32)[C@H](O)[C@@H]1O,1,2708
COCCOC(=O)N1C(=O)[C@@]2(c3cc(C#CCCO)ccc31)[C@H](C(=O)NC[C@H](O)c1ccccc1)[C@H]1C(=O)O[C@H](c3ccccc3)[C@H](c3ccccc3)N1[C@@H]2c1ccc(O)cc1,0,3304
O=C(NCC[C@H]1CC[C@H](NS(=O)(=O)c2cccc(F)c2)[C@H](CO)O1)C1CC1,0,1971
COc1ccccc1S(=O)(=O)N[C@H]1CC[C@H](CCNC(=O)C2CC2)O[C@@H]1CO,0,1971
COc1ccccc1S(=O)(=O)N[C@H]1CC[C@H](CCNC(=O)C2CC2)O[C@H]1CO,0,1971
C[C@@H](NC(=O)C[C@@H]1CC[C@@H](NC(=O)CN2CCOCC2)[C@@H](CO)O1)c1ccccc1,0,1690
C[C@@H](NC(=O)C[C@@H]1CC[C@@H](NC(=O)CN2CCOCC2)[C@H](CO)O1)c1ccccc1,0,1690
C[C@H](NC(=O)C[C@@H]1CC[C@@H](NC(=O)CN2CCOCC2)[C@@H](CO)O1)c1ccccc1,0,1690
C[C@H](NC(=O)C[C@@H]1CC[C@@H](NC(=O)CN2CCOCC2)[C@H](CO)O1)c1ccccc1,0,1690
COC(=O)c1cc(S(=O)(=O)N2CCOCC2)cn1C,0,2508
CO[C@H]1O[C@H](COC(=O)NCCCCCC(=O)NO)[C@H](OC(=O)Nc2ccccc2)[C@H](OC(=O)Nc2ccccc2)[C@H]1OC(=O)Nc1ccccc1,0,3495
O=C(Cc1ccccn1)NCC[C@H]1CC[C@H](NC(=O)CN2CCOCC2)[C@@H](CO)O1,0,2781
O=C(Cc1ccccn1)NCC[C@H]1CC[C@H](NC(=O)CN2CCOCC2)[C@H](CO)O1,0,2781
CC1(C)CC[C@]2(C)CC[C@]3(C)C(=CCC4[C@@]5(C)CC[C@H](O)C(C)(C)C5CC[C@]43C)C2C1,0,204
CC(=O)O[C@H]1CC[C@@]2(C)C(CC[C@]3(C)C2CC=C2C4CC(C)(C)CC[C@]4(C)CC[C@]23C)C1(C)C,0,204
CC1(C)CC[C@]2(C(=O)O)CC[C@]3(C)C(=CCC4[C@@]5(C)CC[C@H](O)[C@@](C)(CO)C5CC[C@]43C)C2C1,1,204
CC1(C)CC[C@]2(C(=O)O)CC[C@]3(C)C(=CCC4[C@@]5(C)CC[C@@H](O)C(C)(C)C5CC[C@]43C)C2C1,0,204
CC(=O)O[C@@H]1CC[C@@]2(C)C(CC[C@]3(C)C2CC=C2C4CC(C)(C)CC[C@]4(C(=O)O)CC[C@]23C)C1(C)C,0,204
C[C@@H]1C2C3=CCC4[C@@]5(C)CC[C@H](O)C(C)(C)C5CC[C@@]4(C)[C@]3(C)CC[C@@]2(C(=O)O)CC[C@H]1C,0,204
O=C1Nc2ccccc2Oc2cc(Sc3ccccc3)ccc21,0,1691
Cc1cc(C)c(NC(=O)[C@@H](N)Cc2ccccc2)c(Cl)c1,0,3116
O=C(C[C@H]1CC[C@@H](NS(=O)(=O)c2ccccc2F)[C@@H](CO)O1)NCCCN1CCOCC1,0,2905
O=C(C[C@H]1CC[C@@H](NS(=O)(=O)c2ccccc2F)[C@H](CO)O1)NCCCN1CCOCC1,0,2905
CO[C@H]1O[C@H](CO)[C@@H](OC(=O)Nc2ccc3c(c2)OCO3)[C@H](OC(=O)Nc2ccc3c(c2)OCO3)[C@@H]1OC(=O)Nc1ccc2c(c1)OCO2,0,2962
COc1ccc(CNc2nc(N3CCC[C@H]3CO)ncc2C(=O)NCc2ncccn2)cc1Cl,0,164
C1CCC(C(CC2CCCCN2)C2CCCCC2)CC1.O=C(O)/C=C\C(=O)O,1,879
Cc1[nH]c(=O)[nH]c(=O)c1S(=O)(=O)N1CCC[C@H](C(=O)NCc2ccc3c(c2)OCO3)C1,0,1513
CCOC(=O)CC(=O)N1CCSC1COc1ccccc1OC,0,779
O=C(N/N=C/c1ccc(CO)o1)c1ccccn1,0,3544
COC(=O)[C@@H]1C[C@H](C#N)N[C@@H]1c1ccco1,0,3710
CSC(=N)Nc1csc(C(F)(F)F)c1-c1ccccc1,0,2456
CSc1scc(-c2cc(Cl)cc(Cl)c2)c1C#N,0,2456
C=CCN1C(=O)[C@@]2(O[C@@H](CCn3cc([C@H](O)c4ccccc4)nn3)[C@H]([Si](C)(C)c3ccc(OC)cc3)[C@H]2C)c2cc(N3C(=O)c4cccc5cccc3c45)ccc21,0,3549
O=C1NS(=O)(=O)c2ccccc21,0,997
CNC(=O)CN1C(=O)c2ccccc2S1(=O)=O,0,997
C[C@]12CCC3C(CC[C@H]4CC(=O)CC[C@]34C)C1CCC2=O,0,32
Cn1cc([C@@]23C[C@]2(C)COC3=O)cn1,0,3685
O=C(NCCO)c1cc2ccccc2c(=O)s1,0,1552
C(=N\C12CN3CN(CN(C3)C1)C2)\c1cccnc1,0,3070
CC(C)CSc1ncnc2scc(-c3ccccc3)c12,0,3594
O=C(C[C@@H]1C[C@@H]2c3cc(NC(=O)NC4CCCC4)ccc3O[C@@H]2[C@@H](CO)O1)NCc1ccc(-c2ccccc2)cc1,0,2181
CCC(C)C(N)C1=NC(C(=O)NC(CC(C)C)C(=O)NC(CCC(=O)O)C(=O)NC(C(=O)NCCCCC2NC(=O)C(CC(N)=O)NC(=O)C(CC(=O)O)NC(=O)C(Cc3c[nH]cn3)NC(=O)C(Cc3ccccc3)NC(=O)C(C(C)CC)NC(=O)C(CCCN)NC2=O)C(C)CC)CS1,0,178
N[C@@H](Cc1ccccc1)c1ccc2c(c1)OCCO2,0,1424
O=C(O)[C@H]1NC(=O)[C@@H]1Cc1ccccc1,0,1435
C[C@@H]1O[C@@H](O[C@H]2[C@H](c3c(O)cc(O)c4c(=O)cc(-c5ccc(O)cc5)oc34)O[C@H](CO)[C@@H](O)[C@@H]2O)[C@H](O)[C@H](O)[C@H]1O,0,1563
O=C1CO[C@@H](c2ccccc2)CN1,0,3058
CO[C@@H](CN(C)C(=O)c1ccccc1F)[C@@H](C)CN([C@@H](C)CO)S(=O)(=O)c1ccc(Cl)cc1,0,2296
CO[C@H](CN(C)C(=O)c1ccccc1F)[C@H](C)CN([C@@H](C)CO)S(=O)(=O)c1ccc(Cl)cc1,0,2296
CO[C@H](CN(C)C(=O)c1ccccc1F)[C@@H](C)CN([C@H](C)CO)S(=O)(=O)c1ccc(Cl)cc1,0,2296
Cc1c(C(=O)O)sc2[nH]cnc(=O)c12,0,2631
Cc1c(C(N)=O)sc2[nH]cnc(=O)c12,0,2631
Cn1cnc(S(=O)(=O)N[C@@H]2CC[C@H](CC(=O)NCC3CC3)O[C@H]2CO)c1,0,2377
Cn1cnc(S(=O)(=O)N[C@@H]2CC[C@H](CC(=O)NCC3CC3)O[C@@H]2CO)c1,0,2377
O=C(C[C@H]1C=C[C@@H](NC(=O)CN2CCOCC2)[C@H](CO)O1)NCCc1ccccc1,0,2372
O=C(C[C@H]1C=C[C@@H](NC(=O)CN2CCOCC2)[C@@H](CO)O1)NCCc1ccccc1,0,2372
O=C(C[C@H]1C=C[C@H](NS(=O)(=O)c2ccc(F)cc2)[C@H](CO)O1)N1CCC(Cc2ccccc2)CC1,1,1647
COc1ccc(S(=O)(=O)N[C@H]2C=C[C@H](CC(=O)N3CCC(Cc4ccccc4)CC3)O[C@@H]2CO)cc1,1,1647
O=C(C[C@H]1C=C[C@H](NS(=O)(=O)c2ccc(F)cc2)[C@@H](CO)O1)N1CCC(Cc2ccccc2)CC1,1,1647
COc1ccc(S(=O)(=O)N[C@H]2C=C[C@H](CC(=O)N3CCC(Cc4ccccc4)CC3)O[C@H]2CO)cc1,1,1647
CN1CCN(c2cc3c(cc2F)c(=O)c(C(=O)O)cn3-c2ccc(F)cc2)CC1.Cl,1,450
Cl.O=C(O)c1cn(-c2ccc(F)cc2)c2cc(N3CCNCC3)c(F)cc2c1=O,1,450
O=C(c1ccc(Cl)cc1)c1coc2c1cc(O)c1ccccc12,0,2394
COCCNC(=O)C[C@@H]1CC[C@H]2[C@@H](COC[C@H](O)CN2C(=O)Nc2ccc3c(c2)OCO3)O1,0,3318
COC(=O)Nc1nc2cc(C(=O)c3ccc(F)cc3)ccc2[nH]1,0,562
COC(=O)Nc1nc2cc(C(=O)c3ccccc3)ccc2[nH]1,0,562
C[C@H]1CN([C@@H](C)CO)C(=O)CCCn2nncc2CO[C@@H]1CN(C)C(=O)Nc1ccc2c(c1)OCO2,0,2437
C=CC[C@@H](CC(=O)N(CCO)Cc1ccccc1)C(=O)N[C@@H](COC(=O)[C@H](CC=C)Cc1ccc(F)cc1)Cc1c[nH]c2ccccc12,0,2734
C=CCC[C@@H](Cc1ccc(F)cc1)C(=O)OC[C@@H](Cc1c[nH]c2ccccc12)NC(=O)[C@H](CC=C)CC(=O)N(CCO)Cc1ccccc1,0,2734
OC[C@H]1O[C@H](O[C@@H]2[C@@H](CO)O[C@@H](O)[C@H](O)[C@H]2O)[C@H](O)[C@@H](O)[C@@H]1O,0,403
CN1CCN(c2c(F)cc3c(=O)c(C(=O)O)cn4c3c2OCN4C)CC1,1,733
CC1CC[C@]2(NC1)O[C@H]1CC3C4CC[C@H]5C[C@@H](O)CC[C@]5(C)C4CC[C@]3(C)[C@H]1[C@@H]2C.Cl,0,1103
CCN(CC)CCc1nc(-c2ccccc2)no1.O=C(O)CC(O)(CC(=O)O)C(=O)O,0,851
NNC(=O)c1nc(-c2ccccc2)no1,0,851
CC[n+]1c(-c2ccccc2)c2cc(N)ccc2c2ccc(N)cc21.[Br-],0,628
O=c1c(-c2nn[nH]n2)coc2ccccc12,0,2809
CO/N=C(/C(=O)N[C@@H]1C(=O)N2C(C(=O)[O-])=C(CSc3nc(=O)c([O-])nn3C)CS[C@H]12)c1csc(N)n1.O.O.O.[Na+].[Na+],1,297
CN1CCCCC1c1ccc(-c2cccnc2)nc1.Cl,0,120
NS(=O)(=O)Cc1noc2ccccc12,0,1168
C[C@@H](NC(=O)C[C@H]1CC[C@H](NC(=O)CN2CCOCC2)[C@@H](CO)O1)c1ccccc1,0,2541
C[C@H](NC(=O)C[C@H]1CC[C@H](NC(=O)CN2CCOCC2)[C@@H](CO)O1)c1ccccc1,0,2541
O=C(C[C@H]1CC[C@H](NC(=O)CN2CCOCC2)[C@@H](CO)O1)NCc1cccc(F)c1,0,2541
O=C(CN1CCOCC1)N[C@@H]1CC[C@@H](CCNC(=O)Nc2cc(F)ccc2F)O[C@@H]1CO,0,1556
O=C(C[C@H]1CC[C@H](NS(=O)(=O)c2ccccc2F)[C@H](CO)O1)NCCCN1CCOCC1,0,2848
O=C(C[C@H]1CC[C@H](NS(=O)(=O)c2ccccc2F)[C@@H](CO)O1)NCCCN1CCOCC1,0,2848
CN[C@@H]1C(O)[C@@H](O[C@@H]2[C@@H](O)[C@H](O[C@H]3OC(CN)=CC[C@H]3N)[C@@H](N)C[C@H]2N)OC[C@]1(C)O.O=S(=O)(O)O,0,1017
COc1ccc(CCNC(=O)[C@@H]2c3ccccc3C(=O)N(CC34CC5CC(CC(C5)C3)C4)[C@H]2c2ccc(CO)cc2)cc1,0,2976
CC(C)(C)NCC(O)COc1cccc2c1C[C@H](O)[C@H](O)C2,0,796
NC[C@H]1CCCc2ccc(Cl)cc21,1,796
Cc1ccc(S(=O)(=O)n2cc([C@H]3CC(=O)N(C(=O)OCc4ccccc4)[C@H]3C(=O)Nc3cccc4cccnc34)c3ccccc32)cc1,0,1740
CN(C)Cc1cn(CC[C@@H]2CC[C@@H](NC(=O)Cc3cccnc3)[C@@H](CO)O2)nn1,0,2539
CN(C)Cc1cn(CC[C@@H]2CC[C@@H](NC(=O)Cc3cccnc3)[C@H](CO)O2)nn1,0,2539
Cc1ccc(S[C@]2(C(=O)NCCN3CCOCC3)CC(=O)N(Cc3cc(C(F)(F)F)cc(C(F)(F)F)c3)[C@@H]2c2ccc(CO)cc2)cc1,0,2901
O=C(C[C@H]1CC[C@@H]2[C@H](COC[C@H](O)CN2C(=O)c2ccc3c(c2)OCO3)O1)NC1Cc2ccccc2C1,0,2293
C[C@H](NC(=O)C[C@H]1C[C@@H]2c3cc(NC(=O)Nc4ccc(C(F)(F)F)cc4)ccc3O[C@@H]2[C@@H](CO)O1)c1ccccc1,0,3168
Cc1ccc(S(=O)(=O)NCCOc2nc(N(C)C)nc(N3CCOCC3)n2)cc1,0,3691
O=C(C[C@@H]1C[C@H]2c3cc(NC(=O)c4ccc5c(c4)OCO5)ccc3O[C@H]2[C@H](CO)O1)NCc1ccccn1,0,2627
COc1oc(C(=O)NC2CCCCC2)c(-c2ccc(Cl)cc2)c1S(=O)(=O)/C=C/c1ccccc1,0,2132
CC(C)CC(NC(=O)C(C)NC(=O)CNC(=O)C(NC=O)C(C)C)C(=O)NC(C)C(=O)NC(C(=O)NC(C(=O)NC(C(=O)NC(Cc1c[nH]c2ccccc12)C(=O)NC(CC(C)C)C(=O)NC(Cc1c[nH]c2ccccc12)C(=O)NC(CC(C)C)C(=O)NC(Cc1c[nH]c2ccccc12)C(=O)NC(CC(C)C)C(=O)NC(Cc1c[nH]c2ccccc12)C(=O)NCCO)C(C)C)C(C)C)C(C)C,0,606
O=C(N[C@H]1CC[C@H](CCNS(=O)(=O)c2ccccc2)O[C@@H]1CO)c1cnccn1,0,3041
C[C@H]1CCc2c(sc(/N=C/C=C/c3ccccc3)c2C#N)C1,0,1348
Cc1coc2c1C(=O)C(=O)c1c-2ccc2c1CCCC2(C)C,0,1059
O=C(O)CC1(n2cnnn2)CCSCC1,0,2243
c1ccc(Nc2ncnc3sc(-c4ccccc4)cc23)cc1,0,3681
COc1ccc(CCNC(=O)[C@@]2(Sc3ccc(C)cc3)CC(=O)N(Cc3cc(C(F)(F)F)cc(C(F)(F)F)c3)[C@@H]2c2ccc(CO)cc2)cc1,0,1809
CCN1CCCC1CNC(=O)c1cc(S(=O)(=O)CC)c(N)cc1OC,0,106
CCN1CCCC1CNC(=O)c1cc(S(N)(=O)=O)ccc1OC,0,106
O=C(C[C@@H]1C=C[C@@H](NC(=O)Cc2ccccn2)[C@H](CO)O1)NCCc1ccncc1,0,2315
O=C(C[C@@H]1C=C[C@@H](NC(=O)Cc2ccccn2)[C@@H](CO)O1)NCCc1ccncc1,0,2315
O=C(Nc1ccno1)NN1CCOCC1,0,3344
O=C(C[C@H]1C[C@@H]2c3cc(NC(=O)C4CCOCC4)ccc3O[C@@H]2[C@H](CO)O1)NCc1cc(F)ccc1F,0,1912
COc1ccccc1CNC(=O)C[C@H]1C[C@@H]2c3cc(NC(=O)C4CCOCC4)ccc3O[C@@H]2[C@@H](CO)O1,0,1912
O=C(C[C@H]1CC[C@H]2[C@@H](COC[C@@H](O)CN2C(=O)c2ccc3c(c2)OCO3)O1)NCCN1CCCC1,0,3607
COc1ccc2c(=O)ccoc2c1,0,38
O=C(O)c1cc(=O)c2ccccc2o1,0,38
COc1cc(O)c2c(=O)cc(C)oc2c1CC=C(C)C,0,38
CC(C)=CCc1c(O)cc2oc(C)cc(=O)c2c1O,0,38
Cn1c(=O)c(=O)n(C)c2cc(S(=O)(=O)CCC(=O)NCc3ccccc3)ccc21,0,2553
Cc1c(C#N)c(Sc2ccccc2Cl)nc2ccccc12,0,3449
CCN1OCN(c2nc(N(C)C)nc(N(C)C)n2)C1=N,0,3354
Cc1ccc(Cn2nnc3c(=O)n(CC(N)=O)cnc32)cc1,0,3179
c1cn(-c2ccc(-n3ccnc3)nn2)cn1,0,3442
C[C@H]1C(=O)O[C@@H]2CCN3CC=C(COC(=O)[C@](C)(O)[C@]1(C)O)[C@H]23,0,3119
CN1C(=O)[C@@]23C[C@]4([C@@]56C[C@]78SS[C@](CO)(C(=O)N7[C@@H]5Nc5ccccc56)N(C)C8=O)c5ccccc5N[C@H]4N2C(=O)[C@@]1(CO)SS3,1,1482
CC(C)c1ccc2c(ccc[n+]2C)c1,0,2991
Cc1cccc(Oc2ccc(NC(=O)C3CCC(C)CC3)cc2)c1,0,2401
C[C@]12CCC3C(C1[C@@H]1C[C@@H]1[C@@]21CCC(=O)O1)[C@H]1C[C@H]1C1=CC(=O)CC[C@@]13C,0,489
O=C(OCc1ccccc1)c1cccnc1,0,197
Cc1c2occ(C(C)(C)C)c2cc2c3c(c(=O)oc12)CCCC3,0,3606
COc1ccc(C#Cc2ccc3c(c2)[C@]2(C(=O)N3)[C@H](c3ccc(O)cc3)N3[C@H](c4ccccc4)[C@H](c4ccccc4)OC(=O)[C@H]3[C@@H]2C(=O)O)cc1,0,3076
C=CCNC(=O)[C@H]1[C@@H]2C(=O)O[C@@H](c3ccccc3)[C@@H](c3ccccc3)N2[C@@H](c2ccc(O)cc2)[C@]12C(=O)Nc1ccc(C#Cc3ccc(OC)cc3)cc12,0,3076
C[C@]1(C(=O)NCc2ccccc2)c2ccccc2C(=O)N(Cc2ccccc2)[C@H]1c1ccc(COC(=O)NCCCCCC(=O)NO)cc1,1,3311
C=C1CC2C3C=C(C)C4=CC(=O)CC[C@]4(C)C3CC[C@]2(C)[C@@]1(OC(C)=O)C(C)=O,0,738
CC(C)(C)OC(=O)CC[C@]1(C(=O)NC[C@@H](O)CO)COC(c2ccc(OCCCO)cc2)=N1,0,1442
Cc1cc(C)cc(OCC2CNC(=O)O2)c1,0,750
COc1cccc(NC(=O)N[C@@H]2C=C[C@H](CC(=O)N3CCN(C)CC3)O[C@H]2CO)c1,0,3516
CN1CCCN(C[C@@]2(O)CCNC2)CC1,0,1464
O=c1n(-c2ccc(F)cc2)nc2n1CCCN2,0,3391
CCOC(=O)[N-]c1c[n+](N2CCOCC2)no1,0,781
CC1(C)C(=O)C=C[C@@]2(C)C1CC(=O)[C@]1(C)C2CC[C@@]2(C)[C@H](c3ccoc3)OC(=O)[C@H]3O[C@]321,0,412
ON/C=N\c1nonc1-c1cccnc1,0,2769
CC(C)c1nc(N(C)S(C)(=O)=O)nc(-c2ccc(F)cc2)c1/C=C/[C@@H](O)C[C@@H](O)CC(=O)[O-].[Ca+2],0,989
COc1cccc(NC(=O)N[C@@H]2C=C[C@H](CC(=O)N3CCOCC3)O[C@H]2CO)c1,0,1932
COc1ccc([Si](C)(C)[C@H]2[C@H](CC(=O)N(CCO)Cc3ccccc3)O[C@@]3(C(=O)N(C)c4c(Br)cc(C)cc43)[C@@H]2C)cc1,1,3564
C=CC1=C(C(=O)O)N2C(=O)C(NC(=O)/C(=N/OCC(=O)O)c3csc(N)n3)C2SC1,0,286
CSc1ccc2c(c1)N(CCC1CCCCN1C)c1ccccc1S2.Cl,0,1084
C[C@@H](NC(=O)C[C@H]1C=C[C@H](NC(=O)CN2CCOCC2)[C@@H](CO)O1)c1ccccc1,0,1812
O=C(C[C@H]1C=C[C@H](NC(=O)CN2CCOCC2)[C@H](CO)O1)NCc1cccc(F)c1,0,1812
O=C(C[C@H]1C=C[C@H](NC(=O)CN2CCOCC2)[C@@H](CO)O1)NCc1cccc(F)c1,0,1812
C[C@H](NC(=O)C[C@H]1C=C[C@H](NC(=O)CN2CCOCC2)[C@@H](CO)O1)c1ccccc1,0,1812
O=C1O[Bi](O)Oc2ccccc21,0,222
COc1ccc([Si](C)(C)[C@H]2[C@H](CCn3cc([C@H](O)c4ccccc4)nn3)O[C@@]3(C(=O)N(c4ccccc4)c4ccccc43)[C@@H]2C)cc1,0,2778
C[C@@H]1CN([C@H](C)CO)S(=O)(=O)c2ccc(C#CCN(C)C)cc2O[C@H]1CN(C)C,0,1590
COCC(=O)N(C)C[C@@H]1Oc2cc(C#CCN(C)C)ccc2S(=O)(=O)N([C@@H](C)CO)C[C@@H]1C,0,1590
C[C@H]1CN([C@H](C)CO)S(=O)(=O)c2ccc(C#CCN(C)C)cc2O[C@H]1CN(C)C,0,1590
COCC#Cc1ccc2c(c1)O[C@H](CN(C)C(=O)CN(C)C)[C@@H](C)CN([C@@H](C)CO)S2(=O)=O,0,1590
CC(=O)N(C)C[C@@H]1Oc2cc(C#CCN(C)C)ccc2S(=O)(=O)N([C@H](C)CO)C[C@H]1C,0,1590
COCC#Cc1ccc2c(c1)O[C@@H](CN(C)S(C)(=O)=O)[C@@H](C)CN([C@H](C)CO)S2(=O)=O,0,1590
COCC(=O)N(C)C[C@H]1Oc2cc(C#C[C@H](C)O)ccc2S(=O)(=O)N([C@H](C)CO)C[C@@H]1C,0,1590
COCC(=O)N(C)C[C@@H]1Oc2cc(C#C[C@H](C)O)ccc2S(=O)(=O)N([C@@H](C)CO)C[C@H]1C,0,1590
COCC(=O)N(C)C[C@@H]1Oc2cc(C#CC(C)(C)O)ccc2S(=O)(=O)N([C@H](C)CO)C[C@H]1C,0,1590
C[C@H]1CN([C@H](C)CO)S(=O)(=O)c2ccc(C#C[C@@H](C)O)cc2O[C@H]1CN(C)C,0,1590
C[C@@H]1CN([C@H](C)CO)S(=O)(=O)c2ccc(C#CC(C)(C)O)cc2O[C@H]1CN(C)C(=O)CN(C)C,1,1590
COCC(=O)N(C)C[C@H]1Oc2cc(C#CC(C)(C)O)ccc2S(=O)(=O)N([C@H](C)CO)C[C@@H]1C,0,1590
C[C@@H](CO)N1C[C@@H](C)[C@H](CN(C)C)Oc2cc(C#C[C@@H](C)O)ccc2S1(=O)=O,0,1590
COCC#Cc1ccc2c(c1)O[C@@H](CN(C)S(C)(=O)=O)[C@@H](C)CN([C@@H](C)CO)S2(=O)=O,0,1590
C[C@@H](CO)N1C[C@@H](C)[C@H](CN(C)C(=O)CN(C)C)Oc2cc(C#CC(C)(C)O)ccc2S1(=O)=O,0,1590
COCC#Cc1ccc2c(c1)O[C@H](CN(C)S(C)(=O)=O)[C@H](C)CN([C@H](C)CO)S2(=O)=O,0,1590
COCC#Cc1ccc2c(c1)O[C@H](CN(C)S(C)(=O)=O)[C@@H](C)CN([C@@H](C)CO)S2(=O)=O,0,1590
COCC#Cc1ccc2c(c1)O[C@H](CN(C)C(=O)CN(C)C)[C@H](C)CN([C@H](C)CO)S2(=O)=O,0,1590
C[C@H]1CN([C@H](C)CO)S(=O)(=O)c2ccc(C#CCN(C)C)cc2O[C@H]1CN(C)S(C)(=O)=O,0,1590
COCC(=O)N(C)C[C@H]1Oc2cc(C#CCN(C)C)ccc2S(=O)(=O)N([C@H](C)CO)C[C@H]1C,0,1590
C[C@@H](CO)N1C[C@@H](C)[C@@H](CN(C)C)Oc2cc(C#C[C@@H](C)O)ccc2S1(=O)=O,0,1590
C[C@H]1CN([C@@H](C)CO)S(=O)(=O)c2ccc(C#CCN(C)C)cc2O[C@H]1CN(C)C(=O)CN(C)C,0,1590
C[C@@H](CO)N1C[C@@H](C)[C@@H](CN(C)C(=O)CN(C)C)Oc2cc(C#C[C@@H](C)O)ccc2S1(=O)=O,0,1590
COCC#Cc1ccc2c(c1)O[C@@H](CN(C)C(=O)COC)[C@H](C)CN([C@@H](C)CO)S2(=O)=O,0,1590
COCC(=O)N(C)C[C@@H]1Oc2cc(C#CCN(C)C)ccc2S(=O)(=O)N([C@H](C)CO)C[C@H]1C,0,1590
CNC[C@@H]1Oc2cc(C#CC(C)(C)O)ccc2S(=O)(=O)N([C@@H](C)CO)C[C@@H]1C,0,1590
COCC#Cc1ccc2c(c1)O[C@H](CN(C)C(=O)CN(C)C)[C@@H](C)CN([C@H](C)CO)S2(=O)=O,0,1590
C[C@H](O)C#Cc1ccc2c(c1)O[C@H](CN(C)C(=O)CN(C)C)[C@@H](C)CN([C@H](C)CO)S2(=O)=O,0,1590
COCC#Cc1ccc2c(c1)O[C@@H](CN(C)C(=O)COC)[C@@H](C)CN([C@@H](C)CO)S2(=O)=O,0,1590
COCC(=O)N(C)C[C@@H]1Oc2cc(C#CC(C)(C)O)ccc2S(=O)(=O)N([C@@H](C)CO)C[C@@H]1C,0,1590
CC(=O)N(C)C[C@H]1Oc2cc(C#CCN(C)C)ccc2S(=O)(=O)N([C@H](C)CO)C[C@H]1C,0,1590
C[C@@H]1CN([C@H](C)CO)S(=O)(=O)c2ccc(C#CCN(C)C)cc2O[C@@H]1CN(C)C,0,1590
CC(=O)N(C)C[C@H]1Oc2cc(C#CCN(C)C)ccc2S(=O)(=O)N([C@H](C)CO)C[C@@H]1C,0,1590
CC(=O)N(C)C[C@@H]1Oc2cc(C#CCN(C)C)ccc2S(=O)(=O)N([C@H](C)CO)C[C@@H]1C,0,1590
COCC#Cc1ccc2c(c1)O[C@@H](CN(C)C(=O)COC)[C@@H](C)CN([C@H](C)CO)S2(=O)=O,0,1590
C[C@H]1CN([C@@H](C)CO)S(=O)(=O)c2ccc(C#CCN(C)C)cc2O[C@@H]1CN(C)C(=O)CN(C)C,0,1590
C[C@H](O)C#Cc1ccc2c(c1)O[C@@H](CN(C)C(=O)CN(C)C)[C@@H](C)CN([C@H](C)CO)S2(=O)=O,0,1590
C[C@@H](CO)N1C[C@@H](C)[C@@H](CN(C)C(=O)CN(C)C)Oc2cc(C#CCN(C)C)ccc2S1(=O)=O,0,1590
COCC#Cc1ccc2c(c1)O[C@H](CN(C)C(=O)COC)[C@H](C)CN([C@H](C)CO)S2(=O)=O,0,1590
CNC[C@H]1Oc2cc(C#CCN(C)C)ccc2S(=O)(=O)N([C@@H](C)CO)C[C@H]1C,0,1590
CC(=O)N(C)C[C@@H]1Oc2cc(C#CCN(C)C)ccc2S(=O)(=O)N([C@@H](C)CO)C[C@H]1C,0,1590
C[C@H]1CN([C@@H](C)CO)S(=O)(=O)c2ccc(C#C[C@@H](C)O)cc2O[C@H]1CN(C)C,0,1590
C[C@H](O)C#Cc1ccc2c(c1)O[C@@H](CN(C)C)[C@@H](C)CN([C@H](C)CO)S2(=O)=O,0,1590
C[C@@H]1CN([C@H](C)CO)S(=O)(=O)c2ccc(C#CCN(C)C)cc2O[C@@H]1CN(C)C(=O)CN(C)C,0,1590
CNC[C@@H]1Oc2cc(C#CC(C)(C)O)ccc2S(=O)(=O)N([C@@H](C)CO)C[C@H]1C,0,1590
COCC#Cc1ccc2c(c1)O[C@H](CN(C)C(=O)COC)[C@H](C)CN([C@@H](C)CO)S2(=O)=O,0,1590
C[C@@H](CO)N1C[C@@H](C)[C@H](CN(C)C(=O)CN(C)C)Oc2cc(C#CCN(C)C)ccc2S1(=O)=O,0,1590
C[C@H]1CN([C@@H](C)CO)S(=O)(=O)c2ccc(C#CC(C)(C)O)cc2O[C@@H]1CN(C)C(=O)CN(C)C,0,1590
C[C@@H](CO)N1C[C@@H](C)[C@H](CN(C)C(=O)CN(C)C)Oc2cc(C#C[C@@H](C)O)ccc2S1(=O)=O,0,1590
C[C@H]1CN([C@@H](C)CO)S(=O)(=O)c2ccc(C#C[C@@H](C)O)cc2O[C@@H]1CN(C)C,0,1590
COCC(=O)N(C)C[C@H]1Oc2cc(C#CC(C)(C)O)ccc2S(=O)(=O)N([C@H](C)CO)C[C@H]1C,0,1590
C[C@H]1CN([C@@H](C)CO)S(=O)(=O)c2ccc(C#CCN(C)C)cc2O[C@@H]1CN(C)S(C)(=O)=O,0,1590
C[C@@H]1CN([C@H](C)CO)S(=O)(=O)c2ccc(C#CCN(C)C)cc2O[C@@H]1CN(C)S(C)(=O)=O,0,1590
C[C@H](O)C#Cc1ccc2c(c1)O[C@@H](CN(C)C(=O)CN(C)C)[C@@H](C)CN([C@@H](C)CO)S2(=O)=O,0,1590
C[C@@H](O)C#Cc1ccc2c(c1)O[C@H](CN(C)C)[C@H](C)CN([C@H](C)CO)S2(=O)=O,0,1590
C[C@@H](CO)N1C[C@@H](C)[C@@H](CN(C)S(C)(=O)=O)Oc2cc(C#CCN(C)C)ccc2S1(=O)=O,0,1590
C[C@H]1CN([C@@H](C)CO)S(=O)(=O)c2ccc(C#CC(C)(C)O)cc2O[C@H]1CN(C)C(=O)CN(C)C,0,1590
COCC#Cc1ccc2c(c1)O[C@@H](CN(C)C(=O)CN(C)C)[C@@H](C)CN([C@H](C)CO)S2(=O)=O,0,1590
COCC(=O)N(C)C[C@H]1Oc2cc(C#CCN(C)C)ccc2S(=O)(=O)N([C@@H](C)CO)C[C@@H]1C,0,1590
C[C@H](O)C#Cc1ccc2c(c1)O[C@H](CN(C)C(=O)CN(C)C)[C@H](C)CN([C@H](C)CO)S2(=O)=O,0,1590
C[C@H]1CN([C@H](C)CO)S(=O)(=O)c2ccc(C#CCN(C)C)cc2O[C@H]1CN(C)C(=O)CN(C)C,0,1590
O=C1O[C@@H](c2ccccc2)[C@@H](c2ccccc2)N2[C@@H](c3ccc(O)cc3)[C@]3(C(=O)Nc4ccc(C#CC5(O)CCCCCC5)cc43)[C@@H](C(=O)N3CCN(c4ncccn4)CC3)[C@H]12,0,2283
COCCOC(=O)N1C(=O)[C@@]2(c3cc(C#CC4(O)CCCCCC4)ccc31)[C@H](c1ccc(OCCO)cc1)N1[C@H](c3ccccc3)[C@H](c3ccccc3)OC(=O)[C@H]1[C@@H]2C(=O)N1CCN(c2ncccn2)CC1,0,2283
O=C(COc1ccccc1)Nc1nn[nH]n1,0,3404
Cc1cccc(-c2nc3ccccc3n2CCC(C)C)c1,1,3400
COc1ccccc1C#Cc1ccc2c(c1)O[C@H](CN(C)Cc1cccnc1)[C@@H](C)CN([C@H](C)CO)S2(=O)=O,0,2189
O=C(C[C@@H]1C=C[C@H](NC(=O)CN2CCOCC2)[C@H](CO)O1)NC1CCC1,0,3245
O=C(C[C@@H]1C=C[C@H](NC(=O)CN2CCOCC2)[C@@H](CO)O1)NC1CCC1,0,3245
C=CCOC(=O)[C@H]1[C@@H]2C(=O)O[C@@H](c3ccccc3)[C@@H](c3ccccc3)N2[C@@H](c2ccc(OCCOC(=O)[C@H]3C[C@H]4C(=O)N[C@@H](Cc5ccccc5)C(=O)N4[C@H]3c3cccc(OCCO)c3)cc2)[C@]12C(=O)Nc1ccc(I)cc12,0,1933
C=CCOC(=O)[C@H]1[C@@H]2C(=O)O[C@@H](c3ccccc3)[C@@H](c3ccccc3)N2[C@@H](c2ccc(OCCOC(=O)[C@H]3C[C@H]4C(=O)N[C@@H](Cc5ccccc5)C(=O)N4[C@H]3c3ccc(O)cc3)cc2)[C@]12C(=O)Nc1ccc(I)cc12,0,1933
N=C(N)c1ccc(OCCCCCOc2ccc(C(=N)N)cc2)cc1.O=S(=O)(O)CCO.O=S(=O)(O)CCO,0,875
CC/C=C\CC1=C(C)CCC1=O,0,671
COc1ccc([Si](C)(C)[C@@H]2[C@@H](CC(=O)N3Cc4ccccc4C[C@H]3CO)O[C@]3(C(=O)N(Cc4ccc(N5CCC5=O)cc4)c4ccccc43)[C@H]2C)cc1,1,1634
COC1=CC(=O)OC(/C=C/c2ccccc2)C1,0,677
CN[C@H]1[C@H]2CN3CC[C@@H](O2)[C@@H]13,0,1288
C[C@@H]1COC(=O)N1,0,2635
C[C@H]1CNC(=O)O1,0,2635
Cl.O=C1CC2(CCCC2)CC(=O)N1CCCCN1CCN(c2ncccn2)CC1,0,242
COc1ccc([Si](C)(C)[C@H]2[C@H](CC(=O)N3CCC[C@H]3CO)O[C@@]3(C(=O)N(Cc4cccc(N5CCCCC5=O)c4)c4ccccc43)[C@@H]2C)cc1,0,3188
N[C@@H]1CC[C@@H](CCn2cc(C3(O)CCCC3)nn2)O[C@H]1CO,0,2668
O=C(C[C@H]1CC[C@@H]2[C@H](COC[C@@H](O)CN2Cc2cc(F)ccc2F)O1)N[C@H]1CCN(Cc2ccccc2)C1,0,3189
O=C(C[C@H]1CC[C@H]2[C@@H](COC[C@H](O)CN2C(=O)c2ccccc2)O1)NCCCN1CCOCC1,0,2465
O=C(C[C@H]1CC[C@@H](NC(=O)c2cccnc2)[C@@H](CO)O1)NCCN1CCCCC1,0,2844
CC[C@H]1OC(=O)C[C@@H](O)[C@H](C)[C@@H](O[C@@H]2O[C@H](C)[C@@H](O[C@H]3C[C@@](C)(O)[C@@H](O)[C@H](C)O3)[C@H](N(C)C)[C@H]2O)[C@@H](CC=O)C[C@@H](C)C(=O)/C=C/C(C)=C/[C@@H]1CO[C@@H]1O[C@H](C)[C@@H](O)[C@@H](OC)[C@H]1OC.O=C(O)[C@H](O)[C@@H](O)C(=O)O,0,1132
Cc1cccc(N[C@H]2CS(=O)(=O)C[C@@H]2O)c1,0,1248
O=C(C[C@H]1CC[C@H]2[C@@H](COC[C@@H](O)CN2C(=O)Nc2ccc(Cl)cc2)O1)NCCc1ccncc1,0,3333
CC(COc1ccccc1)N(CCCl)Cc1ccccc1.Cl,0,886
Cc1ccc(S(=O)(=O)C[C@H](C)N2CCOCC2)c(S(=O)(=O)C[C@@H](C)N2CCOCC2)c1,0,1376
N#Cc1ncoc1N1CCC(C(N)=O)CC1,0,2176
FC(F)(F)c1ccccc1/N=C1\CCCc2ccccc21,1,3562
CCC[C@@H]1C[C@@H](C(=O)N[C@@H]([C@H](C)O)[C@H]2O[C@H](SC)[C@H](O)[C@@H](O)[C@H]2O)N(C)C1.Cl,0,712
CCC[C@@H]1C[C@@H](C(=O)N[C@@H]([C@@H](C)Cl)[C@H]2O[C@H](SC)[C@H](O)[C@@H](O)[C@H]2O)N(C)C1,1,712
CC(C)(C)[C@H]1COC(=O)[C@@H](NC(=O)OCC2c3ccccc3-c3ccccc32)CC=CC[C@@H](CC(=O)N[C@H](CO)Cc2ccccc2)C(=O)N1,0,2765
C[C@H]1CN([C@@H](C)CO)C(=O)c2cc(-c3cccc(C(=O)N(C)C)c3)cnc2O[C@H]1CN(C)S(=O)(=O)c1cccc(F)c1,0,1957
C=CC[C@@H](CC(=O)N(CCO)Cc1ccccc1)C(=O)N[C@H](COC(=O)[C@H](CC=C)CC(=O)OC(C)(C)C)Cc1c[nH]c2ccccc12,0,2464
C=CC[C@@H](CC(=O)N(CCO)Cc1ccccc1)C(=O)N[C@@H](COC(=O)[C@H](CC=C)CC(=O)OC(C)(C)C)Cc1c[nH]c2ccccc12,0,2464
C=CC[C@@H](CC(=O)OC(C)(C)C)C(=O)OC[C@H](Cc1c[nH]c2ccccc12)NC(=O)[C@H](CC=C)CC(=O)N(CCO)Cc1ccccc1,0,2464
C=CC[C@H](CC(=O)N(CCO)Cc1ccccc1)C(=O)N[C@@H](COC(=O)[C@H](CC=C)CC(=O)OC(C)(C)C)Cc1c[nH]c2ccccc12,0,2464
C=CC[C@@H](CC(=O)N(CCO)Cc1ccccc1)C(=O)N[C@H](COC(=O)[C@@H](CC=C)CC(=O)OC(C)(C)C)Cc1c[nH]c2ccccc12,0,2464
NC(=O)c1ncn([C@@H]2O[C@H](CO)[C@@H](O)[C@H]2O)c1O,0,776
NC(=O)c1ncn([C@@H]2O[C@H](CO)[C@@H](O)[C@H]2O)c1N,0,776
NC1CCN(C(=O)c2c[nH]c3ccccc23)CC1,0,1688
C/C(=C\C(=O)OCCCCCCCCC(=O)O)C[C@@H]1OC[C@H](C[C@@H]2O[C@H]2[C@@H](C)[C@H](C)O)[C@@H](O)[C@H]1O,0,792
Clc1nc(N2CCNCC2)c2[nH]cnc2n1,0,3287
CC(=O)N1CCN(c2ncnc3nc[nH]c23)CC1,0,3287
C[C@H]1[C@H]([Si](C)(C)F)[C@@H](CCO)O[C@]12C(=O)N(Cc1cccc(N3C(=O)COc4ccccc43)c1)c1ccccc12,0,2438
C[C@@H]1CC(=O)NN=C1c1ccc(NN=C(C#N)C#N)cc1,0,707
Cl.Clc1ccc(Cn2c(CN3CCCC3)nc3ccccc32)cc1,1,349
C=C(C)[C@H]1CN[C@H](C(=O)O)[C@@H]1CC(=O)O,0,1305
CC(=O)N1C[C@@H](O)C[C@H]1C(=O)O,0,1305
O=C(O)[C@@H]1CCCN1,0,1305
CCO/N=[N+](\[O-])N1CCCC1,1,1305
C[C@H](CS)C(=O)N1CCC[C@H]1C(=O)O,0,1305
CN1CCC[C@H]1CO,0,1305
NSC(=S)N1CCCC1,0,1305
O=C(O)[C@@H]1C[C@H](C(F)(F)F)CN1,0,1305
[N-]=[N+]=NCc1ccccc1C[C@]1(C(=O)NCCN2CCOCC2)COC(c2ccc(OCCCO)cc2)=N1,1,3316
O=C(O)COc1nn(Cc2ccccc2)c2ccccc12,0,186
CN(C)CCCOc1nn(Cc2ccccc2)c2ccccc12.Cl,0,186
CSc1nc2cc(Cl)c(Oc3cccc(Cl)c3Cl)cc2[nH]1,0,1115
C[C@H](O)C#Cc1ccc2c(c1)O[C@@H](CN(C)C(=O)C1CCCCC1)[C@H](C)CN([C@H](C)CO)S2(=O)=O,0,1527
C[C@H](O)C#Cc1ccc2c(c1)O[C@@H](CN(C)C(=O)C1CCCCC1)[C@@H](C)CN([C@H](C)CO)S2(=O)=O,0,1527
C[C@H]1CN([C@H](C)CO)S(=O)(=O)c2ccc(Br)cc2O[C@H]1CN(C)C(=O)C1CCCCC1,0,1527
COCC#Cc1ccc2c(c1)O[C@@H](CN(C)C(=O)C1CCCCC1)[C@@H](C)CN([C@H](C)CO)S2(=O)=O,0,1527
C[C@H]1CN([C@@H](C)CO)S(=O)(=O)c2ccc(C#C[C@@H](C)O)cc2O[C@H]1CN(C)C(=O)C1CCCCC1,0,1527
C[C@H]1CN([C@@H](C)CO)S(=O)(=O)c2ccc(Br)cc2O[C@H]1CN(C)C(=O)C1CCCCC1,0,1527
C[C@H]1CN([C@@H](C)CO)S(=O)(=O)c2ccc(C#CC(C)(C)O)cc2O[C@H]1CN(C)C(=O)C1CCCCC1,0,1527
COCC#Cc1ccc2c(c1)O[C@@H](CN(C)C(=O)C1CCCCC1)[C@@H](C)CN([C@@H](C)CO)S2(=O)=O,0,1527
C[C@@H](CO)N1C[C@@H](C)[C@H](CN(C)C(=O)C2CCCCC2)Oc2cc(C#C[C@@H](C)O)ccc2S1(=O)=O,0,1527
CN1CCN(C(=O)C[C@@H]2CC[C@H]3[C@@H](COC[C@@H](O)CN3C(=O)Nc3cc(Cl)cc(Cl)c3)O2)CC1,1,3485
COc1cc(OC)c2c(OC)c(-c3ccc4c(c3)OCO4)c(=O)oc2c1,0,430
NCc1c[nH]nc1-c1ccccc1,0,1579
Clc1ccc(-c2cc[nH]n2)cc1,0,1579
COc1cccc(CNC(=O)C[C@H]2C=C[C@H](NC(=O)C3CCOCC3)[C@H](CO)O2)c1,0,2895
Cc1cc(O)cc(=O)o1,0,27
Cc1cc(O)c(C(=O)/C=C/N(C)C)c(=O)o1,0,27
COc1cc(CCC(=O)O)oc(=O)c1,0,27
NC(=O)CN1C(=O)C(=O)c2cc(Cl)ccc21,0,2730
COc1ccccc1C#Cc1cnc2c(c1)C(=O)N([C@H](C)CO)C[C@@H](C)[C@@H](CN(C)C(=O)CC1CC1)O2,1,1968
COc1ccccc1C#Cc1cnc2c(c1)C(=O)N([C@H](C)CO)C[C@H](C)[C@@H](CN(C)C(=O)CC1CC1)O2,0,1968
CN1CCN(C2=Nc3cc(Cl)ccc3Nc3ccccc32)CC1,0,365
O=C(CN1CCOCC1)NCC[C@H]1CC[C@@H](NC(=O)Cc2ccccn2)[C@@H](CO)O1,0,2853
O=C(CN1CCOCC1)NCC[C@H]1CC[C@@H](NC(=O)Cc2ccccn2)[C@H](CO)O1,0,2853
CC1CC(OC(=O)C(O)c2ccccc2)CC(C)(C)C1,0,386
Nc1ncnc2c1nc(Br)n2[C@H]1O[C@H]2COP(=O)(O)O[C@@H]2[C@@H]1O,0,1246
CN(C)Cc1cn(CC[C@H]2CC[C@@H](NC(=O)Cc3cccnc3)[C@@H](CO)O2)nn1,0,2128
CN(C)Cc1cn(CC[C@H]2CC[C@@H](NC(=O)Cc3cccnc3)[C@H](CO)O2)nn1,0,2128
CCCCCCCCCCC[C@@H](C[C@H]1OC(=O)[C@H]1CCCCCC)OC(=O)[C@@H](CC(C)C)NC=O,0,841
O=C1CCO1,0,841
Cc1cc(C(C)(C)C)c(O)c(C)c1CC1=NCCN1.Cl,0,856
Cl.c1ccc(CC2=NCCN2)cc1,0,856
Cc1cc(C(C)(C)C)cc(C)c1CC1=NCCN1.Cl,0,856
N[C@@H](CCc1ccccc1Cl)c1ccc2c(c1)OCCO2,1,1351
Cc1nccn1CC1CCc2c(c3ccccc3n2C)C1=O.Cl,0,840
C=C(CO)C(=O)O[C@H]1C[C@@]2(C)OC(=O)/C(=C/C)[C@]2(O)CC[C@@]2(C)CC(=O)[C@]1(C(=C)C(=O)OC)O2,0,2466
C/C1=C2/N=C(/C=C3\N=C(/C(C)=C4/[C@@H](CCC(N)=O)[C@](C)(CC(N)=O)[C@](C)([C@@H]5N=C1[C@](C)(CCC(=O)NC[C@H](C)OP(=O)(O)O[C@H]1[C@H](CO)O[C@@H](n6cnc7cc(C)c(C)cc76)[C@H]1O)[C@H]5CC(N)=O)N4[Co+]C#N)[C@@](C)(CC(N)=O)[C@@H]3CCC(N)=O)C(C)(C)[C@@H]2CCC(N)=O,0,1406
C/C=C\C1=C(C(=O)O)N2C(=O)[C@H](NC(=O)[C@@H](N)c3ccc(O)cc3)[C@@H]2SC1,0,1480
O=C(Cc1ccccn1)NCC[C@@H]1CC[C@H](NC(=O)CN2CCOCC2)[C@@H](CO)O1,0,2133
O=C(Cc1ccccn1)NCC[C@@H]1CC[C@H](NC(=O)CN2CCOCC2)[C@H](CO)O1,0,2133
O=C(C[C@@H]1CC[C@H]2[C@@H](COC[C@H](O)CN2C(=O)c2ccncc2)O1)NC1CCC1,0,2518
O=C(C[C@@H]1CC[C@H]2[C@@H](COC[C@@H](O)CN2C(=O)c2ccncc2)O1)NC1CCC1,0,2518
O=C(C[C@@H]1CC[C@@H](NC(=O)c2cccnc2)[C@@H](CO)O1)NCCN1CCCCC1,0,3285
CCCNC(=O)N[C@@H]1C=C[C@H](CC(=O)N2CCN(C)CC2)O[C@@H]1CO,0,2549
CCCNC(=O)N[C@H]1C=C[C@H](CC(=O)N2CCN(C)CC2)O[C@@H]1CO,0,2549
CCCNC(=O)N[C@@H]1C=C[C@H](CC(=O)N2CCN(C)CC2)O[C@H]1CO,0,2549
CCCNC(=O)N[C@H]1C=C[C@H](CC(=O)N2CCN(C)CC2)O[C@H]1CO,0,2549
CO[C@H]1CN(C)C(=O)c2ccc(NC(=O)c3ccc(F)cc3)cc2OC[C@H](C)N(C(=O)CN(C)C)C[C@H]1C,0,1737
COCC(=O)N1C[C@H](C)[C@H](OC)CN(C)C(=O)c2ccc(NC(=O)c3ccc(OC)cc3)cc2OC[C@@H]1C,0,1737
CO[C@H]1CN(C)C(=O)c2ccc(NC(=O)c3ccccc3)cc2OC[C@H](C)N(C(=O)CN(C)C)C[C@H]1C,0,1737
COCC(=O)N1C[C@H](C)[C@H](OC)CN(C)C(=O)c2ccc(NC(=O)c3ccc(F)cc3)cc2OC[C@@H]1C,0,1737
CO[C@@H]1CN(C)C(=O)c2ccc(NC(=O)c3ccccc3)cc2OC[C@H](C)N(C(=O)CN(C)C)C[C@H]1C,0,1737
COCC(=O)N1C[C@@H](C)[C@H](OC)CN(C)C(=O)c2ccc(NC(=O)c3ccc(OC)cc3)cc2OC[C@@H]1C,0,1737
CO[C@H]1CN(C)C(=O)c2ccc(NC(=O)c3ccc(F)cc3)cc2OC[C@H](C)N(C(=O)CN(C)C)C[C@@H]1C,0,1737
CO[C@H]1CN(C)C(=O)c2ccc(NC(=O)c3ccccc3)cc2OC[C@@H](C)N(C(=O)CN(C)C)C[C@@H]1C,0,1737
C[C@@H]1CN([C@H](C)CO)C(=O)c2cc(C#CC3(O)CCCC3)cnc2O[C@@H]1CN(C)S(C)(=O)=O,0,2914
Cc1ccc(-c2ccc(OC(=O)c3ccccc3F)cc2)cc1,0,2637
Cn1cc([C@@H](O)c2ccccc2)[n+](C)c1,0,1232
CN(C)Cc1cn(CC[C@H]2CC[C@H](NC(=O)Cc3cccnc3)[C@@H](CO)O2)nn1,0,2760
COc1cc2c(cc1OC)[C@@H]1C(=O)c3ccc4oc(C(C)C)cc4c3O[C@@H]1CO2,0,663
C[C@@H]1CCC2[C@](C)(CC[C@H](O)[C@@]2(C)CO)[C@@]12CC[C@@](CO)(CCO)O2,0,690
Cc1cc(N)n(-c2nc(=O)cc(C)[nH]2)n1,0,2951
COc1ccc2c(c1OC)C(=O)O[C@@H]2[C@H]1c2cc3c(cc2CCN1C)OCO3,0,635
c1cn(CCN2CCNCC2)cn1,0,3600
Nc1ccc(S(=O)(=O)Nc2ccnn2-c2ccccc2)cc1,0,1045
Cc1ccc(=O)n(-c2ccccc2)c1,1,910
COc1ccc([Si](C)(C)[C@@H]2[C@@H](CC(=O)N3CCC[C@H]3CO)O[C@]3(C(=O)N(Cc4cccc(N5CCCCC5=O)c4)c4ccccc43)[C@H]2C)cc1,0,1840
COc1ccc2c(c1)O[C@H]1c3ccc(OC)cc3OC[C@@H]21,0,629
CO[C@H]1CN(C)C(=O)c2ccc(NS(=O)(=O)c3cn(C)cn3)cc2OC[C@H](C)N(CC2CC2)C[C@H]1C,0,1681
CO[C@@H]1CN(C)C(=O)c2ccc(NS(=O)(=O)c3cn(C)cn3)cc2OC[C@H](C)N(CC2CC2)C[C@H]1C,0,1681
O=C(C[C@H]1C[C@H]2c3cc(NC(=O)c4cccnc4)ccc3O[C@H]2[C@@H](CO)O1)NCc1cc(F)ccc1F,0,3029
CC1=C2CCC3C4CCC(=O)[C@@]4(C)CCC3[C@@]2(C)CCC1=O,0,571
O=C1C=C2C[C@@]3(O)COc4cc(O)ccc4C3=C2C=C1O,0,227
O=C1C=C2CC3(O)COc4c(ccc(O)c4O)C3=C2C=C1O,0,227
C=CCN1C(=O)[C@@]2(O[C@@H](CCO)[C@H]([Si](C)(C)c3ccc(OC)cc3)[C@H]2C)c2cc(NC(=O)[C@H](C)O)ccc21,1,3173
CCC(=O)n1ccc(C(=O)N2CCOCC2)n1,0,3053
CCN1C(=O)CS/C1=N\N1CCOCC1,0,3507
Clc1ccc(-c2csc(-c3ccc4c(c3)CCO4)n2)s1,0,3001
O=C(C[C@@H]1CC[C@H]2[C@@H](COC[C@@H](O)CN2Cc2ccccc2F)O1)N[C@@H]1CCN(Cc2ccccc2)C1,0,1827
O=C(C[C@@H]1CC[C@H]2[C@@H](COC[C@@H](O)CN2Cc2cc(F)ccc2F)O1)N[C@@H]1CCN(Cc2ccccc2)C1,0,1827
O=C(C[C@@H]1C=C[C@H](NS(=O)(=O)c2ccccc2)[C@@H](CO)O1)NCc1ccncn1,0,2824
CN1C(=O)/C(=C\NCc2ccccc2)C(=O)c2c1n(C)c(=O)n(C)c2=O,0,2046
O=C(Nc1ccc2c(c1)[C@@H]1C[C@H](CC(=O)N3CCc4ccccc4C3)O[C@H](CO)[C@@H]1O2)C1CCOCC1,0,2193
O=C(Nc1ccc2c(c1)[C@@H]1C[C@H](CC(=O)N3CCc4ccccc4C3)O[C@@H](CO)[C@@H]1O2)C1CCOCC1,0,2193
C=CC1=C(C(=O)O)N2C(=O)[C@@H](NC(=O)/C(=N\O)c3csc(N)n3)[C@H]2SC1,1,283
CO/N=C(/C(=O)N[C@@H]1C(=O)N2C(C(=O)[O-])=C(COC(C)=O)CS[C@H]12)c1csc(N)n1.[Na+],1,283
COCC1=C(C(=O)OC(C)OC(=O)OC(C)C)N2C(=O)[C@@H](NC(=O)/C(=N/OC)c3csc(N)n3)[C@H]2SC1,0,283
O=C1O[C@H](C(O)CO)C(O)=C1O,0,153
CCCCCCCCCCCCCCCC(=O)OCC(O)[C@H]1OC(=O)C(O)=C1O,0,153
O=C1O[C@H]([C@H](O)CO)C(O)=C1O,0,153
C=C(C)[C@]1(O)OC(=O)C=C1OC,0,153
CC(=O)Nc1ccc(S(=O)(=O)Nc2ccc([N+](=O)[O-])cc2)cc1,0,1044
CC(C)(O)c1ccccc1CC[C@@H](SCC1(CC(=O)[O-])CC1)c1cccc(/C=C/c2ccc3ccc(Cl)cc3n2)c1.[Na+],0,784
CC1(C)OC(=O)C(OCC2CC2)=C1c1ccc(S(C)(=O)=O)cc1,0,559
N=C1NCCC(C2NC(=O)/C(=C\NC(N)=O)NC(=O)C(CNC(=O)CC(N)CCCN)NC(=O)C(CO)NC(=O)C(N)CNC2=O)N1.O=S(=O)(O)O,0,259
C[C@H]1CN([C@@H](C)CO)C(=O)c2cc(C#Cc3cccnc3)cnc2O[C@H]1CN(C)Cc1ccc(F)cc1,0,3141
C[C@H]1CN([C@H](C)CO)C(=O)c2cc(C#Cc3cccc(F)c3)cnc2O[C@@H]1CN(C)C(=O)C1CCOCC1,0,3454
COc1cccc(C#Cc2cnc3c(c2)C(=O)N([C@H](C)CO)C[C@H](C)[C@@H](CN(C)C(=O)C2CCOCC2)O3)c1,0,3454
Cc1cc2nc3c(=O)[nH]c(=O)nc-3n(C[C@@H](O)[C@@H](O)[C@@H](O)CO)c2cc1C,0,975
Cc1cc2nc3c(=O)[nH]c(=O)nc-3n(C[C@@H](O)[C@@H](O)[C@@H](O)COP(=O)([O-])O)c2cc1C.[Na+],0,975
Cc1cc2nc3c(=O)[nH]c(=O)nc-3n(C[C@H](O)[C@H](O)[C@H](O)CO)c2cc1C,0,975
c1ccc(Nc2ncnc3cc(-c4ccccc4)sc23)cc1,0,3471
COC(=O)C1=CC(CCCO)=C[C@@H](c2ccc(CN3CCCC3)cc2)N(Cc2sc3ccccc3c2Cl)C=C1C(=O)OC,0,1334
c1ccc(Nc2nc3c(ccc4ccccc43)s2)cc1,0,3258
Cc1noc(C)c1NC(=O)N[C@@H]1C=C[C@H](CC(=O)N2CCN(C)CC2)O[C@@H]1CO,0,2546
O=C(NC1CC1)[C@@H]1c2ccccc2C(=O)N(Cc2cc(C(F)(F)F)cc(C(F)(F)F)c2)[C@H]1c1ccc(CO)cc1,0,2068
O=C(NC1CC1)[C@@H]1c2ccccc2C(=O)N(Cc2cc(F)cc(C(F)(F)F)c2)[C@H]1c1ccc(CO)cc1,0,2068
O=C1CN(/N=C/c2ccc(-c3ccc([N+](=O)[O-])cc3)o2)C(=O)[N-]1.[Na+],0,407
CCOC(=O)COc1ccc(-c2nn[nH]n2)cc1,0,2428
O=C(O)Cn1nnc(-c2ccccc2)n1,0,2428
Nc1ccc(-c2nn[nH]n2)cc1F,0,2428
COCC#Cc1cnc2c(c1)C(=O)N([C@H](C)CO)C[C@H](C)[C@@H](CN(C)C(=O)CCN1CCCCC1)O2,0,2226
COc1ccc(S(=O)(=O)N2C[C@H](O)COC[C@@H]3O[C@@H](CC(=O)N[C@@H]4CCN(Cc5ccccc5)C4)CC[C@H]32)cc1,0,1815
O=C(C[C@H]1CC[C@@H]2[C@H](COC[C@H](O)CN2S(=O)(=O)c2ccc(F)cc2)O1)N[C@@H]1CCN(Cc2ccccc2)C1,0,1815
O=C(C[C@H]1CC[C@@H]2[C@H](COC[C@@H](O)CN2S(=O)(=O)c2ccc(Cl)cc2)O1)N[C@@H]1CCN(Cc2ccccc2)C1,0,1815
O=C(Nc1ccc(Oc2ccc(Cl)cc2)c(Cl)c1)c1cc(I)cc(I)c1O,0,962
COc1ccc(S(=O)(=O)N(C)C[C@H]2Oc3cc(C4=CCCC4)ccc3S(=O)(=O)N([C@H](C)CO)C[C@@H]2C)cc1,0,1881
C[C@@H]1CN([C@H](C)CO)S(=O)(=O)c2ccc(C3=CCCC3)cc2O[C@@H]1CN(C)S(=O)(=O)c1ccc(F)cc1,0,1881
COc1cccc(S(=O)(=O)N(C)C[C@H]2Oc3cc(C4=CCCC4)ccc3S(=O)(=O)N([C@@H](C)CO)C[C@@H]2C)c1,0,1881
COc1cccc(S(=O)(=O)N(C)C[C@H]2Oc3cc(C4=CCCC4)ccc3S(=O)(=O)N([C@H](C)CO)C[C@@H]2C)c1,0,1881
COc1cccc(NC(=O)N[C@@H]2C=C[C@@H](CC(=O)N3CCOCC3)O[C@H]2CO)c1,0,3437
O=C(Nc1c(Cl)cncc1Cl)c1ccc(OC(F)F)c(OCC2CC2)c1,0,985
CC1=CC(=O)C2C(C)(C)CCC[C@]2(C)[C@@]1(O)CCc1ccoc1,0,1023
Cn1c(=O)c2c(nc(Sc3nnc(N)s3)n2C)n(C)c1=O,0,1848
C[C@@H]1[C@@H]([Si](C)(C)F)[C@H](CC(=O)N(CCO)Cc2ccccc2)O[C@@]12C(=O)N(c1ccccc1)c1ccccc12,0,2440
C=CC[C@]1(O)CCC2C3CCC4=CC(=O)CCC4=C3C=C[C@@]21C,0,91
COCC#Cc1cnc2c(c1)C(=O)N([C@H](C)CO)C[C@H](C)[C@@H](CN(C)S(=O)(=O)c1cccc(OC)c1)O2,0,2287
Cc1ccc(S(=O)(=O)N(C)C[C@H]2Oc3ncc(Br)cc3C(=O)N([C@H](C)CO)C[C@@H]2C)cc1,0,2287
COc1cccc(S(=O)(=O)N(C)C[C@H]2Oc3ncc(C#CCN(C)C)cc3C(=O)N([C@@H](C)CO)C[C@H]2C)c1,0,2287
C=CCN1C(=O)NC(=O)/C(=C/c2ccco2)C1=O,0,2257
c1ccc2c(-c3cn[nH]c3)ccnc2c1,0,3462
O=C1N(CCS(=O)(=O)c2ccccc2)Cc2ccccc2C[C@@]12COC(c1ccc(OCCCO)cc1)=N2,0,3152
CC1(C)NC(=O)N(c2ccc([N+](=O)[O-])c(C(F)(F)F)c2)C1=O,0,822
O=C(CN1CCOCC1)N[C@H]1CC[C@@H](CCn2cc(C3CC3)nn2)O[C@@H]1CO,0,2511
O=C(C[C@H]1C[C@H]2c3cc(NC(=O)C4CCOCC4)ccc3O[C@H]2[C@H](CO)O1)NCc1ccc2c(c1)OCO2,0,2369
CO[C@@]1(C(=O)NN)COc2ccccc2O1,0,1184
NNC(=O)CNC(=O)[C@H]1COc2ccccc2O1,0,1184
NCC[C@H]1COc2ccccc2O1,0,1184
O=C(NCCCO)C(=O)NC[C@H]1COc2ccccc2O1,0,1184
CC(=O)Nc1cc2c(cc1N)OCCO2,0,1184
COc1ccccc1N=C(NO)c1nonc1N,0,2861
O=C([O-])CCNC(=O)c1ccc(/N=N/c2ccc(O)c(C(=O)[O-])c2)cc1.[Na+].[Na+],0,180
c1ccc(-c2nc(-c3cccs3)[nH]c2-c2ccccc2)cc1,0,3417
Cc1c(N2CCCC2)cc2c(c1-n1cccc1)C(C)(C)CC2(C)C,0,3194
Nc1cnn(-c2ccccc2)c(=O)c1N,0,1966
COC(=O)[C@@H]1[C@@H](c2ccc(OC)cc2)[C@H](C(=O)OC)S(=O)(=O)CS1(=O)=O,0,1384
CCOC(=O)[C@H](CCc1ccccc1)N[C@@H](C)C(=O)N1CCC[C@H]1C(=O)O.O=C(O)/C=C\C(=O)O,0,507
NCCCC[C@H](N[C@@H](CCc1ccccc1)C(=O)O)C(=O)N1CCC[C@H]1C(=O)O,0,507
Br.NC(=O)C(c1ccccc1)(c1ccccc1)C1CCN(CCc2ccc3c(c2)CCO3)C1,0,410
C[C@H]1C=C(CCCO)C/C(=N/P(=O)(Oc2ccccc2)Oc2ccccc2)N1Cc1cccc(OC(F)(F)F)c1,0,1431
CCCN(C)C[C@H]1Oc2cc(C#Cc3ccccc3OC)ccc2S(=O)(=O)N([C@@H](C)CO)C[C@H]1C,0,1578
CC(C)NC(=O)N(C)C[C@H]1Oc2cc(C#Cc3ccc(F)cc3)ccc2S(=O)(=O)N([C@@H](C)CO)C[C@@H]1C,0,1578
COc1ccccc1C#Cc1ccc2c(c1)O[C@@H](CN(C)C(C)=O)[C@H](C)CN([C@@H](C)CO)S2(=O)=O,0,1578
CCCNC(=O)N(C)C[C@H]1Oc2cc(C#Cc3cccc(F)c3)ccc2S(=O)(=O)N([C@@H](C)CO)C[C@@H]1C,0,1578
COCC(=O)N(C)C[C@H]1Oc2cc(C#Cc3ccccc3)ccc2S(=O)(=O)N([C@H](C)CO)C[C@H]1C,0,1578
CC(C)NC(=O)N(C)C[C@@H]1Oc2cc(C#Cc3ccc(F)cc3)ccc2S(=O)(=O)N([C@@H](C)CO)C[C@H]1C,0,1578
CC(C)NC(=O)N(C)C[C@H]1Oc2cc(C#Cc3cccc(F)c3)ccc2S(=O)(=O)N([C@H](C)CO)C[C@@H]1C,0,1578
CC(C)NC(=O)N(C)C[C@H]1Oc2cc(C#Cc3ccc(F)cc3)ccc2S(=O)(=O)N([C@H](C)CO)C[C@@H]1C,1,1578
COCC(=O)N(C)C[C@@H]1Oc2cc(C#Cc3ccccc3)ccc2S(=O)(=O)N([C@@H](C)CO)C[C@H]1C,0,1578
COc1cccc(C#Cc2ccc3c(c2)O[C@H](CN(C)C(C)=O)[C@H](C)CN([C@H](C)CO)S3(=O)=O)c1,0,1578
CC(C)NC(=O)N(C)C[C@@H]1Oc2cc(C#Cc3ccc(F)cc3)ccc2S(=O)(=O)N([C@H](C)CO)C[C@H]1C,0,1578
COc1cccc(C#Cc2ccc3c(c2)O[C@@H](CN(C)C(C)=O)[C@@H](C)CN([C@@H](C)CO)S3(=O)=O)c1,0,1578
COCC(=O)N(C)C[C@H]1Oc2cc(C#Cc3ccccc3)ccc2S(=O)(=O)N([C@@H](C)CO)C[C@H]1C,0,1578
COc1cccc(C#Cc2ccc3c(c2)O[C@@H](CN(C)C(C)=O)[C@H](C)CN([C@@H](C)CO)S3(=O)=O)c1,0,1578
CCCNC(=O)N(C)C[C@H]1Oc2cc(C#Cc3cccc(F)c3)ccc2S(=O)(=O)N([C@H](C)CO)C[C@@H]1C,0,1578
C[C@@H](CO)N1C[C@@H](C)[C@H](CN(C)S(C)(=O)=O)Oc2cc(C#Cc3ccc(F)cc3)ccc2S1(=O)=O,0,1578
C[C@H]1CN([C@H](C)CO)S(=O)(=O)c2ccc(C#Cc3ccccc3)cc2O[C@H]1CN(C)C(=O)CN(C)C,0,1578
C[C@H]1CN([C@@H](C)CO)S(=O)(=O)c2ccc(C#Cc3ccc(F)cc3)cc2O[C@H]1CN(C)S(C)(=O)=O,0,1578
CCCNC(=O)N(C)C[C@@H]1Oc2cc(C#Cc3cccc(F)c3)ccc2S(=O)(=O)N([C@@H](C)CO)C[C@@H]1C,1,1578
COc1cccc(C#Cc2ccc3c(c2)O[C@H](CN(C)C(C)=O)[C@@H](C)CN([C@H](C)CO)S3(=O)=O)c1,1,1578
C[C@@H]1CN([C@H](C)CO)S(=O)(=O)c2ccc(C#Cc3ccccc3)cc2O[C@@H]1CN(C)C(=O)CN(C)C,1,1578
C[C@@H]1CN([C@H](C)CO)S(=O)(=O)c2ccc(C#Cc3ccc(F)cc3)cc2O[C@@H]1CN(C)S(C)(=O)=O,0,1578
COc1ccc(C#Cc2ccc3c(c2)O[C@@H](CN(C)C(C)=O)[C@@H](C)CN([C@H](C)CO)S3(=O)=O)cc1,0,1578
COc1ccccc1C#Cc1ccc2c(c1)O[C@@H](CN(C)C(C)=O)[C@@H](C)CN([C@@H](C)CO)S2(=O)=O,1,1578
CCCNC(=O)N(C)C[C@@H]1Oc2cc(C#Cc3cccc(F)c3)ccc2S(=O)(=O)N([C@H](C)CO)C[C@H]1C,0,1578
COCC(=O)N(C)C[C@H]1Oc2cc(C#Cc3ccccc3)ccc2S(=O)(=O)N([C@@H](C)CO)C[C@@H]1C,0,1578
CCCN(C)C[C@H]1Oc2cc(C#Cc3ccc(OC)cc3)ccc2S(=O)(=O)N([C@H](C)CO)C[C@H]1C,0,1578
O=C(C[C@H]1C[C@H]2c3cc(NS(=O)(=O)c4ccc(F)cc4)ccc3O[C@H]2[C@H](CO)O1)NCCc1ccccc1,0,3259
COc1cc(/C=C/C(=O)N2CCCCCCC2)cc(OC)c1OC,0,339
C=C1SC(Nc2c(C)cccc2C)=NC12CCCCC2,0,3518
C[C@@H]1CN([C@H](C)CO)C(=O)c2ccccc2-c2ccccc2CO[C@@H]1CN(C)C(=O)Nc1ccccc1C(F)(F)F,0,2331
C[C@@H](CO)N1C[C@@H](C)[C@@H](CN(C)C(=O)Nc2ccccc2C(F)(F)F)OCc2ccccc2-c2ccccc2C1=O,0,2331
C=C1[C@@H](n2cnc3c(=O)[nH]c(N)nc32)C[C@H](O)[C@H]1CO.O,0,511
COc1ccc2c3c([nH]c2c1)C(C)=NCC3,1,615
CC1=NCCc2c1[nH]c1cc(O)ccc21.Cl.O.O,0,615
O=C(NCc1csnn1)c1csnn1,0,2124
CSC1=N[C@@]2(C)CCCC[C@@H]2c2c1ccc1ccccc21,0,1507
COc1ccc(CCNC(=O)[C@@]2(Sc3ccc(C)cc3)CC(=O)N(C(C)C)[C@@H]2c2ccc(CO)cc2)cc1,0,2845
O=C(CN1CCOCC1)N[C@H]1CC[C@@H](CCn2cc(C3CCCC3)nn2)O[C@@H]1CO,0,2727
O=C(CN1CCOCC1)N[C@H]1CC[C@@H](CCn2cc(C3CCCC3)nn2)O[C@H]1CO,0,2727
Cc1cccc(C)c1NC(=O)CN1CCCC1=O,0,810
COc1cc(C[C@H]2CO[C@H](c3ccc(O)c(OC)c3)[C@@H]2CO[C@H]2O[C@@H](CO)[C@@H](O)[C@@H](O)[C@@H]2O)ccc1O,0,1512
CCOC(=O)CC1=NC(=O)CS1,0,1902
CCOc1ccc(N2CCNCC2)nn1,0,2374
Cc1cc(N)c2ccccc2[n+]1CCCCCCCCCC[n+]1c(C)cc(N)c2ccccc21.[Cl-].[Cl-],0,429
C=CCNC(=O)[C@H]1[C@@H]2C(=O)O[C@@H](c3ccccc3)[C@@H](c3ccccc3)N2[C@@H](c2ccccc2OCCO)[C@]12C(=O)Nc1ccc(C#CC3=CCCCC3)cc12,0,2024
CCCn1c(=O)c(C#N)cn(C2CC2)c1=O,0,2670
CC(CCC(=O)O)[C@H]1CCC2C3CC=C4C[C@@H](O)CC[C@]4(C)C3CC[C@@]21C,0,26
CCC(CCC(C)[C@H]1CCC2C3CC=C4C[C@@H](O)CC[C@]4(C)C3CC[C@@]21C)C(C)C,0,26
CC(C)CCCC(C)[C@H]1CCC2C3CC=C4C[C@@H](O)CC[C@]4(C)C3CC[C@@]21C,0,26
CC(=O)O[C@H]1CC[C@@]2(C)C(=CCC3C2CC[C@@]2(C)C3CC[C@@H]2C(C)CCCC(C)C)C1,0,26
CC(=O)[C@H]1CCC2C3CC=C4C[C@@H](O)CC[C@]4(C)C3CC[C@@]21C,0,26
CC(=O)[C@H]1CCC2C3CC=C4C[C@@H](OC(=O)CCC(=O)O)CC[C@]4(C)C3CC[C@@]21C,0,26
CCC(CCC(C)[C@H]1CCC2C3CC=C4C[C@@H](OC(C)=O)CC[C@]4(C)C3CC[C@@]21C)C(C)C,0,26
CCC(/C=C/[C@@H](C)[C@H]1CCC2C3CC=C4C[C@@H](O)CC[C@]4(C)C3CC[C@@]21C)C(C)C,0,26
C1=C(c2ccccc2)CC(c2ccccc2)=NN=C1c1ccccc1,0,2053
O=C1OC[C@H](Cc2c[nH]c3ccccc23)NC(=O)[C@@H](CC(=O)N(CCO)Cc2ccccc2)CC=CCC[C@H]1Cc1ccc(F)cc1,0,2202
COc1ccc2c(c1)OCc1c-2oc2cc(OC)ccc12,0,424
CN[C@@H]1CCC2Nc3ccc(C(N)=O)cc3C2C1.O=C(O)CCC(=O)O,0,574
Cc1ccc(C[C@H]2CCCN2)cc1C,0,1380
C[C@H]1C(=O)CCC2[C@]3(C)CC[C@@]4(C)C5CC(C)(C)CC[C@]5(C)CC[C@]4(C)C3CC[C@@]21C,0,573
Cc1n[nH]c(N/N=C/c2ccccn2)nc1=O,1,3660
CC(=O)N[C@H]1C(=O)NC(=S)N(c2ccccc2)C1=O,0,1275
O=C(CN1CCOCC1)N[C@H]1CC[C@H](CCNC(=O)C2CCCCC2)O[C@@H]1CO,0,1948
C[C@H]1COC2=C1C(=O)C(=O)c1c2ccc2c1CCCC2(C)C,0,381
Cc1noc(C)c1CN1CCNCC1,0,2016
C=CC[C@]1(O)CCC2[C@@H]3CCC4=CCCC[C@@H]4C3CC[C@@]21C,0,82
Cc1ccc2nc3c(cc(C(=O)NCCN4CCOCC4)c(=N)n3C[C@H]3CCCO3)c(=O)n2c1,0,1272
C[C@@H]1COCCC(=O)N1,0,1539
CC[C@H]1COCCC(=O)N1,0,1539
O=C1CCOCCN1,0,1539
CC[C@@H]1COCCC(=O)N1,0,1539
C[C@@H]1CNC(=O)CCO1,0,1539
C[C@H]1CN([C@@H](C)CO)C(=O)c2cc(C#CC3CCCC3)cnc2O[C@H]1CN(C)C(=O)Cc1ccccn1,0,2614
O=C(C[C@@H]1CC[C@H](NS(=O)(=O)c2ccc(F)cc2)[C@H](CO)O1)NCc1ccc(Cl)c(Cl)c1,0,1896
Cc1ccc(S(=O)(=O)N[C@H]2CC[C@@H](CC(=O)NCc3ccc(Cl)c(Cl)c3)O[C@@H]2CO)cc1,0,1896
Cc1ccc(/C=N/N(C)C2=NCCN2)o1,0,1875
NC(=S)c1ccc(-n2cncn2)nc1,0,1605
CC(C)c1c(O)c(-c2cc3c(c(C(C)C)c2O)CCC2C(C)(C)CCC[C@]32C)cc2c1CCC1C(C)(C)CCC[C@]21C,0,916
COc1ccc([C@H]2COc3c(ccc(O)c3OC)C2)c(OC)c1O,0,490
COc1ccc([Si](C)(C)[C@@H]2[C@@H](CC(=O)N(CCO)Cc3ccccc3)O[C@]3(C(=O)N(C)c4c(Br)cc(C)cc43)[C@H]2C)cc1,1,3107
CC1(C)S[C@@H]2[C@H](NC(=O)C3(N)CCCCC3)C(=O)N2[C@H]1C(=O)O,0,3526
C=CC[C@@H]1/C=C(\C)C[C@H](C)C[C@H](OC)[C@H]2O[C@@](O)(C(=O)C(=O)N3CCCC[C@H]3C(=O)O[C@H](/C(C)=C/C3CC[C@@H](O)[C@H](OC)C3)[C@H](C)[C@@H](O)CC1=O)[C@H](C)C[C@@H]2OC,0,1056
C[C@]12C(=O)OC(=O)[C@@]1(C)[C@@H]1CC[C@H]2O1,0,3381
CCCC#Cc1cnc2c(c1)C(=O)N([C@H](C)CO)C[C@H](C)[C@H](CN(C)S(=O)(=O)c1cn(C)cn1)O2,0,2870
O=c1c(O)cccc2cc(O)c(O)c(O)c12,0,943
O=C1O[C@H](c2ccccc2)CNC(=O)[C@@H](CC(=O)N(CCO)Cc2ccccc2)CC=CCC[C@H]1Cc1ccc(F)cc1,0,2996
Cc1noc(C)c1NC(=O)N(C)C[C@H]1Oc2ncc(C#CCN(C)C)cc2C(=O)N([C@H](C)CO)C[C@@H]1C,0,1828
Cl.O=C(COc1ccc(Cl)cc1)N1CCN(Cc2ccc3c(c2)OCO3)CC1,0,557
CN(C)CCN(Cc1ccc(Cl)cc1)c1ccccn1.Cl,0,317
CCOC(=O)Nc1ccc(NCc2ccc(F)cc2)nc1N.O=C(O)/C=C\C(=O)O,0,317
COc1ccc(CN(CCN(C)C)c2ccccn2)cc1.O=C(O)/C=C\C(=O)O,0,317
CN(C)CCN(Cc1ccccc1)c1ccccn1.O=C(O)CC(O)(CC(=O)O)C(=O)O,0,317
O=S1(=O)[C@@H]2C[C@H]3C=CC2(CN1C1CC1)O3,0,3720
CCC(C)C1NC(=O)C(CCNCS(=O)(=O)[O-])NC(=O)C(NC(=O)C(CCNCS(=O)(=O)[O-])NC(=O)C(NC(=O)C(CCNCS(=O)(=O)[O-])NC(=O)CCCCC(C)C)C(C)O)CCNC(=O)C(C(C)O)NC(=O)C(CCNCS(=O)(=O)[O-])NC(=O)C(CCNCS(=O)(=O)[O-])NC(=O)C(C(C)CC)NC1=O.[Na+].[Na+].[Na+].[Na+].[Na+],1,369
CCC(C)C1NC(=O)C(CCN)NC(=O)C(NC(=O)C(CCN)NC(=O)C(NC(=O)C(CCN)NC(=O)CCCCC(C)C)C(C)O)CCNC(=O)C(C(C)O)NC(=O)C(CCN)NC(=O)C(CCN)NC(=O)C(C(C)CC)NC1=O.O=S(=O)(O)O.O=S(=O)(O)O,1,369
Cc1cnc2c(c1N1CCOCC1)c(=O)n(C)c(=O)n2C,0,2409
Br.CN1CCC[C@@H]1Cc1c[nH]c2ccc(CCS(=O)(=O)c3ccccc3)cc12,0,499
O=C(C[C@@H]1C[C@H]2c3cc(NC(=O)Cc4ccncc4)ccc3O[C@H]2[C@H](CO)O1)NCc1ccc2c(c1)OCO2,0,2950
O=C(O)CCc1nnc2ccc(Cl)nn12,0,2751
Cc1cc(C)c2nnc(SCC(=O)O)n2n1,0,2751
CO[C@@H]1[C@@H](O[C@@H]2O[C@H](C)[C@@H](O[C@H]3C[C@@](C)(O)[C@H](O)[C@H](C)O3)[C@H](N(C)C)[C@H]2O)[C@@H](CC=O)C[C@@H](C)[C@@H](O[C@H]2CC[C@H](N(C)C)[C@@H](C)O2)/C=C/C=C/C[C@H](C)OC(=O)C[C@H]1O,1,1028
Cc1cc(Cl)cc2sc(N(Cc3ccccn3)C(=O)c3ccc(S(=O)(=O)N4CCCC4)cc3)nc12,0,3663
O=C(/C=C/c1ccc(O)c(O)c1)O[C@@H]1C[C@](O)(C(=O)O)C[C@@H](O)[C@H]1O,0,316
CNc1[nH]cnc(=S)c1N,0,1725
CCOC(=O)OC[C@@H]1[C@@H]2NC(=O)N(C)[C@@]1(COC(=O)NCCCCCC(=O)NO)Oc1ccccc12,0,2509
COC[C@@H]1CN(C(=O)[C@H]2CCCN2C)N1,0,1331
COC(=O)[C@@H]1C(O)CC[C@H]2CN3CCc4c([nH]c5ccccc45)[C@@H]3C[C@H]12,0,374
O.O=C(O)[C@H]1[C@@H](O)CC[C@H]2CN3CCc4c([nH]c5ccccc45)[C@@H]3C[C@@H]21,0,374
COC(=O)C1[C@@H](O)CC[C@H]2CN3CCc4c([nH]c5ccccc45)[C@@H]3C[C@H]12.Cl,0,374
C=C1CC[C@H](O)C/C1=C/C=C1\CCCC2(C)C1CCC2C(C)CCCC(C)C,0,323
CN(Cc1ccc(C(C)(C)C)cc1)Cc1cccc2ccccc12.Cl,0,244
c1ccc([C@@H]2CCC[C@H](c3ccccc3)S2)cc1,0,1308
Nc1nc(=O)c2ncn(COC(CO)CO)c2[nH]1,0,2232
Nc1nc(=O)c2ncn(COCCO)c2[nH]1,0,2232
Nc1nc(=O)c2ncn(CCC(CO)CO)c2[nH]1,0,2232
CN1CCN(C(=O)C[C@@H]2C=C[C@@H](NC(=O)Cc3ccccn3)[C@H](CO)O2)CC1,0,2556
CC(=O)Nn1cc(C(=O)O)c2ccccc2c1=O,0,2697
NCc1ccc2cc[nH]c(=O)c2c1,0,2697
C=CCN1C(=O)[C@]2(O[C@@H](CCOC(=O)NCCCCCC(=O)NO)[C@H]([Si](C)(C)c3ccc(OC)cc3)[C@H]2C)c2cc(I)ccc21,0,3486
O=c1[nH]cnc2c1ncn2C1CC[C@@H](CO)O1,0,446
O=c1[nH]cnc2c1ncn2C1O[C@H](CO)[C@@H](O)[C@H]1O,0,446
CC[C@@H](C(N)=O)N1CCCC1=O,0,704
NC(=O)CN1CC(O)CC1=O,0,704
O=C1CC[C@@H](C(=O)O)N1,0,704
NC(=O)CN1CCCC1=O,0,704
O=C(O)CC[C@H]1CCC(=O)N1,0,704
CC(C)(C)N1C[C@H](C(=O)O)CC1=O,0,704
CC(=O)N(C)CP(=O)(O)CN1CCCC1=O,0,704
COC(=O)[C@@H]1CC(=O)N(C(C)C)C1,0,704
COCCN1C[C@H](C(=O)O)CC1=O,0,704
CC(C)N1C[C@@H](CO)CC1=O,0,704
NC(=S)CN1CCCC1=O,0,704
C=C[C@H]1CCC=C2C(=O)CCC[C@@H]21,0,2387
CCSc1nnc2c(=O)[nH]c(=O)[nH]c2n1,0,3708
COc1ccc(-c2cc(=O)c3c(O)c(OC)c(O[C@H]4O[C@H](CO[C@@H]5O[C@@H](C)[C@H](O)[C@@H](O)[C@H]5O)[C@@H](O)[C@H](O)[C@H]4O)cc3o2)cc1,0,869
Cc1noc(C)c1NC(=O)N[C@@H]1C=C[C@@H](CC(=O)N2CCN(C)CC2)O[C@@H]1CO,0,3472
COc1ccc([C@@H]2CC(=O)c3c(O)cc(O[C@@H]4O[C@H](CO[C@H]5O[C@@H](C)[C@H](O)[C@@H](O)[C@H]5O)[C@@H](O)[C@H](O)[C@H]4O)cc3O2)cc1O,0,623
C=C1NC(=O)CN1c1ccc(N)cc1,0,2288
CCCSc1ccc2nc(NC(=O)OC)[nH]c2c1,0,76
Cl.Cn1c(CCCC(=O)O)nc2cc(N(CCCl)CCCl)ccc21,0,76
CCOC(=O)Nc1nc2ccccc2[nH]1,1,76
CCCOc1ccc2nc(NC(=O)OC)[nH]c2c1,0,76
O=C(O)CCc1nc2ccccc2[nH]1,0,76
CC(C)[C@@H](N)c1nc2ccccc2[nH]1,0,76
NNC(=O)Cc1nc2ccccc2[nH]1,1,76
CC(C)Cn1cnc2ccccc21,0,76
N#CCCn1c(CC(N)=O)nc2ccccc21,0,76
NCCc1nc2ccccc2[nH]1,0,76
NCCCCCc1nc2ccccc2[nH]1,0,76
CC(C)Cc1nc2ccccc2[nH]1,1,76
N=C(N)Nc1nc2ccccc2[nH]1,0,76
Nn1c(CO)nc2ccccc21,0,76
OCCN(CCO)c1nc2ccccc2[nH]1,0,76
Cn1c(S(=O)(=O)CC(N)=O)nc2ccccc21,0,76
Cn1c(CCN)nc2ccccc21,0,76
Cc1ccc(CN2CCN(CCO)CC2)o1,0,1975
O=C1OCCN(c2ccccc2)C1=O,1,1819
COC1=C(OC)C(=O)C(CCCCCCCCCCO)=C(C)C1=O,0,644
O=C1C(O)=C(O)C(=O)C(O)=C1O,0,644
CC1=CC(=O)C(C(C)C)=CC1=O,0,644
COC1=C(OC)C(=O)C(C/C=C(\C)CC/C=C(\C)CC/C=C(\C)CC/C=C(/C)CC/C=C(\C)CC/C=C(\C)CC/C=C(\C)CC/C=C(\C)CC/C=C(\C)CCC=C(C)C)=C(C)C1=O,0,644
COc1ccc2c(c1)[nH]c1c(C)nccc12,1,617
Cc1nccc2c1[nH]c1cc(O)ccc12,0,617
Cc1nccc2c1[nH]c1ccccc12,1,617
c1ccc2c(c1)[nH]c1cnccc12,1,617
O=C1C2CC3CC1CC(O)(C3)C2,0,646
Cn1cnc(S(=O)(=O)N2C[C@H](O)COC[C@@H]3O[C@@H](CC(=O)N4CCN(c5ccccc5)CC4)CC[C@H]32)c1,0,2529
Cn1cnc(S(=O)(=O)N2C[C@@H](O)COC[C@@H]3O[C@@H](CC(=O)N4CCN(c5ccccc5)CC4)CC[C@H]32)c1,0,2529
COCC(=O)Nc1ccc2c(c1)C(=O)N(C)[C@@H]1CC[C@H](CC(=O)NCc3ccc(OC)cc3)O[C@@H]1CO2,0,2878
CCN1CC(CCN2CCOCC2)C(c2ccccc2)(c2ccccc2)C1=O.Cl,0,482
c1cnc(N2CCN(Cc3ccc4c(c3)OCO4)CC2)nc1,0,911
CCNC1CN(CCCOC)S(=O)(=O)c2sc(S(N)(=O)=O)cc21,0,231
C=C1CCC2C(CC2(C)C)C(=O)CCC1O,0,661
C[C@@H]1ON(c2ccc(C(=O)OC(C)(C)C)cc2)[C@H](c2ccc(O)cc2)[C@H]1C(=O)N1C(=O)OC[C@H]1Cc1ccccc1,0,3703
C[C@H]1CN([C@@H](C)CO)C(=O)c2cc(-c3cccc(C(=O)N(C)C)c3)cnc2O[C@@H]1CN(C)C(=O)Cc1ccccn1,0,1863
C[C@@H]1CN([C@H](C)CO)C(=O)c2cc(-c3cccc(C(=O)N(C)C)c3)cnc2O[C@@H]1CN(C)C(=O)Cc1ccccn1,0,1863
Cl.N=C(N)NC(=O)c1nc(Cl)c(N)nc1N,0,99
CN(C)c1cnccn1.O=S(=O)(O)O,0,99
NC(=O)c1cnccn1,0,99
O=C(O)COCC(=O)Nc1cnccn1,0,99
Cc1nc(N)c(C(=O)O)nc1C,0,99
O=c1ccc(=O)n(-c2ccccc2)[nH]1,0,2347
COC[C@H]1CNN1C(=O)Nc1c(C)noc1C,0,2842
C1CCN2C[C@H]3C[C@@H](CN4CCCC[C@H]34)[C@@H]2C1.O=S(=O)(O)O,0,1025
CCn1nc(C(=O)O)c(=O)c2cc3c(cc21)OCO3,1,340
O=C(O)C[C@@H]1C=C[C@H](NC(=O)c2ccncc2)[C@@H](CO)O1,0,2415
CCC(=O)Nc1nn2c(C)nnc2s1,0,3696
CC1CC[C@@]2(OC1)O[C@H]1CC3C4CC[C@@H]5C[C@@H](O)CC[C@]5(C)C4CC[C@]3(C)[C@H]1[C@@H]2C,1,1020
O=C(C[C@@H]1C=C[C@@H](NC(=O)CN2CCOCC2)[C@H](CO)O1)NC1CCC1,0,3670
O=c1oc2cc(O)ccc2s1,0,1096
CC(C)(C#N)c1cc(Cn2cncn2)cc(C(C)(C)C#N)c1,0,123
NS(=O)(=O)c1ncn(Cc2ccccc2)n1,1,123
Nc1nc(=O)[nH]cc1F,0,564
COC(=O)CCn1cc(F)c(N)nc1=O,0,564
Cc1cc(/C=N/O)[nH]c(=O)n1,0,564
Nc1nc(=O)[nH]cc1Br,0,564
CCN1C(=O)S[C@@H](CC(=O)O)C1=O,0,1172
O=C(NCCN1CCOCC1)[C@]1(CCS(=O)(=O)c2ccccc2)N=C(c2ccc(OCCCO)cc2)O[C@@H]1c1ccccc1,1,3448
Cn1c(=O)c2c(ncn2CCNC2=NCCC2)n(C)c1=O,0,3561
CO/N=C(/C(=O)NC1C(=O)N2C(C(=O)O)=C(C[N+]3(C)CCCC3)CSC12)c1csc(N)n1.[Cl-],1,285
Cc1cc(C(=O)N2CCNC(=O)C2(C)C)no1,0,3224
[N-]=[N+]=Nc1ccccc1[C@H]1OC(c2ccc(OCCCO)cc2)=N[C@@]1(CCS(=O)(=O)c1ccccc1)C(=O)N1CCCCC1,0,2379
CC(=O)NC[C@H]1CN(c2ccc(N3CCOCC3)c(F)c2)C(=O)O1,1,713
C#CCOS(=O)OC1CCCCC1Oc1ccc(C(C)(C)C)cc1,0,933
COc1cccc2c1cc([N+](=O)[O-])c1c(C(=O)O)cc3c(c12)OCO3,0,148
N[C@@H]1CCCN(Cc2ccncc2)[C@H]1c1ccccc1F,0,2242
Clc1ccc(CO/N=C(\Cn2ccnc2)c2ccc(Cl)cc2Cl)c(Cl)c1.O=[N+]([O-])O,0,850
[O-][n+]1ccccc1S[Zn]Sc1cccc[n+]1[O-],1,948
CN[C@@H]1[C@H](OC2[C@H](O[C@@H]3[C@@H](NC(=N)N)[C@H](O)[C@@H](NC(=N)N)[C@H](O)[C@H]3O)O[C@@H](C)[C@]2(O)C=O)O[C@@H](CO)[C@H](O)[C@H]1O.O=S(=O)(O)O,1,1031
N[C@H]1CC[C@H](CCn2cc(-c3ccccn3)nn2)O[C@@H]1CO,0,2337
C=C[C@](C)(O)CC[C@H]1[C@@](C)(O)CC[C@H]2C(C)(C)CCC[C@@]21C,0,1006
O=C1O[C@@H](CO)[C@H](O)[C@@H](O)[C@@H]1O,0,599
CC1(O)CCOC(=O)C1,0,599
COc1cc2c(cc1OC)-c1onc(-c3ccc(OCCO[Si](C(C)C)(C(C)C)C(C)C)cc3)c1CCCN(C[C@@H](C)OC(=O)NCCCCCC(=O)NO)CC2,0,1419
COc1ccc(C#Cc2ccc3c(c2)[C@]2(C(=O)N3)[C@H](C(=O)Nc3nc4ccccc4s3)[C@H]3C(=O)O[C@H](c4ccccc4)[C@H](c4ccccc4)N3[C@@H]2c2ccccc2OCCO)cc1,0,3455
COc1cc(OC)c(CN(CC#CCOC(=O)NCCCCCC(=O)NO)S(=O)(=O)c2ccccc2[N+](=O)[O-])c(OC)c1,0,3551
Cn1nnnc1SCC(=O)Nc1ncccn1,0,2799
CN(C)CCOC(c1ccccc1)c1ccccc1.Cn1c(=O)c2[nH]c(Cl)nc2n(C)c1=O,0,468
CC1=NN(c2ccccc2)C(=O)C1,0,496
NC1=NN(c2ccccc2)C(=O)C1,1,496
C[C@H]1CN([C@H](C)CO)C(=O)c2cc(C#CCN(C)C)cnc2O[C@@H]1CN(C)Cc1ccc2c(c1)OCO2,0,3574
COCC(=O)Nc1ccc2c(c1)C(=O)N(C)[C@@H]1CC[C@@H](CC(=O)NCc3ccc(OC)cc3)O[C@H]1CO2,0,2732
COCC(=O)Nc1ccc2c(c1)C(=O)N(C)[C@@H]1CC[C@@H](CC(=O)NCc3ccccc3Cl)O[C@H]1CO2,0,2732
C[C@]12CCC3C(CC=C4C[C@@H](O)CC[C@@]43C)[C@@H]1CCC2=O,0,922
CC(=O)SCC(Cc1ccccc1)C(=O)NCC(=O)OCc1ccccc1,0,961
CCN(CC)CCOc1ccc2c(c1)C(=O)c1cc(OCCN(CC)CC)ccc1-2,0,1092
c1ccc(-c2[nH]nc3ccccc23)cc1,0,2929
C[C@@H](O)CN1C(=S)S[C@@H]2CS(=O)(=O)C[C@@H]21,0,1307
CCC(C)(C)c1ccc(CC(C)CN2C[C@H](C)O[C@H](C)C2)cc1.Cl,0,112
c1cc2c(cc1-c1nn[nH]n1)OCO2,0,2110
Cc1ccc(/C=N/c2ccccc2Sc2c(C)n[nH]c2C)cc1,0,1847
COc1ccc([Si](C)(C)[C@@H]2[C@@H](CCn3cc(CCO)nn3)O[C@]3(C(=O)N(Cc4ccc(N5C(=O)c6cccc7cccc5c67)cc4)c4ccccc43)[C@H]2C)cc1,0,3634
Cc1cc(C)c(/N=c2\scc(C)n2Cc2ccccc2)c(C)c1,0,3043
COC(=O)[C@@H](N)Cc1ccc(-n2cc(CCC(=O)NO)nn2)cc1,1,1781
OCc1cn(-c2ccccc2)nn1,0,1781
COC(=O)c1cn(-c2cccc(N)c2)nn1,0,1781
Nc1cccc(-n2cc(CCC(=O)NO)nn2)c1,0,1781
COc1cccc(-n2cc(C(=O)NO)nn2)c1,0,1781
O=C(O)c1cn(-c2ccccc2)nn1,0,1781
Nc1ccc(-n2cc(CCC(=O)NO)nn2)cc1,0,1781
COc1ccc(-n2cc(C(=O)NO)nn2)cc1,0,1781
Cc1onc(-c2ccccc2)c1C(=O)NC1C(=O)N2[C@@H](C(=O)[O-])C(C)(C)S[C@H]12.[Na+],0,843
CCN1CCC[C@@H]1CNC(=O)c1cc(S(N)(=O)=O)ccc1OC,0,708
COC1=CC(=O)C[C@@H](C)[C@]12Oc1c(Cl)c(OC)cc(OC)c1C2=O,0,610
Cl.Fc1ccc([C@@H]2CCNC[C@H]2COc2ccc3c(c2)OCO3)cc1,0,864
CC1(C)S[C@@H]2[C@H](NC(=O)[C@H](NC(=O)N3CCNC3=O)c3ccccc3)C(=O)N2C1C(=O)[O-].[Na+],1,174
O=C(C[C@@H]1CC[C@@H]2[C@H](COC[C@@H](O)CN2C(=O)c2ccc3c(c2)OCO3)O1)NCCN1CCCCC1,0,1906
CO[C@H]1CN(C)C(=O)c2ccc(NS(=O)(=O)c3cn(C)cn3)cc2OC[C@H](C)N(CCC(F)(F)F)C[C@H]1C,0,2877
CCCN1C[C@H](C)[C@@H](OC)CN(C)C(=O)c2ccc(NS(=O)(=O)c3cn(C)cn3)cc2OC[C@H]1C,0,2877
CO[C@@H]1CN(C)C(=O)c2ccc(NS(=O)(=O)c3cn(C)cn3)cc2OC[C@@H](C)N(CCC(F)(F)F)C[C@@H]1C,0,2877
CO[C@@H]1CN(C)C(=O)c2ccc(NS(=O)(=O)c3cn(C)cn3)cc2OC[C@H](C)N(CCC(F)(F)F)C[C@@H]1C,0,2877
CC1(C)CC2C1CCC1(C)OC1CCC2(C)O,0,12
CCOc1ccc(S(=O)(=O)[O-])c2cccnc12.[Na+],0,66
Oc1c(Br)cc(Br)c2cccnc12,1,66
O=S(=O)([O-])c1cc(I)c(O)c2ncccc12.[Na+],1,66
CC(=O)Oc1ccc(Cl)c2cccnc12,1,66
CCN(CC)CCCC(C)Nc1ccnc2cc(Cl)ccc12.O=P(O)(O)O.O=P(O)(O)O,0,66
Oc1c(Cl)cc(Cl)c2cccnc12,1,66
Cc1ccc2c(Cl)cc(Cl)c(O)c2n1,0,66
Oc1c(I)cc(Cl)c2cccnc12,1,66
Oc1ccc(Cl)c2cccnc12,1,66
CCCCCCCCCCOc1cc2c(O)c(C(=O)OCC)cnc2cc1OCC,0,66
CCCCOc1cc(C(=O)NCCN(CC)CC)c2ccccc2n1.Cl,0,66
CCN(CCO)CCCC(C)Nc1ccnc2cc(Cl)ccc12.O=S(=O)(O)O,0,66
Oc1c(I)cc(I)c2cccnc12,0,66
O=[N+]([O-])c1ccc(O)c2ncccc12,1,66
O=S(=O)(O)O.Oc1cccc2cccnc12,1,66
COc1cc(NC(C)CCCN)c2ncccc2c1.O=P(O)(O)O.O=P(O)(O)O,0,66
O=C(O)c1cc(O)c2cccc(O)c2n1,0,66
NC(=O)c1cc2ccccc2nc1C(N)=O,0,66
COc1cccc2ccc(Cl)nc12,0,66
CCCCc1c(C)nc2ccc(Br)cc2c1SC(N)N,0,66
NCCSc1cc(C(F)(F)F)nc2ccccc12,0,66
Fc1cccc2c(Cl)ccnc12,0,66
CC(C)(CN)CNc1ccc([N+](=O)[O-])c2cccnc12,0,66
CCc1nc2ccccc2c(N)c1C,0,66
CCSc1cccc2cccnc12,0,66
COc1ccc2nccc(Cl)c2c1,0,66
Cc1nc([N+](=O)[O-])c(N2CCNCC2)[nH]1,0,1667
O=C(O)[C@H]1/C(=C/CO)O[C@@H]2CC(=O)N21.[LiH],1,347
O=C(O)[C@H]1/C(=C/CO)O[C@@H]2CC(=O)N21,1,347
C/C(=C\CC[C@@H](C)[C@H]1C[C@@H](O)[C@@]2(C)[C@H]3CC[C@H]4C(C)(C)[C@@H](O[C@@H]5O[C@@H](CO[C@H]6O[C@@H](CO)[C@@H](O)[C@@H](O)[C@@H]6O)[C@@H](O)[C@@H](O)[C@@H]5O)CC[C@@]45C[C@@]35C[C@@H](O)[C@]12C)C(=O)O[C@H]1O[C@@H](CO)[C@@H](O)[C@@H]1O,0,1478
COCc1cn(C[C@H](Cc2ccccc2)NC(=O)N[C@H](CO)CCc2oc(C(=O)N3CCOCC3)c(C(=O)OC)c2C(=O)OC)nn1,0,3473
O=C(O)[C@H]1C2C(=O)N(C3CC3)C[C@]23C=C[C@H]1O3,0,3711
COC(=O)[C@H]1C2C(=O)N(C3CC3)C[C@]23C=C[C@H]1O3,0,3711
Nc1no[n+]([O-])c1-c1ccccc1,0,1869
Cc1cccc2c1OCC[C@@H](N)C2=O,0,1519
O=C1O[C@@H](c2ccccc2)[C@@H](c2ccccc2)N2[C@@H](c3ccc(O)cc3)[C@]3(C(=O)Nc4ccc(C#CC5(O)CCCCCC5)cc43)[C@@H](C(=O)NC[C@H](O)c3ccccc3)[C@H]12,0,3335
C=C1CCOC(=O)[C@@H](NC(C)=O)CCCN(O)C(=O)/C=C(\C)CCOC(=O)[C@H](NC(C)=O)CCCN(O)C(=O)/C=C(\C)CCOC(=O)[C@@H](NC(C)=O)CCCN(O)C(=O)C1,0,1520
CC(=O)Oc1ccccc1C(=O)Nc1ncc([N+](=O)[O-])s1,1,823
Cn1cnc(S(=O)(=O)N[C@H]2CC[C@@H](CC(=O)N3CCN(c4ccccc4)CC3)O[C@@H]2CO)c1,0,2034
Cn1cnc(S(=O)(=O)N[C@H]2CC[C@@H](CC(=O)N3CCN(c4ccccc4)CC3)O[C@H]2CO)c1,0,2034
CC1(C)C2CCC1(C)C(O)C2,0,226
CC(=O)OC1CC2CCC1(C)C2(C)C,0,226
CNC1(C)C2CCC(C2)C1(C)C.Cl,0,226
N[C@]12CC[C@](C(=O)O)(CC1)C2,0,226
CC(C)CC#Cc1ccc2c(c1)O[C@H](CN(C)C(=O)Cc1cccnc1)[C@H](C)CN([C@H](C)CO)S2(=O)=O,0,1645
CC(C)CC#Cc1ccc2c(c1)O[C@H](CN(C)C(=O)Cc1cccnc1)[C@@H](C)CN([C@@H](C)CO)S2(=O)=O,0,1645
CC(C)CC#Cc1ccc2c(c1)O[C@H](CN(C)C(=O)Cc1cccnc1)[C@H](C)CN([C@@H](C)CO)S2(=O)=O,0,1645
NC1=NC(=O)C[C@H](Cc2ccccc2)N1,0,1304
NC(=O)c1ncn([C@@H]2O[C@H](CO)[C@@H](O)[C@H]2O)n1,0,974
O=C1C[C@H](c2ccccc2)[C@@H]2CNCCN12,0,1627
COc1ccc([C@H]2CC(=O)N3CCNC[C@@H]23)cc1,0,1627
C[C@@H](CO)N1C[C@@H](C)[C@H](CN(C)C(=O)C2CCOCC2)Oc2cc(-c3ccc(F)cc3)ccc2S1(=O)=O,0,1938
C[C@H]1CN([C@H](C)CO)S(=O)(=O)c2ccc(-c3ccc(C(=O)N(C)C)cc3)cc2O[C@H]1CN(C)C(=O)C1CCOCC1,0,1938
C[C@@H](CO)N1C[C@@H](C)[C@H](CN(C)C(=O)C2CCOCC2)Oc2cc(-c3ccc(C(=O)N(C)C)cc3)ccc2S1(=O)=O,0,1938
C[C@H]1CN([C@H](C)CO)S(=O)(=O)c2ccc(-c3ccc(F)cc3)cc2O[C@H]1CN(C)C(=O)C1CCOCC1,0,1938
COc1cccc(-c2ccc3c(c2)O[C@@H](CN(C)C(=O)C2CCOCC2)[C@H](C)CN([C@H](C)CO)S3(=O)=O)c1,0,1938
C[C@@H]1CN([C@H](C)CO)S(=O)(=O)c2ccc(-c3ccc(C(=O)N(C)C)cc3)cc2O[C@H]1CN(C)C(=O)C1CCOCC1,0,1938
C[C@@H]1CN([C@H](C)CO)S(=O)(=O)c2ccc(-c3ccc(F)cc3)cc2O[C@H]1CN(C)C(=O)C1CCOCC1,0,1938
CO[C@]12[C@@H](COC(N)=O)C3=C(C(=O)C(C)=C(N)C3=O)N1C[C@H]1N[C@H]12,1,1353
NC[C@H]1CCN(c2ccc(Oc3ccccc3)cc2)C1,0,1241
COc1ccc(CCNS(=O)(=O)c2cn(C)c(=O)n(C)c2=O)cc1,0,3705
COC(=O)c1cnn2c(=O)c3c([nH]c12)CCC3,0,3104
CC(=O)O[C@@H]1CC2C(C)(C)C=CC[C@]2(C)C2CC[C@@]3(C)C(c4ccoc4)OC(=O)[C@H]4O[C@]43[C@@]21C,0,22
O=C(O)CCCN1C(=O)c2cccc3cccc(c23)C1=O,0,30
O=C(O)CN1C(=O)c2cccc3cccc(c23)C1=O,0,30
COCC(=O)Nc1ccc2c(c1)C(=O)N(C)[C@H]1CC[C@@H](CC(=O)NCc3ccc(OC)cc3)O[C@H]1CO2,0,1866
CCCc1nc(C(C)(C)O)c(C(=O)O)n1Cc1ccc(-c2ccccc2-c2nn[nH]n2)cc1,0,837
Cl.c1ccc2c(c1)CCCC2C1=NCCN1,0,1076
O=C(CN1CCOCC1)NCC[C@@H]1CC[C@H](NC(=O)c2ccc3c(c2)OCO3)[C@H](CO)O1,0,2841
COc1ccc(NC(=O)N[C@H]2CC[C@@H](CCNC(=O)CN3CCOCC3)O[C@H]2CO)cc1,0,2488
COc1ccc(NC(=O)N[C@H]2CC[C@@H](CCNC(=O)CN3CCOCC3)O[C@@H]2CO)cc1,0,2488
O=C(CN1CCOCC1)NCC[C@@H]1CC[C@H](NC(=O)Nc2ccccc2)[C@@H](CO)O1,0,2488
O=C(CN1CCOCC1)NCC[C@@H]1CC[C@H](NC(=O)Nc2ccccc2)[C@H](CO)O1,0,2488
NC(=O)C1(N2CCCCC2)CCN(CCCC(=O)c2ccc(F)cc2)CC1,0,902
COC(=O)CCCCCCC(=O)Nc1ccc([C@H]2O[C@@H](CSc3nc4ccccc4s3)C[C@H](c3ccccc3)O2)cc1,0,1468
COc1ccccc1CNC(=O)C[C@@H]1C[C@@H]2c3cc(NC(=O)Nc4ccc(C(F)(F)F)cc4)ccc3O[C@@H]2[C@@H](CO)O1,0,1858
O=C(C[C@@H]1C[C@@H]2c3cc(NC(=O)Nc4ccc(C(F)(F)F)cc4)ccc3O[C@@H]2[C@@H](CO)O1)NCc1ccc(Cl)cc1,0,1858
C/C=C1\[C@H](O[C@@H]2O[C@H](CO)[C@@H](O)[C@H](O)[C@H]2O)OC=C(C(=O)OC)[C@H]1CC(=O)OC,0,2883
C[C@]1(C(=O)NCCN2CCOCC2)c2ccccc2C(=O)N(Cc2cc(C(F)(F)F)cc(C(F)(F)F)c2)[C@H]1c1ccc(CO)cc1,0,2345
C=CCC[C@@H](Cc1ccc(F)cc1)C(=O)OC[C@@H](NC(=O)[C@@H](CC=C)CC(=O)N[C@H](CO)Cc1ccccc1)C(C)(C)C,1,1726
C=CCC[C@@H](Cc1ccc(F)cc1)C(=O)OC[C@@H](NC(=O)[C@@H](CC=C)CC(=O)N[C@@H](CO)Cc1ccccc1)C(C)(C)C,0,1726
C=CCC[C@H](Cc1ccc(F)cc1)C(=O)OC[C@@H](NC(=O)[C@@H](CC=C)CC(=O)N[C@@H](CO)Cc1ccccc1)C(C)(C)C,0,1726
C=CCC[C@H](Cc1ccc(F)cc1)C(=O)OC[C@@H](NC(=O)[C@@H](CC=C)CC(=O)N[C@H](CO)Cc1ccccc1)C(C)(C)C,0,1726
CC(c1nc(=O)[nH][nH]1)N1CCOC(O[C@H](C)c2cc(C(F)(F)F)cc(C(F)(F)F)c2)C1c1ccc(F)cc1,1,144
COCC(=O)N1C[C@@H](C)[C@H](OC)CN(C)C(=O)c2ccc(NC(=O)c3cc(C)on3)cc2OC[C@@H]1C,0,2561
COCC(=O)N1C[C@H](C)[C@H](OC)CN(C)C(=O)c2ccc(NC(=O)c3cc(C)on3)cc2OC[C@@H]1C,0,2561
COCC(=O)N1C[C@@H](C)[C@@H](OC)CN(C)C(=O)c2ccc(NC(=O)c3cc(C)on3)cc2OC[C@H]1C,0,2561
COCC(=O)N1C[C@H](C)[C@H](OC)CN(C)C(=O)c2ccc(NC(=O)c3cc(C)on3)cc2OC[C@H]1C,0,2561
COCC(=O)N1C[C@H](C)[C@@H](OC)CN(C)C(=O)c2ccc(NC(=O)c3cc(C)on3)cc2OC[C@H]1C,0,2561
C[C@H]1CN([C@@H](C)CO)S(=O)(=O)c2ccc(C#C[C@@H](C)O)cc2O[C@H]1CN(C)C(=O)Nc1ccccc1,0,1833
COc1ccc(NC(=O)N(C)C[C@@H]2Oc3cc(C#CCN(C)C)ccc3S(=O)(=O)N([C@@H](C)CO)C[C@@H]2C)cc1,0,1833
C[C@@H](CO)N1C[C@@H](C)[C@H](CN(C)C(=O)Nc2ccccc2F)Oc2cc(C#CCN(C)C)ccc2S1(=O)=O,0,1833
C[C@@H]1CN([C@H](C)CO)S(=O)(=O)c2ccc(C#CCN(C)C)cc2O[C@H]1CN(C)C(=O)Nc1ccccc1F,0,1833
COCC#Cc1ccc2c(c1)O[C@@H](CN(C)C(=O)Nc1ccccc1F)[C@H](C)CN([C@H](C)CO)S2(=O)=O,0,1833
C[C@H](O)C#Cc1ccc2c(c1)O[C@@H](CN(C)C(=O)Nc1ccccc1)[C@H](C)CN([C@@H](C)CO)S2(=O)=O,0,1833
COCC#Cc1ccc2c(c1)O[C@@H](CN(C)C(=O)Nc1ccccc1F)[C@@H](C)CN([C@@H](C)CO)S2(=O)=O,0,1833
COCC#Cc1ccc2c(c1)O[C@@H](CN(C)C(=O)Nc1ccccc1F)[C@H](C)CN([C@@H](C)CO)S2(=O)=O,0,1833
COc1ccccc1NC(=O)N(C)C[C@@H]1Oc2cc(Br)ccc2S(=O)(=O)N([C@@H](C)CO)C[C@H]1C,1,1833
O=C(O)C1CSCN1,0,1094
CC(=O)N1CSC[C@H]1C(=O)O,0,1094
CC[C@@]1(C)N[C@H](C(=O)O)CS1,0,1094
CC1(C)NCS[C@H]1C(=O)O,0,1094
C[C@H]1CN([C@@H](C)CO)S(=O)(=O)c2ccc(C#CC3(O)CCCC3)cc2O[C@@H]1CN(C)C(=O)c1ccccc1,0,2599
C[C@H]1CN([C@H](C)CO)S(=O)(=O)c2ccc(C#CC3(O)CCCC3)cc2O[C@@H]1CN(C)C(=O)c1ccccc1,0,2599
CC1(C)C(=O)C=C[C@@]2(C)C1C[C@@H](O)[C@]1(C)C2CC[C@@]2(C)[C@H](c3ccoc3)OC(=O)[C@H]3O[C@]321,0,413
CN1CCCN=C1COC(=O)C(O)(c1ccccc1)C1CCCCC1.Cl,0,858
CN1CCN(C(=O)C[C@H]2CC[C@@H]3[C@H](COC[C@@H](O)CN3C(=O)Nc3cc(Cl)cc(Cl)c3)O2)CC1,0,2838
CN1CCN(C(=O)C[C@H]2CC[C@@H]3[C@H](COC[C@H](O)CN3C(=O)Nc3cc(Cl)cc(Cl)c3)O2)CC1,0,2838
CO[C@H]1CN(C)C(=O)c2ccc(NS(=O)(=O)CC(F)(F)F)cc2OC[C@H](C)N(C(=O)NC(C)C)C[C@H]1C,0,2167
CCCNC(=O)N1C[C@H](C)[C@H](OC)CN(C)C(=O)c2cc(NS(=O)(=O)CC(F)(F)F)ccc2OC[C@H]1C,0,2167
CO[C@@H]1CN(C)C(=O)c2ccc(NS(C)(=O)=O)cc2OC[C@H](C)N(C(=O)CN(C)C)C[C@@H]1C,0,2167
CO[C@@H]1CN(C)C(=O)c2ccc(NS(C)(=O)=O)cc2OC[C@@H](C)N(C(=O)CN(C)C)C[C@@H]1C,0,2167
CO[C@H]1CN(C)C(=O)c2ccc(NS(C)(=O)=O)cc2OC[C@@H](C)N(C(=O)CN(C)C)C[C@@H]1C,0,2167
CO[C@@H]1CN(C)C(=O)c2cc(NS(C)(=O)=O)ccc2OC[C@@H](C)N(C(=O)CN(C)C)C[C@@H]1C,0,2167
CCCNC(=O)N1C[C@H](C)[C@H](OC)CN(C)C(=O)c2cc(NS(=O)(=O)CC(F)(F)F)ccc2OC[C@@H]1C,0,2167
CO[C@@H]1CN(C)C(=O)c2cc(NS(=O)(=O)CC(F)(F)F)ccc2OC[C@H](C)N(C(=O)NC(C)C)C[C@H]1C,0,2167
CCCNC(=O)N1C[C@@H](C)[C@@H](OC)CN(C)C(=O)c2ccc(NS(=O)(=O)CC(F)(F)F)cc2OC[C@H]1C,0,2167
CO[C@H]1CN(C)C(=O)c2ccc(NS(C)(=O)=O)cc2OC[C@@H](C)N(C(=O)CN(C)C)C[C@H]1C,0,2167
CO[C@H]1CN(C)C(=O)c2cc(NS(=O)(=O)CC(F)(F)F)ccc2OC[C@H](C)N(C(=O)NC(C)C)C[C@H]1C,0,2167
CO[C@H]1CN(C)C(=O)c2cc(NS(C)(=O)=O)ccc2OC[C@H](C)N(C(=O)CN(C)C)C[C@H]1C,0,2167
CO[C@H]1CN(C)C(=O)c2cc(NS(C)(=O)=O)ccc2OC[C@@H](C)N(C(=O)CN(C)C)C[C@H]1C,0,2167
CCCNC(=O)N1C[C@H](C)[C@@H](OC)CN(C)C(=O)c2cc(NS(=O)(=O)CC(F)(F)F)ccc2OC[C@H]1C,0,2167
[N-]=[N+]=NCc1ccccc1C[C@@]1(C(=O)NCCN2CCOCC2)N=C(c2ccc(OCCCO)cc2)O[C@@H]1c1ccccc1N=[N+]=[N-],0,3424
CC(C(=O)O)c1ccc(CC2CCCC2=O)cc1,0,723
COc1ccc(S(=O)(=O)N[C@H]2CC[C@@H](CC(=O)N3CCC(Cc4ccccc4)CC3)O[C@H]2CO)cc1,0,1542
O=C(C[C@@H]1CC[C@H](NS(=O)(=O)c2ccc(F)cc2)[C@H](CO)O1)N1CCC(Cc2ccccc2)CC1,0,1542
Cc1ccc(S(=O)(=O)N[C@H]2CC[C@@H](CC(=O)N3CCC(Cc4ccccc4)CC3)O[C@@H]2CO)cc1,0,1542
Clc1ccc(C(Cn2ccnc2)OCc2ccsc2Cl)c(Cl)c1,0,1095
COc1cc2c3cc1Oc1c(OC)c(OC)cc4c1[C@@H](Cc1cccc(c1)Oc1ccc(c(O)c1)C[C@@H]3N(C)CC2)N(C)CC4.Cl.Cl,0,200
Cc1ccc(S[C@]2(C(=O)O)CC(=O)N(Cc3ccccc3C(F)(F)F)[C@@H]2c2ccc(CO)cc2)cc1,0,2075
Cc1ccc(S[C@]2(C(=O)NCCCN(C)C)CC(=O)N(Cc3ccccc3C(F)(F)F)[C@@H]2c2ccc(CO)cc2)cc1,0,2075
Cc1ccc(S[C@]2(C(=O)NC(C)C)CC(=O)N(Cc3ccccc3Cl)[C@@H]2c2ccc(CO)cc2)cc1,0,2075
Cc1ccc(S[C@]2(C(=O)NCCCN(C)C)CC(=O)N(Cc3ccccc3C(F)(F)F)[C@@H]2c2ccc(CO)cc2I)cc1,0,2075
Cc1ccc(S[C@]2(C(=O)NCC(F)(F)F)CC(=O)N(Cc3cc(C(F)(F)F)cc(C(F)(F)F)c3)[C@@H]2c2ccc(CO)cc2I)cc1,0,2075
Cc1ccc(S[C@]2(C(=O)O)CC(=O)N(Cc3cc(C(F)(F)F)cc(C(F)(F)F)c3)[C@@H]2c2ccc(CO)cc2)cc1,0,2075
CCCNC(=O)[C@@]1(Sc2ccc(C)cc2)CC(=O)N(Cc2cc(C(F)(F)F)cc(C(F)(F)F)c2)[C@@H]1c1ccc(CO)cc1I,0,2075
COCCCNC(=O)[C@@]1(Sc2ccc(C)cc2)CC(=O)N(Cc2cc(C(F)(F)F)cc(C(F)(F)F)c2)[C@@H]1c1ccc(CO)cc1,0,2075
Cc1ccc(S[C@]2(C(=O)NCC(C)C)CC(=O)N(Cc3ccccc3)[C@@H]2c2ccc(CO)cc2)cc1,0,2075
Cc1ccc(S[C@]2(C(=O)O)CC(=O)N(Cc3cc(C(F)(F)F)cc(C(F)(F)F)c3)[C@@H]2c2ccc(CO)cc2I)cc1,0,2075
Cc1ccc(S[C@]2(C(=O)O)CC(=O)N(Cc3ccccc3Cl)[C@@H]2c2ccc(CO)cc2I)cc1,0,2075
Cc1ccc(S[C@]2(C(=O)NCC(C)C)CC(=O)N(Cc3cc(C(F)(F)F)cc(C(F)(F)F)c3)[C@@H]2c2ccc(CO)cc2I)cc1,0,2075
Cc1ccc(S[C@]2(C(=O)NCCCN(C)C)CC(=O)N(Cc3cc(C(F)(F)F)cc(C(F)(F)F)c3)[C@@H]2c2ccc(CO)cc2)cc1,0,2075
Cc1ccc(S[C@]2(C(=O)NC(C)C)CC(=O)N(Cc3ccccc3C(F)(F)F)[C@@H]2c2ccc(CO)cc2)cc1,0,2075
COCCCNC(=O)[C@@]1(Sc2ccc(C)cc2)CC(=O)N(Cc2ccccc2C(F)(F)F)[C@@H]1c1ccc(CO)cc1I,0,2075
Cc1ccc(S[C@]2(C(=O)NCC(F)(F)F)CC(=O)N(Cc3ccccc3C(F)(F)F)[C@@H]2c2ccc(CO)cc2)cc1,0,2075
CC1(C)C=C(C(=O)N2CCOCC2)C(C)(C)N1,0,1831
C=C(C(=O)O[C@H]1CC=C(C)C[C@H](O)[C@H]2[C@H](C)C(=O)O[C@@H]2/C=C/1C)[C@@H]1CCC(=C)[C@@H]2C[C@H](O[C@@H]3O[C@H](COC(=O)CC(=O)O)[C@@H](O)[C@H](O)[C@H]3O)C(=C)[C@@H]2C1,0,2291
CC[C@@H]1CN(C(=O)c2ccccn2)N1,0,2544
COC[C@H]1CN(C(=O)c2ccccn2)N1,0,2544
CN1CCc2nc(C(=O)NC3C[C@@H](C(=O)N(C)C)CC[C@@H]3NC(=O)C(=O)Nc3ccc(Cl)cn3)sc2C1.Cc1ccc(S(=O)(=O)O)cc1.O,0,497
Cl.c1ccc2c(CC3=NCCN3)cccc2c1,0,804
CO[C@@H]1C=C[C@@H]2[C@H]1N2CCCO,0,3716
CO[C@@H]1C=C[C@@H]2[C@H]1N2CCO,0,3716
CO[C@@H]1CN(C)C(=O)c2cc(NC(=O)Nc3cccc(Cl)c3)ccc2OC[C@@H](C)N(C(=O)Nc2c(C)noc2C)C[C@@H]1C,0,2888
CO[C@@H]1CN(C)C(=O)c2cc(NC(=O)Nc3cccc(F)c3)ccc2OC[C@@H](C)N(C(=O)Nc2c(C)noc2C)C[C@@H]1C,0,2888
Cn1cnc(S(=O)(=O)N2C[C@@H](O)COC[C@H]3O[C@@H](CC(=O)NC4Cc5ccccc5C4)CC[C@@H]32)c1,0,3426
Cn1cnc(S(=O)(=O)N2C[C@H](O)COC[C@H]3O[C@@H](CC(=O)NC4Cc5ccccc5C4)CC[C@@H]32)c1,0,3426
CCOc1nc2cccc(C(=O)OC(C)OC(=O)OC3CCCCC3)c2n1Cc1ccc(-c2ccccc2-c2nnn[nH]2)cc1,0,252
COc1ccc2ccccc2c1-c1c(OC)ccc2ccccc12,0,2297
COCOc1ccc2cc(Br)ccc2c1-c1c(OCOC)ccc2cc(Br)ccc12,0,2297
Cc1ccc(S(=O)(=O)N2C[C@@H](O)COC[C@H]3O[C@H](CC(=O)N[C@H]4CCN(Cc5ccccc5)C4)CC[C@@H]32)cc1,0,1545
COc1ccc(S(=O)(=O)N2C[C@@H](O)COC[C@H]3O[C@H](CC(=O)N[C@H]4CCN(Cc5ccccc5)C4)CC[C@@H]32)cc1,0,1545
COc1ccc(S(=O)(=O)N2C[C@H](O)COC[C@H]3O[C@H](CC(=O)N[C@H]4CCN(Cc5ccccc5)C4)CC[C@@H]32)cc1,0,1545
O=C(C[C@@H]1CC[C@H]2[C@@H](COC[C@@H](O)CN2S(=O)(=O)c2ccc(Cl)cc2)O1)N[C@H]1CCN(Cc2ccccc2)C1,0,1545
O=C(C[C@@H]1CC[C@H]2[C@@H](COC[C@H](O)CN2S(=O)(=O)c2ccc(Cl)cc2)O1)N[C@H]1CCN(Cc2ccccc2)C1,0,1545
CCCCc1nc2ccccc2c(N)c1CC.O=C1O[C@H]([C@H](O)CO)[C@@H](O)C1=O,0,3723
Nc1nnnn1CC(=O)OCC(=O)Nc1ccccc1,0,2771
O=C(C[C@H]1CC[C@@H]2[C@H](COC[C@H](O)CN2S(=O)(=O)c2ccc(Cl)cc2)O1)N[C@H]1CCN(Cc2ccccc2)C1,0,1701
Cc1ccc(S(=O)(=O)N2C[C@H](O)COC[C@@H]3O[C@@H](CC(=O)N[C@H]4CCN(Cc5ccccc5)C4)CC[C@H]32)cc1,0,1701
O=C(C[C@H]1CC[C@@H]2[C@H](COC[C@@H](O)CN2S(=O)(=O)c2ccc(F)cc2)O1)N[C@H]1CCN(Cc2ccccc2)C1,0,1701
O=C(C[C@H]1CC[C@@H]2[C@H](COC[C@@H](O)CN2S(=O)(=O)c2ccc(Cl)cc2)O1)N[C@H]1CCN(Cc2ccccc2)C1,0,1701
CCOC(=O)c1snc2c(=O)nc[nH]c12,0,2480
O=C(C1=C[C@H](c2ccsc2)C[C@H](OCCCCO)O1)N1CCN(Cc2ccc3c(c2)OCO3)CC1,0,2266
CC1=C(/C=C/C(C)=C/C=C/C(C)=C/C=C/C=C(C)/C=C/C=C(C)/C=C/C2=C(C)C(=O)C(O)CC2(C)C)C(C)(C)CC(O)C1=O,0,155
CC1=C(/C=C/C(C)=C/C=C/C(C)=C/C=C/C=C(C)/C=C/C=C(C)/C=C/C2=C(C)C(=O)CCC2(C)C)C(C)(C)CCC1=O,0,155
Nc1nnc(C(=O)c2ccccc2N)s1,0,2939
C[C@H]1CN([C@H](C)CO)C(=O)CCCn2nncc2CO[C@@H]1CN(C)S(=O)(=O)c1ccc(Cl)cc1,0,2254
COc1cccc(S(=O)(=O)N(C)C[C@H]2OCc3cnnn3CCCC(=O)N([C@H](C)CO)C[C@@H]2C)c1,0,2254
COc1ccc([C@H]([C@H](Cc2ccccc2)OC(C)=O)N(C/C=C/[C@@H](OC(C)=O)c2ccccc2)[C@@H](Cc2ccccc2)C(OC)OC)cc1,0,1383
O=S1(=O)CC[C@H](S(=O)(=O)N2CCOCC2)C1,0,1323
COc1ccccc1S(=O)(=O)N[C@@H]1CC[C@@H](CCNC(=O)C2CC2)O[C@@H]1CO,0,2963
O=C(NCC[C@@H]1CC[C@@H](NS(=O)(=O)c2cccc(F)c2)[C@@H](CO)O1)C1CC1,0,2963
COc1ccccc1S(=O)(=O)N[C@@H]1CC[C@@H](CCNC(=O)C2CC2)O[C@H]1CO,0,2963
Cc1cc(-c2ccc3ccccc3n2)nc2ccc3ccccc3c12,0,2216
C[C@]12CCC3C(CCC4=CC(=O)CC[C@@]43C)C1CC[C@]2(O)C(=O)CO,0,372
CC(=O)OCC(=O)[C@H]1CCC2C3CCC4=CC(=O)CC[C@]4(C)C3CC[C@@]21C,0,372
C#CC1(O)CCC2C3CCC4=CC(=O)CCC4(C)C3CCC21C,0,372
CC(=O)OCC(=O)[C@@]1(O)CCC2C3CCC4=CC(=O)CC[C@]4(C)[C@@]3(F)[C@@H](O)C[C@@]21C,0,372
C[C@]12C[C@H](O)C3C(CCC4=CC(=O)CC[C@@]43C)C1CC[C@]2(O)C(=O)CO,0,372
CC(=O)OCC(=O)[C@@]1(O)CCC2C3CCC4=CC(=O)CC[C@]4(C)C3[C@@H](O)C[C@@]21C,0,372
C[C@]12C[C@H](O)C3C(CCC4=CC(=O)CC[C@@]43C)C1CC[C@]2(O)C(=O)COC(=O)CCC(=O)O,0,372
CC12CCC(=O)C=C1CCC1C2[C@@H](O)CC2(C)C1CC[C@]2(O)C(=O)COP(=O)([O-])[O-].CC[NH+](CC)CC.CC[NH+](CC)CC,0,372
CCCCC(=O)O[C@]1(C(=O)CO)CCC2C3CCC4=CC(=O)CC[C@]4(C)C3[C@@H](O)C[C@@]21C,0,372
CC(=O)[C@@]1(O)CCC2C3CCC4=CC(=O)CC[C@]4(C)C3CC[C@@]21C,0,372
CCCCCC(=O)O[C@]1(C(C)=O)CCC2C3CCC4=CC(=O)CC[C@]4(C)C3CC[C@@]21C,0,372
CC(=O)O[C@]1(C(C)=O)CCC2C3C[C@H](C)C4=CC(=O)CC[C@]4(C)C3CC[C@@]21C,0,372
CC(=O)[C@H]1CCC2C3C[C@H](C)C4=CC(=O)CC[C@]4(C)C3[C@@H](O)C[C@@]21C,0,372
CC(=O)[C@H]1CCC2C3CCC4=CC(=O)CC[C@]4(C)C3CC[C@@]21C,0,372
CC[C@H](/C=C/C(C)C1CCC2C3CCC4=CC(=O)CC[C@]4(C)C3CC[C@]12C)C(C)C,0,372
C[C@]12CCC3C(CCC4=CC(=O)CC[C@@]43C)C1CC[C@@H]2O,0,372
CCC(=O)O[C@H]1CCC2C3CCC4=CC(=O)CC[C@]4(C)C3CC[C@@]21C,0,372
C=C1C(=O)O[C@@H]2C[C@@]3(C)CCC[C@H](C)C3=C[C@H]12,0,620
Cc1ccc(N2C(=O)c3ccccc3[C@@H](C(=O)NCCN3CCOCC3)[C@@H]2c2ccc(CO)cc2)nc1,0,2332
CN1CCN(C(=O)C[C@H]2C=C[C@H](NC(=O)c3ccc4c(c3)OCO4)[C@@H](CO)O2)CC1,0,1526
CN1CCN(C(=O)C[C@H]2C=C[C@H](NC(=O)c3ccc4c(c3)OCO4)[C@H](CO)O2)CC1,0,1526
OC[C@H]1O[C@](O)(CO)[C@@H](O)[C@@H]1O,0,402
CC(C)(CO)NC(=S)NC[C@H]1CCCO1,0,402
O=C(C[C@H]1C[C@@H]2c3cc(NC(=O)Nc4ccccc4F)ccc3O[C@@H]2[C@@H](CO)O1)NCc1ccc(Oc2ccccc2)cc1,0,2941
COc1c(O)cc2c(c1O)[C@@H]1O[C@H](CO)[C@@H](O)[C@H](O)[C@H]1OC2=O,0,203
Cc1cccc(S(=O)(=O)N2C[C@@H](O)COC[C@H]3O[C@@H](CC(=O)N4CCN(C)CC4)CC[C@@H]32)c1,0,1953
COc1cccc(S(=O)(=O)N2C[C@@H](O)COC[C@H]3O[C@@H](CC(=O)N4CCN(C)CC4)CC[C@@H]32)c1,0,1953
COc1cccc(S(=O)(=O)N2C[C@H](O)COC[C@H]3O[C@@H](CC(=O)N4CCN(C)CC4)CC[C@@H]32)c1,0,1953
Cc1ccccc1S(=O)(=O)N1C[C@H](O)COC[C@H]2O[C@@H](CC(=O)N3CCN(C)CC3)CC[C@@H]21,0,1953
Cc1cccc(S(=O)(=O)N2C[C@H](O)COC[C@H]3O[C@@H](CC(=O)N4CCN(C)CC4)CC[C@@H]32)c1,0,1953
CN1CCN(C(=O)C[C@H]2CC[C@H]3[C@@H](COC[C@@H](O)CN3S(=O)(=O)c3cccc(Cl)c3)O2)CC1,0,1953
Cl.Nc1c(Br)cc(Br)cc1CNC1CCC(O)CC1,1,95
CN(Cc1cc(Br)cc(Br)c1N)C1CCCCC1.Cl,0,95
C=C(C)CC1(N[C@H](C)c2ccccc2)CCCCC1,0,95
COc1cc2c(c(OC)c1OC)-c1ccc(O)c(=O)cc1[C@@H](NC(C)=O)CC2,0,366
COc1cc2c(c(OC)c1OC)-c1ccc(OC)c(=O)cc1[C@@H](NC(C)=O)CC2,0,366
Clc1cccc(Cl)c1CSCc1cc2ccccc2o1,0,2866
COc1cc(OC)c2c(c1Cl)OC1(C2=O)C(O)=CC(=O)CC1C,0,609
C[C@@H]1CN([C@H](C)CO)S(=O)(=O)c2ccc(-c3ccncc3)cc2O[C@H]1CN(C)C(=O)c1ccc2c(c1)OCO2,0,3110
C[C@H]1CN([C@H](C)CO)S(=O)(=O)c2ccc(-c3ccncc3)cc2O[C@H]1CN(C)C(=O)c1ccc2c(c1)OCO2,0,3110
C[C@H]1CN([C@@H](C)CO)S(=O)(=O)c2ccc(-c3ccncc3)cc2O[C@H]1CN(C)C(=O)c1ccc2c(c1)OCO2,0,3110
CN(C(=O)CN(CCO)CC(=O)N(C)C(C)(C)Cc1ccccc1)C(C)(C)Cc1ccccc1,1,848
CC(=O)OCC1=C(C(=O)[O-])N2C(=O)[C@@H](NC(=O)Cc3cccs3)[C@H]2SC1.[Na+],0,303
CN1C2CCC1CC(OC(=O)c1c[nH]c3ccccc13)C2.Cl,0,1127
Cc1ccc2nc(-c3ccco3)[nH]c2c1,0,2360
CN(C)Cc1cn(CC[C@@H]2CC[C@@H](NS(=O)(=O)c3ccccc3)[C@H](CO)O2)nn1,0,2263
CN(C)Cc1cn(CC[C@@H]2CC[C@@H](NS(=O)(=O)c3ccccc3)[C@@H](CO)O2)nn1,0,2263
C#C[C@]1(OC(C)=O)CCC2C3CCC4=C[C@@H](OC(C)=O)CCC4C3CC[C@@]21C,0,535
C#C[C@]1(O)CCC2C3CCC4=CCCCC4C3CC[C@@]21C,0,535
CC(=O)Nc1c(O)[nH]c(SCC(=O)N2CCOCC2)nc1=O,0,2648
CC1(C)C(C(=O)O)N2C(=O)C[C@H]2S1(=O)=O,1,1035
O=C(C[C@@H]1CC[C@H](NS(=O)(=O)c2ccccc2)[C@H](CO)O1)NCc1ccncn1,0,2286
O=C(C[C@@H]1CC[C@H](NS(=O)(=O)c2ccccc2)[C@@H](CO)O1)NCc1ccncn1,0,2286
CC(C)C1=CC2=CC[C@H]3[C@](C)(CO)CCC[C@]3(C)[C@@H]2CC1,0,1429
CN[C@H]1C[C@@H](N)[C@H](O)[C@@H](O[C@@H]2O[C@H](CO)[C@@H]3OC4(O[C@@H]3[C@@H]2O)O[C@H](C(N)CO)[C@H](O)[C@H](O)[C@H]4O)[C@@H]1O,0,639
O=C1c2c(O[C@@H]3O[C@H](CO)[C@@H](O)[C@H](O)[C@H]3O)cc(O)cc2O[C@@]1(O)Cc1ccc(O)cc1,0,1397
O=C1OC(CN2CCOCC2)CN1/N=C/c1ccc([N+](=O)[O-])o1,0,576
COc1ccc(Cn2cc[nH]c(=O)c2=O)cc1,0,1914
C[C@]12C(=O)OC(=O)[C@]1(C)[C@H]1CC[C@H]2O1,0,1340
O=C(C[C@H]1CC[C@@H]2[C@H](COC[C@@H](O)CN2Cc2cccc(C(F)(F)F)c2)O1)NCCc1ccncc1,0,3299
CN1CC(O)C2=C/C(=N/NC(N)=O)C(=O)C=C21,0,264
CCC(C)n1ncn(-c2ccc(N3CCN(c4ccc(OC[C@H]5CO[C@](Cn6cncn6)(c6ccc(Cl)cc6Cl)O5)cc4)CC3)cc2)c1=O.Cl.Cl,0,668
CCCNC(=O)N1C[C@H](O)COC[C@H]2O[C@@H](CC(=O)N3CCN(C)CC3)CC[C@@H]21,0,3521
Cn1c(=O)c2c(ncn2CC2OCCO2)n(C)c1=O,0,485
CCn1cc(C(=O)O)c(=O)c2cc(F)c(N3CCNCC3)nc21,1,509
COc1ccc(S(=O)(=O)Nc2ccc3c(c2)[C@@H]2C[C@H](CC(=O)NCC4CC4)O[C@H](CO)[C@@H]2O3)cc1,0,3028
COc1ccc(C(=O)NCc2ccc(OCCN(C)C)cc2)cc1OC,0,667
COc1cc(C(=O)NCc2ccc(OCCN(C)C)cc2)cc(OC)c1OC.Cl,0,667
CCC1NC(=O)c2cc(S(N)(=O)=O)c(Cl)cc2N1,0,957
C[C@H]1CCCCN1C(=O)CCS(=O)(=O)c1ccc2c(c1)n(C)c(=O)c(=O)n2C,0,1181
O=C1NC2=C(C(=O)OC2)[C@H](c2ccccc2)N1,0,1501
COc1ccc([Si](C)(C)[C@@H]2[C@@H](CCO)O[C@]3(C(=O)N(Cc4cccc(N5C(=O)c6cccc7cccc5c67)c4)c4ccccc43)[C@H]2C)cc1,0,2944
CC1(C)C(=O)NCCN1C(=O)Cc1ccccc1,0,2153
O=c1[nH][n+](-c2ccccc2)no1,0,3665
Cc1ccc(S[C@H](C)C(=O)c2ccc(C)c(Cl)c2)cc1,0,1276
C=c1[nH]/c(=C/c2cccnc2)c(=O)o1,0,2399
CN(C)CCCN1C(=O)[C@@]2(Cc3ccccc31)c1ccccc1C(=O)N(C1CCCCC1)[C@H]2c1ccc(CO)cc1,0,2548
COC(=O)c1cc(=O)[nH]c2c1c(=O)n(C)c(=O)n2C,0,1616
CCOC(=O)c1cc2c(=O)n(C)c(=O)n(C)c2[nH]c1=O,0,1616
COC(=O)c1c(CC[C@@H](CO)NC(=O)N[C@H](Cn2cc(C3(O)CCCCC3)nn2)C(C)C)oc(C(C)=O)c1C(=O)OC,0,3357
O=C(C[C@@H]1CC[C@@H]2[C@H](COC[C@H](O)CN2S(=O)(=O)c2ccc(Oc3ccccc3)cc2)O1)NC1CCC1,1,3431
CN(C)CCC=C1c2ccccc2CCc2ccccc21.Cl,1,108
CNCCC=C1c2ccccc2CCc2ccccc21.Cl,0,108
O=C(C[C@@H]1C[C@@H]2c3cc(NS(=O)(=O)c4ccc(F)cc4)ccc3O[C@@H]2[C@H](CO)O1)NCCc1ccccc1,0,3651
O=C(CCCCCNC(=O)OCc1ccc([C@H]2[C@H](C(=O)NCc3ccccc3)c3ccccc3C(=O)N2Cc2ccccc2)cc1)NO,0,1624
COc1ccccc1N1CCN(CCCNc2cc(=O)n(C)c(=O)n2C)CC1.Cl,0,1134
O=C(NCCCn1ccnc1)C(=O)NC[C@H]1OCCN1S(=O)(=O)c1ccc(F)cc1,0,1372
c1ccc(C2=Nc3ccccc3N=C(c3ccccc3)C2)cc1,0,3568
CC(=O)OCCn1c(=O)[nH]c(=O)c2nsnc21,0,3272
COc1ccccc1S(=O)(=O)N[C@H]1C=C[C@@H](CC(=O)N2CCN(C)CC2)O[C@H]1CO,0,1972
COc1ccccc1S(=O)(=O)N[C@H]1C=C[C@@H](CC(=O)N2CCN(C)CC2)O[C@@H]1CO,0,1972
CN1CCN(C(=O)C[C@@H]2C=C[C@H](NS(=O)(=O)c3cccc(F)c3)[C@H](CO)O2)CC1,0,1972
NS(=O)(=O)c1ccc(NC(=O)C2CC2)cc1,0,3364
CC[C@@H]1OC(=O)C[C@@H](O)[C@H](C)[C@@H](O[C@@H]2O[C@H](C)[C@@H](O)[C@H](N(C)C)[C@H]2O)[C@@H](CCN2C[C@@H](C)C[C@@H](C)C2)C[C@@H](C)C(=O)/C=C/C(C)=C\[C@@H]1CO[C@@H]1O[C@H](C)[C@@H](O)[C@@H](OC)[C@H]1OC,1,1091
CN(C)CC(=O)N[C@H]1CC[C@@H](CCNC(=O)C2CCC2)O[C@H]1CO,0,1880
CN(C)CC(=O)N[C@@H]1CC[C@@H](CCNC(=O)C2CCC2)O[C@@H]1CO,0,1880
CN(C)CC(=O)N[C@@H]1CC[C@@H](CCNC(=O)C2CCC2)O[C@H]1CO,0,1880
C[C@H]1[C@H]2CCC3C4CC=C5C[C@@H](N(C)C)CC[C@]5(C)C4CC[C@@]32CN1C,0,370
O=C(C[C@H]1CC[C@@H]2[C@H](COC[C@@H](O)CN2C(=O)c2ccncc2)O1)NC1CCC1,0,2801
COC(=O)[C@H]1[C@H]2C[C@@H]3c4[nH]c5cc(OC)ccc5c4CCN3C[C@H]2C[C@@H](OC(=O)c2cc(OC)c(OC)c(OC)c2)[C@@H]1OC,0,969
O=C(N[C@@H]1CC=CC[C@H](CC(=O)N(CCO)Cc2ccccc2)C(=O)N[C@@H](Cc2ccccc2)COC1=O)OCC1c2ccccc2-c2ccccc21,0,3669
COc1cccc(-c2ccc3c(CCN)c[nH]c3c2)c1,1,2472
c1ccc(-c2nn(-c3ccccc3)c3c2cnc2ccccc23)cc1,0,2690
C1COC2(CN1)CNC2,0,1548
Cc1ccc(-c2cnc3c(c2)C(=O)N([C@H](C)CO)C[C@@H](C)[C@@H](CN(C)C(=O)Cc2cccnc2)O3)cc1,0,1582
COc1ccc(-c2cnc3c(c2)C(=O)N([C@@H](C)CO)C[C@@H](C)[C@@H](CN(C)C(=O)Cc2cccnc2)O3)cc1,0,1582
Cc1ccc(C(=O)CCNc2ccc3c(c2)oc2ccccc23)o1,0,2571
Cc1cc(C(=O)NCc2cccn2C)nn1C,0,2906
O=C(C[C@@H]1C[C@@H]2c3cc(NS(=O)(=O)c4ccc(F)cc4)ccc3O[C@@H]2[C@H](CO)O1)NC1CCCC1,0,1742
C=CCOC(=O)[C@H]1[C@@H]2C(=O)O[C@@H](c3ccccc3)[C@@H](c3ccccc3)N2[C@@H](c2ccc(OCCOC(=O)[C@H]3C[C@H]4C(=O)N5CCC[C@H]5C(=O)N4[C@H]3c3cccc(OCCO)c3)cc2)[C@]12C(=O)Nc1ccccc12,0,1791
CCOC(=O)c1ncn2c1CN(C)C(=O)c1cc(F)ccc1-2,0,565
COc1ccc(S(=O)(=O)N[C@H]2C=C[C@H](CC(=O)N3CCN(c4ccccc4)CC3)O[C@@H]2CO)cc1,0,3100
O=C(C1CC1)N1CCN(c2ncccn2)CC1,0,3664
Cn1cnc(CCNC(=O)C[C@H]2CC[C@@H]3[C@H](COC[C@H](O)CN3C(=O)Nc3ccc(Cl)cc3)O2)c1,0,2393
Cn1cnc(CCNC(=O)C[C@H]2CC[C@@H]3[C@H](COC[C@H](O)CN3C(=O)Nc3ccc(C(F)(F)F)cc3)O2)c1,0,2393
CO/N=C1\CN(c2nc3c(cc2F)c(=O)c(C(=O)O)cn3C2CC2)CC1CN.CS(=O)(=O)O,1,586
CO/N=C1\CN(c2nc3c(cc2F)c(=O)c(C(=O)O)cn3C2CC2)C[C@@H]1CN,1,586
CCN[C@@H]1C[C@H](N)[C@@H](O[C@H]2OC(CN)=CC[C@H]2N)[C@H](O)[C@H]1OC1OC[C@](C)(O)[C@H](NC)[C@H]1O.O=S(=O)(O)O.O=S(=O)(O)O,0,813
CC(C)(C)OC(=O)N1CC(=O)C1,0,2622
O=C(O)c1cn2cccc(O)c2n1,0,2144
NCc1cn2cc(Cl)ccc2n1,0,2144
O=C(C[C@H]1CC[C@@H]2[C@H](COC[C@@H](O)CN2S(=O)(=O)c2ccccc2)O1)N1CCOCC1,0,1849
O=C(C[C@H]1CC[C@@H]2[C@H](COC[C@H](O)CN2S(=O)(=O)c2ccccc2)O1)N1CCOCC1,0,1849
O=C(C[C@H]1CC[C@@H]2[C@H](COC[C@@H](O)CN2S(=O)(=O)c2cccc(Cl)c2)O1)N1CCOCC1,0,1849
CC(C)C#Cc1cnc2c(c1)C(=O)N([C@@H](C)CO)C[C@@H](C)[C@@H](CN(C)C(=O)c1ccc3c(c1)OCO3)O2,0,3046
Cc1occc1C(=O)NNC(=O)C1CC1,0,2214
[N-]=[N+]=NCc1ccccc1C[C@@]1(C(=O)N2CCCCC2)N=C(c2ccc(OCCCO)cc2)O[C@@H]1c1ccccc1,0,2448
CCOC(=O)n1ccn(C)c1=S,0,267
Cn1cc[nH]c1=S,0,267
COC(=O)c1c[nH]c(=S)n1C,0,267
O=C(C[C@H]1C=C[C@H](NC(=O)Nc2cc(F)ccc2F)[C@H](CO)O1)NCCCN1CCOCC1,0,3204
O=C(NC(=O)c1c(F)cccc1F)Nc1ccc(Cl)cc1,0,451
O=C(NC(=O)c1c(F)cccc1F)Nc1cc(Cl)c(OC(F)(F)C(F)C(F)(F)F)cc1Cl,0,451
O=C(NC(=O)c1ccccc1Cl)Nc1ccc(OC(F)(F)F)cc1,0,451
O=C(C[C@@H]1CC[C@@H]2[C@H](COC[C@H](O)CN2CC2CCOCC2)O1)N1CCOCC1,0,2439
CCCCOc1ccc(OCCCN2CCOCC2)cc1.Cl,0,920
C[C@H]1CN([C@@H](C)CO)C(=O)c2cc(C#CCc3ccccc3)cnc2O[C@@H]1CN(C)C(=O)Cc1cccnc1,0,3331
CSc1nn(C)c2cnn(C)c(=O)c12,0,3626
O=S(=O)(OC[C@H]1O[C@H](O[C@]2(COS(=O)(=O)O[Al](O)O)O[C@H](COS(=O)(=O)O[Al](O)O)[C@@H](OS(=O)(=O)O[Al](O)O)[C@@H]2OS(=O)(=O)O[Al](O)O)[C@H](OS(=O)(=O)O[Al](O)O)[C@@H](OS(=O)(=O)O[Al](O)O)[C@@H]1OS(=O)(=O)O[Al](O)O)O[Al](O)O.O[Al](O)O.O[Al](O)O.O[Al](O)O.O[Al](O)O.O[Al](O)O.O[Al](O)O.O[Al](O)O.O[Al](O)O,0,1034
OC[C@H]1O[C@H](O[C@]2(CCl)O[C@H](CCl)[C@@H](O)[C@@H]2O)[C@H](O)[C@@H](O)[C@H]1Cl,0,1034
CNC(=O)C[C@H]1CC[C@H]2[C@@H](COC[C@H](O)CN2C(=O)c2ccc3c(c2)OCO3)O1,0,2641
CNC(=O)C[C@@H]1CC[C@H]2[C@@H](COC[C@H](O)CN2C(=O)c2ccc3c(c2)OCO3)O1,0,2641
Cc1cc2c(s1)Nc1ccccc1N=C2N1CCN(C)CC1,0,836
O=C(Nc1nn[nH]n1)C1CCCCC1,0,2884
NC(=O)NC1NC(=O)NC1=O,0,80
CSCC[C@H]1NC(=O)NC1=O,0,80
CC(C)N1C(=O)NC(=O)[C@@H]1CC(=O)O,0,80
CC(C)C[C@H]1NC(=O)N(C)C1=O,0,80
CC[C@@H](C)[C@H]1NC(=O)NC1=O,0,80
NC(=O)N[C@H]1NC(=O)NC1=O,0,80
Nc1nncn1C(=O)c1ccccc1F,0,3644
CC(C)=CC1C(C(=O)O)C1(C)C,0,328
CCOC(=O)C1C(C=C(C)C)C1(C)C,0,328
COC[C@@H](C)NC(=O)C(=O)NC1CC1,0,328
CCNC(=S)NCC1CC1,0,328
CCN(CC)CCNC(=O)C(=O)NC1CC1,0,328
O=C(O)/C=C/C(=O)NC1CC1,0,328
CC(C)(CO)NC(=O)C(=O)NC1CC1,0,328
COc1nn(C)cc1-c1n[nH]c(=S)n1C,0,2763
C[C@]12C(=O)N(CCC(=O)O)C(=O)[C@H]1[C@@H]1C=C[C@@H]2C1,0,1370
O=c1[nH]cc(COCc2ccccc2)c(=O)[nH]1,0,1797
CCOC(=O)CC1(C)NNC(=S)NN1,0,2628
COC(=O)[C@H]1O[C@@H]2C[C@H]3O[C@@H](n4cnc5c(N)ncnc54)[C@H](OC)[C@H]3O[C@@]2(O)[C@@H](O)[C@@H]1O,0,1503
CCCCCC1C(=O)CCC1CC(=O)OC,0,462
C=CC[C@@H](CC(=O)N(CCO)Cc1ccccc1)C(=O)NC[C@@H](OC(=O)[C@@H](CC=C)Cc1ccc(F)cc1)c1ccccc1,0,3123
C=CC[C@@H](Cc1ccc(F)cc1)C(=O)O[C@H](CNC(=O)[C@H](CC=C)CC(=O)N(CCO)Cc1ccccc1)c1ccccc1,0,3123
C=CCC[C@@H](Cc1ccc(F)cc1)C(=O)O[C@H](CNC(=O)[C@H](CC=C)CC(=O)N(CCO)Cc1ccccc1)c1ccccc1,0,3123
C=CCC[C@H](Cc1ccc(F)cc1)C(=O)O[C@H](CNC(=O)[C@H](CC=C)CC(=O)N(CCO)Cc1ccccc1)c1ccccc1,0,3123
O=C(C[C@H]1C=C[C@H](NS(=O)(=O)c2ccccc2F)[C@H](CO)O1)NCCCN1CCOCC1,0,3312
C[n+]1cc2c3c(ccc2c2ccc4cc5c(cc4c21)OCO5)OCO3.[Cl-],0,1001
COc1ccc([C@H]([C@H](Cc2ccccc2)OC(C)=O)N(C/C=C\[C@@H](O)c2ccccc2)[C@@H](Cc2ccccc2)C(OC)OC)cc1,0,1333
COc1ccc(NC(=O)Nc2ccc3c(c2)[C@@H]2C[C@H](CC(=O)NCc4ccc(-c5ccccc5)cc4)O[C@@H](CO)[C@@H]2O3)cc1,0,1823
C/N=C1\S[C@@H](CC(=O)NC(C)C)C(=O)N1C,0,1238
COCCCNC(=O)C[C@H]1SC(=N)NC1=O,0,1238
N=C1NC(=O)[C@@H](CC(=O)O)S1,0,1238
CC/N=C1\S[C@@H](CC(=O)NC)C(=O)N1CC,0,1238
O=C(O)CCN=C1NC(=O)CS1,0,1238
COc1cccc(S(=O)(=O)N[C@@H]2CC[C@H](CCn3cc(-c4ccccc4OC)nn3)O[C@@H]2CO)c1,0,3196
COc1cccc(-c2cn(CC[C@H]3CC[C@@H](NS(=O)(=O)c4ccccc4Cl)[C@@H](CO)O3)nn2)c1,0,3196
Clc1ccc(CSC(Cn2ccnc2)c2ccc(Cl)cc2Cl)cc1.O=[N+]([O-])O,0,1037
CC(C)NC(=O)c1cccc2cccc(Sc3ccccc3)c12,0,2455
CCCNC(=O)N[C@H]1CC[C@@H](CC(=O)N2CCN(C)CC2)O[C@H]1CO,0,2411
COCCNC(=O)C[C@H]1CC[C@H]2[C@@H](COC[C@@H](O)CN2C(=O)Nc2ccccc2OC)O1,0,3423
Cc1ccc(OCCn2c(CC(C)(C)C)nc3ccccc32)cc1,1,3622
O=C(NCCN1CCOCC1)C(=O)NC[C@H]1COc2ccccc2O1,0,1450
C[C@H]1CN([C@H](C)CO)S(=O)(=O)c2ccc(C#CCN(C)C)cc2O[C@H]1CN(C)Cc1ccccn1,0,3646
O=C(C[C@H]1CC[C@H]2[C@@H](COC[C@@H](O)CN2S(=O)(=O)c2ccc(Cl)cc2)O1)NCCN1CCCC1,0,3199
C[N+]1(CCCCC[N+]2(C)CCCC2)CCCC1.O=C([O-])C(O)C(O)C(=O)O.O=C([O-])C(O)C(O)C(=O)O,0,876
Fc1ccc(-c2nc3c4ccccc4c4ccccc4c3[nH]2)cc1,0,3591
COc1ccc2c(c1)OC/C(=C\c1ccc(OC)c(O)c1)C2=O,0,1003
C=C1[C@H]2CC[C@@]3(C)[C@H](c4ccoc4)OC(=O)C[C@]13O[C@H]1C[C@H](O)C(C)(C)[C@H](CC(=O)OC)[C@]12C,0,758
O=C(O[C@@H]1Cc2c(O)cc(O)cc2O[C@@H]1c1cc(O)c(O)c(O)c1-c1c([C@H]2Oc3cc(O)cc(O)c3C[C@H]2OC(=O)c2cc(O)c(O)c(O)c2)cc(O)c(O)c1O)c1cc(O)c(O)c(O)c1,0,16
Cn1cnc(S(=O)(=O)N[C@H]2C=C[C@@H](CC(=O)Nc3ccccc3)O[C@H]2CO)c1,0,2501
CCC1(c2ccc(N)cc2)CCC(=O)NC1=O,0,101
S=C1NCN(CCc2ccccc2)CN1,0,3330
CC(CCC(=O)O)[C@H]1CCC2C3C(=O)C[C@@H]4CC(=O)CC[C@]4(C)C3CC(=O)[C@@]21C,0,421
CNC(=O)[C@H]1O[C@H](n2cnc3c(NCc4cccc(I)c4)nc(Cl)nc32)[C@@H](O)[C@@H]1O,0,1474
CC[C@H]1OC(=O)[C@H](C)[C@@H](O[C@H]2C[C@@](C)(OC)[C@@H](O)[C@H](C)O2)[C@H](C)[C@@H](O[C@@H]2O[C@H](C)C[C@H](N(C)C)[C@H]2O)[C@](C)(O)C[C@@H](C)[C@@H]2N[C@@H](COCCOC)O[C@H]([C@H]2C)[C@]1(C)O,1,476
COc1ccc([C@H]([C@H](Cc2ccccc2)OC(C)=O)N(CC#C[C@@H](O)c2ccccc2)[C@@H](Cc2ccccc2)C(OC)OC)cc1,0,1255
O=C(C[C@@H]1CC[C@@H](NS(=O)(=O)c2ccc(F)cc2)[C@@H](CO)O1)NCc1ccc(Cl)c(Cl)c1,0,1540
Cc1ccc(S(=O)(=O)N[C@@H]2CC[C@@H](CC(=O)NCc3ccc(Cl)c(Cl)c3)O[C@H]2CO)cc1,0,1540
O=C(C[C@H]1C=C[C@@H](NC(=O)c2cccnc2)[C@@H](CO)O1)NCCN1CCCCC1,0,2142
O=C(C[C@H]1C=C[C@@H](NC(=O)c2cccnc2)[C@H](CO)O1)NCCN1CCCCC1,0,2142
CN(C)Cc1nc(=O)c2ccccc2[nH]1,0,3154
N=C(N)Nc1nc(=O)c2ccccc2[nH]1,0,3154
CCCC1CCC(c2ccc(OC(=O)c3ccco3)cc2)CC1,0,3176
CC(=O)O[C@H]1C(=O)[C@@]2(C)C([C@H](OC(=O)c3ccccc3)[C@]3(O)C[C@H](OC(=O)[C@H](O)[C@@H](NC(=O)c4ccccc4)c4ccccc4)C(C)=C1C3(C)C)[C@]1(OC(C)=O)CO[C@@H]1C[C@@H]2O,0,860
C=C(C)CNc1nc(-c2ccccc2)c(-c2ccccc2)s1,0,3149
Cc1nc(-c2ccc(Cl)cc2)c(-c2ccccc2)s1,1,3149
Clc1ccccc1C(c1ccccc1)(c1ccccc1)n1ccnc1,0,363
NC1=NCCN1CC(=O)O,0,2026
CC1=NCCN1C(=O)[C@@H](N)CC(C)C,0,2026
CCC(=O)N1CCN=C1SC,0,2026
CN1C(=O)c2cc(NC(=O)C3CCC3)ccc2OC[C@H]2O[C@@H](CC(=O)NCCc3ccncc3)CC[C@H]21,0,3319
C=CCNC(=O)[C@@H]1[C@H]2C(=O)O[C@H](c3ccccc3)[C@H](c3ccccc3)N2[C@H](c2ccc(OCCO)cc2)[C@@]12C(=O)Nc1ccc(C#CC3(O)CCCCCC3)cc12,0,2669
NC(=O)CSc1ncn(-c2ccccc2)n1,0,2251
CC(=O)N(C)c1nc(N)n(-c2ccccc2)n1,0,2251
O=C(C1=C[C@@H](c2csc3ccccc23)C[C@@H](OCc2ccc(CO)cc2)O1)N1CCN(Cc2ccc3c(c2)OCO3)CC1,0,2563
O=C(C[C@H]1CC[C@@H]2[C@H](COC[C@@H](O)CN2C(=O)c2ccncc2)O1)NCc1ccc(-c2ccccc2)cc1,0,2390
CC/C=C(/C(=O)N[C@@H]1C(=O)N2C(C(=O)OCOC(=O)C(C)(C)C)=C(COC(N)=O)CS[C@H]12)c1csc(N)n1.Cl,0,282
Nc1nc(/C(=C/CC(=O)O)C(=O)N[C@@H]2C(=O)N3C(C(=O)O)=CCS[C@H]23)cs1,1,282
O=C1O[C@@H](c2ccccc2)[C@@H](c2ccccc2)N2[C@@H](c3ccccc3OCCO)[C@]3(C(=O)Nc4ccc(C#CC5=CCCCC5)cc43)[C@@H](C(=O)N3CCCCCCC3)[C@H]12,0,2695
COCCOC(=O)N1C(=O)[C@@]2(c3cc(C#CC4=CCCCC4)ccc31)[C@H](c1ccccc1OCCO)N1[C@H](c3ccccc3)[C@H](c3ccccc3)OC(=O)[C@H]1[C@@H]2C(=O)N1CCCCCCC1,0,2695
O=C1O[C@@H](c2ccccc2)[C@@H](c2ccccc2)N2[C@@H](c3ccc(OCCO)cc3)[C@]3(C(=O)Nc4ccc(C#CC5=CCCCC5)cc43)[C@@H](C(=O)N3CCCCCCC3)[C@H]12,0,2695
O=C(NCCCN1CCOCC1)c1cccnc1,0,3520
O=C(C[C@@H]1CC[C@@H]2[C@H](COC[C@H](O)CN2C(=O)c2cnccn2)O1)NCc1ccc(Oc2ccccc2)cc1,0,3609
CCCC(=O)Nc1ccc2c(c1)C(=O)N(C)[C@H]1CC[C@H](CC(=O)NCCN3CCCCC3)O[C@H]1CO2,0,2570
C[C@@H](NC=C1C(=O)OC(C)(C)OC1=O)C(=O)O,0,1449
C[C@H]1CN([C@H](C)CO)C(=O)CCCn2nncc2CO[C@@H]1CN(C)S(=O)(=O)c1ccc2ccccc2c1,0,3314
O=C(O)C[C@H]1Oc2ccccc2NC1=O,0,1360
CN1C(=O)COc2cc(N)ccc21,0,1360
COC(=O)CN1C(=O)COc2ccc(C)cc21,0,1360
COC(=O)c1ccc2c(c1)NC(=O)CO2,1,1360
C[C@@H]1CN([C@H](C)CO)S(=O)(=O)c2ccc(C3=CCCC3)cc2O[C@@H]1CN(C)S(=O)(=O)c1cn(C)cn1,1,2473
C[C@H]1CN([C@@H](C)CO)S(=O)(=O)c2ccc(C3=CCCC3)cc2O[C@@H]1CN(C)S(=O)(=O)c1cn(C)cn1,0,2473
Cn1cnc(S(=O)(=O)N[C@@H]2CC[C@H](CC(=O)Nc3ccccc3)O[C@H]2CO)c1,0,1777
Cn1cnc(S(=O)(=O)N[C@@H]2CC[C@H](CC(=O)Nc3ccccc3)O[C@@H]2CO)c1,0,1777
CN[C@@H]1[C@@H](O)C(OC2[C@@H](N)C[C@@H](N)[C@H](O[C@H]3O[C@H](C(C)O)[C@@H](O)[C@H](O)[C@H]3N)[C@H]2O)OC[C@]1(C)O,1,587
O=C(C[C@@H]1C=C[C@@H](NS(=O)(=O)c2ccc(F)cc2)[C@H](CO)O1)NCCN1CCCCC1,0,2572
O=C(C[C@@H]1C=C[C@@H](NS(=O)(=O)c2ccc(F)cc2)[C@@H](CO)O1)NCCN1CCCCC1,0,2572
Br.CC(Cc1ccc(O)cc1)NCC(O)c1cc(O)cc(O)c1,0,553
CC(NCCc1ccc(O)cc1)C(O)c1ccc(O)cc1.Cl,0,553
CC(=O)O[C@H]1CC[C@@]2(C)C(C[C@@H](OC(C)=O)[C@]3(C)C2CC[C@@]2(C)[C@H](c4ccoc4)OC(=O)[C@H]4O[C@]423)C1(C)C,0,25
CC(=O)O[C@H]1C[C@@H](OC(C)=O)C(C)(C)C2C[C@@H](O)[C@]3(C)C(CC[C@@]4(C)[C@H](c5ccoc5)OC(=O)[C@H]5O[C@]543)[C@]21C,0,25
CC(=O)O[C@H]1C[C@@H](OC(C)=O)C(C)(C)C2C[C@@H](OC(C)=O)[C@]3(C)C(CC[C@@]4(C)[C@H](c5ccoc5)OC(=O)[C@H]5O[C@]543)[C@]21C,0,25
O=C(O[C@@H]1Cc2c(O)cc(O)cc2O[C@@H]1c1cc(O)c(O)c(O)c1-c1c([C@H]2Oc3cc(O)cc(O)c3C[C@H]2O)cc(O)c(O)c1O)c1cc(O)c(O)c(O)c1,0,2113
CN1C(C(=O)Nc2ccccn2)=C(O)c2sc(Cl)cc2S1(=O)=O,0,720
CN1C(C(=O)Nc2ccccn2)=C(O)c2sccc2S1(=O)=O,0,720
CCOP(=O)(CC(=O)O[C@H]1[C@H](OC(=O)Nc2ccccc2-c2ccccc2)[C@H](OC(=O)Nc2ccccc2-c2ccccc2)[C@@H](OC)O[C@@H]1COC(=O)NCCCCCC(=O)NO)OCC,1,3590
CC(=O)N1c2ccccc2C2=NNC(=S)N[C@]21O,0,1208
COc1ccc([C@@H](C)C(=O)c2ccc(O)cc2O)cc1,0,130
COc1ccc(CC(=O)c2ccc(O)cc2O)cc1,0,130
O=C(Cc1ccccc1)c1ccccc1,0,130
CC(=O)OCC1=C(C(=O)[O-])N2C(=O)[C@@H](NC(=O)CSc3ccncc3)[C@H]2SC1.[Na+],0,304
NC(=O)c1cc[n+](CC2=C(C(=O)[O-])N3C(=O)C(NC(=O)C(c4ccccc4)S(=O)(=O)[O-])C3SC2)cc1.[Na+],0,294
Cc1ccccc1-n1ccc(=O)[nH]c1=O,1,3647
Nc1cc(=O)[nH]c(=O)n1-c1ccc(Cl)cc1,0,3647
Cn1nnc2cc(NC(=O)NCCO)ccc21,0,2815
CC(=O)OCC(=O)NCCCOc1cccc(CN2CCCCC2)c1.Cl,0,990
NC[C@H](c1cccc(F)c1)N1CCCCC1,0,990
NC1(CC(=O)O)CCN(Cc2ccccc2)CC1,0,990
COc1ccc([Si](C)(C)[C@@H]2[C@@H](CCO)O[C@]3(C(=O)N(Cc4cccc(N5CCCCC5=O)c4)c4ccccc43)[C@H]2C)cc1,1,3690
CCCNC(=O)N[C@@H]1C=C[C@@H](CC(=O)N2CCN(C)CC2)O[C@@H]1CO,0,1719
CCCNC(=O)N[C@H]1C=C[C@@H](CC(=O)N2CCN(C)CC2)O[C@@H]1CO,0,1719
CCCNC(=O)N[C@H]1C=C[C@@H](CC(=O)N2CCN(C)CC2)O[C@H]1CO,0,1719
O=C(/C=C/c1cccc(-c2cn(-c3cccc(C(=O)N4CCC5(CC4)C(=O)NCN5c4ccccc4)c3)nn2)c1)NO,0,1765
Nc1cc(=O)nc2sc(C3CC3)nn12,0,3672
NS(=O)(=O)c1ccc(NC(=O)CN2CCN(C(=O)c3ccccc3)CC2)cc1,0,3679
Cl.Cl.Fc1ccc(C(c2ccc(F)cc2)N2CCN(C/C=C/c3ccccc3)CC2)cc1,0,567
CO[C@H]1CN(C)C(=O)c2cc(NS(C)(=O)=O)ccc2OC[C@H](C)N(C(=O)C2CCOCC2)C[C@@H]1C,0,1554
CCCNC(=O)Nc1ccc2c(c1)C(=O)N(C)C[C@H](OC)[C@H](C)CN(C(=O)C1CCOCC1)[C@H](C)CO2,0,1554
CCCNC(=O)Nc1ccc2c(c1)C(=O)N(C)C[C@H](OC)[C@@H](C)CN(C(=O)C1CCOCC1)[C@@H](C)CO2,0,1554
CO[C@@H]1CN(C)C(=O)c2cc(NS(C)(=O)=O)ccc2OC[C@H](C)N(C(=O)C2CCOCC2)C[C@H]1C,0,1554
CO[C@@H]1CN(C)C(=O)c2ccc(NS(C)(=O)=O)cc2OC[C@H](C)N(C(=O)C2CCOCC2)C[C@@H]1C,0,1554
CCCNC(=O)Nc1ccc2c(c1)C(=O)N(C)C[C@H](OC)[C@H](C)CN(C(=O)C1CCOCC1)[C@@H](C)CO2,0,1554
CO[C@@H]1CN(C)C(=O)c2ccc(NS(C)(=O)=O)cc2OC[C@@H](C)N(C(=O)C2CCOCC2)C[C@@H]1C,0,1554
CCCNC(=O)Nc1ccc2c(c1)OC[C@H](C)N(C(=O)C1CCOCC1)C[C@H](C)[C@@H](OC)CN(C)C2=O,0,1554
CO[C@@H]1CN(C)C(=O)c2cc(NS(C)(=O)=O)ccc2OC[C@H](C)N(C(=O)C2CCOCC2)C[C@@H]1C,0,1554
CO[C@H]1CN(C)C(=O)c2ccc(NS(C)(=O)=O)cc2OC[C@H](C)N(C(=O)C2CCOCC2)C[C@H]1C,0,1554
CO[C@H]1CN(C)C(=O)c2ccc(NS(C)(=O)=O)cc2OC[C@@H](C)N(C(=O)C2CCOCC2)C[C@H]1C,0,1554
CO[C@H]1CN(C)C(=O)c2ccc(NS(C)(=O)=O)cc2OC[C@@H](C)N(C(=O)C2CCOCC2)C[C@@H]1C,0,1554
CCOC(=O)[C@H](CCc1ccccc1)N[C@@H](C)C(=O)N1[C@H](C(=O)O)C[C@@H]2CCC[C@@H]21,0,965
Cc1c(C(=O)Nc2ccc3ccccc3c2)oc2ccccc12,0,1693
COC(=O)C(CCCN1C(=O)c2ccccc2C1=O)(NC(C)=O)c1nn[nH]n1,0,1436
Nc1nc(=O)c2c(CCc3ccc(C(=O)N[C@@H](CCC(=O)[O-])C(=O)[O-])cc3)c[nH]c2[nH]1.[Na+].[Na+],0,870
C[C@@]12CC[C@@H]3[C@@](COC(=O)c4ccccc4)(O[C@@H]4O[C@H](CO)[C@@H](O)[C@H](O)[C@H]4O)[C@H](O1)O[C@]3(O)C2,0,1234
O[C@H]1[C@H](O)CO[C@@H](Nc2ccccc2)[C@@H]1O,0,3550
C[N+]1(C)CCCC(OC(=O)C(O)(c2ccccc2)c2ccccc2)C1.[Br-],0,743
CC[N+]1(C)CCCC(OC(=O)C(O)(c2ccccc2)c2ccccc2)C1.[Br-],0,743
Clc1ccc(CCC(Cn2ccnc2)Sc2c(Cl)cccc2Cl)cc1,0,245
COc1ccc(NC(=O)Cn2c(=O)c3c(OC)ccnc3n(C)c2=O)c(OC)c1,0,2014
CN1C(=O)[C@H]2[C@H](C(=O)c3ccccn3)[C@H]2C1=O,0,3718
COC(=O)c1cn(C[C@@H](Cc2ccccc2)NC(=O)N[C@H](CO)CCc2oc(C(C)=O)c(C(=O)OC)c2C(=O)OC)nn1,0,2179
NCCN1CCO[C@@H](CC(=O)Nc2cc(Cl)cc(Cl)c2)C1=O,0,1264
COc1ccc([C@@H]([C@H](Cc2ccccc2)OC(C)=O)N2C[C@H](CC(=O)N(C)C)[C@@H]3C(=NO[C@H]3c3ccccc3)[C@@H]2Cc2ccccc2)cc1,0,1263
COc1ccc([C@@H]([C@H](Cc2ccccc2)OC(C)=O)N2C[C@@H](NC(=O)C(Cl)(Cl)Cl)[C@@H]3C(=NO[C@H]3c3ccccc3)[C@@H]2Cc2ccccc2)cc1,0,1263
COc1ccc([C@@H]([C@H](Cc2ccccc2)OC(C)=O)N2C[C@@H](CC(=O)N(C)C)[C@@H]3C(=NO[C@H]3c3ccccc3)[C@@H]2Cc2ccccc2)cc1,0,1263
COC(=O)C[C@H]1C2(C)CC34OC5(C)O[C@]6(C7/C(=C(/O)C(C)C)C(=O)O[C@@H](c8ccoc8)[C@]7(C)C(OC(C)=O)[C@@H](OC(C)=O)[C@]6(O5)[C@]13C)[C@H](OC(C)=O)[C@@]4(O)C2OC(=O)C(C)C,0,243
CC(C)/C(O)=C1/C(=O)O[C@@H](c2ccoc2)[C@]2(C)C(O)[C@@H](O)[C@@]34OC5(C)OC67CC(C)(C(O)[C@]6(O)[C@@H](O)[C@]3(O5)C12)[C@H](CC(=O)O)[C@]74C,0,243
O=C(C[C@H]1CC[C@@H]2[C@H](COC[C@@H](O)CN2C(=O)Nc2ccc(Cl)cc2)O1)NC1Cc2ccccc2C1,0,1872
COc1cccc(NC(=O)N2C[C@@H](O)COC[C@@H]3O[C@@H](CC(=O)NC4Cc5ccccc5C4)CC[C@H]32)c1,0,1872
COc1ccc(NC(=O)N2C[C@@H](O)COC[C@@H]3O[C@@H](CC(=O)NC4Cc5ccccc5C4)CC[C@H]32)cc1,0,1872
O=C(C[C@H]1C=C[C@@H](NC(=O)C2CCC2)[C@H](CO)O1)NCCCN1CCOCC1,0,3066
C[C@@H]1CN([C@H](C)CO)S(=O)(=O)c2ccc(C#Cc3ccncc3)cc2O[C@@H]1CN(C)C(=O)C1CCC1,0,1772
C[C@@H](CO)N1C[C@@H](C)[C@@H](CN(C)C(=O)C2CCC2)Oc2cc(C#Cc3ccncc3)ccc2S1(=O)=O,0,1772
Cc1nnnn1CC(=O)Nc1ccc(F)cc1,0,3627
O=C1O[C@@H](c2ccccc2)[C@@H](c2ccccc2)N2[C@@H](c3ccc(O)cc3)[C@]3(C(=O)Nc4ccc(C#CC5(O)CCCCCC5)cc43)[C@@H](C(=O)N3CCCCCCC3)[C@H]12,0,1763
COCCOC(=O)N1C(=O)[C@@]2(c3cc(C#CC4(O)CCCCCC4)ccc31)[C@H](c1ccc(OCCO)cc1)N1[C@H](c3ccccc3)[C@H](c3ccccc3)OC(=O)[C@H]1[C@@H]2C(=O)N1CCCCCCC1,0,1763
O=C(NC[C@H]1CCCO1)c1ccc(/C=N/O)nc1,0,1173
C/C=C(\C)C(=O)O[C@H]1C[C@@H](OC(C)=O)[C@@]2(C(=O)OC)CO[C@@H]3C2[C@]12CO[C@](O)(C(=O)OC)[C@H]2[C@](C)(C12O[C@@]1(C)[C@H]1C[C@@H]2OC2OC=C[C@@]21O)[C@@H]3O,0,168
CCN(CC)C(=O)N1CCN(C)CC1.O=C(O)CC(O)(CC(=O)O)C(=O)O,0,448
C1CNCCN1,0,448
O=C(CCBr)N1CCN(C(=O)CCBr)CC1,0,448
CC[C@@H](O)C#CCN1CCN(C)CC1,0,448
CN(C)CCC(=O)N1CCNCC1,0,448
O=C(N1CCN(CCO)CC1)C(F)(F)F,0,448
C/C(=C/C(=O)N1CCN(C)CC1)C(=O)O,0,448
CCN1CCN(C(=O)/C=C\C(=O)O)CC1,0,448
CCOC(=O)CN1CCN(C=O)CC1,0,448
CCCCNC(=O)N1CCN(C)CC1,0,448
CCN(CC)C(=O)N1CCN(C)CC1,0,448
CN1CCN(S(C)(=O)=O)CC1,0,448
CN1CCN(C(=O)CC#N)CC1,0,448
CN(C)C(=O)N1CCNCC1,0,448
CC(=O)N1CCN(CC(N)=S)CC1,0,448
CCN(CC)C(=O)N1CCN(CCC#N)CC1,0,448
Nc1nonc1C(=O)OCC(=O)c1ccccc1,0,3015
N#CC1C(=O)NC(=O)N=C1Nc1ccccc1,0,3559
O=[N+]([O-])NC1=NCCN1Cc1ccc(Cl)nc1,0,649
COc1ccc(C(=O)Nc2cccc(CN3C(=O)[C@@]4(O[C@@H](CC(=O)N(CCO)Cc5ccccc5)[C@H]([Si](C)(C)c5ccc(OC)cc5)[C@H]4C)c4ccccc43)c2)cc1,0,3682
OC[C@@H](O)[C@H]1O[C@H](c2ccccc2)OC[C@@H]1O,0,1299
COc1ccc(Cc2cnc(N)nc2N)cc1OC,1,438
COc1cc(Cc2cnc(N)nc2N)cc(OC)c1OC,1,438
C=c1[nH]/c(=C\c2ccc(F)cc2)c(=O)o1,0,2757
Cl.c1ccc2c(c1)OCC(C1=NCCN1)O2,0,643
CNCC[C@H](Oc1cccc2ccccc12)c1cccs1.Cl,1,491
O=C(NCc1ccccc1)[C@@H]1c2ccccc2C(=O)N(CC23CC4CC(CC(C4)C2)C3)[C@H]1c1ccc(CO)cc1,0,2834
C[C@H]1CN([C@H](C)CO)S(=O)(=O)c2ccc(C#Cc3ccccc3F)cc2O[C@H]1CN(C)C(=O)Cc1cccnc1,1,3351
CN1CCc2cc3c(cc2[C@H]1C1OC(=O)c2c1ccc1c2OCO1)OCO3,0,216
CC(C)NC(=O)N[C@H]1C=C[C@H](CC(=O)NCCCN(C)C)O[C@@H]1CO,0,1697
CC(C)NC(=O)N[C@H]1C=C[C@H](CC(=O)O)O[C@H]1CO,0,1697
CN(C)CC(=O)N[C@@H]1C=C[C@@H](CC(=O)O)O[C@@H]1CO,0,1697
CC(C)NC(=O)N[C@@H]1C=C[C@H](CC(=O)NCCCN(C)C)O[C@@H]1CO,0,1697
CCC(=O)N[C@@H]1C=C[C@@H](CC(=O)OC)O[C@H]1CO,0,1697
CC(C)NC(=O)N[C@H]1C=C[C@@H](CC(=O)NCCCN(C)C)O[C@@H]1CO,0,1697
CC(C)NC(=O)N[C@@H]1C=C[C@@H](CC(=O)O)O[C@H]1CO,0,1697
CC(C)NC(=O)N[C@@H]1C=C[C@H](CC(=O)NCCCN(C)C)O[C@H]1CO,0,1697
CC(C)NC(=O)N[C@@H]1C=C[C@@H](CC(=O)NCCCN(C)C)O[C@H]1CO,0,1697
CC(C)NC(=O)N[C@@H]1C=C[C@@H](CC(=O)NCCCN(C)C)O[C@@H]1CO,0,1697
CC(C)NC(=O)N[C@@H]1C=C[C@H](CC(=O)O)O[C@H]1CO,0,1697
CCC(=O)N[C@@H]1C=C[C@@H](CC(=O)OC)O[C@@H]1CO,0,1697
CCC(=O)N[C@@H]1C=C[C@H](CC(=O)OC)O[C@@H]1CO,0,1697
CC(C)NC(=O)N[C@@H]1C=C[C@@H](CC(=O)O)O[C@@H]1CO,0,1697
CC(C)NC(=O)N[C@@H]1C=C[C@H](CC(=O)O)O[C@@H]1CO,0,1697
CN(C)CC(=O)N[C@H]1C=C[C@H](CC(=O)O)O[C@@H]1CO,0,1697
CC(C)NC(=O)N[C@H]1C=C[C@H](CC(=O)NCCCN(C)C)O[C@H]1CO,0,1697
COc1ccccc1S(=O)(=O)N[C@@H]1CC[C@H](CCNC(=O)C2CC2)O[C@H]1CO,0,2587
COc1ccccc1S(=O)(=O)N[C@@H]1CC[C@H](CCNC(=O)C2CC2)O[C@@H]1CO,0,2587
CN1C(=O)NC(=O)/C(=C\c2ccc(O)cc2)C1=O,0,2376
Cc1ccc(C=C2C(=O)NC(=O)NC2=O)cc1,0,2376
C[C@]12C[C@@H](O)[C@@H]3C[C@@]1(O[C@@H]1O[C@H](CO)[C@@H](O)[C@H](O)[C@H]1O)[C@@]3(COC(=O)c1ccccc1)C(=O)O2,0,3317
C[C@@H]1O[C@@H](OC[C@H]2O[C@@H](Oc3c(-c4ccc(O)c(O)c4)oc4cc(O)cc(O)c4c3=O)[C@@H](O)[C@@H](O)[C@@H]2O)[C@H](O)[C@H](O[C@@H]2O[C@@H](C)[C@H](O)[C@@H](O)[C@H]2O)[C@H]1O,0,1505
C[C@@H]1O[C@@H](OC[C@H]2O[C@@H](Oc3c(-c4ccc(O)cc4)oc4cc(O)cc(O)c4c3=O)[C@H](O)[C@@H](O)[C@H]2O)[C@H](O)[C@H](O[C@@H]2O[C@@H](C)[C@H](O)[C@@H](O)[C@H]2O)[C@H]1O,0,1505
O=C1c2ccccc2[C@@]2(Cc3ccccc3N(C3CC3)C2=O)[C@H](c2ccc(CO)cc2)N1Cc1ccccc1,0,3044
COc1ccccc1CN1C(=O)c2ccccc2[C@@]2(Cc3ccccc3N(C3CC3)C2=O)[C@@H]1c1ccc(CO)cc1,0,3044
CCN(CC)CCOC(=O)C(Cc1cccc2ccccc12)CC1CCCO1.O=C(O)C(=O)O,0,798
Cl.NNc1nncc2ccccc12,0,634
CCOC(=O)NNc1nncc2ccccc12.Cl,0,634
O=C(C[C@@H]1C=C[C@@H](NC(=O)c2cccc(F)c2)[C@@H](CO)O1)NCCN1CCCC1,0,3376
NC(=O)c1ncn(C2O[C@H](CO)[C@@H](O)[C@H]2O)c1N,0,47
CN(C)[C@@H]1C(O)=C(C(N)=O)C(=O)[C@@]2(O)C(O)=C3C(=O)c4c(O)ccc(Cl)c4[C@@](C)(O)[C@H]3C[C@@H]12.Cl,1,320
CN(C)[C@@H]1C(O)=C(C(N)=O)C(=O)[C@@]2(O)C(O)=C3C(=O)c4c(O)ccc(Cl)c4[C@@H](O)[C@H]3C[C@@H]12.Cl,1,320
C[C@H]1c2cccc(O)c2C(=O)C2=C(O)[C@]3(O)C(=O)C(C(N)=O)=C(O)[C@@H](N(C)C)[C@@H]3[C@@H](O)[C@@H]21.Cl,1,320
CN(C)c1ccc(O)c2c1C[C@H]1C[C@H]3[C@H](N(C)C)C(O)=C(C(N)=O)C(=O)[C@@]3(O)C(O)=C1C2=O.Cl,1,320
CN(C)[C@@H]1C(O)=C(C(N)=O)C(=O)[C@@]2(O)C(O)=C3C(=O)c4c(O)cccc4[C@@](C)(O)[C@H]3[C@H](O)[C@@H]12.Cl,1,320
CN(C)[C@@H]1C(O)=C(C(N)=O)C(=O)[C@@]2(O)C(O)=C3C(=O)c4c(O)cccc4[C@@](C)(O)[C@H]3C[C@@H]12.Cl,1,320
CN(C)c1cc(NC(=O)CNC(C)(C)C)c(O)c2c1C[C@H]1C[C@H]3[C@H](N(C)C)C(O)=C(C(N)=O)C(=O)[C@@]3(O)C(O)=C1C2=O,0,320
CC1(C)C2CC(=O)[C@]3(C)C(CC[C@@]4(C)[C@H](c5ccoc5)OC(=O)[C@H]5O[C@]543)[C@@]2(C)C(=O)C[C@H]1O,0,5
C/C1=C/[C@@]23O[C@@]2(C[C@H](C)[C@H]3O[C@H]2O[C@@H](CO)[C@@H](O)[C@@H](O)[C@@H]2O)C(=O)[C@H](C)[C@H](O)[C@@H]2C([C@H](O)[C@@H]1O)C2(C)C,0,1473
C=CCOC(=O)[C@H]1[C@@H]2C(=O)O[C@@H](c3ccccc3)[C@@H](c3ccccc3)N2[C@@H](c2ccc(OCCOC(=O)[C@@H]3C[C@@H]4C(=O)N5CCC[C@H]5C(=O)N4[C@@H]3c3cccc(OCCO)c3)cc2)[C@]12C(=O)Nc1ccc(I)cc12,0,2647
Fc1ccc(-c2nc3ccc4ccccc4c3c3c2CCC3)cc1,0,2559
Cc1ccc(CCSc2ccc(Cl)c(Cl)c2)cn1,0,3582
CO[C@@H]1[C@H](N(C)C(=O)c2ccccc2)C[C@H]2O[C@]1(C)n1c3ccccc3c3c4c(c5c6ccccc6n2c5c31)C(=O)NC4,0,2010
COC(=O)[C@H]1CCc2nc[nH]c2C1,0,1402
C#C[C@]1(OC(C)=O)CCC2C3CCC4=C/C(=N/O)CCC4C3CC[C@@]21CC,0,828
CCC(C)C(=O)O[C@@H]1C[C@@]2(C)[C@H](c3ccoc3)OC(=O)CC23OC2(C)OC34[C@H](OC(=O)C(C)C)[C@@]3(O)[C@@H](OC(=O)C5(C)OC5C)[C@@]5(C)C[C@]3(O)[C@@](C)([C@H]5CC(=O)OC)C14O2,0,510
C[C@H]1CN(C)[C@@H](C)C[C@@H]1n1[nH]c(=O)cc1N,0,1347
CCCNC(=O)N1C[C@H](O)COC[C@@H]2O[C@@H](CC(=O)NCc3ccncn3)CC[C@H]21,0,1659
C[C@H]1[C@H]2COC[C@@H]2C[C@H](N(C)C)[C@@H]1O,0,1378
Cc1ccc(S(=O)(=O)N2C[C@H](O)COC[C@@H]3O[C@H](CC(=O)NCc4ccc(Cl)c(Cl)c4)CC[C@H]32)cc1,1,1750
COc1ccc(S(=O)(=O)N2C[C@H](O)COC[C@@H]3O[C@H](CC(=O)NCc4ccc(Cl)c(Cl)c4)CC[C@H]32)cc1,0,1750
O=C(C[C@@H]1CC[C@@H]2[C@H](COC[C@H](O)CN2S(=O)(=O)c2ccccc2F)O1)NCc1ccccc1Cl,0,1750
O=C(C[C@@H]1CC[C@@H]2[C@H](COC[C@H](O)CN2S(=O)(=O)c2ccccc2Cl)O1)NCc1ccccc1Cl,0,1750
Cc1ccc(S(=O)(=O)N2C[C@@H](O)COC[C@@H]3O[C@H](CC(=O)NCc4ccc(Cl)c(Cl)c4)CC[C@H]32)cc1,0,1750
COc1ccc(S(=O)(=O)N2C[C@@H](O)COC[C@@H]3O[C@H](CC(=O)NCc4ccc(Cl)c(Cl)c4)CC[C@H]32)cc1,0,1750
CN(C)CC(=O)N[C@@H]1CC[C@@H](CCn2cc(CN(C)C)nn2)O[C@H]1CO,0,1784
CN(C)CC(=O)N[C@@H]1CC[C@@H](CCn2cc(CN(C)C)nn2)O[C@@H]1CO,0,1784
CN(C)Cc1cn(CC[C@@H]2CC[C@H](N)[C@H](CO)O2)nn1,0,1784
CN(C)CC(=O)N[C@H]1CC[C@@H](CCn2cc(CN(C)C)nn2)O[C@@H]1CO,0,1784
CN(C)CC(=O)N[C@H]1CC[C@@H](CCn2cc(CN(C)C)nn2)O[C@H]1CO,0,1784
O=C(NC(Cc1cc(=O)[nH]c2ccccc12)C(=O)O)c1ccc(Cl)cc1,1,967
COC[C@H]1CNN1C(=O)C1CCCC1,0,3699
COc1ccc([Si](C)(C)[C@H]2[C@H](CCn3cc([C@H](O)c4ccccc4)nn3)O[C@@]3(C(=O)N(C)c4c(Br)cc(C)cc43)[C@@H]2C)cc1,0,3165
C=CCN1C(=O)[C@@]2(O[C@@H](CCn3cc([C@H](O)c4ccccc4)nn3)[C@H]([Si](C)(C)c3ccc(OC)cc3)[C@H]2C)c2ccccc21,0,3165
CCCC12CNCC(C)(CNC1)C2=O,0,3633
C=CCOC(=O)[C@@H]1[C@H]2C(=O)O[C@H](c3ccccc3)[C@H](c3ccccc3)N2[C@H](c2ccc(OCCOC(=O)[C@H]3C[C@H]4C(=O)N5CCC[C@H]5C(=O)N4[C@H]3c3ccc(O)cc3)cc2)[C@@]12C(=O)Nc1ccccc12,0,2125
C=CCOC(=O)[C@@H]1[C@H]2C(=O)O[C@H](c3ccccc3)[C@H](c3ccccc3)N2[C@H](c2ccc(OCCOC(=O)[C@H]3C[C@H]4C(=O)N5CCC[C@H]5C(=O)N4[C@H]3c3ccc(O)cc3)cc2)[C@@]12C(=O)Nc1ccc(I)cc12,0,2125
CN1CCC[C@@H]1CCO[C@](C)(c1ccccc1)c1ccc(Cl)cc1.O=C(O)/C=C/C(=O)O,0,348
CN1C[C@@H](O)COC[C@@H]2O[C@@H](CC(=O)N3CCN(c4ccccc4)CC3)CC[C@H]21,0,3075
CC(C)[C@@H]1NC[C@@H]2CCCN2C1=O,0,2302
CC(C)C[C@@H]1NC[C@@H]2CCCN2C1=O,0,2302
C[C@@H]1NC[C@@H]2CCCN2C1=O,0,2302
C[C@H]1CN([C@@H](C)CO)C(=O)CCCn2cc(nn2)CO[C@@H]1CN(C)C(=O)Nc1cccc2ccccc12,0,3545
O=C1C[C@@H]2C(=O)NCCN2C(NC(=O)c2ccccc2)=N1,0,1256
O=C(NCC[C@@H]1CC[C@H](NS(=O)(=O)c2cccc(F)c2)[C@H](CO)O1)C1CC1,0,1845
COc1ccccc1S(=O)(=O)N[C@H]1CC[C@@H](CCNC(=O)C2CC2)O[C@@H]1CO,0,1845
COc1ccccc1S(=O)(=O)N[C@H]1CC[C@@H](CCNC(=O)C2CC2)O[C@H]1CO,0,1845
O=C(NCC[C@@H]1CC[C@H](NS(=O)(=O)c2cccc(F)c2)[C@@H](CO)O1)C1CC1,0,1845
CC(C)(C)c1ccc(NC(=O)N[C@H]2CCCc3ccccc32)cc1,0,1325
c1ccc(C2C3=C(CCCC3)SC3=C2CCCC3)cc1,0,2378
COc1ccc(C(=O)N2CCCC2=O)cc1,0,131
COc1cc(C)nc2nc(S(C)(=O)=O)nn12,0,3057
Cc1cc(C)n2nc(SCC(=O)O)nc2n1,0,3057
N=c1sccn1CC(=O)O,1,2664
CCOC(=O)c1sc(=NN)[nH]c1C,0,2664
C[C@H]1COc2c(N3CCN(C)CC3)c(F)cc3c(=O)c(C(=O)O)cn1c23,1,705
CC1COc2c(N3CCN(C)CC3)c(F)cc3c(=O)c(C(=O)O)cn1c23,1,705
CC#CCN1C(N2CCC[C@@H](N)C2)=NC2C1C(=O)N(Cc1nc(C)c3ccccc3n1)C(=O)N2C,0,711
COC(=O)[C@H]1CCNCCC1=O,0,1432
COc1ccccc1OCCNCC(O)COc1cccc2[nH]c3ccccc3c12,0,273
COc1ccccc1OCCNCC(O)COc1cccc2[nH]c3ccccc3c12.O=P(O)(O)O,0,273
COc1cccc(NC(=O)N[C@H]2C=C[C@@H](CC(=O)N3CCN(C)CC3)O[C@H]2CO)c1,0,1689
COc1cccc(NC(=O)N[C@H]2C=C[C@@H](CC(=O)N3CCN(C)CC3)O[C@@H]2CO)c1,0,1689
CN1C2CCC1CC(OC(c1ccccc1)c1ccccc1)C2.CS(=O)(=O)O,0,195
O=C(C[C@H]1C=C[C@@H](NS(=O)(=O)c2ccc(F)cc2)[C@H](CO)O1)NCc1ccc(Cl)c(Cl)c1,0,2592
COC(=O)c1c2oc(c1C(=O)OC)C(=O)N[C@@H](Cc1ccccc1)Cn1cc(nn1)[C@@H](Cc1ccccc1)NC(=O)N[C@H](CO)CC2,0,2044
COC(=O)[C@H](c1ccccc1Cl)N1CCc2sccc2C1.O=S(=O)(O)O,0,361
Cl.Clc1ccccc1CN1CCc2sccc2C1,0,361
O=C(COc1ccc(Cl)cc1Cl)NCCn1ncc2c(=O)n(Cc3cccc([N+](=O)[O-])c3)cnc21,0,2562
CN1C(=O)c2cc(NC(=O)C3CCCC3)ccc2OC[C@@H]2O[C@@H](CC(=O)NCCc3ccncc3)CC[C@H]21,0,2352
Cc1ccc(C(=O)Oc2ccc(/C=N/c3cccs3)cc2)cc1,0,2143
O=C(O)CCCCCCCCCCCCC1C=CCC1,0,310
CC(=O)O[C@@H]1[C@@H]2C[C@H]([C@@H]3C(=O)N(C)C(=O)[C@H]32)[C@H]1OC(C)=O,0,1459
CN1C(=O)C(O)N=C(c2ccccc2)c2cc(Cl)ccc21,0,1066
CN1CCN(CC(=O)N2c3ccccc3C(=O)Nc3cccnc32)CC1.Cl.Cl,0,909
COCC(=O)Nc1ccc2c(c1)C(=O)N(C)[C@H]1CC[C@H](CC(=O)NCc3ccc(OC)cc3)O[C@H]1CO2,0,3416
CCOC(=O)[C@@H](C)n1ncn2cccc2c1=O,0,1463
CC(C)NC(=O)[C@@H](C)n1ncn2cccc2c1=O,0,1463
Cc1nn(CC(=O)O)c(=O)c2cccn12,0,1463
CC(C)(C)OC(=O)C[C@H]1CC=CC[C@@H](CC(=O)N[C@@H](CO)Cc2ccccc2)C(=O)N[C@@H](C(C)(C)C)COC1=O,0,2135
CC(C)(C)OC(=O)C[C@@H]1CC=CC[C@@H](CC(=O)N[C@H](CO)Cc2ccccc2)C(=O)N[C@@H](C(C)(C)C)COC1=O,0,2135
C[C@H]1COC(=O)[C@@H](CC(=O)OC(C)(C)C)CC=CC[C@@H](CC(=O)N[C@@H](CO)Cc2ccccc2)C(=O)N1,0,2135
CC(C)(C)OC(=O)C[C@@H]1CC=CC[C@@H](CC(=O)N[C@@H](CO)Cc2ccccc2)C(=O)N[C@@H](C(C)(C)C)COC1=O,0,2135
O=c1[nH]snc1N1CCCCC1,0,3667
Nc1cc(=O)[nH]c(=O)n1Cc1ccccc1,0,3305
Nc1nnc(-c2cccc(Cl)c2Cl)c(N)n1,0,692
CC(=O)O[C@H]1C[C@H](O[C@H]2[C@@H](O)C[C@H](O[C@H]3[C@@H](O)C[C@H](O[C@H]4CC[C@@]5(C)C(CCC6C5C[C@@H](O)[C@]5(C)[C@@H](C7=CC(=O)OC7)CC[C@]65O)C4)O[C@@H]3C)O[C@@H]2C)O[C@H](C)[C@H]1O[C@@H]1O[C@H](CO)[C@@H](O)[C@H](O)[C@H]1O,0,693
O=C1c2c(O)cc(CO)cc2[C@H](O[C@@H]2O[C@H](CO)[C@@H](O)[C@H](O)[C@H]2O)c2cccc(O[C@@H]3O[C@H](CO)[C@@H](O)[C@H](O)[C@H]3O)c21,0,275
CNCCCC12CCC(c3ccccc31)c1ccccc12.Cl,0,732
O=C(C[C@H]1C[C@H]2c3cc(NS(=O)(=O)c4ccc(F)cc4)ccc3O[C@H]2[C@@H](CO)O1)NCC(F)(F)F,0,1939
O=C(C[C@@H]1C[C@H]2c3cc(NS(=O)(=O)c4ccccc4)ccc3O[C@H]2[C@H](CO)O1)NCC(F)(F)F,0,1939
COc1cccc(S(=O)(=O)Nc2ccc3c(c2)[C@@H]2C[C@H](CC(=O)NCC(F)(F)F)O[C@@H](CO)[C@@H]2O3)c1,0,1939
CCn1c(=S)ccc2ccccc21,0,3297
CC1=C2C(O)C(=O)OC3CC4C(C)(C)C(=O)C=C[C@]4(C)C(CC1)[C@]23C,0,746
COCC(=O)N(C)C[C@@H]1Oc2cc(C#CCC3CCCC3)ccc2S(=O)(=O)N([C@@H](C)CO)C[C@H]1C,0,2818
COCC(=O)N(C)C[C@@H]1Oc2cc(C#CCC3CCCC3)ccc2S(=O)(=O)N([C@@H](C)CO)C[C@@H]1C,1,2818
COCC(=O)N(C)C[C@H]1Oc2cc(C#CCC3CCCC3)ccc2S(=O)(=O)N([C@H](C)CO)C[C@H]1C,1,2818
COc1ccc(C2(CN)CCOCC2)cc1,0,3207
CC(C)CC#Cc1ccc2c(c1)O[C@H](CN(C)C(=O)c1cnccn1)[C@H](C)CN([C@@H](C)CO)S2(=O)=O,0,2190
C[C@@H](CO)N1C[C@@H](C)[C@@H](CN(C)C(=O)c2cnccn2)Oc2cc(Br)ccc2S1(=O)=O,0,2190
CC(C)C#Cc1ccc2c(c1)O[C@H](CN(C)C(=O)c1cnccn1)[C@@H](C)CN([C@@H](C)CO)S2(=O)=O,0,2190
CCCC#Cc1ccc2c(c1)O[C@H](CN(C)C(=O)c1cnccn1)[C@@H](C)CN([C@@H](C)CO)S2(=O)=O,0,2190
CCCC#Cc1ccc2c(c1)O[C@H](CN(C)C(=O)c1cnccn1)[C@H](C)CN([C@H](C)CO)S2(=O)=O,0,2190
C[C@H]1CN([C@@H](C)CO)S(=O)(=O)c2ccc(Br)cc2O[C@@H]1CN(C)C(=O)c1cnccn1,0,2190
CC(C)CC#Cc1ccc2c(c1)O[C@H](CN(C)C(=O)c1cnccn1)[C@H](C)CN([C@H](C)CO)S2(=O)=O,0,2190
O=C(C[C@H]1CC[C@H](NS(=O)(=O)c2ccccc2)[C@@H](CO)O1)NCc1ccncn1,0,2724
O=C(C[C@H]1CC[C@H](NS(=O)(=O)c2ccccc2)[C@H](CO)O1)NCc1ccncn1,0,2724
COc1cc(/C=C/c2ccc(O)cc2)cc(OC)c1,1,940
Oc1ccc(/C=C/c2cc(O)cc(O)c2)cc1,0,940
CC(=O)Oc1ccc(/C=C/c2cc(OC(C)=O)cc(OC(C)=O)c2)cc1,0,940
Nc1ccc(/C=C/c2ccccc2)cc1,0,940
O=C(Nc1ccccc1)N1c2ccccc2CCc2ccccc21,0,2420
O=c1nc[nH]c2c1ncn2[C@@H]1C[C@@H](O)[C@H](CO)O1,0,3183
CCOc1ccc2c(c1)-c1c(ssc1=S)C(C)(C)N2C,0,3341
O=C(NCCN1CCOCC1)c1ccccn1,0,3398
C[C@@H]1C(=O)O[C@H]2CC34[C@H]5CC(C(C)(C)C)C36[C@@H](OC(=O)[C@@H]6O)OC4(C(=O)O5)[C@]21O,0,592
Cc1cc(Nc2cc(C)on2)nc([C@H]2CCN(C(=O)CN)C2)n1,0,1408
Nc1ccc(S(=O)(=O)Nc2ncccn2)cc1,0,1040
Cc1ccnc(NS(=O)(=O)c2ccc(N)cc2)n1,0,1040
COc1cnc(NS(=O)(=O)c2ccc(N)cc2)nc1,0,1040
Cc1cc(C)nc(NS(=O)(=O)c2ccc(N)cc2)n1,0,1040
O=C(C[C@H]1C[C@H]2c3cc(NS(=O)(=O)c4ccc(F)cc4)ccc3O[C@H]2[C@@H](CO)O1)NC1CCCC1,0,2855
O=C(C[C@H]1C[C@H]2c3cc(NS(=O)(=O)c4ccc(F)cc4)ccc3O[C@H]2[C@H](CO)O1)NC1CCCC1,0,2855
CCCc1nn(C)c2c(=O)[nH]c(-c3cc(S(=O)(=O)N4CCN(C)CC4)ccc3OCC)nc12.O=C(O)CC(O)(CC(=O)O)C(=O)O,0,1013
CCCN1C(=O)C[C@@H](N2CCOCC2)C1=O,0,1194
CC(C)CN1C(=O)C[C@@H](N2CCOCC2)C1=O,0,1194
C[C@H]1CN([C@@H](C)CO)S(=O)(=O)c2ccc(C3=CCCCC3)cc2O[C@@H]1CN(C)C(=O)C1CCOCC1,0,2091
C[C@@H](CO)N1C[C@@H](C)[C@@H](CN(C)C(=O)C2CCOCC2)Oc2cc(C3=CCCCC3)ccc2S1(=O)=O,0,2091
COc1cc(C/C=C/c2ccccc2)c(OC)cc1O,0,1152
CCOC(=O)c1c(NC(C)=O)no[n+]1[O-],0,3212
O=C(c1ccccc1)N1Cc2ccccc2[C@H]2OC(c3ccc(OCCCO)cc3)=N[C@@]2(Cc2ccccc2)C1=O,0,3024
CN1CCN(C(=O)C[C@@H]2CC[C@H](NC(=O)Cc3ccccn3)[C@@H](CO)O2)CC1,0,2329
CN1CCN(C(=O)C[C@@H]2CC[C@H](NC(=O)Cc3ccccn3)[C@H](CO)O2)CC1,0,2329
CCCCC1=NC2(CCCC2)C(=O)N1Cc1ccc(-c2ccccc2-c2nnn[nH]2)cc1,0,656
O=C(C[C@@H]1CC[C@H]2[C@@H](COC[C@@H](O)CN2C(=O)Nc2ccc(F)cc2)O1)NCCCN1CCOCC1,0,2033
COc1cccc(NC(=O)N2C[C@H](O)COC[C@H]3O[C@H](CC(=O)NCCCN4CCOCC4)CC[C@@H]32)c1,0,2033
O=C(C[C@@H]1CC[C@H]2[C@@H](COC[C@@H](O)CN2C(=O)Nc2cccc(F)c2)O1)NCCCN1CCOCC1,0,2033
COc1cccc(NC(=O)N2C[C@@H](O)COC[C@H]3O[C@H](CC(=O)NCCCN4CCOCC4)CC[C@@H]32)c1,0,2033
CC(=O)O[C@@H]1C[C@@]2(C)[C@H](c3ccoc3)C[C@H]3O[C@]32[C@]2(C)C(=O)C(O)=C3C(C)(C)C(=O)C=C[C@]3(C)C12,0,135
CC1(C)C(=O)C=C[C@@]2(C)C1=C(O)C(=O)[C@]1(C)C2CC[C@@]2(C)[C@H](c3ccoc3)C[C@H]3O[C@]321,0,135
CC(C)(C)OC(=O)CC[C@@]12N=C(c3ccc(OCCCO)cc3)O[C@@H]1c1ccccc1CN(C(=O)c1ccccc1)C2=O,0,2574
COc1ccc(COC[C@]23NC(=O)N[C@H](c4ccccc4O2)[C@H]3COC(=O)NCCCCCC(=O)NO)cc1,0,2040
COc1ccc(COC[C@@]23Oc4ccccc4[C@@H](NC(=O)N2C)[C@H]3COC(=O)NCCCCCC(=O)NO)cc1,0,2040
C=CC[C@@H](CC(=O)N[C@H](CO)Cc1ccccc1)C(=O)NC[C@@H](OC(=O)[C@@H](CC=C)Cc1ccc(F)cc1)c1ccccc1,0,2382
C=CCC[C@H](Cc1ccc(F)cc1)C(=O)O[C@H](CNC(=O)[C@@H](CC=C)CC(=O)N[C@H](CO)Cc1ccccc1)c1ccccc1,0,2382
C=CCC[C@@H](Cc1ccc(F)cc1)C(=O)O[C@H](CNC(=O)[C@@H](CC=C)CC(=O)N[C@@H](CO)Cc1ccccc1)c1ccccc1,0,2382
C=CCC[C@@H](Cc1ccc(F)cc1)C(=O)O[C@H](CNC(=O)[C@@H](CC=C)CC(=O)N[C@H](CO)Cc1ccccc1)c1ccccc1,0,2382
C[C@H]1NC(=O)N[C@@H]1CCCCC(=O)O,0,1226
CC(=O)O[C@H]1[C@@H](OC(C)=O)N(C)C(=O)N1C,0,1226
CC(=O)O[C@H]1[C@@H](OC(C)=O)N(C(C)=O)C(=O)N1C(C)=O,0,1226
CC(=O)N1C(=O)N(C(C)=O)[C@H](O)[C@@H]1O,0,1226
CC(=O)OCN1CCN(COC(C)=O)C1=O,0,1226
O=C(O)c1ccc(-n2nc(-c3ccccc3O)nc2-c2ccccc2O)cc1,0,415
NC1CCN(Cc2nc3ccccc3[nH]2)CC1,0,2479
CN1C(=O)[C@H]2[C@H](C1=O)[C@@H]1C(c3ccc(CO)cc3)=C[C@H]2N(Cc2cccc(OC(F)(F)F)c2)[C@H]1c1cccs1,0,1517
O=C(C[C@H]1CC[C@H](NC(=O)C2CC2)[C@H](CO)O1)NCCCN1CCOCC1,0,3295
O=C(C[C@H]1CC[C@H](NC(=O)C2CC2)[C@@H](CO)O1)NCCCN1CCOCC1,0,3295
COc1cccc(NC(=O)N2C[C@@H](O)COC[C@@H]3O[C@H](CC(=O)NCCCN4CCOCC4)CC[C@H]32)c1,0,1658
O=C(C[C@@H]1CC[C@@H]2[C@H](COC[C@@H](O)CN2C(=O)Nc2cccc(F)c2)O1)NCCCN1CCOCC1,0,1658
O=C(C[C@@H]1CC[C@@H]2[C@H](COC[C@H](O)CN2C(=O)Nc2cccc(Cl)c2)O1)NCCCN1CCOCC1,1,1658
COc1cccc(NC(=O)N2C[C@H](O)COC[C@@H]3O[C@H](CC(=O)NCCCN4CCOCC4)CC[C@H]32)c1,0,1658
O=C(C[C@@H]1CC[C@@H]2[C@H](COC[C@@H](O)CN2C(=O)Nc2cccc(Cl)c2)O1)NCCCN1CCOCC1,0,1658
O=C(C[C@@H]1CC[C@@H]2[C@H](COC[C@H](O)CN2C(=O)Nc2cccc(F)c2)O1)NCCCN1CCOCC1,0,1658
Cn1cnc(S(=O)(=O)N2C[C@@H](O)COC[C@@H]3O[C@@H](CC(=O)NC4CCC4)CC[C@H]32)c1,0,3480
O=C(C[C@H]1CC[C@H]2[C@@H](COC[C@@H](O)CN2C(=O)C2CC2)O1)NCc1ccncc1,0,2990
CCN1C(=O)/C(=C/c2ccc[nH]2)C(=O)NC1=S,0,3453
Cc1ccccc1-c1ncc(-c2ccc(Br)cc2)o1,0,2660
FC(F)(F)c1ccccc1-c1ncc(-c2ccccc2)o1,0,2660
Cc1ccc(-c2cnc(-c3ccc(Br)cc3)o2)cc1,0,2660
O=C(C[C@H]1CC[C@@H](NS(=O)(=O)c2ccccc2)[C@H](CO)O1)NCc1ccncn1,0,2359
O=C(C[C@H]1CC[C@@H](NS(=O)(=O)c2ccccc2)[C@@H](CO)O1)NCc1ccncn1,0,2359
O=C(C[C@H]1CC[C@@H]2[C@H](COC[C@H](O)CN2C(=O)Nc2cccc(F)c2)O1)NCCCN1CCOCC1,0,2247
COc1cccc(NC(=O)N2C[C@@H](O)COC[C@@H]3O[C@@H](CC(=O)NCCCN4CCOCC4)CC[C@H]32)c1,0,2247
COc1cccc(NC(=O)N2C[C@H](O)COC[C@@H]3O[C@@H](CC(=O)NCCCN4CCOCC4)CC[C@H]32)c1,0,2247
Nc1cc(-c2ccncc2)c[nH]c1=O,0,651
Cc1[nH]c(=O)c(C#N)cc1-c1ccncc1,0,651
CCCOc1ccccc1-c1nc2[nH]nnc2c(=O)[nH]1,0,1164
O=c1[nH]c(=O)n([C@H]2C[C@H](O)C(CO)O2)cc1I,0,645
O=c1ccn([C@@H]2O[C@H](CO)[C@@H](O)[C@H]2O)c(=O)[nH]1,0,645
Cc1cn([C@H]2C[C@@H](NC(=O)C(C)(C)C)[C@@H](CO)O2)c(=O)[nH]c1=O,0,645
CCc1cn([C@H]2C[C@@H](O)[C@@H](CO)O2)c(=O)[nH]c1=O,0,645
Cc1cn([C@H]2CC[C@@H](CO)O2)c(=O)[nH]c1=O,0,645
O=c1[nH]c(=O)n([C@H]2C[C@H](O)[C@@H](CO)O2)cc1Br,0,645
O=c1[nH]c(=O)n([C@@H]2O[C@H](CO)[C@@H](O)[C@H]2O)cc1Br,0,645
Cc1cn([C@H]2C[C@H](N=[N+]=[N-])[C@@H](CO)O2)c(=O)[nH]c1=O,0,645
CC(=O)OC[C@H]1O[C@@H](n2cc(C)c(=O)[nH]c2=O)C[C@@H]1OC(C)=O,0,645
COc1cccc(NC(=O)N[C@H]2C=C[C@H](CC(=O)N3CCN(C)CC3)O[C@@H]2CO)c1,0,1788
Cc1c(O)c(=O)ccn1C,0,416
NC(Cn1ccc(=O)c(O)c1)C(=O)O,0,416
CC(C)COc1c[nH]c(CO)cc1=O,0,416
C[N+](C)(C)CCCCCCNC(=O)[C@H]1C[C@H]2C(=O)N3CCC[C@H]3C(=O)N2[C@H]1c1cccc(OCCO)c1,0,2506
CN(C)CCCCNC(=O)[C@H]1C[C@H]2C(=O)N3CCC[C@H]3C(=O)N2[C@H]1c1cccc(OCCO)c1,0,2506
CN(C)CCCCCCNC(=O)[C@H]1C[C@H]2C(=O)N3CCC[C@H]3C(=O)N2[C@H]1c1cccc(OCCO)c1,0,2506
C[N+](C)(C)CCCCNC(=O)[C@H]1C[C@H]2C(=O)N3CCC[C@H]3C(=O)N2[C@H]1c1cccc(OCCO)c1,0,2506
N[C@H](c1ccc(Cl)cc1)c1cccnc1,0,1317
CC1(C)NN1CCCN1NC1(C)C,0,2609
CC(C)C[C@](O)(C(=O)OCc1ccc(O[C@@H]2O[C@H](CO)[C@@H](O)[C@H](O)[C@H]2O)cc1)[C@@H](O)C(=O)OCc1ccc(O[C@@H]2O[C@H](CO)[C@@H](O)[C@H](O)[C@H]2O)cc1,0,1417
Nc1ccc(OCC(=O)N2CCOCC2)cc1,0,1958
Cc1cc([N+](=O)[O-])nn1CC(=O)N1CCOCC1,0,1986
O=C(Cn1ccc([N+](=O)[O-])n1)N1CCOCC1,0,1986
CC(C)(C)NC[C@@H](O)COc1nsnc1N1CCOCC1.O=C(O)/C=C\C(=O)O,0,1093
COc1nsnc1N1CCOCC1,0,1093
COC(=O)COc1nsnc1N1CCOCC1,0,1093
COc1cccc(-c2ccc3c(c2)O[C@@H](CN(C)C(=O)C2CC2)[C@H](C)CN([C@H](C)CO)S3(=O)=O)c1,0,2013
C[C@H]1CN([C@H](C)CO)S(=O)(=O)c2ccc(-c3ccc(C(=O)N(C)C)cc3)cc2O[C@H]1CN(C)C(=O)C1CC1,0,2013
COc1cccc(-c2ccc3c(c2)O[C@@H](CN(C)C(=O)C2CC2)[C@H](C)CN([C@@H](C)CO)S3(=O)=O)c1,0,2013
S=c1[nH]nc(C2CCCCC2)[nH]1,0,3010
NCc1nncn1-c1ccccc1,0,3692
O=C(C[C@H]1C[C@@H]2c3cc(NS(=O)(=O)c4ccccc4)ccc3O[C@@H]2[C@@H](CO)O1)NC1CCCCC1,0,3006
COc1cccc(S(=O)(=O)Nc2ccc3c(c2)[C@H]2C[C@H](CC(=O)NC4CCCCC4)O[C@H](CO)[C@H]2O3)c1,0,3006
O=C(NNC(=O)C1CCNCC1)c1cccnc1,0,3661
COc1oc(C(=O)NC2CCCCC2)c(-c2ccc(Cl)cc2)c1S(=O)(=O)c1ccc2c(c1)OCCO2,0,3163
C[C@@H]1COS(=O)(=O)N1,0,2346
COCC(=O)Nc1ccc2c(c1)OC[C@@H](C)N(C(=O)Cc1ccccn1)C[C@@H](C)[C@@H](OC)CN(C)C2=O,0,1850
COCC(=O)Nc1ccc2c(c1)OC[C@@H](C)N(C(=O)Cc1ccccn1)C[C@H](C)[C@@H](OC)CN(C)C2=O,0,1850
C1CCN=C(NC2CCCCC2)CC1,0,1748
CN1CCOC(c2ccccc2)c2ccccc2C1,0,811
O=C(C[C@@H]1C=C[C@H](NC(=O)c2cnccn2)[C@@H](CO)O1)NCc1ccccc1F,0,1713
Brc1c(NC2=NCCN2)ccc2nccnc12,0,230
Cc1noc(NS(=O)(=O)c2ccc(N)cc2)c1C,0,1050
CC(=O)Nc1ccc(S(=O)(=O)Nc2onc(C)c2C)cc1,0,1050
Cc1ccc(S(=O)(=O)N2CCO[C@@H]2CNC(=O)C(=O)NCc2ccccn2)cc1,0,1405
CN(C)CC(=O)N[C@@H]1CC[C@@H](CCNC(=O)C2CC2)O[C@H]1CO,0,2476
CC(=O)N[C@@H]1CC[C@@H](CCNC(=O)C2CC2)O[C@@H]1CO,0,2476
CN(C)CC(=O)N[C@H]1CC[C@@H](CCNC(=O)C2CC2)O[C@@H]1CO,0,2476
CN(C)CC(=O)N[C@@H]1CC[C@@H](CCNC(=O)C2CC2)O[C@@H]1CO,0,2476
CC(=O)N[C@H]1CC[C@@H](CCNC(=O)C2CC2)O[C@@H]1CO,0,2476
CN(C)CC(=O)N[C@H]1CC[C@@H](CCNC(=O)C2CC2)O[C@H]1CO,0,2476
O=C(C[C@@H]1CC[C@H]2[C@@H](COC[C@@H](O)CN2S(=O)(=O)c2cccc(Cl)c2)O1)NCCCN1CCOCC1,0,2935
Cc1cccc(S(=O)(=O)N2C[C@@H](O)COC[C@H]3O[C@H](CC(=O)NCCCN4CCOCC4)CC[C@@H]32)c1,0,2935
Cc1cccc(S(=O)(=O)N2C[C@H](O)COC[C@H]3O[C@H](CC(=O)NCCCN4CCOCC4)CC[C@@H]32)c1,1,2935
COc1cccc(S(=O)(=O)N2C[C@H](O)COC[C@H]3O[C@H](CC(=O)NCCCN4CCOCC4)CC[C@@H]32)c1,0,2935
COc1ccc(S(=O)(=O)N2C[C@H](O)COC[C@H]3O[C@H](CC(=O)NCCCN4CCOCC4)CC[C@@H]32)cc1,0,2935
Nc1nc(=O)c2c([nH]1)NCC(CNc1ccc(C(=O)N[C@@H](CCC(=O)[O-])C(=O)[O-])cc1)N2C=O.[Ca+2],0,702
NCC[C@@H]1CC[C@H](NC(=O)Nc2ccc(F)cc2)[C@H](CO)O1,0,2619
Cc1ccc(S(=O)(=O)N2C[C@@H](O)COC[C@@H]3O[C@H](CC(=O)NCc4ccc5c(c4)OCO5)CC[C@H]32)cc1,0,3170
Cc1ccc(S(=O)(=O)N2C[C@H](O)COC[C@@H]3O[C@H](CC(=O)NCc4ccc5c(c4)OCO5)CC[C@H]32)cc1,0,3170
COc1ccc([Si](C)(C)[C@@H]2[C@@H](CC(=O)N3Cc4ccccc4C[C@H]3CO)O[C@]3(C(=O)N(Cc4cccc(N5C(=O)c6cccc7cccc5c67)c4)c4ccccc43)[C@H]2C)cc1,0,3030
CN1C(=O)c2cc(NC(=O)C3CCOCC3)ccc2OC[C@@H]2O[C@H](CC(=O)NCc3ccc4c(c3)OCO4)CC[C@@H]21,0,1537
O=C(C[C@@H]1CC[C@@H]2[C@H](COC[C@H](O)CN2C(=O)c2ccccc2)O1)N1CCOCC1,0,3329
Cn1cnc(S(=O)(=O)N2C[C@@H](O)COC[C@H]3O[C@H](CC(=O)N4CCN(c5ccccc5)CC4)CC[C@@H]32)c1,1,1673
Cn1cnc(S(=O)(=O)N2C[C@H](O)COC[C@H]3O[C@H](CC(=O)N4CCN(c5ccccc5)CC4)CC[C@@H]32)c1,0,1673
NC[C@H](c1ccccc1)N1CCOCC1,0,1494
NC(=O)c1ccc(CN2CCOCC2)cc1,0,1494
COc1ccccc1CNC(=O)C[C@@H]1C[C@H]2c3cc(NS(=O)(=O)c4ccc(F)cc4)ccc3O[C@H]2[C@H](CO)O1,0,1946
COc1cccc(S(=O)(=O)Nc2ccc3c(c2)[C@@H]2C[C@@H](CC(=O)NCc4cccc(F)c4)O[C@@H](CO)[C@@H]2O3)c1,0,1946
COc1ccc(CNC(=O)C[C@@H]2C[C@H]3c4cc(NS(=O)(=O)c5ccc(F)cc5)ccc4O[C@H]3[C@@H](CO)O2)cc1,0,1946
O=C(C[C@@H]1C[C@H]2c3cc(NS(=O)(=O)c4ccc(F)cc4)ccc3O[C@H]2[C@H](CO)O1)NCc1cccc(F)c1,0,1946
COc1ccc(CNC(=O)C[C@@H]2C[C@H]3c4cc(NS(=O)(=O)c5ccc(F)cc5)ccc4O[C@H]3[C@H](CO)O2)cc1,0,1946
COc1cc2c(cc1OC)CN(C(=O)[C@@H]1[C@H]3C(=O)O[C@H](c4ccccc4)[C@H](c4ccccc4)N3[C@H](c3ccc(OCCO)cc3)[C@@]13C(=O)Nc1ccc(C#CC4(O)CCCCCC4)cc13)CC2,0,2036
O=C(c1ccc(F)cc1)N1c2ccccc2C=Cc2ccccc21,0,3502
CCOc1ccc(NC2=NC(=O)/C(=C/c3cc(Br)c(OCc4ccccc4)c(OC)c3)S2)cc1,0,3345
C=C(C)/C=C1/C=CC(=O)C(C)=C1,0,2425
CC(=O)[C@@]12O[C@]1(C)CC1C3CC=C4C[C@@H](O)CC[C@]4(C)C3CC[C@@]12C,0,8
Nc1nc2ncc(=O)[nH]c2c(=O)[nH]1,0,1158
COCCOC(=O)N1C(=O)[C@@]2(c3cc(C#CC4=CCCCC4)ccc31)[C@H](c1ccc(O)cc1)N1[C@H](c3ccccc3)[C@H](c3ccccc3)OC(=O)[C@H]1[C@@H]2C(=O)N1CCN(c2ncccn2)CC1,0,1671
O=C1O[C@@H](c2ccccc2)[C@@H](c2ccccc2)N2[C@@H](c3ccc(OCCO)cc3)[C@]3(C(=O)Nc4ccc(C#CC5=CCCCC5)cc43)[C@@H](C(=O)N3CCN(c4ncccn4)CC3)[C@H]12,0,1671
CCNc1nc2nonc2nc1NCC,0,3358
O=S1(=O)CC[C@H](S(=O)(=O)[C@H]2CCS(=O)(=O)C2)C1,0,1171
COC(=O)CCCCC(=O)c1[nH]c(=O)[nH]c1C,0,3401
O=C(C[C@H]1CC[C@H](NC(=O)CN2CCOCC2)[C@H](CO)O1)NCCc1ccccc1,0,3102
COc1ccc([Si](C)(C)[C@H]2[C@H](CC(=O)N3CCC[C@H]3CO)O[C@@]3(C(=O)N(Cc4cccc(N5C(=O)COc6ccccc65)c4)c4ccccc43)[C@@H]2C)cc1,0,2136
CC(C)(C)OC(=O)CC[C@]1(C(=O)NCCN2CCOCC2)COC(c2ccc(OCCCO)cc2)=N1,0,2035
C=CC[C@]1(C(=O)NCCN2CCOCC2)COC(c2ccc(OCCCO)cc2)=N1,0,2035
CCOc1cc(OCC)cc(C(=O)N[C@@H](Cc2ccc(-n3cc(CCC(=O)NO)nn3)cc2)C(=O)OC)c1,0,3257
C[C@H]1CN([C@H](C)CO)C(=O)CCCn2nncc2CO[C@@H]1CN(C)C(=O)Nc1ccnc(N2CCOCC2)c1,0,1735
C[C@@H](CO)N1C[C@@H](C)[C@H](CN(C)S(=O)(=O)c2ccc(F)cc2)Oc2ncc(C#CC3(O)CCCC3)cc2C1=O,0,1893
Cc1ccc(S(=O)(=O)N(C)C[C@@H]2Oc3ncc(C#CC4(O)CCCC4)cc3C(=O)N([C@H](C)CO)C[C@@H]2C)cc1,0,1893
C[C@@H]1CN([C@H](C)CO)C(=O)c2cc(C#CC3(O)CCCC3)cnc2O[C@H]1CN(C)S(=O)(=O)c1ccc(F)cc1,0,1893
C[C@@H](CO)N1C[C@@H](C)[C@H](CN(C)S(=O)(=O)c2ccccc2)Oc2ncc(C#CC3(O)CCCC3)cc2C1=O,0,1893
O=C(N[C@@H]1CC[C@H](CCNS(=O)(=O)c2ccccc2)O[C@H]1CO)c1cnccn1,0,3407
O=C(N[C@@H]1CC[C@H](CCNS(=O)(=O)c2ccccc2)O[C@@H]1CO)c1cnccn1,0,3407
C[C@@H]1CN([C@H](C)CO)S(=O)(=O)c2ccc(-c3ccc(C(=O)N(C)C)cc3)cc2O[C@@H]1CN(C)C(=O)Cc1ccccn1,0,2535
C[C@H]1CN([C@@H](C)CO)S(=O)(=O)c2ccc(-c3ccc(C(=O)N(C)C)cc3)cc2O[C@@H]1CN(C)C(=O)Cc1ccccn1,0,2535
C=CCNC1=NS(=O)(=O)c2ccccc21,0,1769
NCCNC1=NS(=O)(=O)c2ccccc21,0,1769
Cc1ccc(S(=O)(=O)N[C@@H](Cc2ccccc2)C(=O)NCCCn2cc(-c3cccc(/C=C/C(=O)NO)c3)nn2)cc1,0,2805
Cc1ccc(S(=O)(=O)N[C@@H](Cc2ccccc2)C(=O)NCCCn2cc(-c3ccccc3N)nn2)cc1,0,2805
O=C(C[C@H]1C[C@@H]2c3cc(NC(=O)C4CCOCC4)ccc3O[C@@H]2[C@@H](CO)O1)NCc1ccc2c(c1)OCO2,0,3375
O=C(C[C@H]1C[C@@H]2c3cc(NC(=O)C4CCOCC4)ccc3O[C@@H]2[C@H](CO)O1)NCc1ccc2c(c1)OCO2,0,3375
CO[C@]12C[C@@H](COC(=O)c3cncc(Br)c3)CN(C)[C@@H]1Cc1cn(C)c3cccc2c13,0,817
CCCNC(=O)N1C[C@@H](O)COC[C@H]2O[C@H](CC(=O)N3CCN(C)CC3)CC[C@@H]21,0,1525
CCCNC(=O)N1C[C@H](O)COC[C@H]2O[C@H](CC(=O)N3CCN(C)CC3)CC[C@@H]21,0,1525
O=C(N1CCOCC1)[C@@]1(CCS(=O)(=O)c2ccccc2)N=C(c2ccc(OCCCO)cc2)O[C@H]1c1ccccc1,1,3546
O=C(OCc1ccco1)c1ccc(-c2ccc(Cl)cc2)s1,0,3510
NC(=O)[C@@H]1[C@H]2C=C[C@H](C2)[C@H]1C(=O)O,0,1291
NC(=S)N[C@H]1C[C@@H]2C=C[C@H]1C2,0,1291
CCc1nc(N)nc(N)c1-c1ccc(Cl)cc1,1,946
COc1c(C)cccc1C(=O)N1CC[C@H](c2nn(CCN)c3ncccc23)C1,0,1249
O=C1c2ccccc2[C@](Cc2ccccc2I)(C(=O)NCCN2CCOCC2)[C@H](c2ccc(CO)cc2)N1C1CCCCC1,1,2285
CC1=C(O)C(=O)C=C2C1=CC=C1[C@@]3(C)CC[C@@]4(C)CC[C@@](C)(C(=O)O)C[C@H]4[C@]3(C)CC[C@@]21C,0,299
Cn1cnc(S(=O)(=O)N[C@@H]2C=C[C@@H](CC(=O)Nc3ccccc3)O[C@@H]2CO)c1,0,2178
Cn1cnc(S(=O)(=O)N[C@@H]2C=C[C@@H](CC(=O)Nc3ccccc3)O[C@H]2CO)c1,0,2178
CN(C)CC(=O)N[C@@H]1CC[C@H](CCNC(=O)C2CCC2)O[C@@H]1CO,0,2038
CN(C)CC(=O)N[C@@H]1CC[C@H](CCNC(=O)C2CCC2)O[C@H]1CO,0,2038
CN(C)CC(=O)N[C@H]1CC[C@H](CCNC(=O)C2CCC2)O[C@H]1CO,0,2038
CN(C)CC(=O)N[C@H]1CC[C@H](CCNC(=O)C2CCC2)O[C@@H]1CO,0,2038
O=C(C[C@@H]1CC[C@@H]2[C@H](COC[C@H](O)CN2S(=O)(=O)c2ccccc2)O1)NCCN1CCCCC1,0,2027
Cc1ccc(S(=O)(=O)N2C[C@H](O)COC[C@@H]3O[C@H](CC(=O)NCCN4CCCCC4)CC[C@H]32)cc1,0,2027
O=C(C[C@@H]1CC[C@@H]2[C@H](COC[C@@H](O)CN2S(=O)(=O)c2ccc(F)cc2)O1)NCCN1CCCCC1,0,2027
COc1ccc(S(=O)(=O)N2C[C@H](O)COC[C@@H]3O[C@H](CC(=O)NCCN4CCCCC4)CC[C@H]32)cc1,0,2027
O=C(C[C@@H]1CC[C@@H]2[C@H](COC[C@@H](O)CN2S(=O)(=O)c2ccc(Cl)cc2)O1)NCCN1CCCCC1,0,2027
COc1ccc(S(=O)(=O)N2C[C@@H](O)COC[C@@H]3O[C@H](CC(=O)NCCN4CCCCC4)CC[C@H]32)cc1,0,2027
O=C(C[C@@H]1CC[C@@H]2[C@H](COC[C@H](O)CN2S(=O)(=O)c2ccc(Cl)cc2)O1)NCCN1CCCCC1,0,2027
COc1ccc(-c2c(C)oc3ccc(Cl)cc23)cc1,0,2762
COc1ccc2c(-c3ccc(Cl)cc3)c(C)oc2c1,0,2762
CC(C)c1c(CN(C)C(C)Cc2ccccc2)n(C)n(-c2ccccc2)c1=O,0,546
O=C(C[C@@H]1CC[C@@H]2[C@H](COC[C@@H](O)CN2S(=O)(=O)c2ccc(Cl)cc2)O1)NCCN1CCCC1,0,3142
O=C(C[C@@H]1CC[C@@H]2[C@H](COC[C@H](O)CN2S(=O)(=O)c2ccccc2)O1)NCCN1CCCC1,0,3142
O=C(C[C@@H]1CC[C@@H]2[C@H](COC[C@H](O)CN2S(=O)(=O)c2ccc(Cl)cc2)O1)NCCN1CCCC1,0,3142
CC[C@H]1OC(=O)[C@H](C)[C@@H](O[C@H]2C[C@@](C)(OC)[C@@H](O)[C@H](C)O2)[C@H](C)[C@@H](O[C@@H]2O[C@H](C)C[C@H](N(C)C)[C@H]2O)[C@](C)(O)C[C@@H](C)CN(C)[C@H](C)[C@@H](O)[C@]1(C)O,1,173
C[C@@H](CO)N1C[C@@H](C)[C@@H](CN(C)C(=O)c2cccnc2)Oc2cc(C#CC3(O)CCCC3)ccc2S1(=O)=O,0,2101
C[C@H]1CN([C@H](C)CO)S(=O)(=O)c2ccc(C#CC3(O)CCCC3)cc2O[C@@H]1CN(C)C(=O)c1cccnc1,0,2101
Cc1ccc2nc(-c3ccc(NC(=O)C4CCC4)cc3)sc2c1,0,3343
CC(=O)NCc1nnnn1C1CCCCC1,0,2061
NCc1nnnn1C1CCCCC1,0,2061
O=C(O)c1cc(O)c2c(c1)[C@@H]([C@H]1c3cc(C(=O)O)cc(O)c3C(=O)c3c(O[C@H]4O[C@H](CO)[C@@H](O)[C@H](O)[C@H]4O)cccc31)c1cccc(O[C@H]3O[C@H](CO)[C@@H](O)[C@H](O)[C@H]3O)c1C2=O,0,1011
Cc1cccc(S(=O)(=O)N2C[C@@H](O)COC[C@@H]3O[C@H](CC(=O)NCc4ccncn4)CC[C@H]32)c1,0,2869
O=C(C[C@@H]1CC[C@@H]2[C@H](COC[C@H](O)CN2S(=O)(=O)c2cccc(Cl)c2)O1)NCc1ccncn1,0,2869
C[C@@H](CO)N1C[C@@H](C)[C@H](CN(C)C(=O)CCN2CCCCC2)Oc2ncc(C#CCN(C)C)cc2C1=O,0,3356
O=C1CCC[C@H]2[C@@H]3CCC[N+]4([O-])CCC[C@H](CN12)[C@H]34,0,855
COc1ccc(CN2CCNCC2)c(OC)c1OC.Cl.Cl,0,1119
CC(C)CCCC(C)C1CCC2C3CC[C@H]4CC(=O)CC[C@]4(C)C3CC[C@]12C,0,325
CC1=NN(c2ccc(C)c(C)c2)C(=O)/C1=N\Nc1cccc(-c2cccc(C(=O)O)c2)c1O,0,501
C[C@H]1[C@H](NC(=O)/C(=N/OC(C)(C)C(=O)O)c2csc(N)n2)C(=O)N1S(=O)(=O)O,1,175
COC(=O)C[C@@H]1C(=O)NCCN1C(=O)NS(=O)(=O)c1ccc(C)cc1,0,1210
COc1ccc(-c2csc(CCN)n2)cc1,0,1601
NCCc1nc(-c2ccccc2)cs1,0,1601
COc1ccc([Si](C)(C)[C@H]2[C@H](CC(=O)N3Cc4ccccc4C[C@H]3CO)O[C@@]3(C(=O)N(Cc4ccc(N5CCOC5=O)cc4)c4ccccc43)[C@@H]2C)cc1,0,2400
COc1ccc(N2C(=O)N3CCc4cc(OC)c(OC)cc4[C@@H]3[C@@H](Cc3ccccc3)[C@H]2COC(=O)NCCCCCC(=O)NO)cc1,0,2470
Nc1ncn([C@@H]2O[C@H](CO)[C@@H](O)[C@H]2O)c(=O)n1,0,167
Cl.O=C(Nc1ccccc1)OCC(CN1CCCCC1)OC(=O)Nc1ccccc1,1,473
O=C1N[C@H](Cc2c[nH]c3ccccc23)COC(=O)[C@@H](Cc2ccc(F)cc2)CC=CC[C@@H]1CC(=O)N(CCO)Cc1ccccc1,0,3336
C[C@H]1ON(c2ccc(C(=O)OC(C)(C)C)cc2)[C@@H](c2ccc(O)cc2)[C@@H]1C(=O)N1C(=O)OC[C@@H]1c1ccccc1,0,2168
CC[C@H](C)C(=O)O[C@H]1CCC=C2C=C[C@H](C)C(CCC3C[C@@H](O)CC(=O)O3)[C@H]21,0,766
OCc1cc(O)c2c(O)c3c(O)cccc3c(O[C@@H]3O[C@H](CO)[C@@H](O)[C@H](O)[C@H]3O)c2c1,0,1215
CNC(=O)c1cc(S(=O)(=O)N(C)C[C@@H]2Oc3ccc(NC(=O)Nc4ccc(C#N)cc4)cc3CC(=O)N([C@@H](C)CO)C[C@@H]2C)cs1,0,3002
CNC(=O)c1cc(S(=O)(=O)N(C)C[C@@H]2Oc3ccc(NC(=O)Nc4ccc(F)cc4)cc3CC(=O)N([C@@H](C)CO)C[C@@H]2C)cs1,0,3002
Clc1cccc(Cc2cn3cc(-c4ccccc4)nc3s2)c1,0,2282
Nc1c(C(=O)c2ccccc2)no[n+]1[O-],0,2489
C/C(=N\N)c1nnn(-c2nonc2N)c1C,0,1853
CCc1c(C(=O)OC)nnn1-c1nonc1N,0,1853
C=CCN1CCC23c4c5ccc(O)c4O[C@H]2C(=O)CC[C@@]3(O)[C@H]1C5.Cl,0,802
O=C(C[C@@H]1C=C[C@@H](NC(=O)c2cnccn2)[C@H](CO)O1)NCc1ccccc1F,0,3372
COc1cccc(S(=O)(=O)Nc2ccc3c(c2)[C@H]2C[C@H](CC(=O)N4CCCCC4)O[C@H](CO)[C@H]2O3)c1,0,2402
N[C@@H](C(=O)N[C@@H]1C(=O)N2C(C(=O)O)=C(Cl)CS[C@H]12)c1ccccc1,1,278
CC1=C(C(=O)O)N2C(=O)[C@@H](NC(=O)[C@@H](N)c3ccc(O)cc3)[C@H]2SC1,0,278
CC1=C(C(=O)O)N2C(=O)[C@@H](NC(=O)C(N)c3ccccc3)[C@H]2SC1,0,278
O=C(NCCN1CCOCC1)[C@@]1(CCS(=O)(=O)c2ccccc2)COC(c2ccc(OCCCO)cc2)=N1,0,3004
CO[C@H]1CN(C)C(=O)c2ccc(NS(C)(=O)=O)cc2OC[C@@H](C)N(C(=O)C2CCCCC2)C[C@@H]1C,0,1775
CO[C@H]1CN(C)C(=O)c2cc(NS(C)(=O)=O)ccc2OC[C@@H](C)N(C(=O)C2CCCCC2)C[C@H]1C,0,1775
CO[C@@H]1CN(C)C(=O)c2cc(NS(C)(=O)=O)ccc2OC[C@@H](C)N(C(=O)C2CCCCC2)C[C@@H]1C,0,1775
CO[C@H]1CN(C)C(=O)c2cc(NS(C)(=O)=O)ccc2OC[C@H](C)N(C(=O)C2CCCCC2)C[C@@H]1C,0,1775
CO[C@@H]1CN(C)C(=O)c2cc(NS(C)(=O)=O)ccc2OC[C@H](C)N(C(=O)C2CCCCC2)C[C@@H]1C,0,1775
COP(=O)(/N=C1/CC(CCCO)=C[C@H](c2ccc(CN3CCCC3)cc2)N1Cc1sc2ccccc2c1Cl)OC,0,1239
C[C@H]1C2C(CC3C4CC=C5C[C@@H](O)CC[C@]5(C)C4CC[C@@]32C)O[C@]12CC[C@@H](C)CO2,0,471
Cc1ccc(S(=O)(=O)N2C[C@@H](O)COC[C@@H]3O[C@H](CC(=O)N[C@H]4CCN(Cc5ccccc5)C4)CC[C@H]32)cc1,0,1696
O=C(C[C@@H]1CC[C@@H]2[C@H](COC[C@H](O)CN2S(=O)(=O)c2ccc(F)cc2)O1)N[C@H]1CCN(Cc2ccccc2)C1,0,1696
COc1ccc(S(=O)(=O)N2C[C@H](O)COC[C@@H]3O[C@H](CC(=O)N[C@H]4CCN(Cc5ccccc5)C4)CC[C@H]32)cc1,0,1696
O=C(C[C@@H]1CC[C@@H]2[C@H](COC[C@@H](O)CN2S(=O)(=O)c2ccc(F)cc2)O1)N[C@H]1CCN(Cc2ccccc2)C1,0,1696
O=C(C[C@@H]1CC[C@@H]2[C@H](COC[C@H](O)CN2S(=O)(=O)c2ccc(Cl)cc2)O1)N[C@H]1CCN(Cc2ccccc2)C1,0,1696
COc1ccc(C(=O)Nc2cccc(CN3C(=O)[C@@]4(O[C@@H](CC(=O)N5Cc6ccccc6C[C@H]5CO)[C@H]([Si](C)(C)c5ccc(OC)cc5)[C@H]4C)c4ccccc43)c2)cc1,0,2955
Fc1ccc(Oc2ccnc3cc(Cl)cc(Cl)c23)cc1,0,958
Cc1cc(Oc2ccnc3cc(Cl)ccc23)ccc1Cl,0,958
C=CCOC(=O)[C@@H]1[C@H]2C(=O)O[C@H](c3ccccc3)[C@H](c3ccccc3)N2[C@H](c2ccc(OCCOC(=O)[C@@H]3C[C@@H]4C(=O)NCC(=O)N4[C@@H]3c3cccc(OCCO)c3)cc2)[C@@]12C(=O)Nc1ccccc12,0,1925
C=CCOC(=O)[C@@H]1[C@H]2C(=O)O[C@H](c3ccccc3)[C@H](c3ccccc3)N2[C@H](c2ccc(OCCOC(=O)[C@@H]3C[C@@H]4C(=O)N[C@@H](CC(C)C)C(=O)N4[C@@H]3c3ccc(O)cc3)cc2)[C@@]12C(=O)Nc1ccc(I)cc12,0,1925
C=CCOC(=O)[C@@H]1[C@H]2C(=O)O[C@H](c3ccccc3)[C@H](c3ccccc3)N2[C@H](c2ccc(OCCOC(=O)[C@@H]3C[C@@H]4C(=O)NCC(=O)N4[C@@H]3c3ccc(O)cc3)cc2)[C@@]12C(=O)Nc1ccc(I)cc12,0,1925
O=C(CS)NCCCCCNC(=O)[C@@H]1C[C@@H]2C(=O)N[C@@H](Cc3ccccc3)C(=O)N2[C@@H]1c1ccc(O)cc1,0,2545
O=C(CS)NCCCCCCNC(=O)[C@@H]1C[C@@H]2C(=O)N[C@@H](Cc3ccccc3)C(=O)N2[C@@H]1c1ccc(O)cc1,0,2545
NCCCCCNC(=O)[C@@H]1C[C@@H]2C(=O)N[C@@H](Cc3ccccc3)C(=O)N2[C@@H]1c1cccc(OCCO)c1,0,2545
CN1C(=O)CC[C@H]1c1cccnc1,0,376
CN1C(=O)C[C@H](C(=O)O)[C@H]1c1cccnc1,0,376
CC[C@@H](Sc1n[nH]c(=O)[nH]c1=O)C(=O)O,0,1253
CC[C@@](C)(Nc1n[nH]c(=O)[nH]c1=O)C(=O)O,0,1253
CC(C)OC(=O)[C@@H](C)Nc1n[nH]c(=O)[nH]c1=O,0,1253
CC[C@@H](Nc1n[nH]c(=O)[nH]c1=O)C(=O)OC,0,1253
CCOC(=O)Cc1n[nH]c(=O)[nH]c1=O,0,1253
O=C(O)CCCNc1n[nH]c(=O)[nH]c1=O,0,1253
C=CCSc1n[nH]c(=O)[nH]c1=O,0,1253
O=C(O)CCSc1n[nH]c(=O)[nH]c1=O,0,1253
CCCCOC(=O)CSc1n[nH]c(=O)[nH]c1=O,0,1253
CC(C)Sc1n[nH]c(=O)[nH]c1=O,0,1253
COC(=O)CCCCCNc1n[nH]c(=O)[nH]c1=O,0,1253
O=c1[nH]nc(Br)c(=O)[nH]1,0,1253
CCOC(=O)CCc1n[nH]c(=O)[nH]c1=O,0,1253
CCOC(=O)CNc1n[nH]c(=O)[nH]c1=O,0,1253
CC(C)COC(=O)CNc1n[nH]c(=O)[nH]c1=O,0,1253
CN(C)c1n[nH]c(=O)[nH]c1=O,0,1253
N#CCSc1n[nH]c(=O)[nH]c1=O,0,1253
O=c1[nH]cc(/N=C/c2ccncc2)c(=O)[nH]1,0,3217
C[C@H](CC(=O)C1OC1(C)C)[C@H]1C(=O)C[C@@]2(C)C3=CCC4C(C)(C)[C@@H](O[C@@H]5OC[C@@H](O)[C@H](O)[C@H]5O)CC[C@@]45C[C@@]35[C@@H](O)C[C@]12C,0,333
O=C1C[C@]2(c3ccc([N+](=O)[O-])cc3)C(=O)N(CCN3CCOCC3)c3cc(CO)ccc3[C@H]2N1C1CCCCC1,0,2839
NC(=O)c1cc(S(=O)(=O)N2CCOCC2)ccc1F,0,2056
NCc1ccc(S(=O)(=O)N2CCOCC2)cc1,0,2056
O=C(O)CNC(=O)c1ccc(S(=O)(=O)N2CCOCC2)cc1,0,2056
CC(C(=O)O)c1ccc(N2Cc3ccccc3C2=O)cc1,0,654
CCC(c1ccc(O)cc1)C(CC)c1ccc(O)cc1,0,625
Cc1oncc1C(=O)Nc1ccc(C(F)(F)F)cc1,0,698
c1coc(-c2nc3ccccc3n2CCC2CCCCC2)c1,1,2275
O=C(CCCCCNC(=O)OC[C@]12N=C3SCc4ccccc4CN3[C@H](c3ccccc3O1)[C@H]2COC(=O)c1ccccc1)NO,0,2693
C[C@@H]1CC[C@H]2[C@@H](C)C(=O)O[C@@H]3O[C@]4(C)CC[C@@H]1[C@]32OO4,0,151
O=C(C[C@@H]1CC[C@H]2[C@@H](COC[C@H](O)CN2C(=O)Nc2ccc(Cl)c(Cl)c2)O1)NCc1ccncc1,0,3222
C=C1C[C@]23C[C@@]1(O)CC[C@H]2[C@@]12C=C[C@H](O)[C@@](C)(C(=O)O1)[C@H]2[C@@H]3C(=O)O,0,591
COC(=O)C1CCN(S(=O)(=O)c2c(C)n(C)c(=O)n(C)c2=O)CC1,0,1644
CCOC(=O)C1CCN(S(=O)(=O)c2c(C)n(C)c(=O)n(C)c2=O)CC1,0,1644
NCc1ccc(-c2nc3ccccc3o2)cc1,0,2650
c1ccc(-c2nc3ccccc3o2)cc1,0,2650
O=C1CCc2c(ccc3ccccc23)O1,0,2361
C[C@@H](CO)N1C[C@@H](C)[C@H](CN(C)C(=O)c2cnccn2)Oc2ncc(C#CCC3CCCC3)cc2C1=O,0,2835
O=C(CCCN1CCC(O)(c2ccc(Br)cc2)CC1)c1ccc(F)cc1,0,234
O=C(CCCN1CCC(O)(c2ccc(Cl)cc2)CC1)c1ccc(F)cc1,1,234
CI.O=C(COc1ccc(Cl)cc1Cl)OC[C@H]1CCCN2CCCC[C@@H]12,0,3725
CN(C)Cc1cn(CC[C@H]2CC[C@H](N)[C@@H](CO)O2)nn1,0,1622
CN(C)CC(=O)N[C@H]1CC[C@H](CCn2cc(CN(C)C)nn2)O[C@@H]1CO,0,1622
CN(C)CC(=O)N[C@@H]1CC[C@H](CCn2cc(CN(C)C)nn2)O[C@H]1CO,0,1622
CN(C)Cc1cn(CC[C@H]2CC[C@@H](N)[C@H](CO)O2)nn1,0,1622
COCCn1c(=NN)[nH]c2ccsc2c1=O,0,3280
CC(C)c1ccc(/C=C2\CSc3ccccc3C2=O)cc1,0,1878
CN1CCCN=C1/C=C/c1cccs1.O=C(O)c1cc2ccccc2c(Cc2c(O)c(C(=O)O)cc3ccccc23)c1O,0,944
C[C@]12C=CC(=O)C=C1CCC1C2CC[C@]2(C)C(=O)CCC12,0,128
COCCNC(=O)C[C@H]1CC[C@@H]2[C@H](COc3ccc(NC(=O)Nc4cccc(F)c4)cc3C(=O)N2C)O1,0,1727
O=C(/C=C/c1ccc(O)c(O)c1)O[C@@H]1O[C@H](CO)[C@@H](O)[C@H](O)[C@H]1O,0,3618
C[C@H]1COC(=O)[C@@H](Cc2ccc(F)cc2)CC=CC[C@@H](CC(=O)N(CCO)Cc2ccccc2)C(=O)N1,1,3139
Cc1cc(-c2ccccc2)nc(-c2ccccc2)c1C,0,3247
O=C(C[C@H]1CC[C@@H]2[C@H](COC[C@H](O)CN2S(=O)(=O)c2ccc(F)cc2)O1)NCCN1CCCCC1,0,1867
O=C(C[C@H]1CC[C@@H]2[C@H](COC[C@@H](O)CN2S(=O)(=O)c2ccc(F)cc2)O1)NCCN1CCCCC1,0,1867
COc1ccc(S(=O)(=O)N2C[C@@H](O)COC[C@@H]3O[C@@H](CC(=O)NCCN4CCCCC4)CC[C@H]32)cc1,0,1867
COc1ccc(S(=O)(=O)N2C[C@H](O)COC[C@@H]3O[C@@H](CC(=O)NCCN4CCCCC4)CC[C@H]32)cc1,0,1867
O=C(C[C@H]1CC[C@@H]2[C@H](COC[C@H](O)CN2S(=O)(=O)c2ccc(Cl)cc2)O1)NCCN1CCCCC1,0,1867
CNC(=O)Cn1cc2c(n1)CC[C@H](C)C2,0,1268
O=C(O)Cn1cc2c(n1)CCCC2,0,1268
CN1C(=O)/C(=C/c2cn(CC(=O)N3CCOCC3)c3ccccc23)C(=O)NC1=S,0,3558
O=C(Cc1ccncc1)NCC[C@@H]1CC[C@@H](NC(=O)C2CCOCC2)[C@@H](CO)O1,0,2569
O=C(Cc1ccncc1)NCC[C@@H]1CC[C@@H](NC(=O)C2CCOCC2)[C@H](CO)O1,0,2569
O=C(Cc1ccncc1)NCC[C@@H]1CC[C@H](NC(=O)C2CCOCC2)[C@H](CO)O1,0,2015
O=C(Cc1ccncc1)NCC[C@@H]1CC[C@H](NC(=O)C2CCOCC2)[C@@H](CO)O1,0,2015
COC(=O)c1c2oc(c1C(=O)OC)C(=O)N(C)Cc1cn(nn1)C[C@H](Cc1ccccc1)NC(=O)N[C@H](CO)CC2,0,2188
C=CCON1C(=O)[C@H]2[C@@H]3C=C[C@H](O3)[C@@H]2C1=O,0,1219
CC(C)N1C(=O)[C@H]2[C@@H]3C=C[C@H](O3)[C@@H]2C1=O,0,1219
O=C(CCCCCCC(=O)Nc1ccc([C@@H]2O[C@H](CSc3nc(-c4ccccc4)c(-c4ccccc4)o3)C[C@H](c3ccccc3)O2)cc1)NO,0,3429
OCCN1C[C@@H](O)[C@@H](O)C(O)C1CO,0,770
CC1CCCC(C)N1,0,770
CC(=O)CC1CCCCN1.Cl,0,770
CN1C(C)(C)CCCC1(C)C.O=C(O)C(O)C(O)C(=O)O,0,770
CN(C=O)CP(=O)(O)CN1CCCCC1,0,770
C=CCNC(=O)[C@H]1CCCN(S(C)(=O)=O)C1,0,770
C[C@H]1CCCN(S(=O)(=O)CCN)C1,0,770
CCNC(=S)N1CCC[C@H](C(N)=O)C1,0,770
OCCN1C[C@@H](O)[C@@H](O)[C@@H](O)[C@@H]1CO,0,770
CO/N=[N+](\[O-])N1CCC[C@H](C(N)=O)C1,0,770
CCCS(=O)(=O)N1CCC[C@H](C(=O)NC)C1,0,770
O=C(O)[C@H]1CCCNC1,0,770
CN(C)CCCNC(=O)C1CCNCC1,0,770
OC[C@H]1NC[C@H](O)[C@@H](O)[C@@H]1O,0,770
CCC(=O)N1CCC(C(=O)O)CC1,0,770
CS(=O)(=O)N1CCCCC1,0,770
O=C(O)[C@@H]1CCCNC1,0,770
CCN(CC)CCCNC(=O)C1CCNCC1,0,770
NCCN1CCC(C(=O)O)CC1,0,770
OC[C@H]1NC[C@@H](O)[C@@H](O)[C@@H]1O,0,770
N=C(CN1CCCCC1)NO,0,770
O=C(O)CSCC(=O)N1CCCCC1,0,770
O=C(O)[C@@H]1CCCCN1,0,770
O=C(C[C@@H]1CC[C@H](NC(=O)CN2CCOCC2)[C@@H](CO)O1)NC1CCC1,0,1802
O=C(C[C@@H]1CC[C@H](NC(=O)CN2CCOCC2)[C@H](CO)O1)NC1CCC1,0,1802
O=c1cn[nH]c(Nc2ccccc2)n1,0,2268
O=C(CN1CCOCC1)NCC[C@@H]1CC[C@H](NC(=O)Cc2ccccn2)[C@@H](CO)O1,0,2307
O=C(CN1CCOCC1)NCC[C@@H]1CC[C@H](NC(=O)Cc2ccccn2)[C@H](CO)O1,0,2307
Cc1ccc([C@@H]2O[C@H](CO)[C@@H](O)[C@H](O)[C@H]2O)cc1Cc1ccc(-c2ccc(F)cc2)s1,0,250
C[C@@H](CO)N1C[C@@H](C)[C@H](CN(C)C(=O)Cc2ccncc2)Oc2cc(C#CC3CCCC3)ccc2S1(=O)=O,1,3349
CN1CCN(C(=O)C[C@@H]2CC[C@@H]3[C@H](COC[C@@H](O)CN3Cc3ccc4c(c3)OCO4)O2)CC1,0,1822
CN1CCN(C(=O)C[C@@H]2CC[C@@H]3[C@H](COC[C@H](O)CN3Cc3ccc4c(c3)OCO4)O2)CC1,0,1822
Cc1[nH]c(=O)[nH]c(=O)c1S(=O)(=O)N1CCC(C(=O)N[C@H](C)c2ccccc2)CC1,0,1374
CCC[C@H](NC(=O)[C@@H]1[C@H]2CCC[C@H]2CN1C(=O)[C@@H](NC(=O)[C@@H](NC(=O)c1cnccn1)C1CCCCC1)C(C)(C)C)C(=O)C(=O)NC1CC1,0,3251
C=C1C/C=C(\C)CC[C@@H]2[C@@H]1CC2(C)C,0,274
CNC(=O)C[C@H]1CC[C@H]2[C@@H](COC[C@@H](O)CN2C(=O)c2ccccn2)O1,0,1629
c1ccc(-c2nc3ccccc3o2)nc1,0,2791
COCCOC(=O)N1C(=O)[C@@]2(c3ccccc31)[C@H](C(=O)Nc1nc3ccccc3s1)[C@H]1C(=O)O[C@H](c3ccccc3)[C@H](c3ccccc3)N1[C@@H]2c1ccccc1OCCO,0,2537
NC(=O)NCC#Cc1ccc2c(c1)[C@]1(C(=O)N2)[C@H](C(=O)Nc2nc3ccccc3s2)[C@H]2C(=O)O[C@H](c3ccccc3)[C@H](c3ccccc3)N2[C@@H]1c1ccccc1OCCO,0,2537
O=C1O[C@H](c2ccccc2)[C@H](c2ccccc2)N2[C@H]1[C@@H](C(=O)Nc1nc3ccccc3s1)[C@]1(C(=O)Nc3ccc(C#CCCO)cc31)[C@H]2c1ccc(OCCO)cc1,1,2537
COCCOC(=O)N1C(=O)[C@@]2(c3cc(C#CCC(C(=O)OC)C(=O)OC)ccc31)[C@H](C(=O)Nc1nc3ccccc3s1)[C@H]1C(=O)O[C@H](c3ccccc3)[C@H](c3ccccc3)N1[C@@H]2c1ccccc1OCCO,0,2537
CCOc1ccc(/C=C/C(=O)Sc2ccc(Cl)cc2)cc1,0,2117
COc1ccc(COC[C@]23N=C4SCc5ccccc5CN4[C@H](c4ccccc4O2)[C@H]3COC(=O)NCCCCCC(=O)NO)cc1,0,2788
CN1C(=O)[C@@H]2[C@@H]3C[C@H]4[C@@H](O[C@H]1[C@@H]24)[C@H]3O,0,1329
O=C(NCc1nc2ccccc2[nH]1)C1=C[C@@H](c2ccc(Br)cc2)C[C@@H](OCc2ccc(CO)cc2)O1,0,3373
COC1=CC(C)[C@@H]2C[C@H]3OC(=O)C[C@H]4C(C)=C(OC)C(=O)C([C@@]2(C)C1=O)[C@@]34C,0,953
C=CCC[C@@H](Cc1ccc(F)cc1)C(=O)OC[C@@H](NC(=O)[C@@H](CC=C)CC(=O)N(CCO)Cc1ccccc1)C(C)(C)C,0,3239
C=CC[C@@H](CC(=O)N(CCO)Cc1ccccc1)C(=O)N[C@H](COC(=O)[C@@H](CC=C)Cc1ccc(F)cc1)C(C)(C)C,1,3239
C=CC[C@@H](Cc1ccc(F)cc1)C(=O)OC[C@@H](NC(=O)[C@H](CC=C)CC(=O)N(CCO)Cc1ccccc1)C(C)(C)C,0,3239
C=CCC[C@H](Cc1ccc(F)cc1)C(=O)OC[C@@H](NC(=O)[C@@H](CC=C)CC(=O)N(CCO)Cc1ccccc1)C(C)(C)C,0,3239
CC[N+](CC)(CC(=O)Nc1c(C)cccc1C)Cc1ccccc1.O=C([O-])c1ccccc1,0,426
O=C(C[C@H]1CC[C@@H](NS(=O)(=O)c2ccc(F)cc2)[C@H](CO)O1)NCc1ccc(Cl)c(Cl)c1,0,2435
O=C(C[C@H]1CC[C@@H](NS(=O)(=O)c2ccc(F)cc2)[C@@H](CO)O1)NCc1ccc(Cl)c(Cl)c1,0,2435
Cc1ccc(S(=O)(=O)N[C@@H]2CC[C@H](CC(=O)NCc3ccc(Cl)c(Cl)c3)O[C@@H]2CO)cc1,1,2435
Cc1ccc(S(=O)(=O)N[C@@H]2CC[C@H](CC(=O)NCc3ccc(Cl)c(Cl)c3)O[C@H]2CO)cc1,0,2435
Cn1cnc(S(=O)(=O)N[C@@H]2C=C[C@@H](CC(=O)NCC3CC3)O[C@@H]2CO)c1,0,3172
Cn1cnc(S(=O)(=O)N[C@@H]2C=C[C@@H](CC(=O)NCC3CC3)O[C@H]2CO)c1,0,3172
C=CCOC(=O)[C@H]1[C@@H]2C(=O)O[C@@H](c3ccccc3)[C@@H](c3ccccc3)N2[C@@H](c2ccc(OCCOC(=O)NCCCCCC(=O)NO)cc2)[C@@]12C(=O)Nc1ccc(I)cc12,0,2591
C=CCOC(=O)[C@H]1[C@@H]2C(=O)O[C@@H](c3ccccc3)[C@@H](c3ccccc3)N2[C@@H](c2ccc(OCCOC(=O)NCCCCCC(=O)NO)cc2)[C@@]12C(=O)Nc1ccccc12,0,2591
C[C@@H](O)[C@@H](O)[C@H]1CNc2[nH]c(N)nc(=O)c2N1,0,1404
Oc1cc(O)c2c(c1)O[C@H](c1cc(O)c(O)c(O)c1)[C@H](O)[C@H]2c1c(O)cc(O)c2c1O[C@H](c1cc(O)c(O)c(O)c1)[C@H](O)[C@H]2c1c(O)cc(O)c2c1O[C@H](c1cc(O)c(O)c(O)c1)[C@H](O)C2,0,676
Cc1ccccc1C(=O)Nc1ccc(C(=O)N2CCC[C@@H](O)c3cc(Cl)ccc32)c(C)c1,0,1102
C[C@@H](CO)N1C[C@@H](C)[C@H](CN(C)S(=O)(=O)c2ccc3ncsc3c2)Oc2c(NC(=O)Nc3cccc4ccccc34)cccc2C1=O,0,2077
CC1(C)C2CC[C@]3(C)C(C(=O)C=C4[C@@H]5C[C@@](C)(C(=O)[O-])CC[C@]5(C)CC[C@]43C)[C@@]2(C)CC[C@@H]1OC(=O)CCC(=O)[O-].[Na+].[Na+],0,265
CC1(C)C2CC[C@]3(C)C(C(=O)C=C4[C@@H]5C[C@@](C)(C(=O)O)CC[C@]5(C)CC[C@]43C)[C@@]2(C)CC[C@@H]1O,0,265
C[C@H]1CN([C@H](C)CO)S(=O)(=O)c2ccc(-c3ccncc3)cc2O[C@@H]1CN(C)S(=O)(=O)c1ccccc1F,0,1904
CC(=O)N[C@@H]1[C@@H](NC(=N)N)C=C(C(=O)O)O[C@H]1[C@H](O)[C@H](O)CO,0,1163
CCO[C@H]1OC(C(N)=O)=C[C@@H](C)[C@@H]1CCCO,0,1163
C=C[C@H]1CN2CC[C@H]1C[C@H]2[C@H](O)c1ccnc2ccccc12,0,335
Nc1nc(-c2ccccc2)cc[n+]1[O-],0,1565
CN1CCN(C(=O)CNS(=O)(=O)c2ccccc2)CC1,0,3571
COc1cccc(NC(=O)N[C@@H]2CC[C@H](CC(=O)N3CCOCC3)O[C@@H]2CO)c1,0,2527
O=C(C[C@@H]1C[C@H]2c3cc(NC(=O)c4ccc5c(c4)OCO5)ccc3O[C@H]2[C@H](CO)O1)NCCc1ccccc1,0,3223
C=CC[C@@H](CC(=O)N[C@H](CO)Cc1ccccc1)C(=O)N[C@H](COC(=O)[C@@H](CC=C)Cc1ccc(F)cc1)Cc1c[nH]c2ccccc12,0,3061
C=CC[C@@H](Cc1ccc(F)cc1)C(=O)OC[C@H](Cc1c[nH]c2ccccc12)NC(=O)[C@H](CC=C)CC(=O)N[C@@H](CO)Cc1ccccc1,0,3061
C=CCC[C@H](Cc1ccc(F)cc1)C(=O)OC[C@H](Cc1c[nH]c2ccccc12)NC(=O)[C@@H](CC=C)CC(=O)N[C@H](CO)Cc1ccccc1,0,3061
COc1cccc(NC(=O)N[C@@H]2CC[C@@H](CC(=O)N3CCOCC3)O[C@@H]2CO)c1,0,3157
COc1cccc(NC(=O)N[C@@H]2CC[C@@H](CC(=O)N3CCOCC3)O[C@H]2CO)c1,0,3157
COc1c2c(cc3c1OCO3)CC[N+](C)=C2.[Cl-],0,375
CCCNC(=O)COc1cccc([C@@H](CCc2ccc(OC)c(OC)c2)OC(=O)[C@@H]2CCCCN2C(=O)C(=O)C(C)(C)CC)c1,0,3554
C=CCC[C@@H](Cc1ccc(F)cc1)C(=O)OC[C@@H](Cc1c[nH]c2ccccc12)NC(=O)[C@H](CC=C)CC(=O)N[C@@H](CO)Cc1ccccc1,0,1839
C[C@]12CC(=O)C3C(CCC4=CC(=O)C=C[C@@]43C)C1CC[C@]2(O)C(=O)CO,0,927
O=C(O)[C@H]1CCCN1C(=O)c1cccnc1,0,1336
O=C(C[C@H]1C=C[C@@H](NC(=O)C2CC2)[C@@H](CO)O1)NCCCN1CCOCC1,0,2055
O=C(C[C@H]1C=C[C@@H](NC(=O)C2CC2)[C@H](CO)O1)NCCCN1CCOCC1,0,2055
Cc1ccc(S(=O)(=O)NC(=O)NN2CC3CCCC3C2)cc1,0,595
COC1=CC(=O)C(O)=C/C1=C\C=C\c1ccccc1,0,834
COC(=O)c1c2oc(c1C(=O)OC)C(=O)N[C@H](Cc1ccccc1)Cn1cc(nn1)[C@H](Cc1ccccc1)NC(=O)N[C@@H](COC(=O)NCCCCCC(=O)NO)CCc1oc(c(C(=O)OC)c1C(=O)OC)C(=O)N[C@H](Cc1ccccc1)Cn1cc(nn1)[C@H](Cc1ccccc1)NC(=O)N[C@@H](COC(=O)NCCCCCC(=O)NO)CC2,0,2512
O=c1[nH]c2cc(Cl)ccc2o1,1,322
CN(C)C(=O)Cn1c(=O)oc2ccccc21,0,322
CC[C@@H](N)Cn1c(=O)oc2ccccc21,0,322
O=C(O)Cn1c(=O)oc2ccccc21,0,322
CN1CCC(OC(c2ccccc2)c2ccccc2)CC1.Cl,0,474
Cn1cnc(S(=O)(=O)N[C@H]2CC[C@H](CC(=O)Nc3ccccc3)O[C@@H]2CO)c1,0,2601
Cn1cnc(S(=O)(=O)N[C@H]2CC[C@H](CC(=O)Nc3ccccc3)O[C@H]2CO)c1,0,2601
Cc1ccccc1S(=O)(=O)N1C[C@@H](O)COC[C@@H]2O[C@@H](CC(=O)NCCc3ccccc3)CC[C@H]21,0,3240
COc1ccccc1CNC(=O)C[C@@H]1C[C@H]2c3cc(NC(=O)Nc4ccc(C(F)(F)F)cc4)ccc3O[C@H]2[C@H](CO)O1,0,3397
O=C1C=CC(=O)c2c(O)cccc21,0,672
CC(C)=CCC1=C(O)C(=O)c2ccccc2C1=O,0,672
COC1=C(CC=C(C)C)C(=O)c2ccccc2C1=O,0,672
O=C1C=C(O)C(=O)c2ccccc21,0,672
COC1=CC(=O)c2ccccc2C1=O,1,672
CC1=CC(=O)c2ccccc2C1=O,1,672
CC(C)=CCC/C(C)=C\CC1=C(C)C(=O)c2ccccc2C1=O,0,672
CC1=C(C/C=C(\C)CCC[C@H](C)CCC[C@H](C)CCCC(C)C)C(=O)c2ccccc2C1=O,0,672
CC1=CC(=O)c2c(O)cccc2C1=O,1,672
CC(C)=CCC/C(C)=C/CC1=C(C)C(=O)c2ccccc2C1=O,0,672
C=CCNC(=O)C(=O)NC[C@H]1OCCCN1S(=O)(=O)c1ccccc1,0,1518
O=C(C[C@@H]1C=C[C@@H](NC(=O)c2cccnc2)[C@H](CO)O1)NCc1ccncn1,0,1715
O=C(C[C@@H]1C=C[C@@H](NC(=O)c2cccnc2)[C@@H](CO)O1)NCc1ccncn1,0,1715
Cc1ccc(Nc2c(-c3ccccc3)nc3ccccn23)cc1,0,3410
CCn1c(=O)cc(N2CCC(C)CC2)[nH]c1=O,0,2686
C=CCN1C(=O)[C@@]2(O[C@@H](CCO)[C@H]([Si](C)(C)F)[C@H]2C)c2cc(N3C(=O)c4cccc5cccc3c45)ccc21,0,2952
CO[C@@H](CN(C)C(=O)c1ccc2c(c1)OCO2)[C@H](C)CN([C@@H](C)CO)S(=O)(=O)c1ccc(F)cc1,0,2205
CO[C@@H](CN(C)C(=O)c1ccc2c(c1)OCO2)[C@H](C)CN([C@@H](C)CO)S(=O)(=O)c1ccc(C)cc1,0,2205
CO[C@H](CN(C)C(=O)c1ccc2c(c1)OCO2)[C@@H](C)CN([C@H](C)CO)S(=O)(=O)c1ccc(F)cc1,0,2205
CO[C@@H](CN(C)C(=O)c1ccc2c(c1)OCO2)[C@H](C)CN([C@@H](C)CO)S(=O)(=O)c1ccc(Cl)cc1,0,2205
CO[C@H](CN(C)C(=O)c1ccc2c(c1)OCO2)[C@@H](C)CN([C@@H](C)CO)S(=O)(=O)c1ccc(C)cc1,0,2205
CO[C@@H](CN(C)C(=O)c1ccc2c(c1)OCO2)[C@@H](C)CN([C@H](C)CO)S(=O)(=O)c1ccc(Cl)cc1,0,2205
CO[C@H](CN(C)C(=O)c1ccc2c(c1)OCO2)[C@@H](C)CN([C@H](C)CO)S(=O)(=O)c1ccc(C)cc1,0,2205
CO[C@H](CN(C)C(=O)c1ccc2c(c1)OCO2)[C@H](C)CN([C@H](C)CO)S(=O)(=O)c1ccc(F)cc1,0,2205
CO[C@H](CN(C)C(=O)c1ccc2c(c1)OCO2)[C@H](C)CN([C@H](C)CO)S(=O)(=O)c1ccc(C)cc1,0,2205
CO[C@@H](CN(C)C(=O)c1ccc2c(c1)OCO2)[C@@H](C)CN([C@H](C)CO)S(=O)(=O)c1ccc(F)cc1,1,2205
COCC(=O)Nc1ccc2c(c1)C(=O)N(C)C[C@H](OC)[C@@H](C)CN(Cc1ccccc1F)[C@@H](C)CO2,0,1602
COCC(=O)Nc1ccc2c(c1)OC[C@H](C)N(Cc1ccccc1OC)C[C@@H](C)[C@H](OC)CN(C)C2=O,0,1602
COCC(=O)Nc1ccc2c(c1)C(=O)N(C)C[C@@H](OC)[C@@H](C)CN(Cc1ccccc1OC)[C@@H](C)CO2,0,1602
COCC(=O)Nc1ccc2c(c1)C(=O)N(C)C[C@@H](OC)[C@H](C)CN(Cc1ccccc1OC)[C@@H](C)CO2,0,1602
COCC(=O)Nc1ccc2c(c1)C(=O)N(C)C[C@H](OC)[C@@H](C)CN(Cc1ccccc1F)[C@H](C)CO2,0,1602
COCC(=O)Nc1ccc2c(c1)C(=O)N(C)C[C@H](OC)[C@H](C)CN(Cc1ccccc1F)[C@@H](C)CO2,0,1602
COCC(=O)Nc1ccc2c(c1)C(=O)N(C)C[C@@H](OC)[C@@H](C)CN(Cc1cccc(F)c1)[C@@H](C)CO2,0,1602
COCC(=O)Nc1ccc2c(c1)OC[C@H](C)N(Cc1cccc(F)c1)C[C@@H](C)[C@@H](OC)CN(C)C2=O,0,1602
COCC(=O)Nc1ccc2c(c1)OC[C@H](C)N(Cc1ccccc1F)C[C@H](C)[C@@H](OC)CN(C)C2=O,0,1602
COCC(=O)Nc1ccc2c(c1)C(=O)N(C)C[C@H](OC)[C@H](C)CN(Cc1cccc(F)c1)[C@@H](C)CO2,0,1602
COCC(=O)Nc1ccc2c(c1)OC[C@@H](C)N(Cc1ccccc1OC)C[C@H](C)[C@H](OC)CN(C)C2=O,0,1602
COCC(=O)Nc1ccc2c(c1)C(=O)N(C)C[C@H](OC)[C@@H](C)CN(Cc1cccc(F)c1)[C@H](C)CO2,0,1602
COCC(=O)Nc1ccc2c(c1)OC[C@@H](C)N(Cc1ccccc1F)C[C@H](C)[C@H](OC)CN(C)C2=O,0,1602
COCC(=O)Nc1ccc2c(c1)C(=O)N(C)C[C@H](OC)[C@H](C)CN(Cc1cccc(F)c1)[C@H](C)CO2,0,1602
COCC(=O)Nc1ccc2c(c1)OC[C@H](C)N(Cc1ccccc1OC)C[C@@H](C)[C@@H](OC)CN(C)C2=O,0,1602
COCC(=O)Nc1ccc2c(c1)OC[C@@H](C)N(Cc1cccc(F)c1)C[C@@H](C)[C@@H](OC)CN(C)C2=O,0,1602
O=c1cccc2n1C[C@@H]1C[C@H]2CN(CCO)C1,0,1280
C[C@@H](O)CN1C[C@@H]2C[C@H](C1)Cn1c2cccc1=O,0,1280
O=S1(=O)C[C@H](O)[C@@H](NCc2cccnc2)C1,0,1467
CC(C)c1c(C(=O)Nc2ccccc2)c(-c2ccccc2)c(-c2ccc(F)cc2)n1CC[C@@H](O)C[C@@H](O)CC(=O)[O-].[Ca+2],0,159
COC(=O)Nc1nc2cc(C(=O)c3cccs3)ccc2[nH]1,0,825
COc1ccc(NC(=O)O[C@H]2[C@H](OC(=O)Nc3ccccc3-c3ccccc3)[C@H](OC(=O)Nc3ccccc3-c3ccccc3)[C@@H](OC)O[C@@H]2COC(=O)NCCCCCC(=O)NO)cc1,0,3085
CN1CCN(Cc2ccc[nH]2)CC1,0,2911
COc1cc(/C=C/C(=O)/C=C(O)/C=C/c2ccc(O)c(OC)c2)ccc1O,0,382
O=C(/C=C(O)/C=C/c1ccc(O)c(O)c1)/C=C/c1ccc(O)c(O)c1,0,382
CC(=O)O[C@H]1[C@H](Oc2cc(O)cc(O)c2C(=O)c2cc(O)cc(O)c2)O[C@H](CO)[C@@H](OC(=O)c2ccccc2)[C@@H]1O,0,1620
O=C(C[C@@H]1CC[C@@H](NS(=O)(=O)c2ccccc2F)[C@@H](CO)O1)NCCCN1CCOCC1,0,3195
O=C(C[C@@H]1CC[C@@H](NS(=O)(=O)c2ccccc2F)[C@H](CO)O1)NCCCN1CCOCC1,0,3195
C[C@H]1C[C@H]2N[C@@H]3C(=O)NC(=O)N[C@H]3N(C[C@H](O)[C@H](O)[C@H](O)CO)[C@@H]2C[C@@H]1C,0,1447
CNC(=O)Oc1ccc2c(c1)[C@]1(C)CCN(C)[C@@H]1N2C.O=C(O)c1ccccc1O,0,892
O=CN1CCN(C(=O)c2ccccc2)CC1,0,1992
CN1CCN(C(=O)c2ccc(N)cc2)CC1,0,1992
O=C(c1ccccc1F)N1CCNCC1,0,1992
COc1ccccc1C(=O)N1CCNCC1,0,1992
O=C(C[C@@H]1CC[C@H]2[C@@H](COC[C@@H](O)CN2C(=O)Nc2cc(Cl)cc(Cl)c2)O1)N1CCOCC1,0,3185
C[C@H]1CN([C@H](C)CO)S(=O)(=O)c2ccc(C#CC3CCCC3)cc2O[C@@H]1CN(C)C(=O)Cc1ccncc1,0,1638
C[C@H]1CN([C@@H](C)CO)S(=O)(=O)c2ccc(C#CC3(O)CCCC3)cc2O[C@@H]1CN(C)C(=O)Cc1ccncc1,0,1638
C[C@H]1CN([C@H](C)CO)S(=O)(=O)c2ccc(C#CC3(O)CCCC3)cc2O[C@@H]1CN(C)C(=O)Cc1ccncc1,0,1638
COCCOC(=O)N1C(=O)[C@@]2(c3ccccc31)[C@H](c1ccc(OCCO)cc1)N1[C@H](c3ccccc3)[C@H](c3ccccc3)OC(=O)[C@H]1[C@@H]2C(=O)Nc1nc2ccccc2s1,0,2577
COCCOC(=O)N1C(=O)[C@@]2(c3cc(C#CCC(C(=O)OC)C(=O)OC)ccc31)[C@H](c1ccccc1OCCO)N1[C@H](c3ccccc3)[C@H](c3ccccc3)OC(=O)[C@H]1[C@@H]2C(=O)Nc1nc2ccccc2s1,0,2577
O=C1O[C@@H](c2ccccc2)[C@@H](c2ccccc2)N2[C@@H](c3ccc(OCCO)cc3)[C@]3(C(=O)Nc4ccccc43)[C@@H](C(=O)Nc3nc4ccccc4s3)[C@H]12,0,2577
COC(=O)C(CC#Cc1ccc2c(c1)[C@]1(C(=O)N2)[C@H](c2ccccc2OCCO)N2[C@H](c3ccccc3)[C@H](c3ccccc3)OC(=O)[C@H]2[C@@H]1C(=O)Nc1nc2ccccc2s1)C(=O)OC,0,2577
N=c1cc(N2CCCCC2)nc(N)n1OS(=O)(=O)O,0,3668
O=C(NCCCN1CCOCC1)C(=O)NC1CC1,0,2496
O=C1O[C@H](c2ccccc2)[C@H](c2ccccc2)N2[C@H]1[C@@H](C(=O)N1CCCCCCC1)[C@]1(C(=O)Nc3ccc(C#CC4(O)CCCCCC4)cc31)[C@H]2c1ccc(O)cc1,0,2530
COCCOC(=O)N1C(=O)[C@@]2(c3cc(C#CC4(O)CCCCCC4)ccc31)[C@H](C(=O)N1CCCCCCC1)[C@H]1C(=O)O[C@H](c3ccccc3)[C@H](c3ccccc3)N1[C@@H]2c1ccc(OCCO)cc1,0,2530
CC[C@@H]1/C=C2/C(=O)OC(=O)C2CC2=C(C(=O)OC2=O)[C@@H](O)[C@@H]1CC,0,594
CC[C@@H]1/C=C2/C(=O)OC(=O)C2CC2=C(C(=O)OC2=O)[C@@H](OC(C)=O)[C@@H]1CC,0,594
O=C(C[C@@H]1C[C@@H]2c3cc(NC(=O)c4ccc5c(c4)OCO5)ccc3O[C@@H]2[C@@H](CO)O1)NCc1ccccn1,0,3662
CN(C/C=C/c1ccccc1)Cc1cccc2ccccc12.Cl,0,799
CC(=O)N[C@@H]1[C@@H](Oc2ccc(C(C)=O)cc2)O[C@H](CO)[C@H](O)[C@@H]1O,0,1319
COC(=O)C(c1ccccc1)C1CCCCN1.Cl,0,761
CS(=O)(=O)O.CSc1ccc2c(c1)C(N1CCN(C)CC1)Cc1ccccc1S2,1,763
CCO[C@@H]1OC(C(=O)N2CCN(Cc3ccc4c(c3)OCO4)CC2)=C[C@H](c2ccc3c(c2)OCO3)[C@H]1CCCO,0,3588
O=C(C1=C[C@H](c2ccc3c(c2)OCO3)C[C@H](OCCCCO)O1)N1CCN(Cc2ccc3c(c2)OCO3)CC1,0,3588
COc1cccc(-c2ccc3c(c2)O[C@H](CN(C)Cc2cncnc2)[C@@H](C)CN([C@H](C)CO)S3(=O)=O)c1,0,2945
Cn1c(=O)oc2cc(S(=O)(=O)N3CCC[C@H](C(=O)NN4CCOCC4)C3)ccc21,0,1258
COc1ccc(C(=O)Nc2ccc(CN3C(=O)[C@]4(O[C@H](CC(=O)N5Cc6ccccc6C[C@H]5CO)[C@@H]([Si](C)(C)c5ccc(OC)cc5)[C@@H]4C)c4ccccc43)cc2)cc1,0,2536
Cc1oc2ccccc2c1-c1csc(-c2ccccc2)n1,0,2032
C[C@H]1CN([C@H](C)CO)C(=O)c2cc(NS(=O)(=O)c3ccc(Cl)cc3)ccc2O[C@H](C)CCCCO[C@H]1CN(C)Cc1ccc2c(c1)OCO2,0,2391
C[C@@H]1CCCCO[C@@H](CN(C)Cc2ccc3c(c2)OCO3)[C@H](C)CN([C@H](C)CO)C(=O)c2cc(NS(=O)(=O)c3ccc(Cl)cc3)ccc2O1,0,2391
NC(=NC(=O)N1CCOCC1)c1ccccc1,1,3557
COc1ccccc1N1CCN(CC(O)COc2cccc3ccccc23)CC1,0,800
O=C(CN1CCOCC1)NCC[C@H]1CC[C@H](NC(=O)Nc2ccccc2)[C@@H](CO)O1,0,1595
COc1ccc(NC(=O)N[C@H]2CC[C@H](CCNC(=O)CN3CCOCC3)O[C@@H]2CO)cc1,0,1595
COc1ccc(NC(=O)N[C@H]2CC[C@H](CCNC(=O)CN3CCOCC3)O[C@H]2CO)cc1,0,1595
O=C(CN1CCOCC1)NCC[C@H]1CC[C@H](NC(=O)Nc2ccccc2)[C@H](CO)O1,0,1595
CC[C@@H]1C(=O)OC[C@@H]1Cc1cncn1C.O=[N+]([O-])O,0,897
O=c1oc2ccccc2c(O)c1Cc1c(O)c2ccccc2oc1=O,0,443
NS(=O)(=O)c1ccc(NC(=O)[C@H]2CCCNC2=O)cc1,0,1387
CC1(C)[C@@H]2CC[C@]1(C)C(=O)C2,0,249
O=C(N[C@@H]1CC[C@H](CC(=O)N2CCOCC2)O[C@@H]1CO)c1ccccn1,0,1623
O=C(N[C@@H]1CC[C@H](CC(=O)N2CCOCC2)O[C@H]1CO)c1ccccn1,0,1623
O=C(Cn1c(=O)n(-c2ccccc2)c(=O)n1CC(=O)N1CCOCC1)N1CCOCC1,0,2995
C=C1CC/C=C(/C)CC[C@@H]2[C@@H]1CC2(C)C.O,0,2
C=c1ccc(S(=O)(=O)NC[C@@H](C)O)cc1=C1NN=C2c3ccccc3C(C)=NN21,0,1446
O=C1c2ccccc2[C@](Cc2ccccc2I)(C(=O)NCc2ccccc2)[C@H](c2ccc(CO)cc2)N1Cc1ccccc1C(F)(F)F,0,1910
O=S1(=O)COC2(CNC2)CN1,0,3541
Cc1cc(O)c(C=O)c2c1C(=O)Oc1c(COC(=O)/C=C/C(=O)O)c(O)c(C(=O)O)c(C)c1O2,0,575
COC(=O)c1c(OC)cc2c(c1C)Oc1c(Cl)c(O)c(Cl)c(C)c1C(=O)O2,0,575
COC(=O)c1c(C)c2c(c(C)c1O)OC(=O)c1c(C)c(Cl)c(O)c(Cl)c1O2,0,575
COC(=O)c1c(C)c2c(c(C)c1OC)OC(=O)c1c(C)c(Cl)c(OC)c(Cl)c1O2,0,575
CCCCCc1c2c(cc(O)c1C(=O)O)OC(=O)c1c(cc(OC)cc1C(=O)CCCC)O2,0,575
O=C(N[C@H]1CC[C@H](CCNS(=O)(=O)c2ccc(F)cc2)O[C@@H]1CO)C1CC1,0,2436
O=C(N[C@H]1CC[C@H](CCNS(=O)(=O)c2ccc(F)cc2)O[C@H]1CO)C1CC1,0,2436
C[C@H]1CN([C@H](C)CO)C(=O)CCCn2nncc2CO[C@@H]1CN(C)C(=O)Nc1ccccc1C(F)(F)F,0,2157
Cc1nnc(Nc2cccc([C@H]3CCCN(C(=O)CN)C3)n2)s1,0,1390
O=c1[nH]c2ccccc2n1CCCN1CCC(n2c(=O)[nH]c3cc(Cl)ccc32)CC1,0,478
O=S1(=O)CO[C@@H](c2ccccc2)CN1,0,3255
Clc1ccc(Sc2ccc(-c3ccccn3)s2)cc1,0,2130
O=P(/N=C1/CC(CCCO)=C[C@H](c2ccc(CN3CCCC3)cc2)N1Cc1cccc(OC(F)(F)F)c1)(Oc1ccccc1)Oc1ccccc1,0,1452
COc1ccc(-c2cnc3c(c2)C(=O)N([C@@H](C)CO)C[C@H](C)[C@H](CN(C)C(=O)C2CCOCC2)O3)cc1,0,3277
CN(C)C(=O)C[C@H]1C=C[C@@H](NC(=O)C2CCOCC2)[C@H](CO)O1,0,2200
CCNC(=O)C[C@@H]1C=C[C@@H](NC(=O)C2CCOCC2)[C@H](CO)O1,0,2200
CCNC(=O)C[C@@H]1C=C[C@@H](NC(=O)C2CCOCC2)[C@@H](CO)O1,0,2200
CCNC(=O)C[C@H]1C=C[C@@H](NC(=O)C2CCOCC2)[C@H](CO)O1,0,2200
Cn1c(CC#N)n[nH]c1=S,0,3005
O=C(N[C@@H]1CC[C@H](CCn2cc(C3(O)CCCC3)nn2)O[C@@H]1CO)C1CCOCC1,0,2915
O=C(NC[C@@H](O)CO)[C@]1(Cc2ccccc2)N=C(c2ccc(OCCCO)cc2)O[C@@H]1c1ccccc1,1,1485
[N-]=[N+]=Nc1ccccc1[C@H]1OC(c2ccc(OCCCO)cc2)=N[C@@]1(Cc1ccccc1)C(=O)NC[C@@H](O)CO,0,1485
COCCCNC(=O)[C@]1(Cc2ccccc2N=[N+]=[N-])N=C(c2ccc(OCCCO)cc2)O[C@@H]1c1ccccc1,1,1485
COCCCNC(=O)[C@]1(Cc2ccccc2N=[N+]=[N-])N=C(c2ccc(OCCCO)cc2)O[C@@H]1c1ccccc1N=[N+]=[N-],0,1485
COC(=O)[C@]1(Cc2ccccc2N=[N+]=[N-])N=C(c2ccc(OCCCO)cc2)O[C@@H]1c1ccccc1N=[N+]=[N-],0,1485
COC(=O)[C@]1(Cc2ccccc2N=[N+]=[N-])N=C(c2ccc(OCCCO)cc2)O[C@@H]1c1ccccc1CN=[N+]=[N-],0,1485
COC(=O)[C@]1(Cc2ccccc2CN=[N+]=[N-])N=C(c2ccc(OCCCO)cc2)O[C@@H]1c1ccccc1N=[N+]=[N-],0,1485
O=C1CCC(=O)N1c1nccs1,0,2228
Cc1ccc2nc(-c3ccncc3)cc(-c3ccccc3)c2c1,0,2076
CCC(C)C(=O)O[C@@H]1C[C@@]2(C)[C@H](c3ccoc3)OC(=O)CC23OC2(C)O[C@@]34[C@H](OC(C)=O)[C@@]3(O)C(OC(=O)C5(C)OC5C)C5(C)CC3(O)[C@@](C)([C@H]5CC(=O)OC)[C@@]14O2,0,1137
Cc1ccccc1S(=O)(=O)N1C[C@@H](O)COC[C@H]2O[C@@H](CC(=O)N3CCC(Cc4ccccc4)CC3)CC[C@@H]21,1,3243
Cc1ccccc1S(=O)(=O)N1C[C@H](O)COC[C@H]2O[C@@H](CC(=O)N3CCC(Cc4ccccc4)CC3)CC[C@@H]21,0,3243
O=C1NC(=S)NC(=O)C1CN1CCOCC1,0,1935
CC(C)(C)C(=O)C(Oc1ccc(Cl)cc1)n1ccnc1,0,352
c1cc(-c2nn[nH]n2)ccc1OCc1nn[nH]n1,0,2688
CCc1cnc2c(c1OC)c(=O)n(CCN1CCOCC1)c(=O)n2C,0,2478
Cc1c(O[C@@H]2O[C@H](COC(=O)C[C@@](C)(O)CC(=O)O)C[C@H](O)[C@H]2O)occc1=O,0,1279
Cc1cn2c(nc1=O)O[C@@H]1C[C@H]2O[C@@H]1CO,0,1186
COc1ccccc1S(=O)(=O)N[C@@H]1C=C[C@H](CC(=O)N2CCN(C)CC2)O[C@@H]1CO,0,2233
COc1ccccc1S(=O)(=O)N[C@@H]1C=C[C@H](CC(=O)N2CCN(C)CC2)O[C@H]1CO,0,2233
CCN1C(=O)[C@H]2[C@H]3[C@H](O)[C@H](O)C/C(=N\OC[C@@H](O)COCc4ccco4)[C@@H]3CC[C@H]2C1=O,0,2419
CN1CCN(C(=O)C[C@H]2CC[C@H]3[C@@H](COC[C@H](O)CN3C(=O)C3CCOCC3)O2)CC1,0,2134
C=C1C[C@@]23CC[C@@H]4[C@@](C)(CCC[C@@]4(C)C(=O)OC)[C@H]2CC[C@@H]1C3,0,1441
C[C@H]1CN([C@@H](C)CO)S(=O)(=O)c2ccc(C#Cc3ccccc3)cc2O[C@@H]1CN(C)C(=O)Cc1ccccn1,0,3244
Brc1ccc(-c2ccc(C3CCCCC3)cn2)cc1,0,3406
S=P(N1CC1)(N1CC1)N1CC1,0,1086
Cc1ccc(S[C@]2(C(=O)O)CC(=O)N(C3Cc4ccccc4C3)[C@@H]2c2ccc(CO)cc2I)cc1,0,2780
COCCCNC(=O)[C@@]1(Sc2ccc(C)cc2)CC(=O)N(C2Cc3ccccc3C2)[C@@H]1c1ccc(CO)cc1I,0,2780
NCCN1CCO[C@H](c2ccccc2)C1,0,1502
COC(=O)[C@@H](C)N(C#N)c1nc(C)nc(C)n1,0,1328
Nc1nc(Cl)nc(Cl)n1,0,1328
CCNc1nc(NCC)nc(C(=O)OCCO)n1,0,1328
CN(C)c1nc(SCCO)nc(N(C)C)n1,0,1328
CCNc1nc(NCC)nc(OCC#N)n1,0,1328
COC(=O)CNc1nc(OC)nc(N(C)C)n1,0,1328
C=CCNc1nc(C)nc(OC)n1,0,1328
C=CCN(C#N)c1nc(N(C)C)nc(N(C)C)n1,0,1328
CNC(=O)CN(C#N)c1nc(N(C)C)nc(N(C)C)n1,0,1328
CCNc1nc(OCCO)nc(N(C)C)n1,0,1328
CN(C)c1nc(SCC(N)=O)nc(N(C)C)n1,0,1328
C=CCOc1nc(NCC)nc(N(C)C)n1,0,1328
CN(C)c1nc(N(C)C)nc(N(C)C)n1,0,1328
COCN(C#N)c1nc(N(C)C)nc(N(C)C)n1,0,1328
CCN(CC)c1nc(C#N)nc(OC)n1,0,1328
COC(=O)NCCOc1nc(N(C)C)nc(N(C)C)n1,0,1328
CO[C@H]1O[C@H](CO)[C@@H](OC(=O)c2ccc(Br)cc2)[C@@H]2OC(=O)[C@H](Cc3ccccc3)C/C=C/C[C@@H](Cc3ccccc3)C(=O)O[C@@H]12,0,2515
C[C@H](c1cccnc1)N(C(=O)Nc1ccccc1)C1CCCCC1,0,1367
CC(=O)Nc1nnc(S(N)(=O)=O)s1,0,57
Nc1nnc(SC[C@@H](O)CO)s1,0,57
CS(=O)(=O)c1nnc(N)s1,0,57
CN(C)C(=O)CSc1nnc(N)s1,0,57
CN(CC(=O)NCc1ccccn1)S(=O)(=O)c1cc(Br)cnc1N,0,2797
CC1(C)S[C@@H]2C(N3C(=O)[C@@H](c4ccccc4)NC3(C)C)C(=O)N2[C@H]1C(=O)[O-].[K+],1,624
CCc1c(C)[nH]c2c1C(=O)C(CN1CCOCC1)CC2.Cl,0,780
Nc1nc(N)nc(NC2CC2)n1,0,400
CC(C)NC(=O)N[C@H]1CCCCNC1=O,0,1170
O=C(O)CCC(=O)N[C@H]1CCCCNC1=O,0,1170
NC(=O)CN1CCCCCC1=O,0,1170
NC(=O)c1ccc[n+](CC(=O)N2CCCCC2)c1,0,2699
O=C(C[n+]1ccc(/C=N/O)cc1)N1CCCCC1,0,2699
CC(CCc1ccc(O)cc1)NCCc1ccc(O)c(O)c1.Cl,0,477
CC(CCc1ccccc1)NCC(O)c1ccc(O)c(C(N)=O)c1.Cl,0,477
CC(CCc1ccccc1)NC(C)C(O)c1ccc(O)cc1.Cl,0,477
CC(CCc1ccc(O)cc1)NCC(O)c1ccc(O)cc1.Cl,0,477
Clc1cccc(Cl)c1CSc1cccs1,0,3108
O=C(CN1CCOCC1)N[C@H]1CC[C@H](CCn2cc(C3CC3)nn2)O[C@H]1CO,0,2313
O=C(CN1CCOCC1)N[C@H]1CC[C@H](CCn2cc(C3CC3)nn2)O[C@@H]1CO,0,2313
CC(C)Cc1ccc([C@@H](C)C(=O)Nc2ccc(Cl)cc2)cc1,0,1273
CC(C)(C)C(=O)C(Oc1ccc(Cl)cc1)n1cncn1,0,1113
O=C(O)C1(c2cccs2)CCCC1,0,3288
Cc1ccc(-c2cnc3c(c2)C(=O)N([C@H](C)CO)C[C@H](C)[C@H](CN(C)C(=O)Cc2ccncc2)O3)cc1,0,2327
COc1ccc(-c2cnc3c(c2)C(=O)N([C@H](C)CO)C[C@@H](C)[C@H](CN(C)C(=O)Cc2ccncc2)O3)cc1,0,2327
O=C(C[C@H]1C=C[C@H](NC(=O)c2cccnc2)[C@H](CO)O1)NCCN1CCCCC1,0,3017
CCC(C)[C@H]1O[C@]2(C=C[C@@H]1C)C[C@@H]1C[C@@H](C/C=C(\C)[C@@H](OC3C[C@H](OC)C(O[C@H]4C[C@H](OC)[C@@H](O)[C@H](C)O4)[C@H](C)O3)[C@@H](C)/C=C/C=C3\CO[C@@H]4[C@H](O)C(C)=C[C@@H](C(=O)O1)[C@]34O)O2,0,42
CCC(C)[C@H]1O[C@]2(C=C[C@@H]1C)C[C@@H]1C[C@@H](C/C=C(\C)[C@@H](OC3C[C@H](OC)C(O[C@H]4C[C@H](OC)[C@@H](O)[C@H](C)O4)[C@H](C)O3)[C@@H](C)/C=C/C=C3\CO[C@@H]4[C@H](OC)C(C)=C[C@@H](C(=O)O1)[C@]34O)O2,0,42
CCC(C)[C@H]1O[C@]2(C=C[C@@H]1C)C[C@@H]1C[C@@H](C/C=C(\C)[C@@H](OC3C[C@H](OC)C(O[C@H]4C[C@H](OC)[C@@H](NC(C)=O)[C@H](C)O4)[C@H](C)O3)[C@@H](C)/C=C/C=C3\CO[C@@H]4[C@H](O)C(C)=C[C@@H](C(=O)O1)[C@]34O)O2,0,42
COC(=O)Nc1nc2ccc(Sc3ccccc3)cc2[nH]1,0,550
O=C(C[C@@H]1CC[C@@H](NC(=O)Cc2ccccn2)[C@@H](CO)O1)NCCCN1CCOCC1,0,2625
O=C(C[C@@H]1CC[C@@H](NC(=O)Cc2ccccn2)[C@H](CO)O1)NCCCN1CCOCC1,0,2625
CCOC(=O)C1=C(COCCN)NC(C)=C(C(=O)OC)C1c1ccccc1Cl.O=S(=O)(O)c1ccccc1,0,110
COc1nn(C)cc1C(=O)N1CCN(C)CC1,0,3596
Cl.Clc1ccc2nsnc2c1NC1=NCCN1,0,1097
O=C(Nc1cccnc1)c1nc2ncccn2n1,0,3694
COc1ccc2c(c1)OCC(Cc1ccc(O)c(OC)c1)C2=O,0,428
COc1ccc2c(c1)OCC(Cc1ccc(OC)c(O)c1)C2=O,0,428
COc1ccc2c(c1)OCC(Cc1ccc(OC)c(OC)c1)C2=O,0,428
O=C1[C@H]2SC[C@@H](O)[C@H]2C(=O)N1c1ccccc1,0,3715
CN(C)Cc1cn(CC[C@H]2CC[C@H](NS(=O)(=O)c3ccccc3)[C@@H](CO)O2)nn1,0,2444
COCC(=O)Nc1ccc2c(c1)C(=O)N(C)C[C@H](OC)[C@H](C)CN(C(=O)Cc1cccnc1)[C@H](C)CO2,0,2022
COCC(=O)Nc1ccc2c(c1)OC[C@H](C)N(C(=O)Cc1cccnc1)C[C@@H](C)[C@@H](OC)CN(C)C2=O,0,2022
COCC(=O)Nc1ccc2c(c1)C(=O)N(C)C[C@@H](OC)[C@@H](C)CN(C(=O)Cc1cccnc1)[C@@H](C)CO2,0,2022
C[C@H]1CN([C@@H](C)CO)S(=O)(=O)c2ccc(/C=C/c3ccccc3)cc2O[C@H]1CN(C)C(=O)CN1CCOCC1,0,1951
CCCNC(=O)N(C)C[C@@H]1Oc2ncc(-c3ccc(C(=O)N(C)C)cc3)cc2C(=O)N([C@@H](C)CO)C[C@H]1C,0,3334
CC(C)NC(=O)N(C)C[C@H]1Oc2ncc(-c3ccc(C(=O)N(C)C)cc3)cc2C(=O)N([C@H](C)CO)C[C@@H]1C,0,3334
C[C@@H]1CN([C@H](C)CO)C(=O)c2cc(-c3ccc(C(=O)N(C)C)cc3)cnc2O[C@H]1CN(C)C(=O)CN(C)C,0,3334
C[C@@H]1O[C@H](O[C@@H]2[C@H](Oc3c(-c4ccc(O)cc4)oc4cc(O)cc(O)c4c3=O)O[C@H](CO[C@@H]3O[C@H](C)[C@@H](O)[C@H](O)[C@@H]3O)[C@@H](O)[C@@H]2O)[C@@H](O)[C@H](O)[C@@H]1O,0,1343
COc1cccc(CNC(=O)C[C@H]2C=C[C@@H](NC(=O)C3CCOCC3)[C@H](CO)O2)c1,0,3016
NC(=O)c1c(Cl)ncc2c1NCC2,0,3476
CO[C@@H]1CN(C)C(=O)c2ccc(NC(=O)C3CCOCC3)cc2OC[C@H](C)N(Cc2cccnc2)C[C@@H]1C,0,1754
CO[C@@H]1CN(C)C(=O)c2ccc(NC(=O)C3CCOCC3)cc2OC[C@H](C)N(Cc2cccnc2)C[C@H]1C,0,1754
CO[C@H]1CN(C)C(=O)c2ccc(NC(=O)C3CCOCC3)cc2OC[C@@H](C)N(Cc2cccnc2)C[C@H]1C,0,1754
CO[C@H]1CN(C)C(=O)c2ccc(NC(=O)C3CCOCC3)cc2OC[C@@H](C)N(Cc2cccnc2)C[C@@H]1C,0,1754
CC(=O)OC1CC[C@@]2(C)C(CC[C@]3(C)C2C2OC2[C@]24OC(=O)[C@@]5(CCC(C)C(C)C52)CC[C@]43C)C1(C)C,0,7
CC(Oc1c(Cl)cccc1Cl)C1=NCCN1.Cl,0,716
C[C@@H](CO)N1C[C@@H](C)[C@@H](CN(C)Cc2ccccn2)Oc2cc(C#CCN(C)C)ccc2S1(=O)=O,0,1825
C[C@H]1CN([C@@H](C)CO)S(=O)(=O)c2ccc(C#CCN(C)C)cc2O[C@@H]1CN(C)Cc1ccccn1,0,1825
C[C@H]1CN([C@H](C)CO)S(=O)(=O)c2ccc(C#CCN(C)C)cc2O[C@@H]1CN(C)Cc1ccccn1,0,1825
O=C(CCCCC(=O)Nc1c(I)cc(I)c(C(=O)O)c1I)Nc1c(I)cc(I)c(C(=O)O)c1I,0,655
COCCOC(=O)N1C(=O)[C@@]2(c3cc(C#CC4=CCCCC4)ccc31)[C@H](C(=O)N1CCc3cc(OC)c(OC)cc3C1)[C@H]1C(=O)O[C@H](c3ccccc3)[C@H](c3ccccc3)N1[C@@H]2c1ccc(O)cc1,0,1928
CC1=C(CC(=O)O)c2cc(F)ccc2/C1=C\c1ccc(S(C)=O)cc1,0,1051
CC(C)NC(=O)N[C@H]1C=C[C@@H](CC(=O)NCCN2CCCC2)O[C@H]1CO,0,2019
CC(C)NC(=O)N[C@@H]1C=C[C@@H](CC(=O)NCCN2CCCC2)O[C@@H]1CO,0,2019
CC(C)NC(=O)N[C@H]1C=C[C@@H](CC(=O)NCCN2CCCC2)O[C@@H]1CO,0,2019
CC(C)NC(=O)N[C@@H]1C=C[C@@H](CC(=O)NCCN2CCCC2)O[C@H]1CO,0,2019
OCC1(CO)COC(COc2ccccc2)=N1,0,2860
CC(=O)N1CCN(c2ccc(OCC3CO[C@](Cn4ccnc4)(c4ccc(Cl)cc4Cl)O3)cc2)CC1,1,679
C[C@@H](CO)N1C[C@@H](C)[C@H](CN(C)C(=O)Nc2ccc(N3CCN(C)CC3)cc2)OCc2cnnn2CCCC1=O,0,3525
C[C@H]1CN([C@@H](C)CO)S(=O)(=O)c2ccc(-c3cncnc3)cc2O[C@@H]1CN(C)C(=O)C1CCCCC1,0,1817
O=C(C[C@H]1C=C[C@H](NC(=O)c2ccc(F)cc2)[C@H](CO)O1)NCc1ccncn1,0,2396
O=C(C[C@H]1C=C[C@H](NC(=O)c2ccc(F)cc2)[C@@H](CO)O1)NCc1ccncn1,0,2396
C[C@@H](CO)N1C[C@@H](C)[C@@H](CN(C)C(=O)CN2CCOCC2)Oc2ncc(C#CCN(C)C)cc2C1=O,0,3548
CN1CCN(C(=O)C[C@H]2C=C[C@H](NC(=O)Cc3ccccn3)[C@H](CO)O2)CC1,0,3145
O=C(CN1CCOCC1)NCC[C@H]1CC[C@H](NS(=O)(=O)c2ccc(Cl)cc2)[C@H](CO)O1,0,2162
O=C(CN1CCOCC1)NCC[C@H]1CC[C@H](NS(=O)(=O)c2ccc(F)cc2)[C@@H](CO)O1,0,2162
Cc1ccc(S(=O)(=O)N[C@H]2CC[C@H](CCNC(=O)CN3CCOCC3)O[C@H]2CO)cc1,0,2162
COc1ccc(S(=O)(=O)N[C@H]2CC[C@H](CCNC(=O)CN3CCOCC3)O[C@H]2CO)cc1,0,2162
O=C(CN1CCOCC1)NCC[C@H]1CC[C@H](NS(=O)(=O)c2ccc(Cl)cc2)[C@@H](CO)O1,0,2162
COc1ccc(S(=O)(=O)N[C@H]2CC[C@H](CCNC(=O)CN3CCOCC3)O[C@@H]2CO)cc1,0,2162
Cc1ccc(S(=O)(=O)N[C@H]2CC[C@H](CCNC(=O)CN3CCOCC3)O[C@@H]2CO)cc1,0,2162
COc1cc(NS(C)(=O)=O)ccc1Nc1c2ccccc2nc2ccccc12,0,118
CN(C)c1ncnc2c1ncn2[C@H]1O[C@@H](CO)[C@@H](N)[C@@H]1O,0,1175
Nc1ncnc2c1ncn2[C@H]1O[C@H](COP(=O)(O)O)[C@@H](O)[C@H]1O,0,1175
CCNC(=O)[C@H]1O[C@H](n2cnc3c(N)ncnc32)[C@@H](O)[C@@H]1O,0,1175
C[C@H]1O[C@H](n2cnc3c(N)ncnc32)C[C@H]1O,0,1175
OC[C@H]1O[C@H](n2cnc3cncnc32)[C@@H](O)[C@@H]1O,1,1175
Nc1ncnc2c1ncn2[C@H]1O[C@@H](CO)[C@H](O)[C@@H]1O,0,1175
CNC(=O)[C@H]1Cc2ccccc2N1C(=O)COC,0,1220
CN1CCc2cc([C@H](CN)N(C)C)ccc21,0,1220
NC(=O)[C@H]1Cc2ccccc2N1,0,1220
COCC(=O)N1c2ccccc2C[C@H]1C(N)=O,0,1220
C[C@@H](CO)N1C[C@@H](C)[C@H](CN(C)Cc2ccc3c(c2)OCO3)Oc2ncc(C#CCN(C)C)cc2C1=O,0,2172
O=C(CCC(=O)N1CCOCC1)Nc1c(F)c(F)nc(N2CCOCC2)c1F,0,2947
CN1C(=O)c2cc(NC(=O)c3cscn3)ccc2OC[C@@H]2O[C@H](CC(=O)N3CCOCC3)CC[C@@H]21,0,3552
N=C1NC(=O)N2CC12,0,648
O=C(N[C@@H]1CC[C@@H](CC(=O)N2CCOCC2)O[C@@H]1CO)c1ccccn1,0,3378
O=C(N[C@@H]1CC[C@@H](CC(=O)N2CCOCC2)O[C@H]1CO)c1ccccn1,0,3378
O=c1cc(CO)occ1O,0,687
Cc1occc(=O)c1O,0,687
COc1ccc(S(=O)(=O)N(C)C[C@H]2Oc3c(NC(=O)Nc4cccc5ccccc45)cccc3C(=O)N([C@@H](C)CO)C[C@@H]2C)cc1,0,2166
COc1ccc(S(=O)(=O)N(C)C[C@H]2Oc3c(NC(=O)Nc4cccc5ccccc45)cccc3C(=O)N([C@H](C)CO)C[C@H]2C)cc1,0,2166
COc1ccc(S(=O)(=O)N(C)C[C@H]2Oc3c(NC(=O)Nc4cccc5ccccc45)cccc3C(=O)N([C@H](C)CO)C[C@@H]2C)cc1,0,2166
COc1ccc(C(=O)Nc2ccc(CN3C(=O)[C@]4(O[C@H](CCO)[C@@H]([Si](C)(C)F)[C@@H]4C)c4ccccc43)cc2)cc1,0,2405
Clc1ccccc1Nc1ccc(-c2ccncc2)s1,0,3080
COc1ccccc1CNC(=O)C[C@@H]1C[C@H]2c3cc(NC(=O)c4cccnc4)ccc3O[C@H]2[C@H](CO)O1,0,2766
O=C(C[C@@H]1C[C@H]2c3cc(NC(=O)c4cccnc4)ccc3O[C@H]2[C@H](CO)O1)NCc1cc(F)ccc1F,1,2766
CCS(=O)(=O)NCC[C@H]1CC[C@H](NC(=O)C2CCOCC2)[C@@H](CO)O1,0,1676
CCNC(=O)C[C@@H]1CC[C@H](NC(=O)C2CCOCC2)[C@@H](CO)O1,0,1676
CN(C)C(=O)C[C@@H]1CC[C@H](NC(=O)C2CCOCC2)[C@@H](CO)O1,0,1676
CCNC(=O)C[C@H]1CC[C@H](NC(=O)C2CCOCC2)[C@@H](CO)O1,0,1676
CCS(=O)(=O)NCC[C@H]1CC[C@H](NC(=O)C2CCOCC2)[C@H](CO)O1,0,1676
CCNC(=O)C[C@@H]1CC[C@H](NC(=O)C2CCOCC2)[C@H](CO)O1,0,1676
CCNC(=O)C[C@H]1CC[C@H](NC(=O)C2CCOCC2)[C@H](CO)O1,0,1676
CN(C)C(=O)C[C@H]1CC[C@H](NC(=O)C2CCOCC2)[C@@H](CO)O1,0,1676
CC(=O)O[C@H]1C[C@@H](OC(C)=O)C(C)(C)C2C[C@@H](OC(C)=O)[C@]3(C)C(CC[C@@]4(C)[C@H](c5ccoc5)C(=O)[C@H]5O[C@]543)[C@]21C,0,682
CC(C)(C)OC(=O)NC(=NCCn1cc(-c2cccc(/C=C/C(=O)NO)c2)nn1)NC(=O)OC(C)(C)C,0,2240
CC(C)(C)OC(=O)NC(=NCCCn1cc(-c2cccc(/C=C/C(=O)NO)c2)nn1)NC(=O)OC(C)(C)C,0,2240
CN1CC(=O)N2[C@H](Cc3c([nH]c4ccccc34)[C@H]2c2ccc3c(c2)OCO3)C1=O,0,1057
C[N+]12CCC(CC1)C(OC(=O)C(O)(c1ccccc1)c1ccccc1)C2.[Br-],0,351
CO[C@@H]1CN(C)C(=O)c2cc(NS(=O)(=O)CC(F)(F)F)ccc2OC[C@H](C)N(Cc2cccnc2)C[C@H]1C,0,2070
CO[C@H]1CN(C)C(=O)c2cc(NS(=O)(=O)CC(F)(F)F)ccc2OC[C@H](C)N(Cc2cccnc2)C[C@H]1C,0,2070
CO[C@@H]1CN(C)C(=O)c2ccc(NS(=O)(=O)CC(F)(F)F)cc2OC[C@H](C)N(Cc2cccnc2)C[C@H]1C,0,2070
COc1ccc(-c2c(O)c3c(OC)c4c(cc3oc2=O)OC(C)(C)C=C4)cc1,0,983
Clc1ccc(-c2onc3cc(-c4ccccc4)ccc23)cc1,0,2388
O=C1CCCC2C3CC(CN12)[C@@H]1CCCCN1C3.[O-][Cl+3]([O-])([O-])O,0,726
Cn1ncc2c(NN3C(=O)CCC3=O)ncnc21,0,3671
Cl.OC1CCCCC1N1CCC(c2ccccc2)CC1,0,1146
O=C(C[C@@H]1C=C[C@@H](NS(=O)(=O)c2ccc(F)cc2)[C@@H](CO)O1)NCc1ccc(Cl)c(Cl)c1,0,1745
N#C[C@H](c1ccccn1)N1CCOCC1,1,1357
CO[C@H]1[C@@H](O)[C@@H](C)O[C@H](O[C@H]2CCC3(C)C4CCC5(C)[C@@H](C6=CC(=O)OC6)CC[C@]5(O)[C@@H]4CC[C@]3(O)C2)[C@@H]1O,0,504
Cl.O=C1CC[C@@]2(O)[C@H]3Cc4ccc(O)c5c4C2(CCN3CC2CC2)[C@H]1O5,0,803
C[C@H]1CNC(=CC(=O)c2ccccc2)C(=O)N1,0,1177
NCC[C@H]1CC[C@@H](NC(=O)C2CCCC2)[C@@H](CO)O1,0,1997
NCC[C@@H]1CC[C@@H](NC(=O)C2CCCC2)[C@@H](CO)O1,0,1997
NCC[C@@H]1CC[C@@H](NC(=O)C2CCCC2)[C@H](CO)O1,0,1997
CCC1(c2ccccc2)C(=O)NC(=O)NC1=O,0,883
NC(=O)N1c2ccccc2CC(=O)c2ccccc21,0,847
O=C1CC2OCC=C3CN4CC[C@]56c7ccccc7N1C5[C@H]2[C@H]3CC46.O=S(=O)(O)O,1,1032
CC1=C(CCC(=O)O)c2cc3[nH]c(cc4nc(cc5[nH]c(cc1n2)c(C)c5C(C)O)C(C)=C4C(C)O)c(C)c3CCC(=O)O,0,613
C=CC1=C(C)c2cc3[nH]c(cc4nc(cc5[nH]c(cc1n2)c(C)c5CCC(=O)O)C(CCC(=O)O)=C4C)c(C)c3C=C,0,613
C[C@H]1CN([C@H](C)CO)C(=O)c2cc(C#CCN(C)C)cnc2O[C@@H]1CN(C)C(=O)c1cnccn1,0,1779
C[C@@H](CO)N1C[C@@H](C)[C@@H](CN(C)C(=O)c2cnccn2)Oc2ncc(C#CCN(C)C)cc2C1=O,0,1779
COc1ccc(Cc2nn[nH]n2)cc1,0,2060
COc1ccc([Si](C)(C)[C@@H]2[C@@H](CCO)O[C@]3(C(=O)N(Cc4ccc(N5CCCCC5=O)cc4)c4ccccc43)[C@H]2C)cc1,0,3117
O=C(NC1(C(F)(F)F)Oc2cc(Cl)c(Cl)cc2O1)C1=C(N2CCOCC2)/C(=C/c2ccccc2)CC1,1,2526
C=C1C(C2(C)C=CC(=O)C(C)(C)C2CC(=O)OC)CC[C@@]2(C)[C@H](c3ccoc3)OC(=O)C3OC132,0,126
CC1=NN2C(=NN[C@@]2(C)c2ccccc2)NC1=O,0,1242
C[N+]1([O-])C2CCC1CC(OC(=O)C(CO)c1ccccc1)C2,0,163
C[N+]1(C)C2CCC1CC(OC(=O)C(CO)c1ccccc1)C2.O=[N+]([O-])[O-],0,163
O=C(C[C@H]1CC[C@H](NS(=O)(=O)c2ccc(F)cc2)[C@H](CO)O1)N1CCC(Cc2ccccc2)CC1,0,1879
Cc1ccc(S(=O)(=O)N[C@H]2CC[C@H](CC(=O)N3CCC(Cc4ccccc4)CC3)O[C@H]2CO)cc1,1,1879
Cc1ccc(S(=O)(=O)N[C@H]2CC[C@H](CC(=O)N3CCC(Cc4ccccc4)CC3)O[C@@H]2CO)cc1,0,1879
COc1ccc(S(=O)(=O)N[C@H]2CC[C@H](CC(=O)N3CCC(Cc4ccccc4)CC3)O[C@H]2CO)cc1,1,1879
CC(C)CCCC(C)C1CCC2C3C[C@@H](O)[C@@]4(O)C[C@@H](O)CC[C@]4(C)C3CC[C@]12C,0,326
CC[C@H](CCC(C)[C@H]1CCC2C3CCC4C[C@@H](O)CC[C@]4(C)C3CC[C@@]21C)C(C)C,0,326
C[C@H](CCC(=O)NCC(=O)O)[C@H]1CCC2C3C(C[C@H](O)[C@@]21C)[C@@]1(C)CC[C@@H](O)CC1C[C@H]3O,0,326
COc1ccc(/C=C/C(=O)O[C@@H]2[C@@H](O)[C@H](C)O[C@@H](O[C@@H]3[C@@H]4O[C@]4(CO)[C@H]4[C@H](O[C@H]5O[C@@H](CO)[C@H](O)[C@@H](O)[C@@H]5O)OC=C[C@@H]34)[C@@H]2OC(C)=O)cc1,0,3360
COc1ccc(COC[C@]23NC(=S)N[C@H](c4ccccc4O2)[C@H]3COC(=O)NCCCCCC(=O)NO)cc1,0,1885
COc1ccc(COC[C@]23NC(=S)N[C@H](c4ccccc4O2)[C@H]3CO[Si](C)(C)C(C)(C)C)cc1,0,1885
COc1ccc(COC[C@@]23Oc4ccccc4[C@@H](NC(=S)N2C)[C@H]3CO[Si](C)(C)C(C)(C)C)cc1,0,1885
CC[C@@H](C)C(=O)O[C@@H]1C[C@@]2(C)[C@H](c3ccoc3)OC(=O)C[C@]23O[C@@]2(C)O[C@]34[C@H](OC(=O)C(C)C)[C@@]3(O)[C@@H](OC(=O)[C@@]5(C)O[C@@H]5C)[C@@]5(C)C[C@]3(O)[C@@](C)([C@H]5CC(=O)OC)[C@@]14O2,0,1335
O=C(C[C@@H]1C=C[C@H](NC(=O)CN2CCOCC2)[C@@H](CO)O1)NCCc1ccccc1,0,2253
O=C(C[C@@H]1C=C[C@H](NC(=O)CN2CCOCC2)[C@H](CO)O1)NCCc1ccccc1,0,2253
NNC(=O)C1[C@H]2CCCC[C@@H]12,0,1472
COc1ccc([Si](C)(C)[C@@H]2[C@@H](CCO)O[C@]3(C(=O)N(Cc4ccc(N5C(=O)c6cccc7cccc5c67)cc4)c4ccccc43)[C@H]2C)cc1,0,2872
Cc1cncc2cccc(S(=O)(=O)N[C@H]3CN[C@H](C(=O)NN)C3)c12,0,1909
CC(=O)NC[C@H]1C[C@@H](N(C(C)=O)S(=O)(=O)c2cccc3cncc(C)c23)CN1,0,1909
Cc1cncc2cccc(S(=O)(=O)N[C@H]3CN[C@@H](COC(=O)NCCOCCOCCN)C3)c12,0,1909
O=C1c2ccccc2[C@](Cc2ccccc2I)(C(=O)NCC(F)(F)F)[C@H](c2ccc(CO)cc2)N1C1CCCCC1,0,2185
O=C1c2ccccc2[C@](Cc2ccccc2I)(C(=O)O)[C@H](c2ccc(CO)cc2)N1C1CCCCC1,0,2185
COCCCNC(=O)[C@@]1(Cc2ccccc2I)c2ccccc2C(=O)N(C2CCCCC2)[C@H]1c1ccc(CO)cc1,0,2185
CN(C)CCCNC(=O)[C@@]1(Cc2ccccc2I)c2ccccc2C(=O)N(C2CCCCC2)[C@H]1c1ccc(CO)cc1,0,2185
Cc1noc(C)c1NC(=O)N[C@H]1C=C[C@@H](CC(=O)N2CCN(C)CC2)O[C@@H]1CO,0,1663
C/C1=C/CC(C)(C)/C=C/C/C(C)=C/CC1,0,631
Cn1cnc(S(=O)(=O)N[C@H]2C=C[C@H](CC(=O)Nc3ccccc3)O[C@H]2CO)c1,0,1707
Cn1cnc(S(=O)(=O)N[C@H]2C=C[C@H](CC(=O)Nc3ccccc3)O[C@@H]2CO)c1,0,1707
COc1cc2c(cc1OC)C(=O)C(CC1CCN(Cc3ccccc3)CC1)C2.Cl,1,479
O=C(C[C@@H]1C[C@H]2c3cc(NC(=O)Nc4ccc(C(F)(F)F)cc4)ccc3O[C@H]2[C@H](CO)O1)NC1CCCCC1,0,3484
C[C@@]1(C2CC2)Cc2cnnn2CCN1,0,1706
CC(=O)N1CCn2nncc2C[C@@]1(C)C1CC1,0,1706
O=C(c1cccnc1)N1CCOCC1,0,818
CN1C(=N)NC(=O)/C1=C/c1cccnc1,0,3282
O=C(C[C@H]1C=C[C@@H](NC(=O)c2ccncc2)[C@H](CO)O1)NCc1ccncn1,0,3493
Cc1ccc(C(C)C)cc2c(C)ccc1-2,0,611
CN1CCN(C(=O)C[C@H]2CC[C@H]3[C@@H](COC[C@H](O)CN3Cc3ccc(Oc4ccccc4)cc3)O2)CC1,0,1714
O=C(C[C@H]1CC=CCC[C@H](Cc2ccc(F)cc2)C(=O)OC[C@@H](Cc2ccccc2)NC1=O)NCCO,0,2586
C=CCOC(Cn1ccnc1)c1ccc(Cl)cc1Cl.O=S(=O)(O)O,0,508
N[C@@H](Cn1ccnc1)c1ccccc1,0,508
O=C(C[C@@H]1C=C[C@H](NS(=O)(=O)c2ccc(F)cc2)[C@@H](CO)O1)NCc1ccc(Cl)c(Cl)c1,0,2127
O=C(C[C@@H]1C=C[C@H](NS(=O)(=O)c2ccc(F)cc2)[C@H](CO)O1)NCc1ccc(Cl)c(Cl)c1,1,2127
O=C1CC[C@@H](C(=O)N2CSC[C@H]2C(=O)O)N1,0,896
O=C(C[C@@H]1CC[C@H]2[C@@H](COC[C@H](O)CN2C(=O)C2CC2)O1)NCc1ccncc1,0,1998
O=C(C[C@@H]1CC[C@H]2[C@@H](COC[C@@H](O)CN2C(=O)C2CC2)O1)NCc1ccncc1,0,1998
Cc1nccn1CCc1nc(N)nc(N)n1,0,2159
C[C@@H](CO)N1C[C@@H](C)[C@@H](CN(C)CC2CCOCC2)Oc2cc(C#Cc3cccnc3)ccc2S1(=O)=O,0,2299
C[C@@H]1CN([C@H](C)CO)S(=O)(=O)c2ccc(C#Cc3cccnc3)cc2O[C@@H]1CN(C)CC1CCOCC1,0,2299
O=C(C[C@@H]1CC=CC[C@H](NC(=O)OCC2c3ccccc3-c3ccccc32)C(=O)OC[C@@H](Cc2c[nH]c3ccccc23)NC1=O)N[C@@H](CO)Cc1ccccc1,0,2447
Cc1o[nH]c(=O)c1CC[C@@H](N)C(=O)O,0,1426
Cc1cncc2cccc(S(=O)(=O)N3CC[C@H](N(C/C=C/c4ccc(Br)cc4)C/C=C/c4ccc(Br)cc4)C3)c12,0,3158
CN(C)CCCN1c2ccccc2CCc2ccc(Cl)cc21.Cl,0,357
CNCCCN1c2ccccc2CCc2ccccc21.Cl,0,357
CN(C)CCCN1c2ccccc2CCc2ccccc21.Cl,0,357
CC(CN(C)C)CN1c2ccccc2CCc2ccccc21.O=C(O)/C=C\C(=O)O,0,357
O=C(NCCC1=CCCCC1)c1sc2ccccc2c1Cl,0,3093
CN(C)CCc1c[nH]c2ccc(C[C@H]3COC(=O)N3)cc12,0,1166
CCCC(=O)Nc1ccc2c(c1)C(=O)N(C)[C@@H]1CC[C@@H](CC(=O)NCCN3CCCCC3)O[C@H]1CO2,0,2745
COc1ccc(C(=O)O[C@H]2CC[C@@]3(C)[C@@H]4CC[C@@H]5[C@@]3(C[C@@]3(O)[C@@H]6CN7C[C@@H](C)CC[C@H]7[C@@](C)(O)[C@@]6(O)[C@@H](O)C[C@@]53O)O[C@]24O)cc1OC,0,3032
O=C1O[C@H](c2ccccc2)[C@H](c2ccccc2)N2[C@H]1[C@@H](C(=O)NC[C@@H](O)c1ccccc1)[C@]1(C(=O)Nc3ccc(C#CC4=CCCCC4)cc31)[C@H]2c1ccccc1OCCO,0,1492
COCCOC(=O)N1C(=O)[C@@]2(c3cc(C#CC4=CCCCC4)ccc31)[C@H](C(=O)NC[C@H](O)c1ccccc1)[C@H]1C(=O)O[C@H](c3ccccc3)[C@H](c3ccccc3)N1[C@@H]2c1ccc(O)cc1,0,1492
Cn1ccnc1N1CCNCC1,0,3684
O=C1CCc2ccc(OCCCCN3CCN(c4cccc(Cl)c4Cl)CC3)cc2N1,1,147
C[C@@]1(c2cccs2)CC(c2cccs2)=Nc2ccccc2N1,0,1428
O=C(COc1ccccc1)Nc1nnc[nH]1,0,1794
COC(=O)c1c2oc(c1C(=O)OC)C(=O)N[C@@H](Cc1ccccc1)Cn1cc(nn1)CNC(=O)[C@@H](Cc1ccccc1)NC(=O)N[C@@H](CO)CCc1oc(c(C(=O)OC)c1C(=O)OC)C(=O)N[C@@H](Cc1ccccc1)Cn1cc(nn1)CNC(=O)[C@@H](Cc1ccccc1)NC(=O)N[C@@H](CO)CC2,0,1991
Cc1nn(C)c(C)c1Nc1nnc(N)[nH]1,0,3332
O=C(C[C@H]1C=C[C@H](NS(=O)(=O)c2ccc(F)cc2)[C@H](CO)O1)NCc1ccc(Cl)c(Cl)c1,0,2652
O=C(C[C@H]1C=C[C@H](NS(=O)(=O)c2ccc(F)cc2)[C@@H](CO)O1)NCc1ccc(Cl)c(Cl)c1,0,2652
O=C(CN1CCOCC1)N[C@H]1CC[C@H](CCn2cc(C3CCCC3)nn2)O[C@@H]1CO,0,3325
COC1CC2CCC(C)C(O)(O2)C(=O)C(=O)N2CCCCC2C(=O)OC(C(C)CC2CCC(O)C(OC)C2)CC(=O)C(C)/C=C(\C)C(O)C(OC)C(=O)C(C)CC(C)/C=C/C=C/C=C/1C,0,1016
O=C1CCN(c2ccccc2)N1,0,2309
COC[C@H]1CN(C(=O)c2cccc(OC)c2)N1,0,3326
CC1(C)[C@@H](O[C@@H]2O[C@H](C(=O)O)[C@@H](O)[C@H](O)[C@H]2O[C@@H]2O[C@H](C(=O)O)[C@@H](O)[C@H](O)[C@H]2O)CC[C@@]2(C)[C@H]1CC[C@]1(C)[C@@H]2C(=O)C=C2C3C[C@@](C)(C(=O)O)CC[C@]3(C)CC[C@]21C,0,603
CC(C)(C)CC(C)(C)c1ccc(OCCOCC[N+](C)(C)Cc2ccccc2)cc1.[Cl-],1,190
Cc1cc(C(C)(C)CC(C)(C)C)ccc1OCCOCC[N+](C)(C)Cc1ccccc1.[Cl-],1,190
S=C1NCN(Cc2cccs2)CN1,0,1826
CCC1(c2ccccc2)NC(=O)N(C)C1=O,0,744
CC(=O)OC[C@]12[C@H](OC(=O)c3ccccc3)C[C@@H]3[C@@H](OC(C)=O)[C@]1(OC3(C)C)[C@H](C)C[C@H](OC(C)=O)[C@@H]2OC(C)=O,0,3589
O=C(C[C@H]1C=C[C@@H](NC(=O)CN2CCOCC2)[C@H](CO)O1)NCCc1ccncc1,0,3118
O=C(C[C@H]1C=C[C@@H](NC(=O)CN2CCOCC2)[C@@H](CO)O1)NCCc1ccncc1,0,3118
C[C@H]1CN([C@@H](C)CO)C(=O)c2cc(C#Cc3ccccc3F)cnc2O[C@@H]1CN(C)C(=O)Cc1cccnc1,0,1979
C[C@@H](CO)N1C[C@@H](C)[C@@H](CN(C)C(=O)Cc2cccnc2)Oc2ncc(C#Cc3ccccc3F)cc2C1=O,0,1979
O=C(NCC(F)(F)F)[C@@H]1c2ccccc2C(=O)N(Cc2cc(C(F)(F)F)cc(C(F)(F)F)c2)[C@H]1c1ccc(CO)cc1,0,2120
O=C(NCC(F)(F)F)[C@@H]1c2ccccc2C(=O)N(Cc2cc(F)cc(C(F)(F)F)c2)[C@H]1c1ccc(CO)cc1,0,2120
CCCNC(=O)[C@@H]1c2ccccc2C(=O)N(Cc2cc(F)cc(C(F)(F)F)c2)[C@H]1c1ccc(CO)cc1,0,2120
CC(C)NC(=O)[C@@H]1c2ccccc2C(=O)N(Cc2cc(C(F)(F)F)cc(C(F)(F)F)c2)[C@H]1c1ccc(CO)cc1,1,2120
CCCNC(=O)[C@@H]1c2ccccc2C(=O)N(Cc2cc(C(F)(F)F)cc(C(F)(F)F)c2)[C@H]1c1ccc(CO)cc1,0,2120
CC(C)CNC(=O)[C@@]1(C)c2ccccc2C(=O)N(Cc2cc(C(F)(F)F)cc(C(F)(F)F)c2)[C@H]1c1ccc(CO)cc1,0,2120
CC(C)CNC(=O)[C@@H]1c2ccccc2C(=O)N(Cc2ccccc2C(F)(F)F)[C@H]1c1ccc(CO)cc1,0,2120
CN(C)CCCNC(=O)[C@@H]1c2ccccc2C(=O)N(Cc2cc(C(F)(F)F)cc(C(F)(F)F)c2)[C@H]1c1ccc(CO)cc1,0,2120
CC(C)NC(=O)[C@@]1(C)c2ccccc2C(=O)N(Cc2cc(C(F)(F)F)cc(C(F)(F)F)c2)[C@H]1c1ccc(CO)cc1,1,2120
C[C@]1(C(=O)NCC(F)(F)F)c2ccccc2C(=O)N(Cc2cc(F)cc(C(F)(F)F)c2)[C@H]1c1ccc(CO)cc1,0,2120
CC(C)NC(=O)[C@@H]1c2ccccc2C(=O)N(Cc2cc(F)cc(C(F)(F)F)c2)[C@H]1c1ccc(CO)cc1,0,2120
COc1cccc(S(=O)(=O)Nc2ccc3c(c2)[C@H]2C[C@@H](CC(=O)NCc4ccccc4F)O[C@@H](CO)[C@H]2O3)c1,0,2442
O=C(C[C@@H]1C[C@@H]2c3cc(NS(=O)(=O)c4ccc(F)cc4)ccc3O[C@@H]2[C@@H](CO)O1)NCc1ccccc1F,0,2442
O=C(C[C@@H]1C[C@@H]2c3cc(NS(=O)(=O)c4ccc(F)cc4)ccc3O[C@@H]2[C@@H](CO)O1)NCc1cccc(F)c1,0,2442
O=C(C[C@@H]1C[C@@H]2c3cc(NS(=O)(=O)c4ccc(F)cc4)ccc3O[C@@H]2[C@@H](CO)O1)NCc1ccccc1,0,2442
OC1(c2ccc(Cl)c(C(F)(F)F)c2)CCN(CCCC(c2ccc(F)cc2)c2ccc(F)cc2)CC1,0,872
CN(C)CC(c1ccc(O)cc1)C1(O)CCCCC1.O=C(O)CCC(=O)O,0,433
CCN(CC)CCOC(=O)C(c1ccccc1)C1CCCCC1.Cl,0,433
CCN(CC)CC#CCOC(=O)C(O)(c1ccccc1)C1CCCCC1.Cl,0,433
CC[N+](C)(CC)CCOC(=O)C(O)(c1ccccc1)C1CCCCC1.[Br-],0,433
COc1ccc(C(CN(C)C)C2(O)CCCCC2)cc1.Cl,0,433
C[N+](C)(CCOc1ccccc1)Cc1ccccc1.O=C([O-])c1cc2ccccc2cc1O,0,198
CO[C@H]1C[C@@H](C[C@@H](C)[C@H]2CC(=O)[C@@H](C)/C=C(/C)[C@@H](O)[C@@H](OC)C(=O)[C@@H](C)C[C@@H](C)C=C/C=C\C=C(C)[C@H](OC)C[C@H]3CC[C@@H](C)[C@@](O)(O3)C(=O)C(=O)N3CCCC[C@@H]3C(=O)O2)CC[C@@H]1O,0,1176
COCC(=O)Nc1ccc2c(c1)[C@H]1C[C@H](CC(=O)N3CCOCC3)O[C@@H](CO)[C@H]1O2,0,3706
C[C@@H]1CN([C@H](C)CO)C(=O)CCCn2nncc2CO[C@H]1CN(C)C(=O)Nc1ccc(N2CCCCC2)cc1,0,2836
O=C(C[C@@H]1C=C[C@H](NC(=O)c2ccc(F)cc2)[C@H](CO)O1)NCc1ccncn1,0,1646
O=C(C[C@@H]1C=C[C@H](NC(=O)c2ccc(F)cc2)[C@@H](CO)O1)NCc1ccncn1,0,1646
CC1Cc2ccccc2N1NC(=O)c1ccc(Cl)c(S(N)(=O)=O)c1,0,652
N#Cc1ccc(N2CCCNCC2)nc1,0,2269
C[C@H]1CN([C@H](C)CO)C(=O)c2cc(C#Cc3cccnc3)cnc2O[C@@H]1CN(C)S(=O)(=O)c1ccccc1F,0,2170
NCCN1C(=O)c2[nH]nc(-c3ccccc3)c2[C@H]1c1ccccc1,0,1498
Fc1cccc(CSCc2c(F)cccc2Cl)c1,0,1751
Oc1cc(C2CCCCC2)cc(C2CCCCC2)c1,0,1803
CCc1nn(C)c2c(=O)c(=O)c2n(C)[nH]1,0,3422
COCC(=O)Nc1ccc2c(c1)C(=O)N(C)[C@H]1CC[C@@H](CC(=O)NCc3ccccc3Cl)O[C@@H]1CO2,0,2418
COCC(=O)Nc1ccc2c(c1)C(=O)N(C)[C@H]1CC[C@@H](CC(=O)NCc3ccc(OC)cc3)O[C@@H]1CO2,0,2418
CN1CCN(C(=O)C[C@H]2C=C[C@@H](NC(=O)c3ccc4c(c3)OCO4)[C@H](CO)O2)CC1,0,2840
COc1cc(C(=S)N2CCOCC2)ccc1O,0,1140
O=c1c(O)c(-c2ccccc2)oc2ccccc12,0,21
O=c1c(O)c(-c2ccc(O)cc2)oc2ccccc12,0,21
COc1ccc(-c2oc3cc(OC)c(OC)c(OC)c3c(=O)c2OC)cc1,0,21
O=c1c(O)c(-c2ccccc2)oc2cccc(O)c12,0,21
O=c1c(O)c(-c2ccccc2)oc2cc(O)ccc12,0,21
COc1ccc2c(=O)c(OC)c(-c3ccccc3)oc2c1,0,21
O=c1cc(-c2cccc(O)c2)oc2ccc(O)cc12,0,21
COc1ccc(-c2cc(=O)c3ccccc3o2)cc1,0,21
COc1ccc(-c2cc(=O)c3c(O)cc(OC)c(OC)c3o2)c(OC)c1,0,21
COc1ccccc1-c1cc(=O)c2c(OC)cccc2o1,0,21
COc1ccc(-c2cc(=O)c3c(OC)cc(OC)cc3o2)cc1,0,21
O=c1cc(-c2ccccc2)oc2ccc(O)cc12,0,21
O=c1cc(-c2ccccc2O)oc2ccc(O)cc12,0,21
COc1cccc(-c2cc(=O)c3cc(OC)ccc3o2)c1,0,21
O=c1cc(-c2ccc(O)cc2)oc2ccc(O)cc12,0,21
O=c1cc(-c2ccccc2)oc2cc(O)ccc12,0,21
O=c1cc(-c2ccccc2O)oc2cc(O)ccc12,0,21
COc1ccc2c(=O)cc(-c3ccccc3OC)oc2c1,0,21
O=c1cc(-c2ccc(O)cc2)oc2cc(O)ccc12,0,21
O=c1cc(-c2ccccc2)oc2c(O)c(O)ccc12,0,21
COc1ccc2c(=O)cc(-c3ccccc3)oc2c1OC,0,21
COc1ccc(-c2cc(=O)c3c(O)cc(O)cc3o2)cc1,0,21
O=c1cc(-c2ccc(O)cc2)oc2cc(O)cc(O)c12,0,21
COc1ccc(-c2cc(=O)c3c(O)cc(OC)cc3o2)cc1,0,21
CC(=O)Oc1ccc(-c2cc(=O)c3c(OC(C)=O)cc(OC(C)=O)cc3o2)cc1,0,21
O=c1cc(-c2ccccc2)oc2cc(O)c(O)c(O)c12,0,21
O=c1cc(-c2ccccc2)oc2cc(O)cc(O)c12,0,21
COc1cc(OC)c2c(=O)cc(-c3ccccc3)oc2c1,0,21
COc1ccc(-c2cc(=O)c3c(O)c(OC)c(OC)c(OC)c3o2)cc1OC,0,21
CCOC(=O)COc1ccc2c(=O)cc(-c3ccccc3)oc2c1,0,21
O=c1c(O)c(-c2ccc(O)c(O)c2)oc2cc(O)ccc12,0,21
O=c1cc(-c2ccccc2)oc2ccccc12,0,21
O=c1c(O)c(-c2ccccc2)oc2cc(O)cc(O)c12,0,21
COc1c(-c2ccccc2)oc2cc(O)cc(O)c2c1=O,0,21
COc1cc(OC)c2c(=O)c(OC)c(-c3ccccc3)oc2c1,0,21
COc1ccc(-c2cc(=O)c3c(O)c(OC)c(OC)c(OC)c3o2)cc1,0,21
O=c1c(O)c(-c2ccc(O)c(O)c2)oc2c(O)c(O)cc(O)c12,0,21
COc1ccc(-c2oc3cc(OC)c(OC)c(OC)c3c(=O)c2OC)cc1OC,0,21
O=c1cc(-c2cc(O)c(O)c(O)c2)oc2cc(O)cc(O)c12,0,21
COc1cc(O)c2c(=O)c(O)c(-c3ccccc3)oc2c1,0,21
O=c1c(O)c(-c2ccc(O)cc2)oc2cc(O)cc(O)c12,0,21
O=c1c(O)c(-c2ccc(O)cc2O)oc2cc(O)cc(O)c12,0,21
O=c1c(O)c(-c2cc(O)c(O)c(O)c2)oc2cc(O)cc(O)c12,0,21
COc1ccc(-c2cc(=O)c3c(OC)c(OC)c(OC)c(OC)c3o2)cc1OC,0,21
O=c1c(O)c(-c2ccc(O)c(O)c2)oc2cc(O)cc(O)c12,0,21
COc1cc(OC)c2c(=O)c(O)c(-c3ccc(OC)c(OC)c3)oc2c1,0,21
COc1cc(O)c2c(=O)c(OC)c(-c3ccc(OC)c(OC)c3)oc2c1,1,21
COc1cc(O)c2c(=O)c(O)c(-c3ccc(O)c(O)c3)oc2c1,0,21
COc1ccc(-c2cc(=O)c3c(OC)c(OC)c(OC)cc3o2)cc1OC,0,21
COc1ccc(-c2cc(=O)c3c(OC)c(OC)c(OC)c(OC)c3o2)cc1,0,21
NS(=O)(=O)c1cc(C2(O)NC(=O)c3ccccc32)ccc1Cl,0,321
CN1CC2(CNC2)OCCS1(=O)=O,0,1699
O=C(O)C[C@@H]1C=C[C@@H](NC(=O)c2ccncc2)[C@H](CO)O1,0,3087
O=C(O)C[C@H]1C=C[C@@H](NC(=O)c2ccncc2)[C@H](CO)O1,0,3087
C[C@H]1CN([C@H](C)CO)C(=O)c2cc(C3=CCCC3)cnc2O[C@@H]1CN(C)C(=O)Nc1ccc(C(F)(F)F)cc1,0,1895
Cl.c1cncc(C2CCCCN2)c1,0,121
CO[C@]12[C@@H](COC(N)=O)C3=C(C(=O)C(C)=C(N)C3=O)N1CC1N[C@H]12,1,774
CC1=C2CC3[C@@H](CC=C4C[C@@H](O)CC[C@@]43C)[C@@H]2CC[C@]12O[C@@H]1C[C@H](C)CN[C@H]1[C@H]2C,0,389
C=CCN1C(=O)[C@]2(O[C@H](CCn3cc(CCO)nn3)[C@@H]([Si](C)(C)c3ccc(OC)cc3)[C@@H]2C)c2cc(N3CCC3=O)ccc21,1,3023
COc1cc2c(cc1OC)C1Cc3ccc(OC)c(OC)c3CN1CC2,0,1075
O=C(C[C@@H]1CC[C@H]2[C@@H](COC[C@H](O)CN2C(=O)c2ccc3c(c2)OCO3)O1)NCCN1CCCCC1,1,2073
O=C(C[C@@H]1CC[C@H]2[C@@H](COC[C@@H](O)CN2C(=O)c2ccc3c(c2)OCO3)O1)NCCN1CCCCC1,0,2073
Cc1cc(C)nc(NS(=O)(=O)c2ccc(NC(=O)c3cccn(OCc4ccc(F)cc4)c3=O)cc2)n1,0,2741
Cc1c(-c2ccccc2)n(C[C@@H](O)CN)c2ccccc12,1,1440
CSc1c(-c2ccc(Cl)cc2)[nH]c2ccccc12,0,1440
COc1cccc2c1C(=O)c1c(O)c3c(c(O)c1C2=O)C[C@@](O)(C(=O)CO)C[C@@H]3OC1C[C@H](N)[C@H](O)[C@H](C)O1,0,486
C[C@]12CC[C@H](O)C[C@H]1CCC1C2C[C@@H](O)[C@]2(C)[C@@H](C3=CC(=O)OC3)CC[C@]12O,0,454
Nc1nc(=O)c2c([nH]1)NCC(CNc1ccc(C(=O)N[C@H](CCC(=O)O)C(=O)O)cc1)=N2,0,458
CO[C@@H]1CN(C)C(=O)c2ccc(NC(C)=O)cc2OC[C@H](C)N(S(=O)(=O)c2cn(C)cn2)C[C@H]1C,0,1630
CO[C@@H]1CN(C)C(=O)c2ccc(NC(C)=O)cc2OC[C@@H](C)N(S(=O)(=O)c2cn(C)cn2)C[C@@H]1C,0,1630
CCCC(=O)Nc1ccc2c(c1)OC[C@@H](C)N(S(=O)(=O)c1cn(C)cn1)C[C@H](C)[C@H](OC)CN(C)C2=O,0,1630
CO[C@H]1CN(C)C(=O)c2ccc(NC(C)=O)cc2OC[C@@H](C)N(S(=O)(=O)c2cn(C)cn2)C[C@@H]1C,0,1630
CCOC(=O)/C(=N/O)C1=NNC(=N)SC1,0,3147
CCOC(=O)CC1=NNC(=N)SC1,0,3147
CN(C)Cc1cn(CC[C@@H]2CC[C@H](NS(=O)(=O)c3ccccc3)[C@@H](CO)O2)nn1,0,1977
CN(C)Cc1cn(CC[C@@H]2CC[C@H](NS(=O)(=O)c3ccccc3)[C@H](CO)O2)nn1,0,1977
Nc1ncnc2nc(N3CCOCC3)ncc12,0,2550
Fc1ccc(C2=NNC3=NCCN3C2)cc1F,0,3412
O=C(C[C@@H]1CC[C@@H]2[C@H](COC[C@H](O)CN2C(=O)Nc2cc(Cl)cc(Cl)c2)O1)N1CCOCC1,0,2192
CC(=O)Nc1ccc(S(=O)(=O)c2ccc(NC(C)=O)cc2)cc1,0,50
Nc1ccc(S(=O)(=O)c2ccc(N)cc2)cc1,0,50
C[C@H]1CN([C@@H](C)CO)S(=O)(=O)c2ccc(-c3cccc(C(=O)N(C)C)c3)cc2O[C@H]1CN(C)C(=O)Cc1ccccn1,0,1551
C[C@H]1CN([C@H](C)CO)S(=O)(=O)c2ccc(-c3ccc(C(=O)N(C)C)cc3)cc2O[C@H]1CN(C)C(=O)Cc1ccccn1,0,1551
C[C@@H]1CN([C@H](C)CO)S(=O)(=O)c2ccc(-c3cccc(C(=O)N(C)C)c3)cc2O[C@H]1CN(C)C(=O)Cc1ccccn1,0,1551
C[C@H]1CN([C@H](C)CO)C(=O)c2cc(C#CC3(O)CCCC3)cnc2O[C@H]1CN(C)C(=O)C1CCOCC1,0,3252
O=c1[nH]cnc2[nH]ncc12,0,81
CCn1[nH]c(N)c2c(=O)[nH]c(=O)cc1-2,0,2714
N[C@@H](Cc1ccc2nonc2c1)C(=O)O,0,1611
C=CCNS(=O)(=O)c1cccc2nonc12,0,1611
NS(=O)(=O)c1ccc(Cl)c2nonc12,0,1611
O=[N+]([O-])c1c(NCCO)ccc2nonc12,0,1611
O=C(C[C@H]1C=C[C@@H](NC(=O)CN2CCOCC2)[C@H](CO)O1)NC1CCC1,0,1920
O=C(C[C@H]1C=C[C@@H](NC(=O)CN2CCOCC2)[C@@H](CO)O1)NC1CCC1,0,1920
C[C@]12C(=O)OC(=O)[C@@]1(C)C1CCC2O1,0,256
OC[C@H]1O[C@@H](O[C@H]2[C@H](O)[C@@H](CO)O[C@@]2(CO)O[C@@H]2O[C@H](CO)[C@@H](O)[C@H](O)[C@H]2O)[C@H](O)[C@@H](O)[C@@H]1O,0,739
O=C(O)c1cc(/N=N/c2ccc(S(=O)(=O)Nc3ccccn3)cc2)ccc1O,0,1048
O=C(C[C@@H]1CC[C@@H](NS(=O)(=O)c2ccccc2)[C@H](CO)O1)NCc1ccncn1,0,2356
O=C(C[C@@H]1CC[C@@H](NS(=O)(=O)c2ccccc2)[C@@H](CO)O1)NCc1ccncn1,0,2356
CN(C)C(=O)C[C@H]1CC[C@H](NC(=O)C2CC2)[C@H](CO)O1,0,2039
NCC[C@@H]1CC[C@H](NC(=O)C2CC2)[C@H](CO)O1,0,2039
CCNC(=O)C[C@@H]1CC[C@H](NC(=O)C2CC2)[C@@H](CO)O1,0,2039
CN(C)C(=O)C[C@H]1CC[C@H](NC(=O)C2CC2)[C@@H](CO)O1,0,2039
NCC[C@@H]1CC[C@H](NC(=O)C2CC2)[C@@H](CO)O1,0,2039
NCC[C@H]1CC[C@H](NC(=O)C2CC2)[C@H](CO)O1,0,2039
CN(C)C(=O)C[C@@H]1CC[C@H](NC(=O)C2CC2)[C@H](CO)O1,0,2039
CCNC(=O)C[C@H]1CC[C@H](NC(=O)C2CC2)[C@@H](CO)O1,0,2039
NCC[C@H]1CC[C@H](NC(=O)C2CC2)[C@@H](CO)O1,0,2039
CCS(=O)(=O)NCC[C@H]1CC[C@H](NC(=O)C2CC2)[C@H](CO)O1,0,2039
CCNC(=O)C[C@H]1CC[C@H](NC(=O)C2CC2)[C@H](CO)O1,0,2039
CCNC(=O)C[C@@H]1CC[C@H](NC(=O)C2CC2)[C@H](CO)O1,0,2039
CN1C2CCC1CC(OC(=O)C(CO)c1ccccc1)C2,0,162
CN1C2CCC1CC(OC(=O)C(CO)c1ccccc1)C2.O=S(=O)(O)O,0,162
N=c1c(C(N)=S)cnc2ccccn12,0,2671
O=C(N[C@@H]1CC=CC[C@H](CC(=O)N(CCO)Cc2ccccc2)C(=O)NC[C@H](c2ccccc2)OC1=O)OCC1c2ccccc2-c2ccccc21,0,2889
Cc1ccccc1S(=O)(=O)N1C[C@@H](O)COC[C@H]2O[C@H](CC(=O)N3CCC(Cc4ccccc4)CC3)CC[C@@H]21,1,3045
Cc1ccccc1S(=O)(=O)N1C[C@H](O)COC[C@H]2O[C@H](CC(=O)N3CCC(Cc4ccccc4)CC3)CC[C@@H]21,0,3045
COCC(=O)N(C)C[C@H]1Oc2cc(C#Cc3cccnc3)ccc2S(=O)(=O)N([C@H](C)CO)C[C@H]1C,0,2146
C[C@H]1CN([C@@H](C)CO)S(=O)(=O)c2ccc(C#Cc3cccnc3)cc2O[C@H]1CN(C)C(=O)CN(C)C,0,2146
C[C@@H]1CN([C@H](C)CO)S(=O)(=O)c2ccc(C#Cc3cccnc3)cc2O[C@H]1CN(C)C(=O)CN(C)C,0,2146
C[C@@H](CO)N1C[C@@H](C)[C@H](CN(C)C(=O)CN(C)C)Oc2cc(C#Cc3cccnc3)ccc2S1(=O)=O,0,2146
COc1ccccc1-c1ccc2c(c1)O[C@H](CN(C)S(=O)(=O)c1ccccc1)[C@@H](C)CN([C@@H](C)CO)S2(=O)=O,0,2413
COc1ccccc1-c1ccc2c(c1)O[C@H](CN(C)S(=O)(=O)c1ccccc1)[C@H](C)CN([C@H](C)CO)S2(=O)=O,0,2413
C/C=C/c1cnc2c(c1)C(=O)N([C@H](C)CO)C[C@@H](C)[C@H](CN(C)S(=O)(=O)c1ccc(OC)cc1)O2,0,1931
COCC#Cc1cnc2c(c1)C(=O)N([C@H](C)CO)C[C@H](C)[C@H](CN(C)S(=O)(=O)c1ccccc1)O2,0,1931
C[C@@H](CO)N1C[C@@H](C)[C@H](CN(C)S(=O)(=O)c2ccc(F)cc2)Oc2ncc(Br)cc2C1=O,0,1931
C[C@H]1CN([C@H](C)CO)C(=O)c2cc(Br)cnc2O[C@H]1CN(C)S(=O)(=O)c1ccc(F)cc1,0,1931
C[C@H]1CN([C@@H](C)CO)C(=O)c2cc(Br)cnc2O[C@H]1CN(C)S(=O)(=O)c1ccc(F)cc1,0,1931
COc1ccc(S(=O)(=O)N(C)C[C@@H]2Oc3ncc(Br)cc3C(=O)N([C@H](C)CO)C[C@@H]2C)cc1,0,1931
CCCC#Cc1cnc2c(c1)C(=O)N([C@@H](C)CO)C[C@@H](C)[C@H](CN(C)S(=O)(=O)c1cccc(OC)c1)O2,1,1931
Cc1ccc(S(=O)(=O)N(C)C[C@@H]2Oc3ncc(C#CCC(C)C)cc3C(=O)N([C@H](C)CO)C[C@H]2C)cc1,0,1931
CC(C)CC#Cc1ccc2c(c1)O[C@@H](CN(C)C(=O)Cc1cccnc1)[C@H](C)CN([C@H](C)CO)S2(=O)=O,0,1717
Cc1sc(C)c(CNc2ccccc2)c1CNc1ccccc1,0,3492
CCCCN(CCCC)CC(O)c1cc(Cl)cc2c1-c1ccc(Cl)cc1/C2=C\c1ccc(Cl)cc1,0,724
O=C(C[C@@H]1C=C[C@@H](NC(=O)c2ccncc2)[C@H](CO)O1)NCc1ccncn1,0,3649
O=C(C[C@@H]1CC[C@H]2[C@@H](COC[C@H](O)CN2Cc2ccccc2F)O1)N[C@H]1CCN(Cc2ccccc2)C1,0,2090
O=C(C[C@@H]1CC[C@H]2[C@@H](COC[C@@H](O)CN2Cc2cc(F)ccc2F)O1)N[C@H]1CCN(Cc2ccccc2)C1,0,2090
O=C(C[C@@H]1CC[C@H]2[C@@H](COC[C@H](O)CN2Cc2cc(F)ccc2F)O1)N[C@H]1CCN(Cc2ccccc2)C1,0,2090
COc1cccc(-c2ccc3c(c2)O[C@H](CN(C)C(=O)C2CC2)[C@@H](C)CN([C@H](C)CO)S3(=O)=O)c1,0,1746
C[C@@H]1CN([C@H](C)CO)S(=O)(=O)c2ccc(-c3ccc(C(=O)N(C)C)cc3)cc2O[C@@H]1CN(C)C(=O)C1CC1,0,1746
C[C@H]1CN([C@H](C)CO)S(=O)(=O)c2ccc(-c3ccc(C(=O)N(C)C)cc3)cc2O[C@@H]1CN(C)C(=O)C1CC1,0,1746
COc1cccc(-c2ccc3c(c2)O[C@H](CN(C)C(=O)C2CC2)[C@H](C)CN([C@@H](C)CO)S3(=O)=O)c1,1,1746
C[C@@H]1NC(=O)[C@@H]2CCCN2C(=O)[C@H](CC(N)=O)NC(=O)[C@@H]2CSSC[C@H](N)C(=O)N[C@H]3CSSC[C@H](NC1=O)C(=O)N[C@@H]([C@@H](C)O)C(=O)NCC(=O)N[C@H](C(=O)N[C@@H](Cc1ccc(O)cc1)C(=O)O)CSSC[C@H](NC(=O)[C@H](Cc1ccc(O)cc1)NC(=O)[C@H](CCC(=O)O)NC3=O)C(=O)N2,0,710
NC(=O)C1CCCN1C(=O)C(Cc1c[nH]cn1)NC(=O)C1CCC(=O)N1,0,936
CC(=O)O[C@]1(C(C)=O)CCC2C3C=C(Cl)C4=CC(=O)[C@@H]5C[C@@H]5[C@]4(C)C3CC[C@@]21C,0,399
O=P(/N=C1/CC(CCCO)=C[C@@H](C2CC2)N1Cc1cccc(OC(F)(F)F)c1)(Oc1ccccc1)Oc1ccccc1,1,1204
O=c1c(O)c(-c2ccc(O)c(O)c2)oc2c(O[C@@H]3O[C@H](CO)[C@H](O)[C@@H](O)[C@H]3O)c(O)cc(O)c12,0,604
O=C1C(=CNC(CO)(CO)CO)C(=O)c2ccccc21,0,3658
C=CCOC(=O)[C@@H]1[C@H]2C(=O)O[C@H](c3ccccc3)[C@H](c3ccccc3)N2[C@H](c2ccc(OCCOC(=O)[C@H]3C[C@H]4C(=O)N[C@@H](CCCC[N+](C)(C)C)C(=O)N4[C@H]3c3cccc(OCCO)c3)cc2)[C@@]12C(=O)Nc1ccc(I)cc12,0,1606
C=CCOC(=O)[C@@H]1[C@H]2C(=O)O[C@H](c3ccccc3)[C@H](c3ccccc3)N2[C@H](c2ccc(OCCOC(=O)[C@H]3C[C@H]4C(=O)N[C@@H](CCCCNC(C)=O)C(=O)N4[C@H]3c3cccc(OCCO)c3)cc2)[C@@]12C(=O)Nc1ccc(I)cc12,0,1606
C=CCOC(=O)[C@@H]1[C@H]2C(=O)O[C@H](c3ccccc3)[C@H](c3ccccc3)N2[C@H](c2ccc(OCCOC(=O)[C@H]3C[C@H]4C(=O)N[C@@H](CCCCN(C)C)C(=O)N4[C@H]3c3cccc(OCCO)c3)cc2)[C@@]12C(=O)Nc1ccc(I)cc12,0,1606
C=CCOC(=O)[C@@H]1[C@H]2C(=O)O[C@H](c3ccccc3)[C@H](c3ccccc3)N2[C@H](c2ccc(OCCOC(=O)[C@H]3C[C@H]4C(=O)NCC(=O)N4[C@H]3c3ccc(O)cc3)cc2)[C@@]12C(=O)Nc1ccc(I)cc12,0,1606
C=CCOC(=O)[C@@H]1[C@H]2C(=O)O[C@H](c3ccccc3)[C@H](c3ccccc3)N2[C@H](c2ccc(OCCOC(=O)[C@H]3C[C@H]4C(=O)N[C@@H](CC(C)C)C(=O)N4[C@H]3c3cccc(OCCO)c3)cc2)[C@@]12C(=O)Nc1ccc(I)cc12,0,1606
C=CCOC(=O)[C@@H]1[C@H]2C(=O)O[C@H](c3ccccc3)[C@H](c3ccccc3)N2[C@H](c2ccc(OCCOC(=O)[C@H]3C[C@H]4C(=O)NCC(=O)N4[C@H]3c3cccc(OCCO)c3)cc2)[C@@]12C(=O)Nc1ccc(I)cc12,0,1606
C=CCOC(=O)[C@@H]1[C@H]2C(=O)O[C@H](c3ccccc3)[C@H](c3ccccc3)N2[C@H](c2ccc(OCCOC(=O)[C@H]3C[C@H]4C(=O)N[C@@H](CCCCNC(C)=O)C(=O)N4[C@H]3c3ccc(O)cc3)cc2)[C@@]12C(=O)Nc1ccc(I)cc12,0,1606
C=CCOC(=O)[C@@H]1[C@H]2C(=O)O[C@H](c3ccccc3)[C@H](c3ccccc3)N2[C@H](c2ccc(OCCOC(=O)[C@H]3C[C@H]4C(=O)N[C@@H](CCCC[N+](C)(C)C)C(=O)N4[C@H]3c3ccc(O)cc3)cc2)[C@@]12C(=O)Nc1ccc(I)cc12,0,1606
Nc1nc(=O)n([C@@H]2CS[C@H](CO)O2)cc1F,0,506
Cc1ccc(S[C@]2(C(=O)NCc3ccccc3)CC(=O)N(C3Cc4ccccc4C3)[C@@H]2c2ccc(CO)cc2I)cc1,0,3583
Cc1ccc(NC(=O)c2ccc(CN3CCN(C)CC3)cc2)cc1Nc1nccc(-c2cccnc2)n1,0,647
O=C1CCC(=O)N1CNc1ccccn1,0,2790
Clc1ccc2sc(Sc3ccccc3)nc2c1,0,2812
COc1ccc(S(=O)(=O)N[C@H]2C=C[C@@H](CC(=O)NCCc3ccncc3)O[C@@H]2CO)cc1,0,3300
CCCCC/C=C/CCC(=O)N[C@H]1[C@H](Oc2c3cc4cc2Oc2ccc(cc2Cl)[C@@H](O[C@@H]2O[C@H](CO)[C@@H](O)[C@H](O)[C@H]2NC(C)=O)[C@@H]2NC(=O)[C@H](NC(=O)[C@@H]4NC(=O)[C@H]4NC(=O)C(Cc5ccc(c(Cl)c5)O3)NC(=O)[C@H](N)c3ccc(O)c(c3)Oc3cc(O)cc4c3)c3ccc(O)c(c3)-c3c(OC4O[C@H](CO)[C@@H](O)[C@H](O)[C@@H]4O)cc(O)cc3[C@@H](C(=O)O)NC2=O)O[C@H](CO)[C@@H](O)[C@@H]1O,0,1062
COc1cccc(S(=O)(=O)N[C@@H]2C=C[C@@H](CC(=O)NC3CCC3)O[C@H]2CO)c1,0,1619
COc1cccc(S(=O)(=O)N[C@@H]2C=C[C@@H](CC(=O)NC3CCC3)O[C@@H]2CO)c1,0,1619
CC(=O)OC1CC[C@@]2(C)C(CC[C@]3(C)C2CC[C@]24OC(=O)[C@@]5(CCC(C)C(C)C52)CC[C@]43C)C1(C)C,0,1135
N[C@H]1C[C@@H]1c1ccc(-c2cccc(O)c2)cc1,0,2328
Cn1c(=O)n2n(c1=O)[C@@H]1C(=C[C@H]2C2CC2)CN2[C@@H](Cc3ccc(N=[N+]=[N-])cc3)C(=O)O[C@@H](Cc3ccccc3)[C@@H]12,0,2342
COc1cc(/C=C/C(=O)OC[C@H]2O[C@@H](O[C@@H]3OC=C[C@H]4[C@H](O)[C@@H]5O[C@]5(CO)[C@@H]34)[C@H](O)[C@@H](O)[C@@H]2O)ccc1O,0,3171
CCn1c(N)c(C(N)=O)sc1=S,0,2852
CCC[C@@H]1C[C@@H](C(=O)N[C@@H](C2O[C@H](SC)[C@H](O)[C@@H](O)[C@H]2O)[C@H](C)Cl)N(C)C1.Cl,1,354
CCCCCCCCCCCCCCCC(=O)O[C@@H]1[C@@H](O)[C@@H](O)C([C@H](NC(=O)[C@@H]2C[C@@H](CCC)CN2C)[C@H](C)Cl)O[C@@H]1SC.Cl,0,354
COC(=O)c1c2oc(c1C(=O)OC)C(=O)N[C@@H](Cc1ccccc1)Cn1cc(nn1)[C@@H](Cc1ccccc1)NC(=O)N[C@H](COC(=O)NCCCCCC(=O)NO)CCc1oc(c(C(=O)OC)c1C(=O)OC)C(=O)N[C@@H](Cc1ccccc1)Cn1cc(nn1)[C@@H](Cc1ccccc1)NC(=O)N[C@H](COC(=O)NCCCCCC(=O)NO)CC2,0,2383
NC1(C#Cc2cncc(C(=O)N3CCOCC3)c2)CCCCC1,0,2363
CC[N+](C)(C)Cc1ccc(Br)cc1.Cc1ccc(S(=O)(=O)[O-])cc1,0,229
Nc1ccc(S(=O)(=O)[O-])cc1.Nc1ccc(S(=O)(=O)[O-])cc1.[Zn+2],0,229
CCOCC(O)COc1ccc(NC(=O)CC[S+](C)C)cc1.Cc1ccc(S(=O)(=O)[O-])cc1,0,229
CNCC(O)c1ccc(O)cc1.CNCC(O)c1ccc(O)cc1.O=C(O)C(O)C(O)C(=O)O,0,229
C[C@H]1CN([C@@H](C)CO)S(=O)(=O)c2ccc(C#C[C@@H](C)O)cc2O[C@H]1CN(C)C(=O)Cc1ccccn1,0,2657
C[C@H](O)C#Cc1ccc2c(c1)O[C@@H](CN(C)C(=O)Cc1ccccn1)[C@H](C)CN([C@@H](C)CO)S2(=O)=O,0,2657
C[C@H]1CN([C@H](C)CO)S(=O)(=O)c2ccc(C#C[C@@H](C)O)cc2O[C@H]1CN(C)C(=O)Cc1ccccn1,0,2657
CC(C)C#Cc1ccc2c(c1)O[C@@H](CN(C)C(=O)Cc1ccccn1)[C@H](C)CN([C@@H](C)CO)S2(=O)=O,0,2657
C[C@@H](CO)N1C[C@@H](C)[C@H](CN(C)S(C)(=O)=O)Oc2ncc(C#Cc3cccnc3)cc2C1=O,0,1576
CCCc1ncc(C[n+]2ccccc2C)c(N)n1.[Cl-],0,117
Cc1nnc(SCC2=C(C(=O)[O-])N3C(=O)[C@@H](NC(=O)Cn4cnnn4)[C@H]3SC2)s1.[Na+],0,281
O=C(Cn1cnnn1)N[C@@H]1C(=O)N2C(C(=O)O)=C(CSc3nncs3)CS[C@H]12,1,281
Clc1ccc([C@H]2CC(C3CC3)=NN2c2ccccc2)cc1,0,1300
C[C@H]1CN([C@@H](C)CO)S(=O)(=O)c2ccc(C#CC3(O)CCCC3)cc2O[C@H]1CN(C)C(=O)c1cccnc1,0,1892
Cc1ccc(-n2nccn2)c(C(=O)N2CCN(c3nc4cc(Cl)ccc4o3)CC[C@H]2C)c1,0,1053
N#Cc1nn(-c2ccccc2)c(=O)[nH]c1=O,0,2458
O=C(C[C@H]1CC[C@@H](NC(=O)C2CC2)[C@H](CO)O1)NCCCN1CCOCC1,0,2981
CN(C)c1nc(N)nc(Cn2ccnc2)n1,0,2643
CN(C)CC(=O)N[C@H]1C=C[C@@H](CC(=O)NCCN2CCCCC2)O[C@H]1CO,0,2555
CN(C)CC(=O)N[C@@H]1C=C[C@@H](CC(=O)NCCN2CCCCC2)O[C@H]1CO,0,2555
CS(=O)(=O)c1nnnn1-c1ccc2c(c1)OCO2,0,3036
CCn1cc(C(=O)[O-])c(=O)c2cc3c(cc21)OCO3.[K+],1,852
NCC[C@H]1CC[C@H](NC(=O)C2CCCCC2)[C@H](CO)O1,0,1964
c1ccc(-c2ccnc(-c3cc(-c4ccccc4)ccn3)c2)cc1,0,2874
COC(=O)C[C@H]1CC[C@H]2[C@@H](COC[C@@H](O)CN2S(=O)(=O)c2cn(C)cn2)O1,0,2406
CN1CC(CNC(=O)OCc2ccccc2)C[C@H]2c3cccc4c3c(cn4C)CC21,0,751
COCC(=O)Nc1ccc2c(c1)C(=O)N(C)[C@@H]1CC[C@@H](CC(=O)NCc3ccc(OC)cc3)O[C@@H]1CO2,0,3011
O=C1C[C@@](C(=O)NCc2ccccc2)(c2ccc([N+](=O)[O-])cc2)[C@@H](c2ccc(CO)cc2)N1CC12CC3CC(CC(C3)C1)C2,0,3542
c1ccc2c(CSc3nc4ccccc4s3)cccc2c1,0,2975
N=C(N=C(N)N)N1N=CC[C@@H]1c1ccccc1,0,1338
O=C(C[C@@H]1C/C=C/C[C@H](Cc2ccccc2)C(=O)N[C@H](c2ccccc2)COC1=O)NCc1ccc(Cl)cc1,0,3254
C=C(C)c1c2c(c(Cl)c3ccccc13)C[N+](CC)(CC)C2,0,3000
C(=N/c1ccccc1)\c1ccc(Oc2ccccc2)cc1,0,2786
CCCNC(=O)N1C[C@H](O)COC[C@H]2O[C@H](CC(=O)N3CCOCC3)CC[C@@H]21,0,2423
COc1ccc(S(=O)(=O)N[C@@H]2CC[C@H](CC(=O)N3CCN(c4ccccc4)CC3)O[C@H]2CO)cc1,0,1716
COc1ccc(S(=O)(=O)N[C@@H]2CC[C@H](CC(=O)N3CCN(c4ccccc4)CC3)O[C@@H]2CO)cc1,0,1716
CCC(=O)NCC[C@@H]1CCc2ccc3c(c21)CCO3,0,964
CC(C)OC(=O)c1cn(Cc2c(F)cccc2F)c2sc(-c3ccc(NC(=O)C(C)C)cc3)c(CN(C)Cc3ccccc3)c2c1=O,0,3065
C=CC[C@@H](CC(=O)N[C@@H](CO)Cc1ccccc1)C(=O)N1CCC[C@@H]1COC(=O)[C@@H](CC=C)NC(=O)OCC1c2ccccc2-c2ccccc21,0,2970
CN1CCN(C(=O)C[C@@H]2CC[C@@H]3[C@H](COC[C@@H](O)CN3C(=O)Nc3ccc4c(c3)OCO4)O2)CC1,0,3365
CN1CCN(C(=O)C[C@@H]2CC[C@@H]3[C@H](COC[C@H](O)CN3C(=O)Nc3ccc4c(c3)OCO4)O2)CC1,0,3365
CO[C@@]1(NC(=O)CSCC#N)C(=O)N2C(C(=O)[O-])=C(CSc3nnnn3C)CSC21.[Na+],0,287
Cl.N=c1ccn2c(n1)O[C@@H]1[C@@H](O)[C@H](CO)O[C@@H]12,0,125
CCCc1nc(C)c2c(=O)[nH]c(-c3cc(S(=O)(=O)N4CCN(CC)CC4)ccc3OCC)nn12.Cl,0,1141
CC(=O)c1ccc(S(=O)(=O)NC(=O)NC2CCCCC2)cc1,0,58
O=C(N[C@H]1CC=CC[C@H](CC(=O)N(CCO)Cc2ccccc2)C(=O)N[C@@H](Cc2c[nH]c3ccccc23)COC1=O)OCC1c2ccccc2-c2ccccc21,0,2517
O=C(N[C@H]1CC[C@@H](CC(=O)N2CCOCC2)O[C@H]1CO)c1ccc2c(c1)OCO2,0,1700
O=C(N[C@H]1CC[C@@H](CC(=O)N2CCOCC2)O[C@@H]1CO)c1ccc2c(c1)OCO2,0,1700
COCC(=O)N1C[C@H](C)[C@H](OC)CN(C)C(=O)c2cc(NC(=O)Nc3ccccc3)ccc2OC[C@H]1C,0,1604
COCC(=O)N1C[C@H](C)[C@@H](OC)CN(C)C(=O)c2cc(NC(=O)Nc3cccc(F)c3)ccc2OC[C@H]1C,0,1604
COCC(=O)N1C[C@@H](C)[C@H](OC)CN(C)C(=O)c2cc(NC(=O)Nc3ccccc3)ccc2OC[C@@H]1C,0,1604
Cc1cc([N+](=O)[O-])cnc1N1CCNCC1,0,1854
Cc1nc(N2CCN(C)CC2)ccc1N,0,1854
c1ccc(N2CCNCC2)nc1,0,1854
CC1=CC(=O)[N-]S(=O)(=O)O1.[K+],0,55
c1ccc(NC2CCCCC2)nc1,0,2498
COc1cccc(C(=O)c2ccccc2)c1,0,276
COc1ccc(C(=O)c2ccccc2O)c(O)c1,0,276
CC(C)OC(=O)C(C)(C)Oc1ccc(C(=O)c2ccc(Cl)cc2)cc1,0,276
CC(C)(Oc1ccc(C(=O)c2ccc(Cl)cc2)cc1)C(=O)O,0,276
COc1cc(O)cc(O)c1C(=O)c1ccccc1,1,276
CC(C(=O)O)c1cccc(C(=O)c2ccccc2)c1,0,276
COc1ccc(C(=O)c2ccc(C)cc2)c(O)c1,0,276
NC(=O)Cc1cccc(C(=O)c2ccccc2)c1N,0,276
COc1ccc(C(=O)c2ccccc2)c(O)c1,0,276
COc1cc(O)c(C(=O)c2ccccc2)cc1S(=O)(=O)O,0,276
NCCc1ccc(C(=O)c2ccccc2)cc1,0,276
CNC(=O)C[C@H]1CC[C@@H]2[C@H](COC[C@H](O)CN2C(=O)c2ccccn2)O1,0,2326
CNC(=O)C[C@@H]1CC[C@@H]2[C@H](COC[C@H](O)CN2C(=O)c2ccccn2)O1,0,2326
CNC(=O)C[C@@H]1CC[C@@H]2[C@H](COC[C@@H](O)CN2C(=O)c2ccccn2)O1,0,2326
NCCC[C@H](N)CC(=O)NC1CNC(=O)[C@H]([C@H]2C[C@H](O)NC(N)=N2)NC(=O)/C(=C/NC(N)=O)NC(=O)[C@H](CO)NC(=O)[C@H](CO)NC1=O.O=S(=O)(O)O,0,1153
CCCCCCCCCCCCCCCC[n+]1ccccc1.[Cl-],1,309
[O-][n+]1cccc(CO)c1,0,309
O=C(O)c1ccc[n+]([O-])c1,0,309
C[n+]1ccccc1C=NO.[Cl-],0,309
CS(=O)(=O)[O-].C[n+]1ccccc1/C=N/O,0,309
CN(C)C(=O)Oc1ccc[n+](C)c1.[Br-],0,309
C[n+]1cccc(C(=O)[O-])c1,0,309
C[C@@H](O)/C=C/c1cccc[n+]1C,0,309
CC(=O)N(C)CCc1ccc(C)[n+]([O-])c1,0,309
CC(C)(C)NC(=O)C[n+]1cccc(/C=N/O)c1,0,309
CCOC(=O)C[n+]1ccccc1C,0,309
CC(C)(C)C(=O)C[n+]1ccc(C(N)=O)cc1,0,309
NC(=O)NC(=O)C[n+]1ccc(/C=N/O)cc1,0,309
N=C(C[n+]1ccccc1)NO,0,309
C=CC[n+]1ccccc1/C=N/O,0,309
CN(C)C(=O)C[n+]1ccc(/C=N/O)cc1,0,309
C[C@@H]1[C@H]2C3=CCC4[C@@]5(C)C[C@@H](O)[C@H](O)[C@@](C)(CO)C5[C@H](O)C[C@@]4(C)[C@]3(C)CC[C@@]2(C(=O)O)CC[C@H]1C,1,729
CC(=O)N1CCC2(CCCN2)CC1,0,2638
Cc1cc(NC(=O)[C@@H]2CCCN2)no1,0,2711
NCC[C@@H](Cc1ccccc1)c1ccc2c(c1)OCO2,0,1201
Cc1nnsc1-c1onc(C)c1C(N)=O,0,2414
O=C(C[C@@H]1CC[C@@H]2[C@H](COC[C@H](O)CN2S(=O)(=O)c2cccc(Cl)c2)O1)N1CCOCC1,0,1753
O=C(C[C@@H]1CC[C@@H]2[C@H](COC[C@@H](O)CN2S(=O)(=O)c2ccccc2)O1)N1CCOCC1,0,1753
COc1cccc(S(=O)(=O)N2C[C@@H](O)COC[C@@H]3O[C@H](CC(=O)N4CCOCC4)CC[C@H]32)c1,0,1753
O=C(C[C@@H]1CC[C@@H]2[C@H](COC[C@H](O)CN2S(=O)(=O)c2ccccc2)O1)N1CCOCC1,0,1753
O=C(Nc1ccc(-c2ccccc2)cc1)[C@H]1C[C@@H]1c1ccccc1,0,1508
NC(CO)(CO)CO.O=C(c1ccccc1)c1ccc2n1CCC2C(=O)O,0,680
O=C(N[C@H]1CC[C@@H](CC(=O)N2CCOCC2)O[C@H]1CO)c1ccccn1,0,2021
O=C(N[C@H]1CC[C@H](CC(=O)N2CCOCC2)O[C@@H]1CO)c1ccc2c(c1)OCO2,0,2316
O=C(N[C@H]1CC[C@H](CC(=O)N2CCOCC2)O[C@H]1CO)c1ccc2c(c1)OCO2,0,2316
COCCOC(=O)N1C(=O)[C@@]2(c3cc(C#Cc4ccc(OC)cc4)ccc31)[C@H](c1ccccc1OCCO)N1[C@H](c3ccccc3)[C@H](c3ccccc3)OC(=O)[C@H]1[C@@H]2C(=O)N1CCc2cc(OC)c(OC)cc2C1,0,2491
COCCOC(=O)N1C(=O)[C@@]2(c3cc(C#Cc4ccc(OC)cc4)ccc31)[C@H](c1ccc(O)cc1)N1[C@H](c3ccccc3)[C@H](c3ccccc3)OC(=O)[C@H]1[C@@H]2C(=O)N1CCc2cc(OC)c(OC)cc2C1,0,2491
Cn1nc(C(=O)O)c2ccccc2c1=O,0,3553
CO[C@H]1CN(C)C(=O)c2ccc(NS(=O)(=O)c3ccccc3)cc2OC[C@@H](C)N(C(=O)NC(C)C)C[C@@H]1C,0,1685
CO[C@H]1CN(C)C(=O)c2ccc(NS(=O)(=O)c3ccccc3)cc2OC[C@H](C)N(C(=O)NC(C)C)C[C@H]1C,0,1685
NC(=S)c1cnc(-c2ccncc2)nc1N,0,3458
O=C(CN1CCOCC1)NCC[C@@H]1CC[C@@H](NS(=O)(=O)c2ccc(Cl)cc2)[C@H](CO)O1,0,1852
COc1ccc(S(=O)(=O)N[C@@H]2CC[C@@H](CCNC(=O)CN3CCOCC3)O[C@H]2CO)cc1,0,1852
Cc1ccc(S(=O)(=O)N[C@@H]2CC[C@@H](CCNC(=O)CN3CCOCC3)O[C@@H]2CO)cc1,0,1852
COc1ccc(S(=O)(=O)N[C@@H]2CC[C@@H](CCNC(=O)CN3CCOCC3)O[C@@H]2CO)cc1,0,1852
Cc1ccc(S(=O)(=O)N[C@@H]2CC[C@@H](CCNC(=O)CN3CCOCC3)O[C@H]2CO)cc1,0,1852
Cc1sccc1-c1csc(N)n1,0,1656
C[C@@H](CO)N1C[C@@H](C)[C@@H](CN(C)S(=O)(=O)c2ccc(F)cc2)Oc2ncc(C#CC3(O)CCCC3)cc2C1=O,0,2344
C[C@@H]1CN([C@H](C)CO)C(=O)c2cc(C#CC3(O)CCCC3)cnc2O[C@@H]1CN(C)S(=O)(=O)c1ccc(F)cc1,0,2344
C[C@H]1CN([C@H](C)CO)C(=O)c2cc(C#CC3(O)CCCC3)cnc2O[C@@H]1CN(C)S(=O)(=O)c1cccc(F)c1,0,2344
Cn1c(=O)c2c(ncn2CC(=O)O)n(C)c1=O,0,51
Cn1c(=O)c2[nH]cnc2n(C)c1=O.NCCN,0,51
Cn1c(=O)c2c(ncn2C)n(C)c1=O,0,51
Br.Cn1c(=O)c2c(ncn2C)n(C)c1=O,0,51
Cn1c(=O)c2c(ncn2CC(O)CO)n(C)c1=O,0,51
Cn1c(=O)c2[nH]c(Br)nc2n(C)c1=O,0,51
CC(=O)CCCCn1c(=O)c2c(ncn2C)n(C)c1=O,0,51
CC(O)Cn1cnc2c1c(=O)n(C)c(=O)n2C,0,51
Cn1cnc2c1c(=O)[nH]c(=O)n2C,0,51
Cn1c(=O)c2[nH]cnc2n(C)c1=O,0,51
Cn1c(=O)c2c(ncn2C[C@@H](O)CO)n(C)c1=O,0,51
C[C@@H](CCO)Nc1nc2c([nH]1)c(=O)n(C)c(=O)n2C,0,51
C[C@@H](O)Cn1cnc2c1c(=O)n(C)c(=O)n2C,0,51
CC[C@@H](C)NC(=O)Cn1cnc2c1c(=O)n(C)c(=O)n2C,0,51
Cn1c(=O)[nH]c(=O)c2[nH]cnc21,0,51
Cn1c(=O)c2c(nc(NCCN)n2C)n(C)c1=O,0,51
Cn1c(=O)c2c(nc(SCC(=O)NC(C)(C)C)n2C)n(C)c1=O,0,51
C=CCn1c(=O)c2c(nc(NCCO)n2C)n(C)c1=O,0,51
C=CCn1cnc2c1c(=O)[nH]c(=O)n2C,0,51
COCCc1nc2c(c(=O)n(C)c(=O)n2C)n1C,0,51
CCCn1c(N)nc2c1c(=O)n(C)c(=O)n2C,0,51
CCn1c(Cl)nc2c1c(=O)n(C)c(=O)n2C,0,51
COCCc1nc2c([nH]1)c(=O)n(C)c(=O)n2C,0,51
Cn1c(=O)[nH]c2nc[nH]c2c1=O,0,51
Cn1c(=O)c2c(nc(S(C)(=O)=O)n2C)n(C)c1=O,0,51
C=Cn1cnc2c1c(=O)n(C)c(=O)n2C,0,51
Cn1c(=O)c2c(ncn2CCCN)n(C)c1=O,0,51
CN(C)c1nc2c([nH]1)c(=O)[nH]c(=O)n2C,0,51
CCOCCCNc1nc2c([nH]1)c(=O)n(C)c(=O)n2C,0,51
CC(C)Cn1c(=O)n(C)c(=O)c2[nH]cnc21,0,51
CCCCn1c(SCC(N)=O)nc2c1c(=O)n(C)c(=O)n2C,0,51
COC(=O)Cn1c(Cl)nc2c1c(=O)n(C)c(=O)n2C,0,51
COCCNCCn1cnc2c1c(=O)[nH]c(=O)n2C,0,51
CC(=NNC(=O)c1nnn(-c2nonc2N)c1CN1CCC(C)CC1)c1cccc(Br)c1,0,2191
CC(=O)O[C@@]1(C)C[C@@H](O)[C@@H]2C=CO[C@@H](O[C@@H]3O[C@H](CO)[C@@H](O)[C@H](O)[C@H]3O)[C@@H]21,0,2713
COC(=O)C1=CO[C@@H](O[C@@H]2O[C@H](CO)[C@@H](O)[C@H](O)[C@H]2O)[C@H]2[C@@H]1[C@H](OC(C)=O)C[C@]2(C)OC(C)=O,0,2713
COc1cc2nc(N(C)CCCNC(=O)C3CCCO3)nc(N)c2cc1OC.Cl,0,77
C[N+](C)(C)CCO.Cn1c(=O)c2[n-]cnc2n(C)c1=O,0,854
O=C(CN1C(=O)CSC1=O)N1CCCC1,0,2158
Cn1cnc(S(=O)(=O)N[C@H]2C=C[C@H](CC(=O)N3CCN(c4ccccc4)CC3)O[C@@H]2CO)c1,0,2451
COc1cc([C@@H]2c3cc4c(cc3[C@H](O)[C@H]3COC(=O)[C@@H]23)OCO4)cc(OC)c1OC,0,894
NC(=O)Cn1cnc2sc3c(c2c1=O)CCC3,0,3555
COc1c2ccccc2nc2occc12,0,442
COc1c2ccoc2nc2c(OC)c(OCC(O)C(C)(C)O)ccc12,0,442
COC(=O)C1=C(C)NC(C)=C(C(=O)OC)C1,0,3238
COc1ccccc1-c1ccc2c(c1)O[C@@H](CN(C)C(=O)c1cccnc1)[C@H](C)CN([C@@H](C)CO)S2(=O)=O,0,1883
COc1ccccc1-c1ccc2c(c1)O[C@@H](CN(C)C(=O)c1cccnc1)[C@@H](C)CN([C@H](C)CO)S2(=O)=O,0,1883
C[C@@H](CO)N1C[C@@H](C)[C@H](CN(C)C(=O)c2cccnc2)Oc2cc(-c3cccc(C#N)c3)ccc2S1(=O)=O,0,1883
C[C@H]1[C@H]([Si](C)(C)F)[C@@H](CC(=O)N(CCO)Cc2ccccc2)O[C@]12C(=O)N(c1ccccc1)c1ccccc12,0,2604
Cc1ccccc1S(=O)(=O)N1C[C@H](O)COC[C@H]2O[C@H](CC(=O)N3CCN(C)CC3)CC[C@@H]21,0,1963
CN1CCN(C(=O)C[C@@H]2CC[C@H]3[C@@H](COC[C@@H](O)CN3S(=O)(=O)c3cccc(F)c3)O2)CC1,0,1963
COc1cccc(S(=O)(=O)N2C[C@H](O)COC[C@H]3O[C@H](CC(=O)N4CCN(C)CC4)CC[C@@H]32)c1,0,1963
Cc1cccc(S(=O)(=O)N2C[C@@H](O)COC[C@H]3O[C@H](CC(=O)N4CCN(C)CC4)CC[C@@H]32)c1,0,1963
Cc1ccccc1S(=O)(=O)N1C[C@@H](O)COC[C@H]2O[C@H](CC(=O)N3CCN(C)CC3)CC[C@@H]21,0,1963
Cc1cccc(S(=O)(=O)N2C[C@H](O)COC[C@H]3O[C@H](CC(=O)N4CCN(C)CC4)CC[C@@H]32)c1,0,1963
C[N+](C)(C)CCCCNC(=O)[C@@H]1C[C@@H]2C(=O)N3CCC[C@H]3C(=O)N2[C@@H]1c1cccc(OCCO)c1,0,3628
CCN1CCCC(OC(=O)C(c2ccccc2)c2ccccc2)C1.Cl,0,905
COc1ccc([C@@H]([C@H](Cc2ccccc2)OC(C)=O)N2C[C@H]3[C@@H]([C@@H](O)c4ccccc4)ON(C)[C@H]3[C@@H]2Cc2ccccc2)cc1,0,1266
O=C(CN1CCOCC1)N[C@@H]1CC[C@@H](CCNC(=O)C2CCC2)O[C@H]1CO,0,1980
CCCCOc1ccc(C(=O)CCN2CCCCC2)cc1.Cl,0,493
Cc1ccc(C(=O)C(C)CN2CCCCC2)cc1.Cl,0,493
CS(=O)(=O)CS(=O)(=O)C1=C(N2CCOCC2)C2CCN1CC2,0,2147
C[C@@H](CO)N1C[C@@H](C)[C@H](CN(C)C(=O)c2ccncc2)Oc2cc(C#CC3(O)CCCC3)ccc2S1(=O)=O,0,3506
CN1CCC(=C2c3ccccc3CC(=O)c3sccc32)CC1.O=C(O)/C=C/C(=O)O,0,681
CCOC(=O)C1CCN(c2cn[nH]c(=O)n2)CC1,0,3203
COc1ccc(NC(=O)N2C[C@H](O)COC[C@H]3O[C@@H](CC(=O)NCc4ccccc4OC)CC[C@@H]32)cc1,0,1724
COc1ccccc1CNC(=O)C[C@H]1CC[C@H]2[C@@H](COC[C@H](O)CN2C(=O)Nc2ccc(F)cc2)O1,0,1724
COc1cccc(NC(=O)N2C[C@@H](O)COC[C@H]3O[C@@H](CC(=O)NCc4ccccc4F)CC[C@@H]32)c1,0,1724
COc1ccc(NC(=O)N2C[C@@H](O)COC[C@H]3O[C@@H](CC(=O)NCc4ccccc4OC)CC[C@@H]32)cc1,0,1724
COc1ccccc1CNC(=O)C[C@H]1CC[C@H]2[C@@H](COC[C@@H](O)CN2C(=O)Nc2ccc(Cl)cc2)O1,0,1724
COc1cccc(NC(=O)N2C[C@H](O)COC[C@H]3O[C@@H](CC(=O)NCc4ccccc4F)CC[C@@H]32)c1,1,1724
O=C(C[C@H]1CC[C@H]2[C@@H](COC[C@@H](O)CN2C(=O)Nc2cccc(F)c2)O1)NCc1ccccc1Cl,0,1724
COc1ccccc1CNC(=O)C[C@H]1CC[C@H]2[C@@H](COC[C@H](O)CN2C(=O)Nc2ccc(Cl)cc2)O1,0,1724
CCOC(=O)[C@H]1C/C=C/C[C@H](C(=O)OCC)C(=O)O[C@H]2[C@@H](OC)O[C@H](CO)[C@@H](OC(=O)Nc3ccc(OC)cc3)[C@@H]2OC1=O,0,3383
O=C(O)C[C@H]1NC(=O)c2ccccc21,0,1327
COC(=O)c1c2oc(c1C(=O)OC)C(=O)N[C@H](Cc1ccccc1)Cn1cc(nn1)[C@@H](Cc1ccccc1)NC(=O)N[C@@H](CO)CC2,0,2086
NCC[C@@H]1CC[C@@H](NC(=O)NC2CCCCC2)[C@@H](CO)O1,0,2579
NCC[C@H]1CC[C@@H](NC(=O)NC2CCCCC2)[C@H](CO)O1,0,2579
NCC[C@@H]1CC[C@@H](NC(=O)NC2CCCCC2)[C@H](CO)O1,0,2579
NCC[C@H]1CC[C@@H](NC(=O)NC2CCCCC2)[C@@H](CO)O1,0,2579
Brc1ccc(-c2cc3n(c2)CCc2ccccc2-3)cc1,0,2294
O=C(N[C@@H]1C=C[C@H](CC(=O)N2CCOCC2)O[C@@H]1CO)c1ccccn1,0,2937
O=C(N[C@@H]1C=C[C@H](CC(=O)N2CCOCC2)O[C@H]1CO)c1ccccn1,0,2937
c1ccc2c([C@@H]3CCCN3)cccc2c1,0,1487
CCc1ccc(Nc2c3c(nc4ccccc24)CCC3)cc1,1,1915
CC(=O)O[C@H]1C(=O)[C@@]2(C)C([C@H](OC(=O)c3ccccc3)[C@]3(O)C[C@H](O)C(C)=C1C3(C)C)[C@]1(OC(C)=O)CO[C@@H]1C[C@@H]2O,0,177
O=C1COC[C@@H](c2ccccc2)N1,0,1757
N[C@H]1CS[C@@H](CCCCC(=O)O)[C@@H]1N,0,1212
C#C[C@]1(O)CCC2C3CCc4cc(OC5CCCC5)ccc4C3CC[C@@]21C,0,956
O=S(=O)(N1CCOCC1)n1nnc2ccccc21,0,2422
c1coc(CNc2ncnc3[nH]cnc23)c1,0,684
O=C(O)c1ccc(CNc2cn[nH]c(=O)n2)cc1,0,3090
C[C@@H]1CN([C@H](C)CO)S(=O)(=O)c2ccc(C#Cc3ccccn3)cc2O[C@@H]1CN(C)Cc1ccccc1,0,2706
C[C@H]1CN([C@@H](C)CO)S(=O)(=O)c2ccc(C#Cc3ccccn3)cc2O[C@@H]1CN(C)Cc1ccccc1,0,2706
C[C@H]1CN([C@H](C)CO)S(=O)(=O)c2ccc(C#Cc3ccccn3)cc2O[C@@H]1CN(C)Cc1ccccc1,0,2706
C=CCOc1ccc(CNn2nnnc2N)cc1,0,3483
O=c1nc[nH]c2c1ncn2[C@H]1CC[C@@H](CO)O1,0,3697
O=C(N[C@@H]1CC[C@@H](CCNS(=O)(=O)c2ccc(F)cc2)O[C@H]1CO)C1CC1,0,2867
O=C(N[C@@H]1CC[C@@H](CCNS(=O)(=O)c2ccc(F)cc2)O[C@@H]1CO)C1CC1,0,2867
c1cc(CNCCN2CCOCC2)ccn1,0,2819
COc1ccc([Si](C)(C)[C@H]2[C@H](CC(=O)N3Cc4ccccc4C[C@H]3CO)O[C@@]3(C(=O)N(Cc4cccc(N5C(=O)c6cccc7cccc5c67)c4)c4ccccc43)[C@@H]2C)cc1,0,3231
C[C@@H](CO)N1C[C@@H](C)[C@@H](CN(C)C(=O)Cc2cccnc2)Oc2cc(-c3cncnc3)ccc2S1(=O)=O,0,2850
COc1ccc(CCNC(=O)c2cc3c(=O)n4cccc(C)c4nc3n(CCCN3CCOCC3)c2=N)cc1,0,3092
CCCCCCCCCCNCCC.CCCN.CCCNCCCCCC[N+](C)(C)C.ClCC1CO1,0,367
CC1OC1P(=O)([O-])[O-].[Ca+2],0,367
N#Cc1cc(F)cc(Oc2ccc(S(=O)(=O)C(F)F)c3c2CC(F)(F)[C@@H]3O)c1.N#Cc1cc(F)cc(Oc2ccc(S(=O)(=O)C(F)F)c3c2CC(F)(F)[C@H]3O)c1,0,3726
C[N+](C)(C)CCCCNC(=O)[C@H]1C[C@H]2C(=O)N[C@@H](Cc3ccccc3)C(=O)N2[C@H]1c1cccc(OCCO)c1,0,3586
CN(C)CCCCNC(=O)[C@H]1C[C@H]2C(=O)N[C@@H](Cc3ccccc3)C(=O)N2[C@H]1c1cccc(OCCO)c1,0,3586
Cc1ccc(S(=O)(=O)N(C)C[C@H]2Oc3cc(C#Cc4ccccc4)ccc3S(=O)(=O)N([C@H](C)CO)C[C@@H]2C)cc1,0,1843
COc1ccc(C#Cc2ccc3c(c2)O[C@H](CN(C)S(=O)(=O)c2ccccc2F)[C@H](C)CN([C@H](C)CO)S3(=O)=O)cc1,0,1843
C[C@@H](CO)N1C[C@@H](C)[C@@H](CN(C)S(=O)(=O)c2ccccc2F)Oc2cc(C#Cc3cccc(F)c3)ccc2S1(=O)=O,0,1843
C[C@@H](CO)N1C[C@@H](C)[C@@H](CN(C)S(=O)(=O)c2ccc(F)cc2)Oc2cc(C#Cc3ccc(F)cc3)ccc2S1(=O)=O,0,1843
C[C@H]1CN([C@@H](C)CO)S(=O)(=O)c2ccc(C#Cc3cccc(F)c3)cc2O[C@@H]1CN(C)S(=O)(=O)c1ccccc1F,0,1843
C[C@H]1CN([C@H](C)CO)S(=O)(=O)c2ccc(C#Cc3cccc(F)c3)cc2O[C@@H]1CN(C)S(=O)(=O)c1ccccc1F,0,1843
C[C@H]1CN([C@@H](C)CO)S(=O)(=O)c2ccc(C#Cc3ccccc3)cc2O[C@@H]1CN(C)S(=O)(=O)c1ccccc1F,0,1843
COc1cccc(C#Cc2ccc3c(c2)O[C@H](CN(C)S(=O)(=O)c2ccccc2F)[C@@H](C)CN([C@@H](C)CO)S3(=O)=O)c1,0,1843
COc1cccc(C#Cc2ccc3c(c2)O[C@H](CN(C)S(=O)(=O)c2ccccc2F)[C@H](C)CN([C@H](C)CO)S3(=O)=O)c1,0,1843
C[C@@H]1CN([C@H](C)CO)S(=O)(=O)c2ccc(C#Cc3ccc(F)cc3)cc2O[C@@H]1CN(C)S(=O)(=O)c1ccc(F)cc1,0,1843
Cc1ccc(S(=O)(=O)N(C)C[C@H]2Oc3cc(C#Cc4ccccc4)ccc3S(=O)(=O)N([C@@H](C)CO)C[C@H]2C)cc1,0,1843
Cc1ccc(S(=O)(=O)NC(=O)NN2CCCCCC2)cc1,0,1098
COc1cc2c(cc1OC)CN(C(=O)[C@H]1[C@@H]3C(=O)O[C@@H](c4ccccc4)[C@@H](c4ccccc4)N3[C@@H](c3ccc(O)cc3)[C@]13C(=O)Nc1ccc(C#CC4=CCCCC4)cc13)CC2,0,2528
COCCOC(=O)N1C(=O)[C@@]2(c3cc(C#CC4=CCCCC4)ccc31)[C@H](c1ccc(OCCO)cc1)N1[C@H](c3ccccc3)[C@H](c3ccccc3)OC(=O)[C@H]1[C@@H]2C(=O)N1CCc2cc(OC)c(OC)cc2C1,0,2528
N=C(N)Nc1nc(=O)c2ccccc2s1,0,3680
C[C@@H](CO)N1C[C@@H](C)[C@H](CN(C)C(=O)Nc2cc(F)ccc2F)Oc2cc(/C=C/c3ccccc3)ccc2S1(=O)=O,0,3050
CCN(CCCCOC(=O)c1ccc(OC)c(OC)c1)C(C)Cc1ccc(OC)cc1.Cl,0,735
Cc1ccc(NC2=CC(=O)C[C@H](c3ccc(Cl)cc3)C2)cc1,0,1185
CC1(C)O[C@@H]2CC3C4CCC5=CC(=O)CCC5(C)C4(F)C(O)CC3(C)[C@]2(C(=O)CCl)O1,0,614
CCCc1cc(=O)[nH]c(=S)[nH]1,0,934
COC(=O)Cc1c(C)[nH]c(=S)[nH]c1=O,0,934
Cc1cc(=O)[nH]c(=S)[nH]1,0,934
CCc1[nH]c(=S)[nH]c(=O)c1C#N,0,934
COC(=O)CCc1c(C)[nH]c(=S)[nH]c1=O,0,934
CCOC(=O)c1c[nH]c(=S)[nH]c1=O,0,934
C/C=C(/C)C(=O)O[C@@H]1[C@H](OC(C)=O)[C@@]2(CO)C(CC1(C)C)C1=CCC3[C@@]4(C)CC[C@H](O[C@@H]5O[C@H](C(=O)O)[C@@H](O[C@@H]6O[C@H](CO)[C@@H](O)[C@H](O)[C@H]6O)[C@H](O)[C@H]5O[C@@H]5O[C@H](CO)[C@@H](O)[C@H](O)[C@H]5O)[C@](C)(CO)C4CC[C@@]3(C)[C@]1(C)C[C@H]2O,0,524
Cl.NC1=NCC2c3ccccc3Cc3ccccc3N12,0,515
Cc1ccc(S(=O)(=O)NCC[C@H]2CC[C@H](NS(=O)(=O)c3ccccc3Cl)[C@@H](CO)O2)cc1,0,3216
Cc1ccc(S(=O)(=O)NCC[C@H]2CC[C@H](NS(=O)(=O)c3ccccc3Cl)[C@H](CO)O2)cc1,0,3216
O=S(=O)(NCC[C@H]1CC[C@H](NS(=O)(=O)c2cccc(Cl)c2)[C@H](CO)O1)c1cccc(F)c1,0,3216
O=S(=O)(NCC[C@H]1CC[C@H](NS(=O)(=O)c2cccc(Cl)c2)[C@@H](CO)O1)c1cccc(F)c1,0,3216
Nc1nonc1C(=O)N1CCCCC1,0,3286
C[C@H]1CC[C@@H](C)N1c1cc(C(F)(F)F)cc(C(F)(F)F)c1,0,1393
O=C([O-])C1=C(CSc2nnnn2CS(=O)(=O)[O-])CS[C@@H]2C(NC(=O)[C@H](O)c3ccccc3)C(=O)N12.[Na+].[Na+],0,288
CC(=O)NCCSS(C)(=O)=O.CN(C)c1ccc2c(-c3ccccc3C(=O)O)c3ccc(N(C)C)cc3[o+]c2c1,0,3722
c1cnc(N2CC[N+]3(CCCC3)CC2)nc1,0,3519
O=C1CSC(=Nc2nccs2)N1,0,3079
Cc1ccc(NC(=O)Cc2coc3ccc(C(C)C)cc23)cc1,1,1785
CCc1ccc(NC(=O)Cc2coc3ccc(C(C)C)cc23)cc1,0,1785
COc1ccc(COC[C@]23N=C4SCc5ccccc5C(=O)N4[C@H](c4ccccc4O2)[C@H]3COC(=O)c2ccccc2)cc1,0,2822
O=C(N[C@H]1C=C[C@H](CC(=O)N2CCOCC2)O[C@@H]1CO)c1ccccn1,0,2831
O=C(N[C@H]1C=C[C@H](CC(=O)N2CCOCC2)O[C@H]1CO)c1ccccn1,0,2831
CC(C)COCC(CN(Cc1ccccc1)c1ccccc1)N1CCCC1.Cl,0,199
COc1cc2c(=O)c(-c3ccc4c(c3)OCO4)coc2c2c1OC(C)(C)C=C2,0,492
C/C=C1/C[C@@H](C)[C@](O)(CO)C(=O)OCC2=CCN3CC[C@@H](OC1=O)[C@@H]23,0,970
COc1ccc(C#Cc2cnc3c(c2)C(=O)N([C@H](C)CO)C[C@@H](C)[C@@H](CN(C)C(=O)CN(C)C)O3)cc1,0,1562
COc1ccc(C#Cc2cnc3c(c2)C(=O)N([C@@H](C)CO)C[C@@H](C)[C@H](CN(C)C(=O)CN(C)C)O3)cc1,0,1562
Cc1cc(=O)oc2cc(O[C@H]3O[C@@H](CO)[C@@H](O)[C@@H](O)[C@@H]3O)ccc12,0,1236
COC(=O)[C@]1(C)CCC[C@]2(C)c3ccc(C(C)C)cc3C(=O)CC21,0,39
COc1cccc(NC(=O)N[C@H]2CC[C@@H](CC(=O)N3CCN(C)CC3)O[C@@H]2CO)c1,0,2262
c1ccc(Nc2nc(-c3ccccc3)nc3ccccc23)cc1,0,2803
O=C(C[C@@H]1CC=CC[C@H](NC(=O)OCC2c3ccccc3-c3ccccc32)C(=O)O[C@H](c2ccccc2)CNC1=O)N[C@H](CO)Cc1ccccc1,1,2434
O=C(C[C@@H]1CC=CC[C@H](NC(=O)OCC2c3ccccc3-c3ccccc32)C(=O)O[C@H](c2ccccc2)CNC1=O)N[C@@H](CO)Cc1ccccc1,0,2434
Cc1ccc(/C(=C\CN2CCCC2)c2ccccn2)cc1.Cl,0,1121
O=C(OC1CC2CCC(C1)[N+]21CCCC1)C(O)(c1ccccc1)c1ccccc1.[Cl-],0,1128
COc1cccc(S(=O)(=O)N[C@@H]2CC[C@H](CC(=O)NC3CCC3)O[C@H]2CO)c1,0,3078
O=C(C[C@@H]1CC[C@@H]2[C@H](COC[C@H](O)CN2S(=O)(=O)c2ccc(F)cc2)O1)N[C@@H]1CCN(Cc2ccccc2)C1,0,2565
O=C(C[C@@H]1CC[C@@H]2[C@H](COC[C@@H](O)CN2S(=O)(=O)c2ccc(Cl)cc2)O1)N[C@@H]1CCN(Cc2ccccc2)C1,0,2565
O=C(C[C@@H]1CC[C@@H]2[C@H](COC[C@H](O)CN2S(=O)(=O)c2ccccc2)O1)N[C@@H]1CCN(Cc2ccccc2)C1,0,2565
O=C(C[C@@H]1CC[C@@H]2[C@H](COC[C@H](O)CN2S(=O)(=O)c2ccc(Cl)cc2)O1)N[C@@H]1CCN(Cc2ccccc2)C1,0,2565
CN1CCC[C@@H](CC2c3ccccc3Sc3ccccc32)C1,1,1612
Cn1nnc2cc(C(=O)NC3CC3)ccc21,0,2468
O=C([O-])c1cc(=O)c2c(OCC(O)COc3cccc4oc(C(=O)[O-])cc(=O)c34)cccc2o1.[Na+].[Na+],0,379
COc1cccc(S(=O)(=O)N[C@H]2CC[C@@H](CC(=O)NC3CCC3)O[C@@H]2CO)c1,0,2230
CC1=Nc2ccc(Cl)cc2S(=O)(=O)N1,0,439
NS(=O)(=O)c1cc2c(cc1Cl)N=CNS2(=O)=O,0,439
COc1ccc([Si](C)(C)[C@@H]2[C@@H](CCn3cc([C@H](O)c4ccccc4)nn3)O[C@]3(C(=O)N(C)c4c(Br)cc(C)cc43)[C@H]2C)cc1,0,2729
N[C@@H]1CC[C@@H](CCn2cc(-c3ccccn3)nn2)O[C@H]1CO,0,2424
C/C(C[P+](c1ccccc1)(c1ccccc1)c1ccccc1)=N\NC(=O)CCCCCCC(=O)Nc1ccccc1O,0,3629
CC1(C)C(=O)[C@@H]2C[C@@]3(O)C4=CC(=O)O[C@@H](c5ccoc5)[C@]4(C)CCC3[C@](C)(C2=O)[C@H]1CC(=O)O,0,40
COC(=O)C[C@H]1C(C)(C)C(=O)[C@@H]2CC3C4=CC(=O)O[C@@H](c5ccoc5)[C@]4(C)CCC3[C@@]1(C)C2=O,0,40
O=c1[nH]ccn(-c2ccccc2)c1=O,0,3524
CCCCC1C(=O)NC(=S)NC1=O,1,3064
COC(=O)c1c2oc(c1C(=O)OC)C(=O)N[C@H](Cc1ccccc1)Cn1cc(nn1)[C@@H](Cc1ccccc1)NC(=O)N[C@@H](COC(=O)NCCCCCC(=O)NO)CCc1oc(c(C(=O)OC)c1C(=O)OC)C(=O)N[C@H](Cc1ccccc1)Cn1cc(nn1)[C@@H](Cc1ccccc1)NC(=O)N[C@@H](COC(=O)NCCCCCC(=O)NO)CC2,0,3361
COc1cccc(S(=O)(=O)N2C[C@H](O)COC[C@@H]3O[C@@H](CC(=O)N4CCN(C)CC4)CC[C@H]32)c1,0,1821
CN1CCN(C(=O)C[C@H]2CC[C@@H]3[C@H](COC[C@H](O)CN3S(=O)(=O)c3cccc(F)c3)O2)CC1,0,1821
CN1CCN(C(=O)C[C@H]2CC[C@@H]3[C@H](COC[C@@H](O)CN3S(=O)(=O)c3cccc(Cl)c3)O2)CC1,0,1821
COc1cccc(S(=O)(=O)N2C[C@@H](O)COC[C@@H]3O[C@@H](CC(=O)N4CCN(C)CC4)CC[C@H]32)c1,0,1821
CC(=O)OCC(=O)[C@@]1(O)CCC2C3CC[C@@H]4C[C@H](O)CC[C@]4(C)C3C(=O)C[C@@]21C,0,1074
Nc1nc2cc(Cl)ccc2o1,0,1169
CN(C)c1nc2cc(Cl)ccc2o1,0,1169
C[n+]1c2cc(N)ccc2cc2ccc(N)cc21.[Cl-],1,63
O=C(C[C@H]1C[C@H]2c3cc(NC(=O)Cc4ccncc4)ccc3O[C@H]2[C@H](CO)O1)NCCN1CCCCC1,0,3659
CC1(C)C=Cc2c(c3c(c4c(=O)c(-c5ccc(O)cc5)coc24)OC(C)(C)CC3)O1,0,662
CC1(C)C=Cc2c(c3c(c4c(=O)c(-c5ccc(O)c(O)c5)coc24)OC(C)(C)CC3)O1,0,662
O=C(C[C@H]1CC[C@H]2[C@@H](COC[C@@H](O)CN2S(=O)(=O)c2ccc(Oc3ccccc3)cc2)O1)NCCN1CCCCC1,0,2471
O=C(Nc1ccccc1)c1ccco1,0,1589
Cn1cnc(S(=O)(=O)N[C@H]2C=C[C@@H](CC(=O)N3CCN(c4ccccc4)CC3)O[C@H]2CO)c1,0,2653
CCOC(=O)C1=C(C)NC(=O)N[C@@H]1C,0,1295
COc1ccc2c(c1)/C(=N\O)C(=O)N2,0,3112
Cl.Cl.N=C(NCCCCCCNC(=N)NC(=N)Nc1ccc(Cl)cc1)NC(=N)Nc1ccc(Cl)cc1,1,313
CC(C)CC#Cc1ccc2c(c1)O[C@@H](CN(C)C(=O)Cc1ccncc1)[C@@H](C)CN([C@@H](C)CO)S2(=O)=O,0,3569
CCOc1ccc(CO[C@@H]2O[C@H](CO)[C@@H](O)[C@H](O)[C@H]2NC(C)=O)cc1OC,0,3327
CSC1=NN1c1cc(C)nc(N)n1,0,1837
CC1O[C@@H](Oc2c(-c3ccc(O)c(O)c3)oc3cc(O)cc(O)c3c2=O)[C@H](O)[C@H](O)[C@H]1O,0,954
O=C(O)[C@H]1O[C@@H](Oc2c(-c3ccc(O)cc3)oc3cc(O)cc(O)c3c2=O)[C@H](O)[C@@H](O)[C@@H]1O,0,954
O=c1c(O[C@@H]2O[C@H](CO)[C@H](O)[C@H](O)[C@H]2O)c(-c2ccc(O)c(O)c2)oc2cc(O)cc(O)c12,0,954
O=C(C[C@@H]1CC[C@@H]2[C@H](COC[C@@H](O)CN2C(=O)Nc2ccc(Cl)c(Cl)c2)O1)NCc1ccncc1,0,2694
COCC(=O)N1C[C@H](C)[C@@H](OC)CN(C)C(=O)c2ccc(NC(=O)Nc3cccc(F)c3)cc2OC[C@H]1C,0,1776
COCC(=O)N1C[C@@H](C)[C@H](OC)CN(C)C(=O)c2ccc(NC(=O)Nc3cccc(F)c3)cc2OC[C@@H]1C,0,1776
CO[C@@H]1CN(C)C(=O)c2ccc(NC(=O)Nc3ccccc3)cc2OC[C@@H](C)N(C(=O)CN(C)C)C[C@@H]1C,0,1776
COCC(=O)N1C[C@@H](C)[C@@H](OC)CN(C)C(=O)c2ccc(NC(=O)Nc3cccc(F)c3)cc2OC[C@H]1C,0,1776
CO[C@@H]1CN(C)C(=O)c2ccc(NC(=O)Nc3ccccc3)cc2OC[C@H](C)N(C(=O)CN(C)C)C[C@@H]1C,0,1776
COCC(=O)N1C[C@@H](C)[C@@H](OC)CN(C)C(=O)c2ccc(NC(=O)Nc3ccccc3)cc2OC[C@H]1C,0,1776
CO[C@H]1CN(C)C(=O)c2ccc(NC(=O)Nc3ccccc3)cc2OC[C@@H](C)N(C(=O)CN(C)C)C[C@@H]1C,0,1776
COCC(=O)N1C[C@H](C)[C@H](OC)CN(C)C(=O)c2ccc(NC(=O)Nc3cccc(F)c3)cc2OC[C@H]1C,0,1776
CO[C@@H]1CN(C)C(=O)c2ccc(NC(=O)Nc3ccccc3)cc2OC[C@H](C)N(C(=O)CN(C)C)C[C@H]1C,0,1776
CO[C@H]1CN(C)C(=O)c2ccc(NC(=O)Nc3ccccc3)cc2OC[C@H](C)N(C(=O)CN(C)C)C[C@H]1C,0,1776
C[C@@H]1CN([C@H](C)CO)C(=O)c2ccccc2-c2ccccc2CO[C@@H]1CN(C)S(=O)(=O)c1ccc(C(F)(F)F)cc1,0,2289
Cc1cccc(NC(=O)Nc2ccc3c(c2)C(=O)N(C)[C@@H]2CC[C@@H](CC(=O)NCc4ccccc4Cl)O[C@H]2CO3)c1,0,2103
CC(COc1ccc(Oc2ccccc2)cc1)Oc1ccccn1,0,947
CCC(=O)Nc1ccc2c(c1)OC[C@H](C)N(C(=O)CN1CCOCC1)C[C@@H](C)[C@H](OC)CN(C)C2=O,0,1672
CCC(=O)Nc1ccc2c(c1)C(=O)N(C)C[C@@H](OC)[C@@H](C)CN(C(=O)CN1CCOCC1)[C@H](C)CO2,0,1672
CCC(=O)Nc1ccc2c(c1)C(=O)N(C)C[C@@H](OC)[C@@H](C)CN(C(=O)CN1CCOCC1)[C@@H](C)CO2,0,1672
CCC(=O)Nc1ccc2c(c1)OC[C@H](C)N(C(=O)CN1CCOCC1)C[C@H](C)[C@@H](OC)CN(C)C2=O,0,1672
CO[C@H]1CN(C)C(=O)c2cc(NC(=O)C3CCOCC3)ccc2OC[C@@H](C)N(Cc2cccnc2)C[C@H]1C,0,2109
CO[C@H]1CN(C)C(=O)c2cc(NC(=O)C3CCOCC3)ccc2OC[C@@H](C)N(Cc2cccnc2)C[C@@H]1C,0,2109
CO[C@@H]1CN(C)C(=O)c2cc(NC(=O)C3CCOCC3)ccc2OC[C@H](C)N(Cc2cccnc2)C[C@H]1C,0,2109
CC(C)NCC(O)COc1cccc2[nH]c3ccccc3c12,0,262
CC(C(=O)O)c1ccc2c(c1)[nH]c1ccc(Cl)cc12,0,262
CCn1c2ccc(Cl)cc2c2cc(Cl)ccc21,0,262
Cc1ccc(NC2C(=O)NC(=O)N2N)cc1,0,3704
O=C(C[C@H]1C[C@@H]2c3cc(NC(=O)C4CCOCC4)ccc3O[C@@H]2[C@@H](CO)O1)NCCN1CCCCC1,0,3303
C[C@H]1CN([C@H](C)CO)S(=O)(=O)c2ccc(C3=CCCCC3)cc2O[C@H]1CN(C)Cc1cncnc1,1,2507
O=C(NCC(=O)N1CCOCC1)c1ccccc1,0,3309
O=c1[nH]c2ccsc2c(=O)n1CCO,0,2808
C(=C/[C@@H]1Nc2ccccc2-c2nc3ccccc3n21)\c1ccccc1,0,1332
O=C(C[C@H]1CC[C@@H]2[C@H](COC[C@H](O)CN2C(=O)C2CC2)O1)NCc1ccncc1,0,2675
O=C(C[C@H]1CC[C@@H](NC(=O)CN2CCOCC2)[C@@H](CO)O1)NC1CCC1,0,2410
O=C(C[C@H]1CC[C@@H](NC(=O)CN2CCOCC2)[C@H](CO)O1)NC1CCC1,0,2410
C[C@H]1CN([C@@H](C)CO)S(=O)(=O)c2ccc(C#C[C@@H](C)O)cc2O[C@@H]1CN(C)C(=O)Nc1ccccc1,0,2503
COc1ccc(NC(=O)N(C)C[C@H]2Oc3cc(C#CCN(C)C)ccc3S(=O)(=O)N([C@H](C)CO)C[C@@H]2C)cc1,0,2503
COCC#Cc1ccc2c(c1)O[C@H](CN(C)C(=O)Nc1ccccc1F)[C@@H](C)CN([C@@H](C)CO)S2(=O)=O,0,2503
COc1ccccc1NC(=O)N(C)C[C@H]1Oc2cc(Br)ccc2S(=O)(=O)N([C@H](C)CO)C[C@@H]1C,0,2503
COc1ccc(NC(=O)N(C)C[C@H]2Oc3cc(C#CCN(C)C)ccc3S(=O)(=O)N([C@H](C)CO)C[C@H]2C)cc1,0,2503
C[C@H]1CN([C@H](C)CO)S(=O)(=O)c2ccc(C#CCN(C)C)cc2O[C@@H]1CN(C)C(=O)Nc1ccccc1F,0,2503
C[C@H](O)C#Cc1ccc2c(c1)O[C@H](CN(C)C(=O)Nc1ccccc1)[C@@H](C)CN([C@H](C)CO)S2(=O)=O,0,2503
C[C@H]1CN([C@@H](C)CO)S(=O)(=O)c2ccc(C#CCN(C)C)cc2O[C@@H]1CN(C)C(=O)Nc1ccccc1F,0,2503
C[C@H](O)C#Cc1ccc2c(c1)O[C@H](CN(C)C(=O)Nc1ccccc1)[C@H](C)CN([C@H](C)CO)S2(=O)=O,0,2503
C[C@H](O)C#Cc1ccc2c(c1)O[C@H](CN(C)C(=O)Nc1ccccc1)[C@H](C)CN([C@@H](C)CO)S2(=O)=O,0,2503
COc1ccccc1NC(=O)N(C)C[C@H]1Oc2cc(Br)ccc2S(=O)(=O)N([C@@H](C)CO)C[C@@H]1C,0,2503
COc1ccc(-c2cc(=O)c3c(O)cc(O)c(-c4cc(-c5cc(=O)c6c(O)cc(O)cc6o5)ccc4OC)c3o2)cc1,0,660
COC1C=CC23c4cc5c(cc4CN(C[C@H]2O)[C@@H]3C1)OCO5,0,378
Cc1ccn2c(=O)c(C(=O)O)cnc2c1,0,2256
CCc1c(O)nc2ccccn2c1=O,0,2256
CCOC(=O)[C@H](CCc1ccccc1)N[C@H]1CCc2ccccc2N(CC(=O)O)C1=O.Cl,0,185
C[C@@H](O)Cn1c(=N)n(C)c2ccccc21,0,1354
COC(=O)Cn1c(=N)n(C)c2ccccc21,0,1354
Nc1nnc(CC(=O)N2CCCCC2)o1,0,3386
O=C(Nc1cccc2ccccc12)c1ccc(C(F)(F)F)cc1,0,2961
CN1CCN(C(=O)C[C@@H]2CC[C@@H]3[C@H](COC[C@@H](O)CN3C(=O)Nc3cc(Cl)cc(Cl)c3)O2)CC1,0,3225
O=C(O)CCCN=C1NC(=O)CC(=O)N1,0,2782
CSC1=NN(C)c2cnn(C)c(=O)c2S1,0,1786
Cc1nc(S(=O)(=O)N[C@H]2CCS(=O)(=O)C2)cn1C,0,1422
CC(C)(C)[S@@](=O)N1Cc2cc(C(=O)N[C@@H]3CCN(Cc4ccccc4)C3)nc(-c3cccc(-c4cccnc4)c3)c2[C@H]1CCO,0,2925
O=C(C[C@@H]1CC[C@@H](NC(=O)c2ccc(F)cc2)[C@H](CO)O1)NCc1ccncn1,0,3487
COc1ccc(COC[C@]23N=C4SCC(=O)N4[C@H](c4ccccc4O2)[C@H]3COC(=O)NCCCCCC(=O)NO)cc1,0,2417
C1N2CN3CN1CN(C2)C3,0,754
CCC(C)C(=O)O[C@H]1C[C@H](O)C=C2C=C[C@H](C)[C@H](CC[C@@H](O)C[C@@H](O)CC(=O)[O-])C21.[Na+],0,925
CC(C)(C)c1ccc(CSCc2nc3ccccc3[nH]2)cc1,0,1960
O=C(CCCCCCC(=O)Nc1ccc([C@H]2O[C@@H](CSc3nc(-c4ccccc4)c(-c4ccccc4)o3)C[C@H](c3ccc([N+](=O)[O-])cc3)O2)cc1)NO,0,1356
CC(=O)Nc1ccc(OC(=O)c2ccccc2O)cc1,0,56
CCCCCC(=O)Cc1cc(O)cc(O)c1C(=O)Oc1cc(CC(=O)CCCCC)c(C(=O)O)c(OC)c1,0,56
COC(=O)c1c(C)cc(OC(=O)c2c(C)cc(O)c(C=O)c2O)c(C)c1O,0,56
COc1c(Cl)c(C)c(C(=O)Oc2cc(C)c(C(=O)O)c(O)c2)c(O)c1Cl,0,56
COc1cc(C)c(C(=O)Oc2cc(C)c(C(=O)O)c(O)c2C)c(OC)c1C,0,56
COC(=O)c1c(C)cc(OC(=O)c2c(C)cc(O)c(CO)c2O)c(C)c1O,0,56
COc1cc(C)c(C(=O)Oc2cc(C)c(C(=O)O)c(O)c2)c(O)c1,0,56
Cc1cc(OC(=O)c2c(C)cc(O)cc2O)cc(O)c1C(=O)O,0,56
Nc1ccc(C(=O)Oc2ccccc2)c(O)c1,0,56
O=C(Oc1ccccc1C(=O)O)c1ccccc1O,0,56
CC/C(=C(/CC)c1ccc(O)cc1)c1ccc(O)cc1,1,449
COc1cc2nc(N3CCCN(Cc4ccccc4)CC3)nc(Nc3ccc(F)c(Cl)c3)c2cc1OC,0,1558
CN(C)CCOC(=O)C(c1ccccc1)C1(O)CCCC1.Cl,0,390
C=C[C@@]1(C)CC(=O)[C@@]2(O)[C@](C)(O1)[C@@H](OC(C)=O)[C@@H](O)C1C(C)(C)CC[C@H](O)[C@@]12C,0,368
C=C[C@@]1(C)CC(=O)[C@@]2(O)[C@](C)(O1)[C@@H](O)[C@@H](O)C1C(C)(C)CC[C@H](O)[C@@]12C,0,368
NC(=O)CCCCC1CCSS1,0,714
O=C(O)CCCCC1CCSS1,0,714
CCN1CCN(C(=O)NC(C(=O)N[C@@H]2C(=O)N3[C@@H](C(=O)[O-])C(C)(C)S[C@H]23)c2ccccc2)C(=O)C1=O.[Na+],1,904
Br.COc1ccc2c(c1)[C@]13CCCC[C@@H]1[C@H](C2)N(C)CC3,1,437
CN(C)CCCN1C(=O)[C@H]2[C@@H]3C=C[C@H](C3)[C@@H]2C1=O,0,1205
CNC(=O)CN1C(=O)[C@H]2[C@@H]3C=C[C@H](C3)[C@@H]2C1=O,0,1205
NC(=O)CCN1C(=O)[C@H]2[C@@H]3C=C[C@H](C3)[C@@H]2C1=O,0,1205
C=CCN1C(=O)[C@H]2[C@@H]3C=C[C@H](C3)[C@@H]2C1=O,0,1205
O=C(O)CCN1C(=O)[C@H]2[C@@H]3C=C[C@H](C3)[C@@H]2C1=O,0,1205
O=C1[C@H]2[C@@H]3C=C[C@H](C3)[C@@H]2C(=O)N1CCO,0,1205
COCC(=O)Nc1ccc2c(c1)C(=O)N(C)[C@@H]1CC[C@H](CC(=O)N3CCc4ccccc4C3)O[C@H]1CO2,0,2043
CCCCCCOC(=O)/N=C(\N)c1ccc(NCc2nc3cc(C(=O)N(CCC(=O)OCC)c4ccccn4)ccc3n2C)cc1.CS(=O)(=O)O,0,404
CCOC(=O)c1nnn(CC(N)=O)c1C,0,3248
C=CCOC(=O)[C@H]1[C@@H]2C(=O)O[C@@H](c3ccccc3)[C@@H](c3ccccc3)N2[C@@H](c2ccc(OCCOC(=O)[C@@H]3C[C@@H]4C(=O)N[C@@H](Cc5ccccc5)C(=O)N4[C@@H]3c3ccc(O)cc3)cc2)[C@]12C(=O)Nc1ccccc12,0,1755
C#C[C@]1(O)CCC2C3CCC4=C(CCC(=O)C4)C3CC[C@@]21C,0,827
O=C(CCNc1n[nH]c(=O)[nH]c1=O)NCc1ccco1,0,3443
O=C(O)Cn1c(=O)n(CC(=O)O)c2ccccc21,0,2593
CNS(=O)(=O)c1ccc2[nH]c(=O)[nH]c2c1,0,2593
Cn1c(=O)n(C)c2cc(CN)ccc21,0,2593
CCCNC(=O)Cn1c(=O)n(C)c2ccccc21,0,2593
O=C(O)c1nn(Cc2ccccc2)nc1C(=O)O,0,2642
O=C(CCn1ccc(=O)[nH]c1=O)Nc1ccc2c(c1)NC(=O)CO2,0,3566
OC[C@@H]1CN(CCN2CCOCC2)C[C@H](n2cnc3c(NC4CCC4)ncnc32)O1,0,3641
COc1ccccc1S(=O)(=O)N[C@H]1C=C[C@@H](CC(=O)N2CCOCC2)O[C@@H]1CO,0,2502
CC(=O)Oc1cc2c(s1)CCN([C@H](C(=O)C1CC1)c1ccccc1F)C2,0,924
C[C@@H]1CN([C@H](C)CO)C(=O)c2cc(C#CC3(O)CCCC3)cnc2O[C@@H]1CN(C)C(=O)Cc1ccccc1,0,2119
CCS(=O)(=O)NCC[C@H]1CC[C@@H](NC(=O)Cc2ccccn2)[C@H](CO)O1,0,2615
CCS(=O)(=O)NCC[C@@H]1CC[C@@H](NC(=O)Cc2ccccn2)[C@@H](CO)O1,0,2615
CCS(=O)(=O)NCC[C@@H]1CC[C@@H](NC(=O)Cc2ccccn2)[C@H](CO)O1,0,2615
O=C(C[C@H]1C=C[C@@H](NC(=O)c2cccnc2)[C@H](CO)O1)NCc1ccncn1,0,2295
O=C(O)c1cnc(N2CCCC2)nc1,0,1747
COc1ccc(C2Sc3ccccc3N(CCN(C)C)C(=O)C2OC(C)=O)cc1.Cl,0,467
O=C(CCCN1CC=C(n2c(=O)[nH]c3ccccc32)CC1)c1ccc(F)cc1,0,487
O=C(C[C@@H]1C=C[C@H](NC(=O)c2cccnc2)[C@@H](CO)O1)NCCN1CCCCC1,0,2252
O=C(C[C@@H]1C=C[C@H](NC(=O)c2cccnc2)[C@H](CO)O1)NCCN1CCCCC1,0,2252
COc1ccc(/C=C2/NC(=O)NC2=O)cc1,0,2918
O=C1NC(=O)/C(=C\c2ccccc2)N1,0,2918
O=C1CN(/N=C/c2ccc([N+](=O)[O-])o2)C(=O)N1,0,824
C=C(C)C1=NC(C)(C)C[C@H](C)O1,0,1413
COc1ccccc1NC(=O)N(C)C[C@H]1Oc2ncc(Br)cc2C(=O)N([C@H](C)CO)C[C@@H]1C,0,1947
COc1ccc(NC(=O)N(C)C[C@H]2Oc3ncc(C#C[C@@H](C)O)cc3C(=O)N([C@@H](C)CO)C[C@@H]2C)cc1,0,1947
COCC#Cc1cnc2c(c1)C(=O)N([C@@H](C)CO)C[C@H](C)[C@@H](CN(C)C(=O)Nc1ccccc1OC)O2,0,1947
COc1cccc(NC(=O)N(C)C[C@H]2Oc3ncc(Br)cc3C(=O)N([C@H](C)CO)C[C@H]2C)c1,0,1947
C[C@@H]1CN([C@H](C)CO)C(=O)c2cc(C#CCN(C)C)cnc2O[C@@H]1CN(C)C(=O)Nc1cccc(F)c1,0,1947
COc1ccccc1NC(=O)N(C)C[C@H]1Oc2ncc(Br)cc2C(=O)N([C@@H](C)CO)C[C@H]1C,0,1947
COc1ccc(NC(=O)N(C)C[C@H]2Oc3ncc(C#C[C@@H](C)O)cc3C(=O)N([C@H](C)CO)C[C@@H]2C)cc1,0,1947
COc1ccc(NC(=O)N(C)C[C@H]2Oc3ncc(C#CCN(C)C)cc3C(=O)N([C@@H](C)CO)C[C@H]2C)cc1,0,1947
CCOc1ccc2nc(S(N)(=O)=O)sc2c1,0,534
Nc1nc2ccc(OC(F)(F)F)cc2s1,0,534
CCN1C(=O)[C@@H]2SC[C@H](O)[C@@H]2C1=O,0,3721
CCN1C(=O)[C@@H]2SC[C@@H](O)[C@@H]2C1=O,0,3721
O=C(C[C@@H]1CC[C@@H](NC(=O)CN2CCOCC2)[C@H](CO)O1)NCCc1ccncc1,0,2339
CO[C@@H]1CN(C)C(=O)c2cc(NC(=O)C3CC3)ccc2OC[C@H](C)N(C(=O)CN2CCOCC2)C[C@@H]1C,0,3359
Nc1ncnc(NCCN2CCOCC2)c1[N+](=O)[O-],0,2054
COc1cccc(S(=O)(=O)N[C@H]2C=C[C@H](CC(=O)NC3CCC3)O[C@H]2CO)c1,0,2655
COc1cccc(S(=O)(=O)N[C@H]2C=C[C@H](CC(=O)NC3CCC3)O[C@@H]2CO)c1,0,2655
S=C(c1cccs1)N1CCCC1,0,3414
C[C@H]1CN([C@H](C)CO)C(=O)c2cc(C#CC3(O)CCCC3)cnc2O[C@H]1CN(C)C(=O)C1CCCCC1,0,3265
Cc1ccc2nc(SCc3c(C)c(C)cc(C)c3C)[nH]c2c1,0,2037
OC[C@H]1O[C@@H](Oc2ccc(/C=C/c3cc(O)cc(O)c3)cc2O)[C@H](O)[C@@H](O)[C@@H]1O,0,3687
C=C1CCC(=O)C(C)CCC2C1CC2(C)C,0,455
C[C@]12CC(=O)C3[C@@H](CCC4=CC(=O)CC[C@@]43C)C1CCC2=O,0,72
COc1ccc(C(=O)CC(=O)c2ccc(C(C)(C)C)cc2)cc1,0,165
CC(C)CCCC(C)C1CCC2C3CC(=O)[C@H]4C[C@@H](O)CC[C@]4(C)C3CC[C@]12C,0,33
C=C1C2CC[C@@]3(C)[C@H](c4ccoc4)OC(=O)C[C@]13O[C@H]1CC(=O)C(C)(C)[C@H](C(O)C(=O)OC)[C@@]21C,0,759
O=C(N[C@@H]1CC[C@@H](CCNS(=O)(=O)c2ccccc2)O[C@@H]1CO)c1cnccn1,0,2972
O=C(N[C@@H]1CC[C@@H](CCNS(=O)(=O)c2ccccc2)O[C@H]1CO)c1cnccn1,0,2972
CN1C(=O)c2cc(NC(=O)c3cscn3)ccc2OC[C@H]2O[C@H](CC(=O)N3CCOCC3)CC[C@@H]21,0,2932
CC1=CC2C(C(C)C)CCC(C)(O)C2CC1,0,248
C[C@]12CCC3[C@@H](CC=C4C[C@@H](O)CC[C@@]43C)C1CC=C2c1cccnc1,0,44
CCn1c(=S)[nH]c2ccccc21,0,2770
CC(C)n1c(=S)[nH]c2ccccc21,0,2770
O=C(C[C@H]1C=C[C@H](NC(=O)CN2CCOCC2)[C@H](CO)O1)NCCc1ccccc1,0,1973
O=C(C[C@H]1C=C[C@H](NC(=O)CN2CCOCC2)[C@@H](CO)O1)NCCc1ccccc1,0,1973
Cc1ccc(-c2nc(Nc3ccccc3F)sc2C)cc1,0,1762
Cc1sc(Nc2ccccc2)nc1-c1ccc(Cl)cc1,0,1762
Cc1ccc(Nc2nc(-c3ccc(C)cc3)c(C)s2)cc1,0,1762
NC(=O)Nc1nc2ccccc2[nH]c1=O,0,1988
O=C(O)c1ccc2nc(O)c(=O)[nH]c2c1,0,1988
O=C(O)CCc1nc2ccccc2[nH]c1=O,0,1988
NC(=S)Nc1nc2ccccc2[nH]c1=O,0,1988
C#Cc1ccc([C@H]2C=C(C(=O)N3CCN(Cc4ccc5c(c4)OCO5)CC3)O[C@@H](OCC)[C@@H]2CCCO)cc1,1,1813
COC(=O)N/N=C/c1c[n+]([O-])c2ccccc2[n+]1[O-],1,2967
c1csc(-c2nc3ccc4ccccc4c3c3c2CCC3)c1,0,3645
CCNc1nc(SCC(N)=O)nc(N2CCOCC2)n1,0,1936
CNc1nc(SCC(N)=O)nc(N2CCOCC2)n1,0,1936
O=C1c2ccccc2-c2c(-c3ccccc3)nc3ccccc3c21,0,3055
COc1ccc(C(=O)Nc2ccc(CN3C(=O)[C@@]4(O[C@@H](CC(=O)N5CCC[C@H]5CO)[C@H]([Si](C)(C)c5ccc(OC)cc5)[C@H]4C)c4ccccc43)cc2)cc1,0,2149
COc1ccccc1CNC(=O)C[C@H]1C[C@@H]2c3cc(NC(=O)NC4CCCC4)ccc3O[C@@H]2[C@@H](CO)O1,0,2079
COc1ccc(CNC(=O)C[C@H]2C[C@@H]3c4cc(NC(=O)NC5CCCC5)ccc4O[C@@H]3[C@H](CO)O2)cc1,0,2079
C[C@@H](CO)N1C[C@@H](C)[C@H](CN(C)C(=O)c2cnccn2)Oc2cc(Br)ccc2S1(=O)=O,0,1882
CC(C)CC#Cc1ccc2c(c1)O[C@@H](CN(C)C(=O)c1cnccn1)[C@H](C)CN([C@H](C)CO)S2(=O)=O,0,1882
CC(C)C#Cc1ccc2c(c1)O[C@@H](CN(C)C(=O)c1cnccn1)[C@H](C)CN([C@@H](C)CO)S2(=O)=O,0,1882
CC(C)C#Cc1ccc2c(c1)O[C@@H](CN(C)C(=O)c1cnccn1)[C@@H](C)CN([C@H](C)CO)S2(=O)=O,0,1882
CCCC#Cc1ccc2c(c1)O[C@@H](CN(C)C(=O)c1cnccn1)[C@@H](C)CN([C@@H](C)CO)S2(=O)=O,0,1882
C[C@H]1CN([C@H](C)CO)S(=O)(=O)c2ccc(Br)cc2O[C@H]1CN(C)C(=O)c1cnccn1,0,1882
CC(C)C#Cc1ccc2c(c1)O[C@@H](CN(C)C(=O)c1cnccn1)[C@@H](C)CN([C@@H](C)CO)S2(=O)=O,0,1882
CCCC#Cc1ccc2c(c1)O[C@@H](CN(C)C(=O)c1cnccn1)[C@H](C)CN([C@@H](C)CO)S2(=O)=O,0,1882
CC(C)CC#Cc1ccc2c(c1)O[C@@H](CN(C)C(=O)c1cnccn1)[C@@H](C)CN([C@H](C)CO)S2(=O)=O,0,1882
CC(C)CC#Cc1ccc2c(c1)O[C@@H](CN(C)C(=O)c1cnccn1)[C@@H](C)CN([C@@H](C)CO)S2(=O)=O,1,1882
O=C(C[C@H]1CC[C@H]2[C@@H](COC[C@H](O)CN2S(=O)(=O)c2ccc(F)cc2)O1)N[C@@H]1CCN(Cc2ccccc2)C1,0,2164
O=C(C[C@H]1CC[C@H]2[C@@H](COC[C@@H](O)CN2S(=O)(=O)c2ccc(F)cc2)O1)N[C@@H]1CCN(Cc2ccccc2)C1,0,2164
O=C(C[C@H]1CC[C@H]2[C@@H](COC[C@H](O)CN2S(=O)(=O)c2ccc(Cl)cc2)O1)N[C@@H]1CCN(Cc2ccccc2)C1,0,2164
Cc1ccc(S(=O)(=O)N2C[C@@H](O)COC[C@H]3O[C@@H](CC(=O)N[C@@H]4CCN(Cc5ccccc5)C4)CC[C@@H]32)cc1,0,2164
O=C(C[C@H]1CC[C@H]2[C@@H](COC[C@@H](O)CN2S(=O)(=O)c2ccc(Cl)cc2)O1)N[C@@H]1CCN(Cc2ccccc2)C1,0,2164
Clc1ccc(/C=C/c2nc3cccc4cccc([nH]2)c43)cc1,0,2722
O=C(C[C@H]1C=C[C@@H](NC(=O)Nc2cc(F)ccc2F)[C@@H](CO)O1)NCCCN1CCOCC1,0,2460
C[C@H](O)C#Cc1ccc2c(c1)O[C@H](CN(C)C(=O)c1ccncc1)[C@@H](C)CN([C@@H](C)CO)S2(=O)=O,0,2367
C[C@@H](O)C#Cc1ccc2c(c1)O[C@H](CN(C)C(=O)c1ccncc1)[C@H](C)CN([C@H](C)CO)S2(=O)=O,0,2367
C[C@H](O)C#Cc1ccc2c(c1)O[C@H](CN(C)C(=O)c1ccncc1)[C@H](C)CN([C@@H](C)CO)S2(=O)=O,0,2367
O=C1CCC[C@H]2[C@@H]3CCCN4CCC[C@H](CN12)[C@H]34,0,734
Cn1cnc(S(=O)(=O)N2C[C@H](O)COC[C@H]3O[C@@H](CC(=O)NCc4ccc(F)cc4)CC[C@@H]32)c1,0,1924
Cn1cnc(S(=O)(=O)N2C[C@@H](O)COC[C@H]3O[C@@H](CC(=O)NCc4cc(F)cc(F)c4)CC[C@@H]32)c1,0,1924
C=C(c1ccc(C(=O)O)cc1)c1cc2c(cc1C)C(C)(C)CCC2(C)C,0,212
O=C(C[C@H]1C=C[C@H](NC(=O)c2cccnc2)[C@H](CO)O1)NCc1ccncn1,0,1959
O=C(C[C@H]1C=C[C@H](NC(=O)c2cccnc2)[C@@H](CO)O1)NCc1ccncn1,0,1959
CC[C@@H]1OC(OC(c2c[nH]cn2)C(NC(=O)c2nc(C(CC(N)=O)NCC(N)C(N)=O)nc(N)c2C)C(=O)NC(C)C(O)C(C)C(=O)NC(C(=O)NCCc2nc(-c3nc(C(=O)NCCCCNC(=N)N)cs3)cs2)C(C)O)[C@@H](O[C@H]2O[C@H](CO)[C@@H](O)[C@H](OC(N)=O)[C@@H]2O)[C@@H](C)[C@@H]1C.O=S(=O)(O)O.O=S(=O)(O)O,1,225
CC1(C)C(=O)[C@@H]2O[C@@H]2[C@@]2(C)C1C[C@@H](O)[C@]1(C)C2CC[C@@]2(C)[C@H](c3ccoc3)OC(=O)C3OC321,0,3
O=c1[n-]c(=O)n(Cl)c(=O)n1Cl.[Na+],0,1124
O=C(C[C@@H]1CC[C@H]2NC[C@H](O)COC[C@@H]2O1)NCCN1CCCC1,0,2161
O=C(C[C@@H]1CC[C@H]2NC[C@@H](O)COC[C@@H]2O1)NCCN1CCCC1,0,2161
CO[C@H]1CC(O[C@@H]2/C(C)=C/C[C@@H]3C[C@@H](C[C@]4(CC[C@H](C)[C@@H](C5CCCCC5)O4)O3)OC(=O)[C@@H]3C=C(C)/C(=N/O)[C@H]4OC/C(=C\C=C\[C@@H]2C)[C@@]34O)O[C@@H](C)C1O,0,1010
Cc1noc(C)c1S(=O)(=O)N(C)C[C@@H]1OCc2cn(nn2)CCCC(=O)N([C@H](C)CO)C[C@H]1C,0,2041
COc1ccc(-c2ccccn2)cc1,0,2194
CCSc1nc(-c2ccc(C)cc2)cc(C(F)(F)F)c1C#N,0,2194
COc1ccc([C@@H]([C@H](Cc2ccccc2)OC(C)=O)N2C[C@@H](CC(=O)N(C)C)[C@@H]3[C@@H](c4ccccc4)ON(C)[C@@H]3[C@@H]2Cc2ccccc2)cc1,0,1500
O=C(C1CCCCC1)N1CC(=O)N2CCc3ccccc3C2C1,0,926
O=C1N[C@@H](Cc2c[nH]c3ccccc23)COC(=O)[C@H](Cc2ccc(F)cc2)CCC=CC[C@H]1CC(=O)N(CCO)Cc1ccccc1,0,3020
COc1nn(C)cc1C(=O)NC1=NCCS1,1,2154
CC1(C)OCC(CO)([N+](=O)[O-])CO1,0,3062
CO[C@@H]1[C@@H](O)[C@H](C)O[C@H](O[C@H]2CC[C@]3(C=O)C4CC[C@]5(C)[C@@H](C6=CC(=O)OC6)CC[C@]5(O)C4CC[C@@H]3C2)[C@H]1O,0,881
