SMILES,Activity
Cc1cccc2c(CN(C)C(=O)/C=C/c3cnc4c(c3)CCC(=O)N4)c(C)n(C)c12,1
C[C@]1(COC(=O)CCl)[C@H](C(=O)[O-])N2C(=O)/C(=C/C(=O)[O-])C2S1(=O)=O.[Na+].[Na+],1
C[C@]1(/C=C/C#N)[C@H](C(=O)[O-])N2C(=O)/C(=C/C(=O)[O-])C2S1(=O)=O.[Na+].[Na+],0
COC(=O)/C=C1/C(=O)N2C1S(=O)(=O)[C@@](C)(COC(C)=O)[C@@H]2C(=O)[O-].[Na+],0
C[C@]1(COC(=O)Cc2ccccc2)[C@H](C(=O)[O-])N2C(=O)/C(=C/c3ccccn3)C2S1(=O)=O.[Na+],1
CN(Cc1cc2ccccc2n1C)C(=O)/C=C/c1ccc(N)nc1,0
CN(Cc1cn(C)c2ccccc12)C(=O)/C=C/c1cnc2c(c1)CCC(=O)N2,1
C[C@]1(COC=O)[C@H](C(=O)[O-])N2C(=O)/C(=C/C(=O)[O-])C2S1(=O)=O.[Na+].[Na+],1
CC(=O)Nc1ccc(/C=C/C(=O)N(C)Cc2cc3ccccc3n2C)cn1,1
CC(=O)OC[C@@]1(C)[C@H](C(=O)[O-])N2C(=O)/C(=C/c3ccccn3)C2S1(=O)=O.[Na+],1
COC(=O)/C=C1/C(=O)N2C1S(=O)(=O)[C@@](C)(CCl)[C@@H]2C(=O)[O-].[Na+],0
Cc1c(CN(C)C(=O)/C=C/c2cnc3c(c2)CCC(=O)N3)c2ccccc2n1C,1
Cc1cc(/C=C/C(=O)N(C)Cc2cc3ccccc3n2C)cnc1N,1
Cc1[nH]c2ccccc2c1CN(C)C(=O)/C=C/c1cnc2c(c1)CCC(=O)N2,1
C[C@]1(COC(=O)Cc2ccc(O)c(O)c2)[C@H](C(=O)[O-])N2C(=O)/C(=C/c3ccccn3)C2S1(=O)=O.[Na+],1
C[C@]1(COC(=O)Cc2ccccc2)[C@H](C(=O)[O-])N2C(=O)/C(=C/C(=O)[O-])C2S1(=O)=O.[Na+].[Na+],1
Oc1cc(Cl)ccc1Oc1ccc(Cl)cc1Cl,1
CC1(C)[C@H](C(=O)[O-])N2C(=O)/C(=C/C(=O)[O-])C2S1(=O)=O.[Na+].[Na+],0
CC(=O)OC[C@@]1(C)[C@H](C(=O)[O-])N2C(=O)/C(=C/C(N)=O)C2S1(=O)=O.[Na+],0
C[C@]1(COC(=O)Cc2ccc(O)c(O)c2)[C@H](C(=O)[O-])N2C(=O)/C(=C/C(=O)[O-])C2S1(=O)=O.[Na+].[Na+],1
CN(Cc1cc2ccccc2n1C)C(=O)/C=C/c1cnc2c(c1)CCC(=O)N2,1
CN(Cc1cc2ccccc2n1C)C(=O)/C=C/c1cnc2c(c1)CCCN2,0
CC(=O)Nc1ncc(/C=C/C(=O)N(C)Cc2cc3ccccc3n2C)cc1C,1
C[C@]1(Cn2ccnn2)[C@H](C(=O)[O-])N2C(=O)C[C@H]2S1(=O)=O.[Na+],0
CC(=O)OC[C@@]1(C)[C@H](C(=O)[O-])N2C(=O)/C(=C/C(=O)[O-])C2S1(=O)=O.[Na+].[Na+],1
O=c1cc(NCCCNCc2ccc(Cl)c(Cl)c2)[nH]c2ccccc12,1
COc1ccc(/C(C#N)=C/c2ccccc2OC)cc1,0
COc1ccc(/C=C(\C#N)c2ccc(OC)cc2)cc1,0
COc1ccc(/C(C#N)=C/c2cc(OC)cc(OC)c2)cc1,0
COc1ccc(/C(C#N)=C/c2ccc(OC)c(OC)c2)cc1,0
COc1ccc(/C(C#N)=C/c2cccc(OC)c2)cc1,0
COc1ccc(/C(C#N)=C/c2cc(OC)ccc2OC)cc1,0
CCC(C)[C@H](N)C(=O)NS(=O)(=O)OC[C@H]1O[C@@H](c2nc(-c3ccccc3OC)cs2)[C@H](O)[C@@H]1O,1
CCC(C)[C@H](N)C(=O)NS(=O)(=O)OC[C@H]1O[C@@H](c2nc(-c3cccc(OC)c3)cs2)[C@H](O)[C@@H]1O,1
CC(C)C[C@H](N)C(=O)NS(=O)(=O)OC[C@H]1O[C@@H](c2nc(CCc3ccccc3)cs2)[C@H](O)[C@@H]1O,1
CCC(C)[C@H](N)C(=O)NS(=O)(=O)OC[C@H]1O[C@@H](c2nc(-c3ccc(OC)cc3)cs2)[C@H](O)[C@@H]1O,1
CCC(C)[C@H](N)C(=O)NS(=O)(=O)OC[C@H]1O[C@@H](c2nc(-c3ccc(Oc4ccccc4)cc3)cs2)[C@H](O)[C@@H]1O,1
CC[C@H](C)[C@H](N)C(=O)NS(=O)(=O)OC[C@H]1O[C@@H](c2nc(-c3ccccc3)cs2)[C@H](O)[C@@H]1O,0
CCC(C)[C@H](N)C(=O)NS(=O)(=O)OC[C@H]1O[C@@H](c2nc(CCc3ccccc3)cs2)[C@H](O)[C@@H]1O,1
Oc1cc(NC[C@H]2CC[C@H]2NCc2ccc(Cl)c(Cl)c2)nc2ccccc12,1
Oc1cc(N[C@H]2CCC[C@H](NCc3ccc(Cl)c(Cl)c3)C2)nc2ccccc12,1
Oc1cc(N[C@@H]2CCC[C@H](NCc3ccc(Cl)c(Cl)c3)C2)nc2ccccc12,1
Oc1cc(NC[C@H]2CC[C@@H]2NCc2ccc(Cl)c(Cl)c2)nc2ccccc12,1
Oc1cc(NC[C@H]2OCC[C@@H]2NCc2ccc(Cl)c(Cl)c2)nc2ccccc12,1
CC1(C)[C@H](C(=O)O)N2C(=O)C[C@H]2S1(=O)=O,0
C[C@]12C[C@@]1(C(=O)O)N1C(=O)C[C@H]1S2(=O)=O,0
Oc1cc(NCc2ccccc2NCc2ccc(Cl)c(Cl)c2)nc2ccccc12,1
Oc1cc(N[C@H]2CC[C@H](NCc3ccc(Cl)c(Cl)c3)CC2)nc2ccccc12,0
Oc1cc(NCC2=CCCC2NCc2ccc(Cl)c(Cl)c2)nc2ccccc12,1
CC[C@H](C)[C@H]1NC(=O)[C@@H](Cc2ccccc2)NC(=O)[C@@H](C)NC(=O)[C@H](NC(=O)[C@@H](NC(=O)[C@H](CO)NC(=O)CCCOc2ccc(C(=O)c3ccccc3)cc2)[C@@H](C)O)CSC(=O)[C@@H](CCSC)NC1=O,1
CC(=O)OCC1=C(C(=O)[O-])N2C(=O)/C(=C/C(=O)OC(C)(C)C)[C@H]2S(=O)(=O)C1.[Na+],1
CC[C@H]1NC(=O)[C@H](NC(=O)[C@@H](NC(=O)[C@H](CO)NC(=O)[C@@H](N)Cc2ccc(O)cc2)[C@@H](C)O)CSC(=O)[C@@H](CCSC)NC(=O)[C@@H]([C@@H](C)CC)NC(=O)[C@@H](Cc2ccccc2)NC1=O,1
CC[C@H](C)[C@H]1NC(=O)[C@@H](Cc2ccccc2)NC(=O)[C@@H](C)NC(=O)[C@H](NC(=O)[C@@H](NC(=O)[C@H](CO)NC(=O)[C@@H](N)Cc2ccc(O)cc2)[C@@H](C)O)CSC(=O)[C@@H](CCSC)NC1=O,1
CC(=O)OCC1=C(C(=O)[O-])N2C(=O)/C(=C/c3ccccn3)[C@H]2S(=O)(=O)C1.[Na+],0
CC1=C(C(=O)[O-])N2C(=O)/C(=C/c3ccccn3)[C@H]2S(=O)(=O)C1C.[Na+],0
C=C1C(CSc2nnnn2C)=C(C(=O)[O-])N2C(=O)/C(=C/C(=O)OC(C)(C)C)[C@H]2S1(=O)=O.[Na+],0
CC1=C(C(=O)[O-])N2C(=O)/C(=C/c3ccccn3)[C@H]2S(=O)(=O)[C@@H]1Sc1nnnn1C.[Na+],0
C=C1C(COC(C)=O)=C(C(=O)[O-])N2C(=O)/C(=C/C(=O)OC(C)(C)C)[C@H]2S1(=O)=O.[Na+],1
C=C1C(C)=C(C(=O)[O-])N2C(=O)/C(=C/C(=O)OC(C)(C)C)[C@H]2S1(=O)=O.[Na+],0
O=C(NNc1nccc(C(F)(F)F)n1)Nc1cc(C(F)(F)F)cc(C(F)(F)F)c1,0
O=C(NNC(=O)Nc1cc(C(F)(F)F)cc(C(F)(F)F)c1)Nc1cc(C(F)(F)F)cc(C(F)(F)F)c1,0
CC(C)c1nc2ccccc2c(=O)n1NC(=O)Nc1cc(C(F)(F)F)cc(C(F)(F)F)c1,0
CC(C)c1nc2ccccc2c(=O)n1NC(=O)Nc1ccc(C(F)(F)F)cc1,0
CCc1nc2ccccc2c(=O)n1NC(=O)Nc1cc(C(F)(F)F)cc(C(F)(F)F)c1,0
CC[C@H](C)[C@H](N)C(=O)NS(=O)(=O)CC(=O)N[C@]1(C(=O)OC)[C@@H]2CN(C)C=C(C(N)=O)[C@@H]2C[C@@H]1O,1
CC(C)[C@H](N)C(=O)NS(=O)(=O)CC(=O)N[C@]1(C(=O)O)[C@@H]2CN(C)C=C(C(N)=O)[C@@H]2C[C@@H]1O,1
CC[C@H](C)CC(=O)NS(=O)(=O)CC(=O)N[C@@]1(C(=O)O)[C@@H](OC(=O)C[C@@H](C)CC)C[C@H]2C(C(N)=O)=CN(C)C[C@H]21,0
CC[C@H](C)CC(=O)NS(=O)(=O)CC(=O)N[C@]1(C(=O)O)[C@@H]2CN(C)C=C(C(N)=O)[C@@H]2C[C@@H]1O,0
CC(C)C[C@H](N)C(=O)NS(=O)(=O)CC(=O)N[C@]1(C(=O)O)[C@@H]2CN(C)C=C(C(N)=O)[C@@H]2C[C@@H]1O,1
CC[C@H](C)[C@H](N)C(=O)NS(=O)(=O)CC(=O)N[C@]1(C(=O)O)[C@@H]2CN(C)C=C(C(N)=O)[C@@H]2C[C@@H]1O,1
CC[C@H](C)[C@H](N)C(=O)NS(=O)(=O)CC(=O)N[C@]1(C(=O)OCc2ccccc2)[C@@H]2CN(C)C=C(C(N)=O)[C@@H]2C[C@@H]1O,1
COCC1=C(C(=O)[O-])N2C(=O)/C(=C/c3ccccn3)C2S(=O)(=O)C1.[Na+],0
O=C(Cc1ccc(O)c(O)c1)OCC1=C(C(=O)[O-])N2C(=O)/C(=C/c3ccccn3)C2S(=O)(=O)C1.[Na+],0
N#CCC1=C(C(=O)[O-])N2C(=O)/C(=C/c3ccccn3)C2S(=O)(=O)C1.[Na+],0
NC(=O)OCC1=C(C(=O)[O-])N2C(=O)/C(=C/c3ccccn3)C2S(=O)(=O)C1.[Na+],0
CCOC(=O)CNC(=O)OCC1=C(C(=O)[O-])N2C(=O)/C(=C/c3ccccn3)C2S(=O)(=O)C1.[Na+],0
NC(=O)/C=C/C1=C(C(=O)[O-])N2C(=O)/C(=C/c3ccccn3)C2S(=O)(=O)C1.[Na+],1
COC(=O)/C(Cl)=C/C1=C(C(=O)[O-])N2C(=O)/C(=C/c3ccccn3)C2S(=O)(=O)C1.[Na+],0
CCC(=O)OCC1=C(C(=O)[O-])N2C(=O)/C(=C/c3ccccn3)C2S(=O)(=O)C1.[Na+],0
O=C([O-])C1=C(/C=C/[N+](=O)[O-])CS(=O)(=O)C2/C(=C\c3ccccn3)C(=O)N12.[Na+],1
N#C/C=C/C1=C(C(=O)[O-])N2C(=O)/C(=C/c3ccccn3)C2S(=O)(=O)C1.[Na+],1
O=C([O-])C1=C(/C=C/c2ccccn2)CS(=O)(=O)[C@@H]2/C(=C\c3ccccn3)C(=O)N12.[Na+],0
COC(=O)/C=C/C1=C(C(=O)[O-])N2C(=O)/C(=C/c3ccccn3)C2S(=O)(=O)C1.[Na+],1
C=C/C=C/C1=C(C(=O)[O-])N2C(=O)/C(=C/c3ccccn3)C2S(=O)(=O)C1.[Na+],0
O=C([O-])/C=C/C1=C(C(=O)[O-])N2C(=O)/C(=C/c3ccccn3)C2S(=O)(=O)C1.[Na+].[Na+],0
O=C([O-])C1=C(/C=C/c2cccc[n+]2[O-])CS(=O)(=O)[C@@H]2/C(=C\c3ccccn3)C(=O)N12.[Na+],0
C[C@]1(/C=C/C#N)[C@H](C(=O)[O-])N2C(=O)C[C@H]2S1(=O)=O.[Na+],0
C[C@]1(Cn2ccnn2)[C@H](C(=O)O)N2C(=O)C[C@H]2S1(=O)=O,1
C[C@]1(/C=C\c2cncs2)[C@H](C(=O)[O-])N2C(=O)C[C@H]2S1(=O)=O.[Na+],0
C[C@]1(/C=C/c2cncs2)[C@H](C(=O)O)N2C(=O)C[C@H]2S1(=O)=O,0
C[C@]1(/C=C/C[n+]2ccccc2)[C@H](C(=O)O)N2C(=O)C[C@H]2S1(=O)=O.O=S(=O)([O-])C(F)(F)F,0
O=C(O)[C@H]1/C(=C/CO)O[C@@H]2CC(=O)N21,1
CN[C@@H]1[C@@H](O)[C@@H](O[C@@H]2[C@@H](O)[C@H](O[C@H]3OC(CN)=CC[C@H]3N)[C@@H](N)C[C@H]2N)OC[C@]1(C)O,1
Nc1ccc(C(=O)N2CCc3c(n(Cc4ccc(O)cc4)c4ccccc34)C2)cc1,0
O=C(c1ccccc1O)N1CCc2c(n(Cc3ccc(O)cc3)c3ccccc23)C1,1
O=C(c1ccc(Cl)cc1Cl)N1CCc2c(n(Cc3ccc(O)cc3)c3ccccc23)C1,0
Nc1ccc(Cn2c3c(c4ccccc42)CCN(C(=O)c2ccc(O)cc2)C3)cc1,1
O=C(c1ccc(O)cc1)N1CCc2c(n(Cc3ccc(O)cc3)c3ccccc23)C1,1
Cc1cc(C(=O)N2CCc3c(n(Cc4ccc(O)cc4)c4ccccc34)C2)ccc1O,1
O=C(c1ccc(O)cc1)N1CCc2c(c3ccccc3n2Cc2ccc(O)cc2)C1,0
O=C(O)c1ccc(Cn2c3c(c4ccccc42)CCN(C(=O)c2ccc(O)cc2)C3)cc1,0
COC(=O)c1ccc(C(=O)N2CCc3c(n(Cc4ccc(O)cc4)c4ccccc34)C2)cc1,0
Cc1ccc(C(=O)N2CCc3c(n(Cc4ccc(O)cc4)c4ccccc34)C2)c(O)c1,1
O=C(c1cc(Cl)cc(Cl)c1O)N1CCc2c(n(Cc3ccc(O)cc3)c3ccccc23)C1,0
O=C(c1ccc(O)c(Cl)c1)N1CCc2c(n(Cc3ccc(O)cc3)c3ccccc23)C1,1
O=C(c1ccc(O)cc1)N1CCc2c(n(Cc3ccc(F)cc3)c3ccccc23)C1,1
O=C(c1ccc(Cl)cc1)N1CCc2c(n(Cc3ccc(O)cc3)c3ccccc23)C1,1
O=C(c1cccc(O)c1)N1CCc2c(n(Cc3ccc(O)cc3)c3ccccc23)C1,0
Cc1ccc(C(=O)N2CCc3c(n(Cc4ccc(O)cc4)c4ccccc34)C2)cc1,1
COc1ccc(C(=O)N2CCc3c(n(Cc4ccc(O)cc4)c4ccccc34)C2)cc1,1
O=C(c1ccc(Cl)cc1O)N1CCc2c(n(Cc3ccc(O)cc3)c3ccccc23)C1,1
Cc1cc(C(=O)N2CCc3c(n(Cc4ccc(O)cc4)c4ccccc34)C2)cc(C)c1O,0
CNc1ccc(C(=O)N2CCc3c(n(Cc4ccc(O)cc4)c4ccccc34)C2)cc1,0
CS(=O)(=O)c1ccc(Cn2c3c(c4ccccc42)CCN(C(=O)c2ccc(O)cc2)C3)cc1,1
CN(Cc1cc2ccccc2n1Cc1ccc(O)cc1)C(=O)c1ccc(O)cc1,0
O=C(c1ccccc1)N1CCc2c(n(Cc3ccc(O)cc3)c3ccccc23)C1,1
CCCCc1ccc(C(=O)N2CCc3c(n(Cc4ccc(O)cc4)c4ccccc34)C2)cc1,1
CC1c2cc(Cc3ccccc3)c(-c3ccccc3)n2CCN1Cc1cnc(N)nc1N,1
COc1cc2c(c3c1OCO3)[C@@H](C)N(Cc1cnc(N)nc1N)CC2,0
CN(Cc1cc2ccccc2n1C)C(=O)c1ccc(N)cc1,0
CN(Cc1cc2ccccc2n1C)C(=O)/C=C/c1cccnc1,0
CC1c2ccc3c4ccccc4n(C)c3c2CCN1Cc1cnc(N)nc1N,0
CC(=O)N(C)Cc1cc(C(=O)N(C)Cc2cc3ccccc3n2C)ccc1N,0
CN(Cc1cc2ccccc2n1C)C(=O)/C=C/c1cnc(N)nc1,0
Nc1ncc(CN2CCc3c([nH]c4ccccc34)C2)c(N)n1,0
COc1cc2c(cc1OC)C(c1ccc(Cl)cc1Cl)CN(Cc1cnc(N)nc1N)C2,0
COc1cc2c(c3c1OCO3)C(C)N(Cc1cnc(N)nc1N)CC2,0
COc1ccc2c(c1)CN(Cc1cnc(N)nc1N)CC2c1cccc([N+](=O)[O-])c1,0
CSc1c2n(c3cc(Cl)ccc13)CCN(Cc1cnc(N)nc1N)C2,1
COc1cc2c(c3c1OCO3)[C@H](C)N(Cc1cnc(N)nc1N)CC2,0
CN(Cc1cc2ccccc2n1C)C(=O)CCc1ccc(N)nc1,0
COc1cc(Cc2cnc(N)nc2N)c2c(c1OC)OC(C1CC1)C=C2,1
O=C(Nc1nc(-c2ccc(Cl)cc2)cs1)Nc1ccc(Br)cc1C(F)(F)F,0
O=C(Nc1cc(C(F)(F)F)cc(C(F)(F)F)c1)Nc1cc(-c2ccncc2)nn1-c1ccc(C(F)(F)F)cc1,1
CCOC(=O)c1cc(NC(=O)Nc2cc(C(F)(F)F)cc(C(F)(F)F)c2)n(-c2ccc(Br)cc2)n1,0
CCOC(=O)c1cnn(-c2ccc(Br)cc2)c1NC(=O)Nc1cc(C(F)(F)F)cc(C(F)(F)F)c1,1
O=C(Nc1cc(C(F)(F)F)cc(C(F)(F)F)c1)Nc1nc(-c2cccs2)cs1,1
Cc1sc(NC(=O)Nc2cc(C(F)(F)F)cc(C(F)(F)F)c2)nc1-c1ccc(Br)cc1,1
O=C(Nc1ccc(F)c(C(F)(F)F)c1)Nc1nc(-c2ccc(F)c(F)c2)cs1,1
O=C(Nc1cccc(Br)c1)Nc1nc(-c2ccc(Br)cc2)cs1,1
O=C(Nc1nc(-c2ccc(Cl)cc2)cs1)Nc1c(Cl)cc(Cl)cc1Cl,1
O=C(Nc1ccc(SC(F)(F)F)cc1)Nc1nc(-c2ccc(F)c(F)c2)cs1,1
O=C(Nc1cc(C(F)(F)F)cc(C(F)(F)F)c1)Nc1nc(-c2ccc(Br)cc2)cs1,1
O=C(Nc1cc(C(F)(F)F)cc(C(F)(F)F)c1)Nc1nc(CCc2ccccc2)cs1,1
O=C(Nc1cc(C(F)(F)F)cc(C(F)(F)F)c1)Nc1cc(CO)nn1-c1ccc(Br)cc1,0
O=C(Nc1cc(C(F)(F)F)cc(C(F)(F)F)c1)Nc1nc(CCCO)cs1,0
O=C(Nc1cc(Cl)cc(Cl)c1)Nc1cc(-c2cccs2)nn1-c1ccc(Br)cc1,1
Cc1cc(NC(=O)Nc2cc(C(F)(F)F)cc(C(F)(F)F)c2)n(-c2ccc(Br)cc2)n1,1
CC(C)(C)c1cc(NC(=O)Nc2cc(Cl)cc(Cl)c2)n(-c2ccc(Br)cc2)n1,1
COCCN(CCOC)Cc1cc(NC(=O)Nc2cc(C(F)(F)F)cc(C(F)(F)F)c2)n(-c2ccc(Br)cc2)n1,0
CN1CC[C@H](N)[C@@H](O[C@H]2O[C@H](CN)[C@@H](O)[C@H](O)[C@H]2N)C[C@@H]1CO,0
NC[C@H]1O[C@H](O[C@H]2C[C@H](CO)NCC[C@@H]2N)[C@H](N)[C@@H](O)[C@@H]1O,0
NC[C@H]1O[C@H](O[C@@H]2CCN[C@H](CO)C[C@H]2N)[C@H](N)[C@@H](O)[C@@H]1O,0
NC[C@H]1O[C@H](O[C@H]2C[C@H](CCl)NCC[C@@H]2N)[C@H](N)[C@@H](O)[C@@H]1O,0
NC[C@H]1O[C@H](O[C@@H]2C[C@H](CO)NCC[C@H]2N)[C@H](N)[C@@H](O)[C@@H]1O,0
NC[C@H]1O[C@H](O[C@H]2CCN[C@H](CO)C[C@@H]2N)[C@H](N)[C@@H](O)[C@@H]1O,0
Cc1cccc(Cn2cnc(-c3ccsc3)c2)c1,0
c1ccc(-c2ccc(Cn3cnc(-c4ccsc4)c3)cc2)cc1,0
Cc1ccc(Cn2cnc(-c3ccsc3)c2)cc1,1
Cc1ccccc1Cn1cnc(-c2ccsc2)c1,0
Nc1ccc(Cn2cnc(-c3ccsc3)c2)cc1,0
COc1ccc(Cn2cnc(-c3ccsc3)c2)cc1,0
Cc1ccc(Cc2noc(-c3ccsc3)n2)cc1,0
COc1ccc(-c2cn(Cc3ccccc3)cn2)cc1,0
O=[N+]([O-])c1cccc(Cn2cnc(-c3ccsc3)c2)c1,0
COc1ccc(-c2c[nH]c(Cc3ccc(C)cc3)n2)cc1,0
Cc1ccc(Cc2nc(-c3ccsc3)no2)cc1,0
COc1ccc(-c2cn(Cc3ccc(C(F)(F)F)cc3)cn2)cc1,0
COc1ccc(-c2cn(Cc3ccc(C)cc3)cn2)cc1,1
C/C=C/C=C/C(=O)N[C@@H](CC(=O)N[C@H](C(=O)[C@@H]1C(=O)NC(=O)[C@H]1C)C(C)C)c1ccccc1,1
C/C=C/C=C/C=C/C(=O)N[C@@H](CC(=O)N[C@H](C(=O)[C@@H]1C(=O)NC(=O)[C@H]1C)C(C)C)c1ccccc1,1
CC(C)[C@H](NC(=O)C[C@H](NC(=O)/C=C/C(=O)O)c1ccccc1)C(=O)[C@@H]1C(=O)NC(=O)[C@H]1C,1
CC(C)[C@H](NC(=O)C[C@H](NC(=O)/C=C/c1ccccc1)c1ccccc1)C(=O)[C@@H]1C(=O)NC(=O)[C@H]1C,1
COc1cccc(/C=C/C(=O)N[C@@H](CC(=O)N[C@H](C(=O)[C@@H]2C(=O)NC(=O)[C@H]2C)C(C)C)c2ccccc2)c1,1
CC(C)[C@H](NC(=O)C[C@H](NC(=O)/C=C/c1ccc(Cl)c(Cl)c1)c1ccccc1)C(=O)[C@@H]1C(=O)NC(=O)[C@H]1C,1
CC(C)[C@H](NC(=O)C[C@H](NC(=O)/C=C/c1ccc(-c2ccccc2)cc1)c1ccccc1)C(=O)[C@@H]1C(=O)NC(=O)[C@H]1C,1
CC(C)[C@H](NC(=O)C[C@H](NC(=O)/C=C/c1cccc(F)n1)c1ccccc1)C(=O)[C@@H]1C(=O)NC(=O)[C@H]1C,1
C/C=C/C=C/C(=O)N[C@@H](CC(=O)N[C@H](C(=O)[C@@H]1C(=O)N(C)C(=O)[C@H]1C)C(C)C)c1ccccc1,1
C/C=C/C=C/C(=O)N[C@@H](CC(=O)N[C@H](C(=O)[C@@H]1C(=O)N(CCOC)C(=O)[C@H]1C)C(C)C)c1ccccc1,0
C/C=C/C=C/C(=O)N[C@@H](CC(=O)N[C@H](C(=O)[C@@H]1C(=O)N(OCC)C(=O)[C@H]1C)C(C)C)c1ccccc1,1
C/C=C/C=C/C(=O)N[C@@H](CC(=O)N[C@H](C(=O)[C@@H]1C(=O)N(NC)C(=O)[C@H]1C)C(C)C)c1ccccc1,1
C/C=C/C=C/C(=O)N[C@@H](CC(=O)N[C@H](C(=O)[C@@H]1C(=O)N(N(C)C)C(=O)[C@H]1C)C(C)C)c1ccccc1,1
C/C=C/C=C/C(=O)N[C@@H](CC(=O)N[C@H](C(=O)[C@@H]1C(=O)NC(=O)C1(C)C)C(C)C)c1ccccc1,1
CC[C@H](C)[C@@H]1NC(=O)[C@@H](Cc2ccccc2)NC(=O)[C@H](C)NC(=O)[C@@H](NC(=O)[C@@H](NC(=O)[C@H](CO)NC(=O)[C@@H](N)Cc2ccc(O)cc2)[C@@H](C)O)CSC(=O)[C@@H](CCSC)NC1=O,1
CC[C@H](C)[C@H]1NC(=O)[C@H](Cc2ccccc2)NC(=O)[C@@H](CC(=O)O)NC(=O)[C@H](NC(C)=O)CSC(=O)[C@H](CCSC)NC1=O,0
CC(=O)N[C@@H]1CSC(=O)[C@H](Cc2ccccc2)NC(=O)[C@@H](CC(C)C)NC(=O)[C@H](CO)NC(=O)[C@@H](CO)NC1=O,0
CC[C@@H]1NC(=O)[C@@H](NC(=O)[C@@H](NC(=O)[C@H](CO)NC(=O)[C@@H](N)Cc2ccc(O)cc2)[C@@H](C)O)CSC(=O)[C@@H](CCSC)NC(=O)[C@H]([C@@H](C)CC)NC(=O)[C@@H](Cc2ccccc2)NC1=O,1
CC[C@H](C)[C@H]1NC(=O)[C@H](Cc2ccccc2)NC(=O)[C@@H](C)NC(=O)[C@H](NC(=O)[C@@H](NC(=O)[C@H](CO)NC(=O)CCCOc2ccc(C(=O)c3ccccc3)cc2)[C@@H](C)O)CSC(=O)[C@H](CCSC)NC1=O,1
CC(C)C[C@H]1NC(=O)[C@H](CO)NC(=O)[C@@H](CO)NC(=O)[C@H](NC(=O)[C@@H](NC(=O)[C@H](CO)NC(=O)[C@@H](N)Cc2ccc(O)cc2)[C@@H](C)O)CSC(=O)[C@H](Cc2ccccc2)NC1=O,1
CC[C@H](C)[C@@H]1NC(=O)[C@@H](Cc2ccccc2)NC(=O)[C@H](C)NC(=O)[C@@H](NC(C)=O)CSC(=O)[C@@H](CCSC)NC1=O,1
CC[C@H](C)[C@@H]1NC(=O)[C@H](Cc2ccccc2)NC(=O)[C@H](C)NC(=O)[C@@H](NC(=O)[C@@H](NC(=O)[C@H](CO)NC(=O)[C@@H](N)Cc2ccc(O)cc2)[C@@H](C)O)CSC(=O)[C@@H](CCSC)NC1=O,1
CC[C@H](C)[C@@H]1NC(=O)[C@@H](Cc2ccccc2)NC(=O)[C@H](CC(=O)O)NC(=O)[C@@H](NC(=O)[C@@H](NC(=O)[C@H](CO)NC(=O)[C@@H](N)Cc2ccc(O)cc2)[C@@H](C)O)CSC(=O)[C@@H](C)NC1=O,0
CC(C)C[C@H](NC(=O)[C@H](CO)NC(=O)[C@H](CO)NC(=O)[C@H](CS)NC(=O)[C@H](C)NC(=O)[C@H](CC(N)=O)NC(=O)[C@@H](NC(=O)CN)C(C)C)C(=O)N[C@@H](Cc1ccccc1)C(=O)O,1
CC[C@H](C)[C@H](N)C(=O)N[C@@H](CC(N)=O)C(=O)N[C@@H](CS)C(=O)N[C@@H](CC(=O)O)C(=O)N[C@@H](Cc1ccccc1)C(=O)N[C@@H](CC(C)C)C(=O)N[C@@H](CC(C)C)C(=O)O,1
CC[C@H](C)[C@H](NC(=O)[C@H](Cc1ccccc1)NC(=O)[C@H](Cc1ccc(O)cc1)NC(=O)[C@H](CS)NC(=O)[C@@H](NC(=O)[C@H](CO)NC(=O)[C@@H](N)Cc1ccc(O)cc1)[C@@H](C)O)C(=O)N[C@@H](CCSC)C(=O)O,0
Cc1ccc(SCc2cc(C(=O)NO)no2)cc1,0
O=C(NO)c1cc(CSc2cccc(Cl)c2)on1,0
O=C(NO)c1cc(CSc2ccc(Cl)cc2)on1,0
COc1cccc(SCc2cc(C(=O)NO)no2)c1,0
CC(C)c1ccccc1SCc1cc(C(=O)NO)no1,0
COc1ccc(SCc2cc(C(=O)NO)no2)cc1,0
Cc1cc(C)c(SCc2cc(C(=O)NO)no2)c(C)c1,0
O=C(NO)c1cc(CSc2ccccc2Cl)on1,0
O=C(NO)c1cc(CSc2ccc(Cl)c(Cl)c2)on1,0
O=C(NO)c1cc(CSc2ccccc2Br)on1,0
O=C(NO)c1cc(CSc2cccc(Br)c2)on1,0
O=C(NO)c1cc(CSc2ccc(F)cc2)on1,0
O=C(NO)c1cc(CSc2ccccc2C(F)(F)F)on1,0
O=C(NO)c1cc(CSc2ccc(C(F)(F)F)cc2)on1,0
CC(=O)Nc1ccc(SCc2cc(C(=O)NO)no2)cc1,0
O=C(NO)c1cc(CSc2ccc(Cc3cc4ccccc4s3)cc2)on1,0
Cc1ccc(S(=O)(=O)Cc2cc(C(=O)NO)no2)cc1,0
O=C(NO)c1cc(CS(=O)(=O)c2cccc(Cl)c2)on1,0
O=C(NO)c1cc(CS(=O)(=O)c2ccc(Cl)cc2)on1,1
COc1cccc(S(=O)(=O)Cc2cc(C(=O)NO)no2)c1,0
CC(C)c1ccccc1S(=O)(=O)Cc1cc(C(=O)NO)no1,0
Cc1ccc([S+]([O-])Cc2cc(C(=O)NO)no2)cc1,1
O=C1C(CCCCCc2ccccc2)C(=O)N(c2ccc(Cl)cc2)N1c1ccc(Cl)cc1,0
O=C1N(c2ccc(Cl)cc2)N(c2ccc(Cl)cc2)C(=O)C1(CCCCCCc1ccccc1)CCCCCCc1ccccc1,0
O=C1C(CCCCCCc2ccccc2)C(=O)N(c2ccc(Cl)cc2)N1c1ccc(Cl)cc1,0
O=C1C(CCSCc2ccccc2)C(=O)N(c2ccc(Cl)cc2)N1c1ccc(Cl)cc1,0
O=C1C(CCOCc2ccccc2)C(=O)N(c2ccc(Cl)cc2)N1c1ccc(Cl)cc1,0
O=C1N(c2ccc(Cl)cc2)N(c2ccc(Cl)cc2)C(=O)C1(CCOCc1ccccc1)CCOCc1ccccc1,0
O=C1C(Cc2ccc(Cl)cc2Cl)C(=O)N(c2ccc(Cl)cc2)N1c1ccc(Cl)cc1,0
N#CC1(c2ccc(CC3C(=O)N(c4ccc(Cl)cc4)N(c4ccc(Cl)cc4)C3=O)cc2)C=CC=CC1,0
O=C(CCC1C(=O)N(c2ccc(Cl)cc2)N(c2ccc(Cl)cc2)C1=O)c1ccc(F)cc1,0
OC(CNCc1ccccc1)c1cccc(C(F)(F)F)c1,1
Cc1ccccc1CNCC(O)c1cccc(C(F)(F)F)c1,1
O=C(O)c1ccccc1CNCC(O)c1cccc(C(F)(F)F)c1,0
Oc1ccccc1CNCC(O)c1cccc(C(F)(F)F)c1,1
OC(CNCc1ccccc1OC(F)F)c1cccc(C(F)(F)F)c1,1
COc1ccccc1CNCC(O)c1cccc(C(F)(F)F)c1,1
C=CCOc1ccccc1CNCC(O)c1cccc(C(F)(F)F)c1,1
COc1ccccc1CNCC(O)c1cccc(Br)c1,1
COc1ccccc1CNCC(O)c1cccc(C)c1,1
COc1ccccc1CNCC(O)c1cccc(OC(F)(F)F)c1,1
COc1ccccc1CNCC(O)c1cc(Br)cs1,1
OC(CNCc1ccccc1Oc1ccccc1)c1cc(Br)cs1,1
COCOc1ccccc1CNCC(O)c1cc(Br)cs1,1
N#CCOc1ccccc1CNCC(O)c1cc(Br)cs1,1
OCCOc1ccccc1CNCC(O)c1cc(Br)cs1,1
NCCOc1ccccc1CNCC(O)c1cc(Br)cs1,1
O=C1c2ccccc2C(=O)N1CCOc1ccccc1CNCC(O)c1cc(Br)cs1,1
OC(CNCc1ccccc1OCCN1CCOCC1)c1cc(Br)cs1,1
C=CCOc1ccccc1CNCC(O)c1cc(Br)cs1,1
OC(CNCc1ccccc1OCc1ccccn1)c1cc(Br)cs1,1
OC(CNCc1ccccc1OCc1nc2ccccc2[nH]1)c1cc(Br)cs1,1
NC(=O)COc1ccccc1CNCC(O)c1cc(Br)cs1,1
CCNC(=O)COc1ccccc1CNCC(O)c1cc(Br)cs1,1
CNC(=O)CNC(=O)COc1ccccc1CNCC(O)c1cc(Br)cs1,1
CN(CCO)C(=O)COc1ccccc1CNCC(O)c1cc(Br)cs1,1
O=C(O)CCOc1ccccc1CNCC(O)c1cc(Br)cs1,1
CNC(=O)CNC(=O)CCOc1ccccc1CNCC(O)c1cc(Br)cs1,1
CN(CCO)C(=O)CCOc1ccccc1CNCC(O)c1cc(Br)cs1,1
O=C(O)CCCOc1ccccc1CNCC(O)c1cc(Br)cs1,1
CNC(=O)CNC(=O)CCCOc1ccccc1CNCC(O)c1cc(Br)cs1,1
CN(CCO)C(=O)CCCOc1ccccc1CNCC(O)c1cc(Br)cs1,1
NCCCCOc1ccccc1CNCC(O)c1cc(Br)cs1,1
O=C1c2ccccc2C(=O)N1CCCCOc1ccccc1CNCC(O)c1cc(Br)cs1,1
OCCOc1ccccc1CNC[C@@H](O)c1cc(Br)cs1,1
O=C(O)c1cn(C2CC2)c2cc(N3CCNCC3)c(F)cc2c1=O,0
CCc1c2s[nH]c(=O)c2c(=O)n2ccc(-c3cc(C)nc(C)c3)cc12,0
CCc1c2s[nH]c(=O)c2c(=O)n2ccc(-c3ccncc3)cc12,0
CCc1c2s[nH]c(=O)c2c(=O)n2ccc(N3CCNCC3)cc12,0
CCc1c2s[nH]c(=O)c2c(=O)n2ccc(N3CCC(N(C)C)C3)cc12,0
CCn1cc(C(=O)O)c(=O)c2cc(F)c(N3CCNCC3)cc21,0
C=CCc1c(O)nc(Nc2ccc3c(c2)CCC3)nc1O,0
CCc1cc(Nc2nc(N)cc(O)n2)ccc1C,0
CCc1cc(Nc2nc(N)c(Cc3ccccc3)c(O)n2)ccc1C,0
C=CCc1c(O)nc(Nc2ccc3c(c2)CCC3)nc1Cl,0
C=CCc1c(O)nc(Nc2ccc(C)c(CC)c2)nc1O,0
CCc1cc(Nc2nc(O)c(Cc3ccccc3)c(O)n2)ccc1C,0
O=[N+]([O-])c1ccc(OCCCc2c(O)nc(Nc3ccc4c(c3)CCC4)nc2O)nc1,0
COc1cc(C#N)ccc1OCCCc1c(O)nc(Nc2ccc3c(c2)CCC3)nc1O,0
N#Cc1ccc(OCCCc2c(O)nc(Nc3ccc4c(c3)CCC4)nc2O)cc1,0
O=[N+]([O-])c1ccc(OCCCc2c(O)nc(Nc3ccc4c(c3)CCC4)nc2O)cc1,0
COc1ccc(OCCCc2c(O)nc(Nc3ccc4c(c3)CCC4)nc2O)cc1,0
Nc1ccc(OCCCc2c(O)nc(Nc3ccc4c(c3)CCC4)nc2O)cc1,0
Oc1nc(Nc2ccc3c(c2)CCC3)nc(O)c1CCCCOc1ccccc1,0
Oc1nc(Nc2ccc3c(c2)CCC3)nc(O)c1CCCOc1ccccc1,0
C=CCCc1c(O)nc(Nc2ccc3c(c2)CCC3)nc1O,0
Oc1nc(Nc2ccc3c(c2)CCC3)nc(O)c1CCCc1ccccc1,0
Oc1nc(Nc2ccc3c(c2)CCC3)nc(O)c1Cc1ccccc1,0
CCc1cc(Nc2nc(N)c(CCCc3ccccc3)c(O)n2)ccc1C,0
C=CCc1c(N)nc(Nc2ccc(C)c(CC)c2)nc1O,0
O=c1[nH]sc2c1c(=O)c1cc(F)c(-c3cccc4cnccc34)cc1n2C1CC1,0
O=c1[nH]sc2c1c(=O)c1cc(F)c(-c3cccc4ncccc34)cc1n2C1CC1,0
O=c1[nH]sc2c1c(=O)c1cc(F)c(-c3cnc4ccccc4c3)cc1n2C1CC1,0
O=c1[nH]sc2c1c(=O)c1cc(F)c(-c3ccc4ncccc4c3)cc1n2C1CC1,0
O=c1[nH]sc2c1c(=O)c1cc(F)c(-c3ccc4cncnc4c3)cc1n2C1CC1,0
Cn1ccc2cc(-c3cc4c(cc3F)c(=O)c3c(=O)[nH]sc3n4C3CC3)ccc21,0
O=c1[nH]sc2c1c(=O)c1cc(F)c(-c3cc4ccccc4[nH]3)cc1n2C1CC1,0
COc1ccc(-c2cc3c(cc2F)c(=O)c2c(=O)[nH]sc2n3C2CC2)cn1,0
COc1cncc(-c2cc3c(cc2F)c(=O)c2c(=O)[nH]sc2n3C2CC2)c1,0
COc1ccncc1-c1cc2c(cc1F)c(=O)c1c(=O)[nH]sc1n2C1CC1,0
COc1ccc(-c2cc3c(cc2F)c(=O)c2c(=O)[nH]sc2n3C2CC2)c(OC)n1,0
Cc1ccc(-c2cc3c(cc2F)c(=O)c2c(=O)[nH]sc2n3C2CC2)c(C)n1,0
Cc1cc(-c2cc3c(cc2F)c(=O)c2c(=O)[nH]sc2n3C2CC2)cc(C)n1,0
O=c1[nH]sc2c1c(=O)c1cc(F)c(-c3ccnc(CO)c3)cc1n2C1CC1,0
Cc1cc(-c2cc3c(cc2F)c(=O)c2c(=O)[nH]sc2n3C2CC2)ccn1,0
O=c1[nH]sc2c1c(=O)c1cc(F)c(-c3cncc(C4CCCN4)c3)cc1n2C1CC1,0
O=c1[nH]sc2c1c(=O)c1cc(F)c(-c3cncc(C4CCCCN4)c3)cc1n2C1CC1,0
NCc1ccc(-c2cc3c(cc2F)c(=O)c2c(=O)[nH]sc2n3C2CC2)cn1,1
O=c1[nH]sc2c1c(=O)c1cc(F)c(-c3ccnc(F)c3)cc1n2C1CC1,0
O=c1[nH]sc2c1c(=O)c1cc(F)c(-c3ccc(F)nc3)cc1n2C1CC1,0
O=c1[nH]sc2c1c(=O)c1cc(F)c(-c3cccnc3F)cc1n2C1CC1,0
Cc1ccc(-c2cc3c(cc2F)c(=O)c2c(=O)[nH]sc2n3C2CC2)cn1,0
Cc1ncccc1-c1cc2c(cc1F)c(=O)c1c(=O)[nH]sc1n2C1CC1,0
Cc1ccc(-c2cc3c(cc2F)c(=O)c2c(=O)[nH]sc2n3C2CC2)nc1,0
Cc1ccnc(-c2cc3c(cc2F)c(=O)c2c(=O)[nH]sc2n3C2CC2)c1,0
O=c1[nH]sc2c1c(=O)c1cc(F)c(-c3cnccn3)cc1n2C1CC1,0
O=c1[nH]sc2c1c(=O)c1cc(F)c(-c3cccnc3)cc1n2C1CC1,1
O=c1[nH]sc2c1c(=O)c1cc(F)c(-c3ccncc3)cc1n2C1CC1,0
O=c1[nH]sc2c1c(=O)c1cc(F)c(-c3ccccc3)cc1n2C1CC1,0
COc1c(N2C[C@@H]3CCCN[C@@H]3C2)c(F)cc2c(=O)c(C(=O)O)cn(C3CC3)c12,1
O=c1[nH]sc2c1c(=O)c1cc(F)c(-c3ccc(C4CCCCN4)cc3)cc1n2C1CC1,0
O=c1[nH]sc2c1c(=O)c1cc(F)c(-c3cccc(C4CCCCN4)c3)cc1n2C1CC1,0
NCc1ccc(-c2cc3c(cc2F)c(=O)c2c(=O)[nH]sc2n3C2CC2)cc1,0
NCc1cccc(-c2cc3c(cc2F)c(=O)c2c(=O)[nH]sc2n3C2CC2)c1,1
Nc1cc(-c2cc3c(cc2F)c(=O)c2c(=O)[nH]sc2n3C2CC2)ccc1F,0
Nc1ccc(-c2cc3c(cc2F)c(=O)c2c(=O)[nH]sc2n3C2CC2)cc1,0
Nc1cccc(-c2cc3c(cc2F)c(=O)c2c(=O)[nH]sc2n3C2CC2)c1,0
O=c1[nH]sc2c1c(=O)c1cc(F)c(-c3ccc(CO)cc3)cc1n2C1CC1,0
O=c1[nH]sc2c1c(=O)c1cc(F)c(-c3cccc(CO)c3)cc1n2C1CC1,0
O=c1[nH]sc2c1c(=O)c1cc(F)c(-c3ccc(O)cc3)cc1n2C1CC1,0
O=c1[nH]sc2c1c(=O)c1cc(F)c(-c3cccc(O)c3)cc1n2C1CC1,0
O=c1[nH]sc2c1c(=O)c1cc(F)c(-c3cccc(F)c3)cc1n2C1CC1,0
CO/N=C1\CN(c2nc3c(cc2F)c(=O)c(C(=O)O)cn3C2CC2)CC1CN,1
COc1c(N2CCNC(C)C2)c(F)cc2c(=O)c(C(=O)O)cn(C3CC3)c12,0
CC1CCC/C=C/CCC(=O)CCC/C=C\C=C\[C@@H](O)C/C=C/C=C\C(=O)O1,0
COc1c(-c2cc(C)nc(C)c2)c(F)cc2c(=O)c3c(=O)[nH]sc3n(C3CC3)c12,0
COc1c(-c2ccnc(C)c2)c(F)cc2c(=O)c3c(=O)[nH]sc3n(C3CC3)c12,0
COc1c(-c2ccc3c(c2)CN[C@@H]3C)c(F)cc2c(=O)c3c(=O)[nH]sc3n(C3CC3)c12,0
COc1c(-c2ccc3c(c2)CNC3)c(F)cc2c(=O)c3c(=O)[nH]sc3n(C3CC3)c12,0
O=C(Nc1ccc(Br)cc1C(=O)O)c1ccc(S(=O)(=O)N2CC3CCCC(C3)C2)cc1,0
CC1(c2ccccc2)CCCN(S(=O)(=O)c2ccc(C(=O)Nc3ccc(Br)cc3C(=O)O)cc2)C1,0
O=C(Nc1ccc(Br)cc1C(=O)O)c1ccc(S(=O)(=O)N2CCc3ccc(Cl)cc32)cc1,0
O=C(Nc1ccc(Br)cc1C(=O)O)c1ccc(S(=O)(=O)N2CCc3cc(Cl)ccc32)cc1,0
CC1(C)Cc2ccccc2N1S(=O)(=O)c1ccc(C(=O)Nc2ccc(Br)cc2C(=O)O)cc1,0
O=C(Nc1ccc(Br)cc1C(=O)O)c1ccc(S(=O)(=O)N2CCCC23CCCCC3)cc1,0
O=C(Nc1ccc(Br)cc1C(=O)O)c1ccc(S(=O)(=O)N2CCC(c3ccccc3)CC2)cc1,0
O=C(Nc1ccc(Br)cc1C(=O)O)c1ccc(S(=O)(=O)N2CCc3ccccc3C2)cc1,0
N=C(N)NCCC[C@H](NC(=O)[C@H](Cc1c[nH]c2ccccc12)NC(=O)[C@H](CCCNC(=N)N)NC(=O)[C@H](Cc1c[nH]c2ccccc12)NC(=O)[C@H](CCCNC(=N)N)NC(=O)[C@H](Cc1c[nH]c2ccccc12)NC(=O)[C@H](CCCNC(=N)N)NC(=O)[C@H](Cc1c[nH]c2ccccc12)NC(=O)[C@@H](N)CCCNC(=N)N)C(=O)N[C@@H](Cc1c[nH]c2ccccc12)C(N)=O,0
N=C(N)NCCC[C@H](NC(=O)[C@H](Cc1c[nH]c2ccccc12)NC(=O)[C@H](CCCNC(=N)N)NC(=O)[C@H](Cc1c[nH]c2ccccc12)NC(=O)[C@H](CCCNC(=N)N)NC(=O)[C@H](Cc1c[nH]c2ccccc12)NC(=O)[C@@H](N)CCCNC(=N)N)C(=O)N[C@@H](Cc1c[nH]c2ccccc12)C(N)=O,0
COC(=O)CC/C=C/c1c(O)cc(C(=O)O)cc1O,1
CC(=O)c1cc(O)c(O)c(O)c1,0
O=C(O)/C=C/c1ccc(O)c(O)c1,0
O=C(O)/C=C/c1cc(O)c(O)c(O)c1,0
O=C(O)CCCC(=O)c1ccc(O)c(O)c1O,0
Oc1cccc(O)c1O,1
O=C(O)c1cc(O)cc(O)c1CO,1
COC(=O)c1cc(O)cc(OC)c1C=O,0
Cc1cc(O)c(C=O)c(O)c1,0
Cc1cc(O)cc(O)c1,0
CCN(CC)CCCNc1nc(NCCc2ccccc2)nc(NC23CC4CC(CC(C4)C2)C3)n1,0
CCCCN(CCCC)CCCNc1nc(NC2CCCCCCC2)nc(NC23CC4CC(CC(C4)C2)C3)n1,0
Fc1ccc([C@@H]2CCNC[C@H]2COc2ccc3c(c2)OCO3)cc1,0
Fc1ccc([C@@H]2CCNC[C@H]2CSc2ccccc2)cc1,0
Clc1ccc(Br)cc1/C=C/[C@H]1CCCNC1,0
ClC1=CCC(Br)C=C1OC[C@H]1CCCNC1,0
Fc1ccc([C@@H]2CCNC[C@H]2COc2ccccc2)cc1,0
Fc1ccc([C@@H]2CCNC[C@H]2COc2cc(Br)ccc2Cl)cc1,0
O=C(/C=C/c1cccs1)Nc1ccc(N2CCOCC2)c(C(=O)O)c1,0
COC(=O)c1cc(NC(=O)/C=C/c2cccs2)ccc1N1CCOCC1,0
O=Cc1cc(NC(=O)/C=C/c2cccs2)ccc1N1CCOCC1,0
O=C(/C=C/c1cccs1)Nc1ccc(N2CCOCC2)c(CO)c1,0
C=CC(=O)c1cccs1,0
CN(C)CCC(=O)c1ccc(Cl)c(Cl)c1,0
CN(C)CCC(=O)c1cccs1,0
COC(=O)C1=CC(=O)C=C(OC)[C@]12Oc1cc(C)cc(OC(=O)c3c(O)cc(C)cc3Oc3c(OC)cc(O)cc3C(=O)OC)c1C2=O,0
N#C/C(=C\c1ccc([N+](=O)[O-])s1)c1nc2ccccc2[nH]1,0
N#C/C(=C\c1ccc([N+](=O)[O-])s1)c1nc2ccccc2s1,0
CO[C@@H]1[C@@H](OC(N)=O)[C@@H](O)[C@H](Oc2ccc3c(O)c(NC(=O)c4ccc(O)c(CC=C(C)C)c4)c(=O)oc3c2C)OC1(C)C,1
CCNC(=O)Nc1nc2cc(-c3ccn(C)c(=O)c3)cc(-c3ncccc3F)c2[nH]1,1
CCNC(=O)Nc1nc2cc(-n3cnc(C(=O)NC4CC4)c3)cc(-c3ccccn3)c2[nH]1,1
CCNC(=O)Nc1nc2cc(-n3cnc(C(=O)NC4CC4)c3)cc(-n3cccn3)c2[nH]1,1
CCNC(=O)Nc1nc2cc(-c3cncnc3)cc(-n3cccn3)c2[nH]1,1
CCNC(=O)Nc1nc2cc(-c3cnc(OC)nc3)c(OC)cc2[nH]1,1
CCNC(=O)Nc1nc2cc(-c3cccnc3)cc(-c3ncccc3F)c2[nH]1,1
CCNC(=O)Nc1nc2cc(-c3cccnc3)cc(-c3cccnc3)c2[nH]1,1
CCNC(=O)Nc1nc2cc(-c3cccnc3)cc(-c3ccccn3)c2[nH]1,1
CCNC(=O)Nc1nc2cc(-c3cccnc3)cc(-n3cccn3)c2[nH]1,1
CCNC(=O)Nc1nc2cc(-c3cccnc3)cc(C(=O)NC)c2[nH]1,1
CCNC(=O)Nc1nc2cc(-c3cccnc3)cc(C(=O)OC)c2[nH]1,1
CCNC(=O)Nc1nc2cc(-c3cccnc3)c(N3CCCCC3)cc2[nH]1,1
CCNC(=O)Nc1nc2cc(-c3cccnc3)c(OC)cc2[nH]1,1
CCNC(=O)Nc1nc2cc(-c3cccnc3)c(C)cc2[nH]1,1
CCNC(=O)Nc1nc2cc(-c3cccnc3)c(F)cc2[nH]1,1
CCNC(=O)Nc1nc2cc(-n3cnc(C(=O)NC4CC4)c3)c(F)cc2[nH]1,1
CCNC(=O)Nc1nc2cc(-c3cncnc3)ccc2[nH]1,1
CCNC(=O)Nc1nc2cc(-c3ccccc3)ccc2[nH]1,1
CCNC(=O)Nc1nc2cc(-c3cccnc3)ccc2[nH]1,1
CCOC(=O)Nc1nc2cc(/C=C/c3ccc(O)cc3)ccc2[nH]1,0
O=c1c(O)c(-c2ccc(O)cc2O)oc2cc(O)cc(O)c12,0
CC[C@H](CC[C@@H](C)[C@H]1CC[C@H]2[C@@H]3CC=C4C[C@@H](O[C@@H]5O[C@H](CO)[C@@H](O)[C@H](O)[C@H]5O)CC[C@]4(C)[C@H]3CC[C@]12C)C(C)C,0
CC1=C[C@@H]2c3c(O)cc(-c4cc5ccc(O)cc5o4)cc3O[C@]3(c4ccc(O)c5c4OC(C)(C)C=C5)Oc4cc(O)ccc4[C@H](C1)[C@@H]23,0
CC(C)=CCc1c(O)ccc(C(=O)[C@H]2[C@H](c3c(O)cc(-c4cc5ccc(O)cc5o4)cc3O)C=C(C)C[C@H]2c2ccc(O)cc2O)c1O,1
O=P([O-])([O-])C(CCCc1cccc(Oc2ccccc2)c1)S(=O)(=O)[O-].[K+].[K+].[K+],0
COc1ccc(Oc2ccc(F)cc2)cc1CCCC(P(=O)([O-])[O-])S(=O)(=O)[O-].[K+].[K+].[K+],0
O=P([O-])([O-])C(CCCc1cc(Oc2ccc(F)cc2)ccc1F)S(=O)(=O)[O-].[K+].[K+].[K+],0
O=P([O-])([O-])C(CCCc1cccc(Oc2cc(Cl)cc(Cl)c2)c1)S(=O)(=O)[O-].[K+].[K+].[K+],0
O=P([O-])([O-])C(CCCc1cccc(Oc2cc(F)cc(F)c2)c1)S(=O)(=O)[O-].[K+].[K+].[K+],0
O=P([O-])([O-])C(CCCc1cccc(Oc2ccc3occc3c2)c1)S(=O)(=O)[O-].[K+].[K+].[K+],0
O=P([O-])([O-])C(CCCc1cccc(Oc2ccc(Cl)c(Cl)c2)c1)S(=O)(=O)[O-].[K+].[K+].[K+],0
O=P([O-])([O-])C(CCCc1cccc(Oc2ccc(F)c(F)c2)c1)S(=O)(=O)[O-].[K+].[K+].[K+],0
O=P([O-])([O-])C(CCCc1cccc(Oc2ccc(O)cc2)c1)S(=O)(=O)[O-].[K+].[K+].[K+],0
O=P([O-])([O-])C(CCCc1cccc(Oc2ccc(Cc3ccccc3)cc2)c1)S(=O)(=O)[O-].[K+].[K+].[K+],0
CC(C)(C)c1ccc(Oc2cccc(CCCC(P(=O)([O-])[O-])S(=O)(=O)[O-])c2)cc1.[K+].[K+].[K+],0
O=P([O-])([O-])C(CCCc1cccc(Oc2ccc(Cl)cc2)c1)S(=O)(=O)[O-].[K+].[K+].[K+],0
O=P([O-])([O-])C(CCCc1cccc(Oc2ccccc2C(F)(F)F)c1)S(=O)(=O)[O-].[K+].[K+].[K+],0
O=P([O-])([O-])C(CCCc1cccc(Oc2cccc(C(F)(F)F)c2)c1)S(=O)(=O)[O-].[K+].[K+].[K+],0
O=P([O-])([O-])C(CCCc1cccc(Oc2ccccc2F)c1)S(=O)(=O)[O-].[K+].[K+].[K+],0
O=P([O-])([O-])C(CCCc1cccc(Oc2cccc(F)c2)c1)S(=O)(=O)[O-].[K+].[K+].[K+],0
O=P([O-])([O-])C(CCCc1ccc(Oc2ccccc2)cc1)S(=O)(=O)[O-].[K+].[K+].[K+],0
O=P([O-])([O-])C(CCCc1cccc(Cc2ccccc2)c1)S(=O)(=O)[O-].[K+].[K+].[K+],0
O=P([O-])([O-])C(CCCc1cccc(Nc2ccccc2)c1)S(=O)(=O)[O-].[K+].[K+].[K+],0
CCCCc1ccc(-c2ccc(CCCC(P(=O)([O-])[O-])S(=O)(=O)[O-])cc2)cc1.[K+].[K+].[K+],0
Cc1ccc(-c2ccc(CCCC(P(=O)([O-])[O-])S(=O)(=O)[O-])cc2)cc1.[K+].[K+].[K+],0
O=P([O-])([O-])C(CCCc1ccc(-c2ccc(F)cc2F)cc1)S(=O)(=O)[O-].[K+].[K+].[K+],0
O=P([O-])([O-])C(CCCc1ccc(-c2ccccc2)cc1)S(=O)(=O)[O-].[K+].[K+].[K+],0
O=P([O-])([O-])C(CCCc1cccc(Oc2ccc(C(F)(F)F)cc2)c1)S(=O)(=O)[O-].[K+].[K+].[K+],0
CCCc1ccc(Oc2cccc(CCCC(P(=O)([O-])[O-])S(=O)(=O)[O-])c2)cc1.[K+].[K+].[K+],0
O=P([O-])([O-])C(CCCc1cccc(Oc2ccc(F)cc2)c1)S(=O)(=O)[O-].[K+].[K+].[K+],0
CP(=O)([O-])C(CCCc1ccc(-c2ccccc2)cc1)P(=O)([O-])[O-].[K+].[K+].[K+],0
O=P([O-])([O-])C(CCCc1ccc(-c2ccc(C(F)(F)F)cc2)cc1)P(=O)([O-])[O-].[K+].[K+].[K+].[K+],1
O=P([O-])([O-])C(CCCc1ccc(-c2ccccc2)cc1)P(=O)([O-])[O-].[K+].[K+].[K+].[K+],1
O=P([O-])([O-])[C@H](CCCc1cccc(Oc2ccccc2)c1)S(=O)(=O)[O-].[K+].[K+].[K+],0
O=P([O-])([O-])[C@@H](CCCc1cccc(Oc2ccccc2)c1)S(=O)(=O)[O-].[K+].[K+].[K+],0
O=P([O-])([O-])C(CCCc1cccc(Oc2ccc(Oc3ccccc3)cc2)c1)S(=O)(=O)[O-].[K+].[K+].[K+],1
O=P([O-])([O-])C(CCc1cccc(Oc2ccccc2)c1)S(=O)(=O)[O-].[K+].[K+].[K+],0
O=P([O-])([O-])C(Cc1cccc(Oc2ccccc2)c1)S(=O)(=O)[O-].[K+].[K+].[K+],0
CCCOc1cccc(-c2ccc(CCCC(P(=O)([O-])[O-])S(=O)(=O)[O-])cc2)c1.[K+].[K+].[K+],1
CCCCCCCCCCCC(=O)O[C@H]1[C@@H](O[C@@]2(CO)O[C@@H](CO)[C@H](O)[C@H]2O)O[C@H](CO)[C@@H](O)[C@@H]1OC(=O)C=C(C)C,0
Cc1cc(O)c2c(c1)C(=O)c1ccc3c(c1C2=O)O[C@@]12O[C@@H](C)[C@H]4C31C(=C(O)C[C@@]4(C)O)C(=O)c1c(O)cccc12,1
CC1=CC(O)=C2C(=O)c3c(O)cccc3[C@@]34Oc5c(ccc6c5C(=O)c5c(O)cc(C)cc5C6=O)C23[C@@H]1[C@H](C)O4,0
Cc1cc(O)c2c(c1)C(=O)c1ccc3c(c1C2=O)O[C@@]12O[C@@H](C)[C@@]4(O)C31C(=C(O)C[C@@]4(C)O)C(=O)c1c(O)cccc12,1
C=C1CC[C@H]2C(C)(C)[C@H](O)CC[C@]2(C)[C@@H]1C[C@@H]1CCC(=C)[C@H](CC/C(C)=C/COC=O)[C@@]1(C)C(=O)O,0
C=C1CC[C@H]2C(C)(C)[C@H](O)CC[C@]2(C)[C@@H]1C[C@@H]1CCC(=C)[C@H](CC/C(C)=C/CO)[C@@]1(C)C(=O)O,0
O[C@]12C=C(c3nccc4c3[nH]c3ccccc34)[C@@H]3CCN(CCCC/C=C\CC1)C[C@@]31C[C@@H]3/C=C\CCCCN3[C@H]12,1
C[n+]1ccc2c([nH]c3ccccc32)c1C1=C[C@@]2(O)CC/C=C\CCCCN3CCC1[C@]1(C[C@@H]4/C=C\CCCCN4[C@H]12)C3.O=S(=O)([O-])C(F)(F)F,0
O=C(CP(=O)([O-])[O-])NCCCc1cccc(Oc2ccc(Cl)c(Cl)c2)c1.[K+].[K+],1
O=C(CP(=O)([O-])[O-])NCCCc1cccc(Oc2ccccc2)c1.[K+].[K+],1
O=C(CP(=O)([O-])[O-])NCCCc1cccc(Oc2ccc(Cl)cc2)c1.[K+].[K+],1
O=P([O-])([O-])CP(=O)([O-])CCCCc1cccc(Oc2ccccc2)c1.[K+].[K+].[K+],1
O=C(CP(=O)([O-])[O-])N(O)CCCc1cccc(Oc2ccc(Cl)c(Cl)c2)c1.[K+].[K+],1
O=C(CP(=O)([O-])[O-])N(O)CCCc1cccc(Oc2ccccc2)c1.[K+].[K+],1
O=C(CP(=O)(O)O)NCCCc1ccc(-c2ccccc2)cc1,1
O=C(CS(=O)(=O)O)NCCCc1cccc(Oc2ccccc2)c1,1
CN(CCCc1cccc(Oc2ccccc2)c1)C(=O)CP(=O)([O-])[O-].[K+].[K+],1
CC(C)(C(=O)NCCCc1cccc(Oc2ccccc2)c1)P(=O)([O-])[O-].[K+].[K+],1
O=C(CP(=O)([O-])[O-])NCCc1cccc(Oc2ccccc2)c1.[K+].[K+],0
O=C(NO)C(CCCc1cccc(Oc2ccccc2)c1)P(=O)([O-])[O-].[K+].[K+],0
O=C(CP(=O)([O-])[O-])NCCCCc1cccc(Oc2ccccc2)c1.[K+].[K+],0
O=C(CP(=O)([O-])[O-])OCCCc1cccc(Oc2ccccc2)c1.[K+].[K+],0
O=C(CCCCc1cccc(Oc2ccccc2)c1)CP(=O)([O-])[O-].[K+].[K+],0
Cc1ccc(-c2ccc(CCCN(O)C(=O)CP(=O)(O)O)cc2)cc1,0
CC(=O)NP(=O)(O)OCCCc1cccc(Oc2ccccc2)c1,1
CC(C)c1c(O)ccc2c1CC[C@H]1C(C)(C)CCC[C@]21C,0
COC(=O)[C@H]1[C@H]2C[C@@H]3c4[nH]c5cc(OC)ccc5c4CCN3C[C@H]2C[C@@H](OC(=O)c2cc(OC)c(OC)c(OC)c2)[C@@H]1OC,0
CCCCCc1c(C/C=C(\C)CCC=C(C)C)c(O)cc(O)c1OC(C)=O,0
C=C(C)C(O)CCC1(C)C=Cc2c(O)cc(CCCCC)cc2O1,0
CCCCCc1cc(O)c(C/C=C(\C)CCC=C(C)C)c(OC(C)=O)c1O,0
CCCCC/C=C/C1=C(CO)[C@H](O)[C@H]2O[C@@]2(C/C=C(\C)C(=O)O)C1=O,0
CCCCC/C=C/C1=C(COC(C)=O)[C@@H](O)[C@H]2O[C@@]2(C/C=C(\C)C(=O)O)C1=O,0
Cc1nc(-c2c[nH]c(C(=O)O)c2)cs1,0
COc1ccc(Nc2nc(N)nc(-c3cc4ccccc4o3)n2)cc1,0
Cc1noc(NS(=O)(=O)c2ccc(NC(=O)CSc3nnc(-c4ccccc4)c(-c4ccccc4)n3)cc2)c1C,0
COc1cc(/C=C2\SC(=S)N(c3cccc(C(F)(F)F)c3)C2=O)cc(OC)c1O,0
COc1cc(/C=C2\SC(=S)N(c3ccc([N+](=O)[O-])cc3)C2=O)cc(OC)c1O,1
COc1cc(/C=C2\SC(=S)N(c3ccc(Cl)cc3)C2=O)cc(OC)c1O,0
COc1cc(/C=C2\SC(=S)N(c3cccc(Cl)c3)C2=O)cc(OC)c1O,0
COc1cc(C(=O)Nc2nc3ccc(S(=O)(=O)N4CCOCC4)cc3s2)cc(OC)c1OC,0
CCOc1ccccc1C(=O)Nc1nc2ccc(S(N)(=O)=O)cc2s1,0
Cn1c(SCc2cc(=O)oc3cc(O)c(O)cc23)nc2ccccc21,0
Nn1c(Cc2ccccc2F)nnc1SCc1cc(=O)oc2cc(O)c(O)cc12,0
Cc1c(Cc2ccccc2)c(=O)oc2c(O)c(O)ccc12,0
N=C(N)NCCCCNC(=O)[C@]1(O)[C@H](Cc2c[nH]c3cc(Br)ccc23)[C@@](O)(Cc2c[nH]c3cc(Br)ccc23)C(=O)N1CCCCNC(=N)N,0
N=C(N)NCCCCNC(=O)[C@@]1(O)[C@H](Cc2c[nH]c3cc(Br)ccc23)[C@@](O)(Cc2c[nH]c3cc(Br)ccc23)C(=O)N1CCCCNC(=N)N,0
Cc1c(CN(C)C(=O)/C=C/c2cnc3c(c2)CCC(=O)N3)sc2ccccc12,1
Cc1c(CN(C)C(=O)/C=C/c2cnc3c(c2)CN(CCN2CCOCC2)C(=O)N3)sc2ccccc12,1
Cc1c(CN(C)C(=O)/C=C/c2cnc3c(c2)CC2(CCNCC2)C(=O)N3)oc2ccccc12,1
CN(Cc1cc2ccccc2n1C)C(=O)/C=C/c1cnc2c(c1)CC1(CCNCC1)C(=O)N2,1
Cc1c(CN(C)C(=O)/C=C/c2cnc3c(c2)CC2(CCNCC2)C(=O)N3)sc2ccccc12,1
CCCOc1c(CN(C)C(=O)/C=C/c2cnc3c(c2)CC2(CCNCC2)C(=O)N3)cccc1OC,1
Cc1c(CN(C)C(=O)/C=C/c2cnc3c(c2)CC2(CCN(C)CC2)C(=O)N3)oc2ccccc12,1
Cc1c(CN(C)C(=O)/C=C/c2cnc3c(c2)CC2(CCN(C)CC2)C(=O)N3)sc2ccccc12,1
Cc1c(CN(C)C(=O)/C=C/c2cnc3c(c2)CC2(CCN(C)CC2)C(=O)N3)sc2ccc(F)cc12,1
CCCOc1c(CN(C)C(=O)/C=C/c2cnc3c(c2)CC2(CCN(C)CC2)C(=O)N3)cccc1OC,1
C[C@H]1[C@@H](O[C@@H](CO[C@H]2O[C@@H]3O[C@@]4(C)CC[C@H]5[C@H](C)CC[C@@H]([C@H]2C)[C@@]35OO4)[C@H](O)CO)O[C@@H]2O[C@@]3(C)CC[C@H]4[C@H](C)CC[C@@H]1[C@@]24OO3,0
C[C@H]1[C@@H](OCC[C@H](O)CO[C@H]2O[C@@H]3O[C@@]4(C)CC[C@H]5[C@H](C)CC[C@@H]([C@H]2C)[C@@]35OO4)O[C@@H]2O[C@@]3(C)CC[C@H]4[C@H](C)CC[C@@H]1[C@@]24OO3,0
COC1OC(c2ccccc2)=Cc2nc3ccccc3cc21,0
CCOC1OC(c2ccccc2)=Cc2nc3ccccc3cc21,0
O=C1C[C@H]2S[C@H]3C[C@]2(C=C1Br)C1=C(N3)C(=O)c2[nH]cc3c2C1=NCC3,0
O=C1C2=C(C3=NCCc4c[nH]c1c43)C1(C=C(Br)C(O)C(Br)=C1)CCN2,0
O=C1C2=C3C4=[N+](CCc5c[nH]c1c54)C1C[C@@]34C[C@@H](N2)SC4=C[C@H]1O,0
O=C1C2=C3C4=[N+](CCc5c[nH]c1c54)C1[C@H](O)CC(=O)[C@@]3(C[C@@H](O)N2)[C@H]1O,0
CC1=CC[C@H](Br)[C@@]2(C)CC[C@@H](Br)[C@@]3(C)CC[C@H](OC(=O)c4ccc(O)c(c4)C[C@H]12)C(C)(C)O3,1
C/C1=C\[C@@H](O)C/C(C)=C/CC(=O)/C(C)=C/[C@@H]2[C@H](CC1)C2(C)C,0
CN[C@@H]1C[C@H](c2c(O)c3c(c4c(O)cc(C)cc24)C(=O)c2cccc(O)c2C3=O)O[C@H](C)[C@@H]1CO,0
CC[C@@H]1CCN(c2c(F)cc3c(=O)c(C(=O)O)cn(C4CC4)c3c2OC)C1,0
Nc1nc(/C(=N/O)C(=O)N[C@@H]2C(=O)N3C(C(=O)O)=C(/C=C4\CCN([C@@H]5CCNC5)C4=O)CS[C@H]23)ns1,0
Cc1[nH]c2ccccc2c1C(=O)C(=O)Nc1ccccc1,0
Cc1ccc(C)c(S(=O)(=O)c2nnn3c2[nH]c(=O)c2sccc23)c1,0
CC(=O)c1cc2c(cc1NC(=O)CN1CCN(C(c3ccccc3)c3ccccc3)CC1)OCO2,0
CCOC(=O)c1c(C)oc2cc(Br)c(O)c(Br)c12,1
O=C(O)Cc1ccccc1Nc1c(Cl)cccc1Cl,1
CC1CCCN(C(C(=O)Nc2ccc3c(c2)OCO3)c2ccccc2)C1,1
Cc1c(Cl)cccc1Nc1ccccc1C(=O)O,1
O=C1CSC(NC(=O)N2c3ccccc3Sc3ccccc32)=N1,1
COc1ccc(S(=O)(=O)c2nnn3c2[nH]c(=O)c2ccccc23)cc1,1
O=C(O)c1ccccc1NC(c1ccccc1)c1ccc(Cl)cc1,1
COc1c(F)c(F)c(C(=O)O)c(Nc2ccc(C)cc2C)c1F,1
CC1CCCN(C(C(=O)Nc2ccc3c(c2)OCCO3)c2ccccc2)C1,1
Cc1ccc(Cl)c(Nc2ccccc2C(=O)O)c1Cl,1
CC(C)c1ccc(NC(=O)C(c2ccc3c(c2)OCO3)N2CCCCC2)cc1,1
O=C(NCC(c1cccnc1)N1CCN(c2ccccc2F)CC1)c1cccc(Cl)c1,1
CC1CCN(C(C(=O)Nc2ccc3c(c2)OCO3)c2ccccc2)CC1,1
COc1ccccc1N1CCN(C(CNC(=O)c2cccc(Cl)c2)c2cccnc2)CC1,1
Cc1cccc(Nc2ccccc2C(=O)O)c1C,0
O=C(Nc1ccc2c(c1)OCO2)C(c1ccccc1)N1CCCCC1,0
N#Cc1c(NC(=O)CN2C(=O)c3ccccc3C2=O)oc(-c2ccccc2)c1-c1ccccc1,0
O=C(O)c1cccnc1Nc1cccc(SC(F)(F)F)c1,1
O=C(O)c1ccccc1Nc1cccc2c1C(=O)c1ccccc1C2=O,0
COc1ccc(NC(=O)C(c2cc3c(cc2[N+](=O)[O-])OCO3)N2CC(C)CC(C)C2)cc1,0
CC(C)c1ccc(S(=O)(=O)c2nnn3c2nc(O)c2ccccc23)cc1,1
COc1ccc(CC(=O)Nc2oc(-c3ccccc3)c(-c3ccccc3)c2C#N)cc1,0
CC1CCN(C(C(=O)Nc2ccc(C(C)C)cc2)c2ccc3c(c2)OCO3)CC1,1
O=C(NCC(c1cccnc1)N1CCN(c2ccccc2)CC1)c1cccs1,0
CCc1ccc(S(=O)(=O)c2nnn3c2nc(O)c2ccccc23)cc1,1
O=C(Nc1ccc2c(c1)OCO2)C(c1ccccc1)N1CCC(Cc2ccccc2)CC1,1
Brc1cc(Br)c2oc3c(Br)c(Br)[nH]c3c2c1,0
Oc1ccc(Br)cc1-c1cc(Br)cc(Br)c1O,0
Oc1c(Br)cc(Br)cc1-c1cc(Br)cc(Br)c1O,0
Oc1c(Br)cc(Br)cc1-c1[nH]c(Br)c(Br)c1Br,1
CC(C)[C@@H]1CC[C@@H](C)C[C@H]1OC(=O)NCCn1cc(CCCCCc2c[nH]c(N)n2)nn1.Cl,0
CC(C)[C@@H]1CC[C@@H](C)C[C@H]1OC(=O)NCCCn1cc(CCCCCc2c[nH]c(N)n2)nn1.Cl,0
CC(C)[C@@H]1CC[C@@H](C)C[C@H]1OC(=O)N(CCCCCCc1cn(CCCCCCCc2c[nH]c(N)n2)nn1)CCc1ccccn1.Cl,0
CC(C)[C@@H]1CC[C@@H](C)C[C@H]1OC(=O)NCCCCCCCc1c[nH]c(N)n1.Cl,0
CC[C@@H](C)C[C@@H](C)/C=C(C)/C=C/C=C/C(=O)c1c(O)c(-c2ccc(O)cc2)c[nH]c1=O,0
CC1(C)S[C@@H]2[C@H](NC(=O)[C@H](N)c3ccccc3)C(=O)N2[C@H]1C(=O)O,1
COc1ncc(C2c3ccccc3C=NN2C(=O)/C=C/c2cc(Cc3cnc(N)nc3N)cc(OC)c2OC)cn1,1
COc1cc(Cc2cnc(N)nc2N)cc(/C=C/C(=O)N2N=Cc3ccccc3C2c2cnc(N(C)C)nc2)c1OC,1
COc1ncc([C@H]2c3ccccc3C=NN2C(=O)/C=C/c2cc(Cc3cnc(N)nc3N)cc(OC)c2OC)cn1,1
COc1ncc([C@@H]2c3ccccc3C=NN2C(=O)/C=C/c2cc(Cc3cnc(N)nc3N)cc(OC)c2OC)cn1,0
COc1cc(Cc2cnc(N)nc2N)cc(/C=C/C(=O)N2N=Cc3ccccc3[C@@H]2c2cnc(N(C)C)nc2)c1OC,1
COc1cc(Cc2cnc(N)nc2N)cc(/C=C/C(=O)N2N=Cc3ccccc3[C@H]2c2cnc(N(C)C)nc2)c1OC,0
CCCC1c2ccccc2C=NN1C(=O)/C=C/c1cc(Cc2cnc(N)nc2N)cc(O)c1OC,1
CCC[C@H]1c2ccccc2C=NN1C(=O)/C=C/c1cc(Cc2cnc(N)nc2N)cc(OC)c1OC,1
COc1cc(Cc2cnc(N)nc2N)c2c(c1OC)O[C@H](C1CC1)C=C2,1
COc1cc(Cc2cnc(N)nc2N)c2c(c1OC)O[C@@H](C1CC1)C=C2,1
COc1cc([C@H](C)C#Cc2c(C)nc(N)nc2N)ccc1-c1c(C)cccc1C,1
O=c1cc(O)cc([C@H]2c3c(cc(/C=C/c4cc(O)c(O)cc4-c4c(O)cc(/C=C/c5ccc(O)c(O)c5)oc4=O)oc3=O)O[C@@H]2c2ccc(O)c(O)c2)o1,0
O=c1cc(O)cc([C@H]2c3c(cc(/C=C/c4ccc(O)c(O)c4)oc3=O)O[C@@H]2c2ccc(O)c(O)c2)o1,0
COc1c(N2CC[C@@H]([C@H](C)N)C2)c(F)cc2c(=O)c3c(=O)[nH]sc3n(C3CC3)c12,1
CN[C@@H](C)[C@@H]1CCN(c2c(F)cc3c(=O)c4c(=O)[nH]sc4n(C4CC4)c3c2OC)C1,0
COc1c(N2CC[C@@H]([C@H](C)NCCF)C2)c(F)cc2c(=O)c3c(=O)[nH]sc3n(C3CC3)c12,0
COc1c(N2CC[C@@H](C(C)(C)N)C2)c(F)cc2c(=O)c3c(=O)[nH]sc3n(C3CC3)c12,1
Oc1ccc(-c2sccc2Cl)cc1O,0
Oc1ccc(-c2sc(Cl)c(Cl)c2Cl)cc1O,0
CCCc1ccsc1-c1ccc(O)c(O)c1,0
CCCCc1ccsc1-c1ccc(O)c(O)c1,0
Oc1ccc(-c2ccsc2)cc1O,0
Cc1sc(C)c(-c2ccc(O)c(O)c2)c1Br,0
Oc1ccc(-c2cc(Cl)sc2Cl)cc1O,0
CCCOc1ccc(-c2cc(OCCN(CC)CC)c3ccccc3n2)cc1,0
CCCOc1ccc(-c2cc(OCCN3CCCCC3)c3ccccc3n2)cc1,0
CC1=CC[C@H]2C(C)(C)CCC[C@]2(C)[C@H]1C[C@@H](OS(=O)(=O)[O-])[C@H](C)CCC/C(C)=C/Cc1cc(O)ccc1O.[Na+],0
CC1=CC[C@H]2C(C)(C)CCC[C@]2(C)[C@H]1C[C@@H](OS(=O)(=O)[O-])[C@H](C)CCC/C(C)=C\Cc1cc(O)ccc1O.[Na+],0
CCOc1ccc(C(=O)N(CC)CC)cc1-c1cc2nc(N)nc(N)c2cc1C,1
CCOc1ccc2ccccc2c1-c1cc2nc(N)nc(N)c2cc1C,1
Nc1nc(N)c2ccc(-c3ccccc3)cc2n1,1
Nc1ccc(-c2ccc3c(N)nc(N)nc3c2)cc1,1
Cc1cc2c(N)nc(N)nc2cc1-c1ccccc1,1
Cc1cc2c(N)nc(N)nc2cc1-c1ccc(N)cc1,1
CS(=O)(=O)c1ccc(-c2ccc3c(N)nc(N)nc3c2)cc1,1
Cc1cc2c(N)nc(N)nc2cc1-c1ccc(S(C)(=O)=O)cc1,1
COc1ccccc1-c1ccc2c(N)nc(N)nc2c1,1
COc1ccc(-c2cc3nc(N)nc(N)c3cc2C)cc1OC,1
COc1ccc(OC)c(-c2cc3nc(N)nc(N)c3cc2C)c1,1
Cc1ccccc1-c1cc2nc(N)nc(N)c2cc1C,1
CCc1ccccc1-c1cc2nc(N)nc(N)c2cc1C,1
CCOc1ccccc1-c1ccc2c(N)nc(N)nc2c1,1
Cc1cc2c(N)nc(N)nc2cc1-c1ccccc1C(C)C,1
CC(=O)c1cccc(-c2ccc3c(N)nc(N)nc3c2)c1,1
CC(=O)c1cccc(-c2cc3nc(N)nc(N)c3cc2C)c1,1
CCOc1ccc(C=O)cc1-c1cc2nc(N)nc(N)c2cc1C,1
CCOc1ccc(Cl)cc1-c1cc2nc(N)nc(N)c2cc1C,1
CCOc1ccc(C)cc1-c1cc2nc(N)nc(N)c2cc1C,1
CCOc1ccc(Br)cc1-c1cc2nc(N)nc(N)c2cc1C,1
CCOc1ccc2[nH]ccc2c1-c1cc2nc(N)nc(N)c2cc1C,1
CCOc1ccc(-c2cccnc2)cc1-c1ccc2c(N)nc(N)nc2c1,1
CCOc1ccc(-c2cccc(NS(C)(=O)=O)c2)cc1-c1ccc2c(N)nc(N)nc2c1,1
O=[N+]([O-])c1cccc(S(=O)(=O)OC(CNCc2ccccc2)c2ccccc2)c1,1
O=S(=O)(OC(CNCc1ccccc1)c1ccccc1)c1c(Cl)cccc1Cl,0
O=S(=O)(OC(CNCc1ccccc1)c1ccccc1)c1ccc(F)cc1,0
CC(C)(C)OC(=O)N(Cc1ccc(F)cc1)CC(OS(=O)(=O)c1cccc(Cl)c1Cl)c1ccccc1,0
CC(C)(C)OC(=O)N(Cc1ccc(F)cc1)CC(OS(=O)(=O)c1c(Cl)cccc1Cl)c1ccccc1,0
CC(C)(C)OC(=O)N(Cc1ccc(F)cc1)CC(OS(=O)(=O)c1cccc([N+](=O)[O-])c1)c1ccccc1,0
CC(C)(C)OC(=O)N(Cc1ccc(F)cc1)CC(OS(=O)(=O)c1ccc(F)cc1)c1ccccc1,0
CC(C)(C)OC(=O)N(Cc1ccc(Cl)c(Cl)c1)CC(OS(=O)(=O)c1ccc(F)cc1)c1ccccc1,0
Cc1[nH]c(C(=O)NC2CCN(c3ncc(C(=O)O)s3)CC2)c(Cl)c1Cl,1
Cc1[nH]c(C(=O)NC2CCN(c3nc(C(=O)O)cs3)CC2)c(Cl)c1Cl,1
CONC(=O)c1cnc(N2CCC(NC(=O)c3[nH]c(C)c(Cl)c3Cl)CC2)s1,1
Cc1[nH]c(C(=O)NC2CCN(c3nnco3)CC2)c(Cl)c1Cl,1
Cc1[nH]c(C(=O)N[C@@H]2CCN(c3ncc(C(=O)O)s3)C[C@H]2F)c(Cl)c1Cl,1
Cc1[nH]c(C(=O)N[C@@H]2CCN(c3ncc(C(=O)O)s3)C[C@@H]2F)c(Cl)c1Cl,1
Cc1[nH]c(C(=O)N[C@H]2CCN(c3ncc(C(=O)O)s3)C[C@H]2F)c(Cl)c1Cl,1
C=CCCCCCCC[C@H]1C(=O)O[C@@H]1CCc1ccccc1,0
COc1ccc2c(c[n+](C)c3c4cc5c(cc4ccc23)OCO5)c1OC.[Cl-],0
C[n+]1cc2c3c(ccc2c2ccc4cc5c(cc4c21)OCO5)OCO3,0
Oc1ccc(-c2cc3ccccc3o2)c(O)c1,0
Oc1cc(O)c2c(c1)O[C@@]1(c3ccc(O)c(O)c3)Oc3cc(O)c4c(c3[C@@H]2[C@H]1O)O[C@H](c1ccc(O)c(O)c1)[C@H](O)C4,0
CCCCC[C@H](CC(=O)NO)C(=O)N[C@H](C(=O)N1CCC[C@H]1CO)C(C)C,1
Cc1c(O)c(O)c(O)c2c1CO[C@H]2[C@H]1OC(O)c2c(C)c(O)c(O)c(O)c21,0
CC(=O)NC(=O)[C@@H]1CCCN1C(=O)[C@H](CC1CCCC1)CN(O)C=O,1
COCC(=O)NC(=O)[C@@H]1CCCN1C(=O)[C@H](CC1CCCC1)CN(O)C=O,1
CC(C)C(=O)NC(=O)[C@@H]1CCCN1C(=O)[C@H](CC1CCCC1)CN(O)C=O,1
CC(C)CC(=O)NC(=O)[C@@H]1CCCN1C(=O)[C@H](CC1CCCC1)CN(O)C=O,1
CC(C)(C)C(=O)NC(=O)[C@@H]1CCCN1C(=O)[C@H](CC1CCCC1)CN(O)C=O,1
O=CN(O)C[C@@H](CC1CCCC1)C(=O)N1CCC[C@H]1C(=O)NC(=O)C1CCC1,1
O=CN(O)C[C@@H](CC1CCCC1)C(=O)N1CCC[C@H]1C(=O)NC(=O)C1CC1,1
O=CN(O)C[C@@H](CC1CCCC1)C(=O)N1CCC[C@H]1C(=O)NC(=O)C1CCCC1,1
O=CN(O)C[C@@H](CC1CCCC1)C(=O)N1CCC[C@H]1C(=O)NC(=O)c1ccccc1,1
COC(=O)NC(=O)[C@@H]1CCCN1C(=O)[C@H](CC1CCCC1)CN(O)C=O,1
CCOC(=O)NC(=O)[C@@H]1CCCN1C(=O)[C@H](CC1CCCC1)CN(O)C=O,1
CC(C)OC(=O)NC(=O)[C@@H]1CCCN1C(=O)[C@H](CC1CCCC1)CN(O)C=O,1
CC(C)(C)OC(=O)NC(=O)[C@@H]1CCCN1C(=O)[C@H](CC1CCCC1)CN(O)C=O,1
O=CN(O)C[C@@H](CC1CCCC1)C(=O)N1CCC[C@H]1C(=O)NC(=O)OC1CCC1,1
O=CN(O)C[C@@H](CC1CCCC1)C(=O)N1CCC[C@H]1C(=O)NC(=O)OC1CCCC1,1
O=CN(O)C[C@@H](CC1CCCC1)C(=O)N1CCC[C@H]1C(=O)NC(=O)OC1CCCCC1,1
NC(=O)NC(=O)[C@@H]1CCCN1C(=O)[C@H](CC1CCCC1)CN(O)C=O,1
CNC(=O)NC(=O)[C@@H]1CCCN1C(=O)[C@H](CC1CCCC1)CN(O)C=O,1
CCNC(=O)NC(=O)[C@@H]1CCCN1C(=O)[C@H](CC1CCCC1)CN(O)C=O,1
CC(C)NC(=O)NC(=O)[C@@H]1CCCN1C(=O)[C@H](CC1CCCC1)CN(O)C=O,1
CC(C)(C)NC(=O)NC(=O)[C@@H]1CCCN1C(=O)[C@H](CC1CCCC1)CN(O)C=O,1
O=CN(O)C[C@@H](CC1CCCC1)C(=O)N1CCC[C@H]1C(=O)NC(=O)NC1CCC1,1
O=CN(O)C[C@@H](CC1CCCC1)C(=O)N1CCC[C@H]1C(=O)NC(=O)NC1CCCC1,1
O=CN(O)C[C@@H](CC1CCCC1)C(=O)N1CCC[C@H]1C(=O)NC(=O)NC1CCCCC1,1
O=CN(O)C[C@@H](CC1CCCC1)C(=O)N1CCC[C@H]1C(=O)NC(=O)NCc1ccccc1,1
O=CN(O)C[C@@H](CC1CCCC1)C(=O)N1CCC[C@H]1C(=O)NC(=O)NCCc1ccccc1,1
O=CN(O)C[C@@H](CC1CCCC1)C(=O)N1CCC[C@H]1C(=O)NC(=O)NCCCc1ccccc1,1
C=CCNC(=O)NC(=O)[C@@H]1CCCN1C(=O)[C@H](CC1CCCC1)CN(O)C=O,1
O=CN(O)C[C@@H](CC1CCCC1)C(=O)N1CCC[C@H]1C(=O)NC(=O)NCCc1ccncc1,1
O=CN(O)C[C@@H](CC1CCCC1)C(=O)N1CCC[C@H]1C(=O)NC(=O)NCCc1ccccn1,1
O=CN(O)C[C@@H](CC1CCCC1)C(=O)N1CCC[C@H]1C(=O)NC(=O)NCCc1cnccn1,1
O=CN(O)C[C@@H](CC1CCCC1)C(=O)N1CCC[C@H]1C(=O)NC(=O)NCCO,1
O=CN(O)C[C@@H](CC1CCCC1)C(=O)N1CCC[C@H]1C(=O)NC(=O)NCCCO,1
NCCNC(=O)NC(=O)[C@@H]1CCCN1C(=O)[C@H](CC1CCCC1)CN(O)C=O,1
NC(=O)CCNC(=O)NC(=O)[C@@H]1CCCN1C(=O)[C@H](CC1CCCC1)CN(O)C=O,1
O=CN(O)C[C@@H](CC1CCCC1)C(=O)N1CCC[C@H]1C(=O)NC(=O)NCCc1c[nH]cn1,1
C[C@H](NC(=O)N[C@@H](Cc1c[nH]c2ccccc12)C(=O)O)C(=O)N[C@H](C(=O)N/C=C1\O[C@@H](n2ccc(=O)[nH]c2=O)[C@H](O)[C@@H]1O)[C@H](C)N(C)C(=O)[C@H](Cc1cccc(O)c1)NC(=O)CN,1
C[C@H](NC(=O)N[C@@H](Cc1c[nH]c2ccccc12)C(=O)O)C(=O)N[C@H](C(=O)N/C=C1\O[C@@H](n2ccc(=O)[nH]c2=O)[C@H](O)[C@@H]1O)[C@H](C)N(C)C(=O)[C@H](Cc1ccc(O)cc1)NC(=O)CN,0
C[C@H](NC(=O)N[C@@H](Cc1c[nH]c2ccccc12)C(=O)O)C(=O)N[C@@H](C(=O)N/C=C1\O[C@@H](n2ccc(=O)[nH]c2=O)[C@H](O)[C@@H]1O)[C@H](C)N(C)C(=O)[C@H](Cc1cccc(O)c1)NC(=O)CN,1
C[C@H](NC(=O)N[C@@H](Cc1c[nH]c2ccccc12)C(=O)O)C(=O)N[C@@H](C(=O)N/C=C1\O[C@@H](n2ccc(=O)[nH]c2=O)[C@H](O)[C@@H]1O)[C@H](C)N(C)C(=O)[C@@H](Cc1cccc(O)c1)NC(=O)CN,0
COc1c(Br)cc(/C=C/C(=O)NCCCNCCCCNCCCNC(=O)/C=C/c2cc(Br)c(OC)c(Br)c2)cc1Br,0
N#CSCCOc1ccc(Oc2ccccc2)cc1,0
CC(C)=CCC/C(C)=C/CNCCNC1C2CC3CC(C2)CC1C3,1
CCNC(=O)c1cc2c(-n3ccc(C(F)(F)F)n3)c(-c3cncc(C(=O)O)c3)cnc2[nH]1,1
CCCNC(=O)c1cc2c(-n3ccc(C(F)(F)F)n3)c(-c3cncc(C(=O)O)c3)cnc2[nH]1,1
CC(C)NC(=O)c1cc2c(-n3ccc(C(F)(F)F)n3)c(-c3cncc(C(=O)O)c3)cnc2[nH]1,1
O=C(O)c1cncc(-c2cnc3[nH]c(C(=O)NC4CC4)cc3c2-n2ccc(C(F)(F)F)n2)c1,1
CCNC(=O)c1cc2c(-n3nc(C(F)(F)F)cc3C)c(-c3cncc(C(=O)O)c3)cnc2[nH]1,1
CCNC(=O)c1cc2c(-n3ccc(C(F)(F)F)n3)c(-c3cncc(C(N)=O)c3)cnc2[nH]1,1
CCNC(=O)c1cc2c(-n3ccc(C(F)(F)F)n3)c(-c3cncc(C(=O)NC)c3)cnc2[nH]1,1
CCNC(=O)c1cc2c(-n3ccc(C(F)(F)F)n3)c(-c3cncc(C#N)c3)cnc2[nH]1,1
CCNC(=O)c1cc2c(-n3ccc(C(F)(F)F)n3)c(-c3cnc(OC)c(-c4n[nH]c(=O)o4)c3)cnc2[nH]1,1
CCNC(=O)c1cc2c(-n3ccc(C(F)(F)F)n3)c(-c3cc(-c4n[nH]c(=O)o4)cnc3OC)cnc2[nH]1,1
O=C(/C=C(\O)C(=O)O)NCCCc1cccc(Oc2ccccc2)c1,1
O=C(/C=C(\O)C(=O)O)NCCCc1cccc(-c2ccccc2)c1,0
CCCCCCOc1cccc(Cn2ccc(O)c(C(=O)O)c2=O)c1,1
CCCCCCCCCCOc1cccc(C(=O)/C=C(\O)C(=O)O)c1,0
O=C1C=C(c2ccc(O)c(Br)c2)/C(=C/c2ccc(O)cc2)O1,0
O=C1C=C(c2ccc(O)c(Br)c2)/C(=C/c2ccc(O)c(Br)c2)O1,0
CCNC(=O)Nc1nc2cc(-c3cnc(C(C)(C)O)nc3)c(F)c([C@H]3CCCO3)c2[nH]1.CS(=O)(=O)O,1
CCNC(=O)Nc1nc2cc(-c3cnc(C(C)(C)OP(=O)([O-])[O-])nc3)c(F)c([C@H]3CCCO3)c2[nH]1.[Na+].[Na+],1
CN(C)CCOc1ccc(C(=O)/C=C/c2ccc(N(C)C)cc2)cc1,0
CN(C)CCOc1ccc(C(=O)/C=C/c2ccc(Oc3ccccc3)cc2)cc1,0
CN(C)CCOc1ccc(C(=O)/C=C/c2ccccc2F)cc1,0
C=CCOc1ccccc1C(=O)/C=C/c1ccc(OCC(=O)O)cc1,0
COc1ccc(OC)c(/C=C/C(=O)c2ccc(O)cc2)c1,0
COc1cc(O)cc(C)c1/C=C/C(=O)c1ccc(O)cc1,0
COc1ccc(/C=C/C(=O)c2ccc(O)cc2)c(OC)c1,0
COc1ccc(/C=C/C(=O)c2ccc(O)cc2)cc1OC,0
COc1cccc(/C=C/C(=O)c2ccc(O)cc2)c1OC,0
CN(C)CCOc1ccc(C(=O)/C=C/c2ccccc2)cc1,0
COc1ccc2nccc(C(O)CC[C@@H]3CCN(CCC(=O)N4CCCCC4)C[C@@H]3C(=O)O)c2c1,0
COc1ccc2nccc([C@@H](O)CC[C@@H]3CCN(CCSc4ccc(C#N)[se]4)C[C@@H]3C(=O)O)c2c1,0
COc1ccc2nccc([C@H](O)CC[C@@H]3CCN(CCSc4ccc(C=O)[se]4)C[C@@H]3C(=O)O)c2c1,0
COc1ccc2nccc([C@@H](O)CC[C@@H]3CCN(CCSc4ccc(C(F)F)[se]4)C[C@@H]3C(=O)O)c2c1,0
COc1ccc2nccc([C@@H](O)CC[C@@H]3CCN(CCSc4ccc[se]4)C[C@@H]3C(=O)O)c2c1,1
COc1ccc2nccc([C@H](O)CC[C@@H]3CCN(CCSc4ccc[se]4)C[C@@H]3C(=O)O)c2c1,1
CCc1ccc(OP(=O)(Oc2ccc(CC)cc2)C(CCC(N)=O)NC(=O)C(CC(C)C)NC(=O)C(CCC(N)=O)NC(=O)OCc2ccccc2)cc1,0
COc1ccc(OP(=O)(Oc2ccc(OC)cc2)C(CCC(N)=O)NC(=O)C(CC(C)C)NC(=O)C(CCC(N)=O)NC(=O)OCc2ccccc2)cc1,0
CC(C)CC(NC(=O)C(CCC(N)=O)NC(=O)OCc1ccccc1)C(=O)NC(CCC(N)=O)P(=O)(Oc1ccccc1)Oc1ccccc1,0
Nc1cc(-c2nc3ccccc3[nH]2)n[nH]c1=O,0
COc1nc2nc(N)nc(N)c2nc1C,0
CC(C)(C)c1ccc(-c2cccc(CNC(=N)N)c2)cc1,0
CCc1cc(O)c(Oc2cccnc2F)cc1F,1
CCc1cc(O)c(Oc2cccnc2N)cc1F,1
CCc1cc(O)c(Oc2ccc(C(=O)O)cc2F)cc1F,1
CCc1cc(O)c(Oc2ccc(C(=O)N3CCNC(=O)C3)cc2F)cc1F,1
CCc1ccc(Oc2ccc(C(=O)N3CCNC(=O)C3)cc2F)c(O)c1,1
CCc1cc(O)c(Oc2ccc(C(=O)NC)cc2F)cc1F,1
CCc1cc(O)c(Oc2ccc(C(N)=O)cc2F)cc1F,1
CCc1cc(OC)c(Oc2ccc(C(N)=O)cc2F)cc1F,0
CCc1ccc(Oc2ccc(C(=O)CCCO)cc2)c(O)c1,1
CCc1cc(O)c(Oc2ccc(C#N)cc2F)cc1F,1
CCc1cc(O)c(Oc2ccccc2F)cc1F,1
CCc1cc(O)c(Oc2ccccc2)cc1F,1
COc1cc2cc(-c3cccc(-c4ccc(C(C)(C)C)cc4)c3)[n+](C)c(C)c2cc1OC.[I-],0
COc1cc2cc(-c3cccc(-c4ccc(-c5ccccc5)cc4)c3)[n+](C)c(C)c2cc1OC.[I-],0
Cc1cc(O)c2c(c1)C(=O)c1cc(O)cc(O)c1C2=O,0
C/C(=N/NC(=S)N1CCNCC1)c1ccccc1,0
Oc1ccc(/C=N/NC(=S)N2CCNCC2)cc1,0
Cc1ccc(/C=N/NC(=S)N2CCNCC2)cc1,0
C/C(=N\NC(=S)N1CCNCC1)c1ccc(O)cc1,0
S=C(N/N=C/c1ccccc1)N1CCNCC1,0
S=C(NN=C(c1ccccc1)c1ccccc1)N1CCNCC1,0
C/C(=N\NC(=S)N1CCNCC1)c1ccc(Cl)cc1,0
C/C(=N\NC(=S)N1CCNCC1)c1cccc([N+](=O)[O-])c1,1
COc1ccc(/C=N/NC(=S)N2CCNCC2)cc1,1
S=C(N/N=C/c1ccc(Cl)cc1)N1CCNCC1,1
CCCCCc1ccc(C(=O)NCCn2cc(CCCCCc3cn(CCc4ccccc4)c(N)n3)nn2)cc1.Cl,0
CCCCCc1ccc(C(=O)NCCn2cc(CCCCCc3cn(Cc4ccccc4)c(N)n3)nn2)cc1.Cl,0
CCCCCCn1cc(CCCCCc2cn(CCNC(=O)c3ccc(CCCCC)cc3)nn2)nc1N.Cl,0
CCCCCc1ccc(C(=O)NCCn2cc(CCCCCc3cn(CCCCC)c(N)n3)nn2)cc1.Cl,0
CCCCCc1ccc(C(=O)NCCn2cc(CCCCCc3cn(C4CCCC4)c(N)n3)nn2)cc1.Cl,0
CCCCCc1ccc(C(=O)NCCn2cc(CCCCCc3cn(-c4ccccc4)c(N)n3)nn2)cc1.Cl,0
CCCCCc1ccc(C(=O)NCCn2cc(CCCCCc3cn(CCCC)c(N)n3)nn2)cc1.Cl,0
C=CCn1cc(CCCCCc2cn(CCNC(=O)c3ccc(CCCCC)cc3)nn2)nc1N.Cl,0
CCCCCc1ccc(C(=O)NCCn2cc(CCCCCc3cn(CC(C)C)c(N)n3)nn2)cc1.Cl,0
CCCCCc1ccc(C(=O)NCCn2cc(CCCCCc3cn(C4CCCCC4)c(N)n3)nn2)cc1.Cl,0
Cc1ccc(C)n1[C@@H](CC(=O)O)c1ccsc1,0
Cc1ccc(C)n1[C@@H](CC(=O)O)Cc1c[nH]c2ccccc12,0
Cc1ccc(C)n1[C@@H](CC(=O)O)c1ccc2c(c1)OCO2,0
O=C(O)c1cc(Cc2ccc(O)c(C(=O)O)c2)ccc1O,0
CCCCCCCCCC(=O)CC(=O)N[C@H]1CCOC1=O,0
COc1ccc2[nH]cc(C(c3cccc4ccccc34)c3c[nH]c4ccc(OC)cc34)c2c1,0
Oc1ccccc1C(c1c[nH]c2ccccc12)c1c[nH]c2ccccc12,0
COc1ccc(C(c2c[nH]c3ccccc23)c2c[nH]c3ccccc23)cc1Br,0
Oc1ccc(C(c2c[nH]c3ccccc23)c2c[nH]c3ccccc23)cc1,0
COc1ccc2[nH]cc(C(c3c(Cl)cccc3Cl)c3c[nH]c4ccc(OC)cc34)c2c1,0
COc1ccc(C(c2c[nH]c3ccccc23)c2c[nH]c3ccccc23)cc1O,0
O=[N+]([O-])c1ccc(C(c2c[nH]c3ccccc23)c2c[nH]c3ccccc23)o1,0
O=[N+]([O-])c1ccc(C(c2c[nH]c3ccc(I)cc23)c2c[nH]c3ccc(I)cc23)o1,0
Fc1ccc(C(c2c[nH]c3ccccc23)c2c[nH]c3ccccc23)cc1Br,0
COc1ccc(C(c2c[nH]c3ccccc23)c2c[nH]c3ccccc23)cc1,0
COc1ccc2[nH]cc(C(c3cc(F)cc(F)c3)c3c[nH]c4ccc(OC)cc34)c2c1,0
Brc1cccc(C(c2c[nH]c3ccccc23)c2c[nH]c3ccccc23)c1,0
Clc1ccc(C(c2c[nH]c3ccccc23)c2c[nH]c3ccccc23)cc1,0
COc1ccc2[nH]cc(C(c3ccc(F)c(Br)c3)c3c[nH]c4ccc(OC)cc34)c2c1,0
Fc1cc(F)cc(C(c2c[nH]c3ccccc23)c2c[nH]c3ccccc23)c1,0
Clc1cccc(Cl)c1C(c1c[nH]c2ccccc12)c1c[nH]c2ccccc12,0
COc1cc(C(c2c[nH]c3ccc(I)cc23)c2c[nH]c3ccc(I)cc23)ccc1O,0
Oc1ccc(C(c2c[nH]c3ccc(I)cc23)c2c[nH]c3ccc(I)cc23)cc1,0
COc1ccc2nccc([C@@H](O)CC[C@@H]3CCN(C4CC(c5ccno5)C4)C[C@@H]3C(=O)O)c2c1,0
COc1ccc2nccc([C@@H](O)CC[C@@H]3CCN(C4CC(c5ncc(C)o5)C4)C[C@@H]3C(=O)O)c2c1,0
COc1ccc2nccc([C@@H](O)CC[C@@H]3CCN(C4CC(c5cc(SC)ccc5F)C4)C[C@@H]3C(=O)O)c2c1,0
COc1ccc2nccc([C@@H](O)CC[C@@H]3CCN(C4CC(c5cccc(SC)c5)C4)C[C@@H]3C(=O)O)c2c1,0
COc1ccc2nccc([C@@H](O)CC[C@@H]3CCN(C4CC(c5ccccc5SC)C4)C[C@@H]3C(=O)O)c2c1,0
COc1ccc2nccc([C@@H](O)CC[C@@H]3CCN(C4CC(c5cc(C#N)ccc5F)C4)C[C@@H]3C(=O)O)c2c1,0
COc1ccc2nccc([C@@H](O)CC[C@@H]3CCN(C4CC(c5cc(F)cc(F)c5OC)C4)C[C@@H]3C(=O)O)c2c1,0
COc1ccc2nccc([C@@H](O)CC[C@@H]3CCN(C4CC(c5cc(F)ccc5C(F)(F)F)C4)C[C@@H]3C(=O)O)c2c1,0
COc1ccc2nccc([C@@H](O)CC[C@@H]3CCN(C4CC(c5c(F)ccc(F)c5OC)C4)C[C@@H]3C(=O)O)c2c1,0
COc1ccc2nccc([C@@H](O)CC[C@@H]3CCN(C4CC(c5c(OC)ccc(F)c5F)C4)C[C@@H]3C(=O)O)c2c1,0
COc1ccc2nccc([C@@H](O)CC[C@@H]3CCN(C4CC(c5cc(F)ccc5C)C4)C[C@@H]3C(=O)O)c2c1,0
COc1ccc2nccc([C@@H](O)CC[C@@H]3CCN(C4CC(c5ccccc5C(F)(F)F)C4)C[C@@H]3C(=O)O)c2c1,0
COc1ccc2nccc([C@@H](O)CC[C@@H]3CCN(C4CC(c5cc(Br)ccc5F)C4)C[C@@H]3C(=O)O)c2c1,0
COc1ccc2nccc([C@@H](O)CC[C@@H]3CCN(C4CC(c5cc(F)ccc5OC)C4)C[C@@H]3C(=O)O)c2c1,0
COc1ccc2nccc([C@@H](O)CC[C@@H]3CCN(C4CC(c5c(F)cccc5C(F)(F)F)C4)C[C@@H]3C(=O)O)c2c1,0
COc1ccc2nccc([C@@H](O)CC[C@@H]3CCN(C4CC(c5c(F)cccc5OC)C4)C[C@@H]3C(=O)O)c2c1,0
COc1ccc2nccc([C@@H](O)CC[C@@H]3CCN(C4CC(c5cccc(F)c5F)C4)C[C@@H]3C(=O)O)c2c1,0
COc1ccc2nccc([C@@H](O)CC[C@@H]3CCN(C4CC(c5cc(F)cc(F)c5F)C4)C[C@@H]3C(=O)O)c2c1,0
COc1ccc2nccc([C@@H](O)CC[C@@H]3CCN(C4CC(c5ccccc5OC)C4)C[C@@H]3C(=O)O)c2c1,0
COc1ccc2nccc([C@@H](O)CC[C@@H]3CCN(C4CC(c5cc(Cl)ccc5F)C4)C[C@@H]3C(=O)O)c2c1,0
COc1ccc2nccc([C@@H](O)CC[C@@H]3CCN(C4CC(c5cc(F)c(OC)cc5F)C4)C[C@@H]3C(=O)O)c2c1,0
COc1ccc2nccc([C@@H](O)CC[C@@H]3CCN(C4CC(c5cc(F)c(Cl)cc5F)C4)C[C@@H]3C(=O)O)c2c1,0
COc1ccc2nccc([C@@H](O)CC[C@@H]3CCN(C4CC(c5cccc(C#N)c5)C4)C[C@@H]3C(=O)O)c2c1,0
COc1ccc(C2CC(N3CC[C@@H](CC[C@H](O)c4ccnc5ccc(OC)cc45)[C@@H](C(=O)O)C3)C2)c(F)c1,0
COc1ccc2nccc([C@@H](O)CC[C@@H]3CCN(C4CC(c5cc(F)cc(F)c5)C4)C[C@@H]3C(=O)O)c2c1,0
COc1ccc2nccc([C@@H](O)CC[C@@H]3CCN(C4CC(c5ccc(F)c(C#N)c5)C4)C[C@@H]3C(=O)O)c2c1,0
COc1ccc2nccc([C@@H](O)CC[C@@H]3CCN(C4CC(c5cccc(OC)c5F)C4)C[C@@H]3C(=O)O)c2c1,0
COc1ccc2nccc([C@@H](O)CC[C@@H]3CCN(C4CC(c5ccc(F)c(F)c5F)C4)C[C@@H]3C(=O)O)c2c1,0
COc1ccc2nccc([C@@H](O)CC[C@@H]3CCN(C4CC(c5ccc(Br)cc5F)C4)C[C@@H]3C(=O)O)c2c1,0
COc1ccc2nccc([C@@H](O)CC[C@@H]3CCN(C4CC(c5c(F)ccc(F)c5F)C4)C[C@@H]3C(=O)O)c2c1,0
COc1ccc2nccc([C@@H](O)CC[C@@H]3CCN(C4CC(c5ccc(C(F)(F)F)cc5F)C4)C[C@@H]3C(=O)O)c2c1,0
COc1ccc2nccc([C@@H](O)CC[C@@H]3CCN(C4CC(c5cccc(C(F)(F)F)c5F)C4)C[C@@H]3C(=O)O)c2c1,0
COc1ccc2nccc([C@@H](O)CC[C@@H]3CCN(C4CC(c5cc(F)c(F)cc5F)C4)C[C@@H]3C(=O)O)c2c1,0
COc1ccc2nccc([C@@H](O)CC[C@@H]3CCN(C4CC(c5cccc(Cl)c5F)C4)C[C@@H]3C(=O)O)c2c1,0
COc1ccc2nccc([C@@H](O)CC[C@@H]3CCN(C4CC(c5cc(C)ccc5F)C4)C[C@@H]3C(=O)O)c2c1,0
COc1ccc2nccc([C@@H](O)CC[C@@H]3CCN(C4CC(c5c(F)cc(F)cc5F)C4)C[C@@H]3C(=O)O)c2c1,0
COc1ccc2nccc([C@@H](O)CC[C@@H]3CCN(C4CC(c5ccc(Cl)cc5F)C4)C[C@@H]3C(=O)O)c2c1,0
COc1ccc2nccc([C@@H](O)CC[C@@H]3CCN(C4CC(c5c(F)ccc(Cl)c5F)C4)C[C@@H]3C(=O)O)c2c1,0
COc1ccc2nccc([C@@H](O)CC[C@@H]3CCN(C4CC(c5cc(C(F)(F)F)ccc5F)C4)C[C@@H]3C(=O)O)c2c1,0
COc1ccc2nccc([C@@H](O)CC[C@@H]3CCN(C4CC(c5c(F)cccc5Cl)C4)C[C@@H]3C(=O)O)c2c1,0
COc1ccc(F)c(C2CC(N3CC[C@@H](CC[C@H](O)c4ccnc5ccc(OC)cc45)[C@@H](C(=O)O)C3)C2)c1,0
COc1ccc2nccc([C@@H](O)CC[C@@H]3CCN(C4CC(c5cccc(F)c5C)C4)C[C@@H]3C(=O)O)c2c1,0
COc1ccc2nccc([C@@H](O)CC[C@@H]3CCN(C4CC(c5ccc(F)cc5F)C4)C[C@@H]3C(=O)O)c2c1,0
COc1ccc2nccc([C@@H](O)CC[C@@H]3CCN(C4CC(c5cc(F)ccc5F)C4)C[C@@H]3C(=O)O)c2c1,0
COc1ccc2nccc([C@@H](O)CC[C@@H]3CCN(C4CC(c5c(F)cccc5F)C4)C[C@@H]3C(=O)O)c2c1,0
COc1ccc2nccc([C@@H](O)CC[C@@H]3CCN(C4CC(c5cccc(F)c5)C4)C[C@@H]3C(=O)O)c2c1,0
COc1ccc2nccc([C@@H](O)CC[C@@H]3CCN(C4CC(c5ccccc5F)C4)C[C@@H]3C(=O)O)c2c1,0
COc1ccc2nccc([C@@H](O)CC[C@@H]3CCN(C4CC(c5ccccc5)C4)C[C@@H]3C(=O)O)c2c1,0
CCCOc1ccc(-c2cc(OC(C)CN(C)C)c3ccccc3n2)cc1.Cl,0
CCCOc1ccc(-c2cc(OCCN3CCOCC3)c3ccccc3n2)cc1,0
CCCOc1ccc(-c2cc(OCCN(C)C)c3ccccc3n2)cc1.Cl,0
CCCOc1ccc(-c2cc(OCCN3CCN(C)CC3)c3ccccc3n2)cc1,0
CCCOc1ccc(-c2cc(OCCN3CCCC3)c3ccccc3n2)cc1,0
CCCOc1ccc(-c2cc(OCCN)c3ccccc3n2)cc1,0
CCCCN(CCCC)CCOc1cc(-c2ccc(OCCC)cc2)nc2ccccc12,0
CCCOc1ccc(-c2cc(OCCN3CCC4(CC3)OCCO4)c3ccccc3n2)cc1,0
CCCOc1ccc(-c2cc(OCCN3CCNCC3)c3ccccc3n2)cc1,0
CCCOc1ccc(-c2cc(OCCN(C(C)C)C(C)C)c3ccccc3n2)cc1,0
CCCOc1ccc(-c2cc(OC3CCCN(C)C3)c3ccccc3n2)cc1,0
CCCOc1ccc(-c2cc(OCC(C)N(C)C)c3ccccc3n2)cc1.Cl,0
CCCOc1ccc(-c2cc(OCCN3CCCCCC3)c3ccccc3n2)cc1,0
CCCOc1ccc(-c2cc(OCCCN(C)C)c3ccccc3n2)cc1.Cl,0
CCCOc1ccc(-c2cc(OC3CN4CCC3CC4)c3ccccc3n2)cc1,0
CC(C)[C@H](NC(=O)[C@H](CCC(=O)O)NC(=O)OC(C)(C)C)C(=O)NC(CCC(=O)O)P(=O)(Oc1ccccc1)Oc1ccccc1,0
CC(C)[C@H](NC(=O)[C@H](Cc1ccccc1)NC(=O)OC(C)(C)C)C(=O)NC(CCC(=O)O)P(=O)(Oc1ccccc1)Oc1ccccc1,0
C[C@H](NC(=O)[C@H](CCC(=O)O)NC(=O)OC(C)(C)C)C(=O)NC(CCC(=O)O)P(=O)(Oc1ccccc1)Oc1ccccc1,0
C[C@H](NC(=O)[C@H](Cc1ccccc1)NC(=O)OC(C)(C)C)C(=O)NC(CCC(=O)O)P(=O)(Oc1ccccc1)Oc1ccccc1,0
CC(C)C[C@H](NC(=O)[C@H](CCC(=O)O)NC(=O)OC(C)(C)C)C(=O)NC(CCC(=O)O)P(=O)(Oc1ccccc1)Oc1ccccc1,0
CC(C)C[C@H](NC(=O)[C@H](Cc1ccccc1)NC(=O)OC(C)(C)C)C(=O)NC(CCC(=O)O)P(=O)(Oc1ccccc1)Oc1ccccc1,0
CC(C)[C@H](NC(=O)OC(C)(C)C)C(=O)NC(CCC(=O)O)P(=O)(Oc1ccccc1)Oc1ccccc1,0
CC(C)C[C@H](NC(=O)OC(C)(C)C)C(=O)NC(CCC(=O)O)P(=O)(Oc1ccccc1)Oc1ccccc1,0
O=C(O)CCC(NC(=O)OCc1ccccc1)P(=O)(Oc1ccccc1)Oc1ccccc1,0
CC(=O)NC(CCC(=O)O)P(=O)(Oc1ccccc1)Oc1ccccc1,0
COc1cc(C/C=C(/Cl)Cc2cc(O)cc(O)c2)c(OC)cc1Cl,0
COC1C(Br)=CO[C@@]2(C=C1Br)ON=C(C(=O)NCCCOc1c(Br)cc(CC[N+](C)(C)C)cc1Br)[C@@H]2O.O=C([O-])C(F)(F)F,0
CNCCc1cc(Br)c(OCCCNC(=O)C2=NO[C@]3(C2)CC(Br)=C(OC)C(Br)=CO3)c(Br)c1,0
COc1ccc2ncc(F)c([C@@H](O)[C@H](O)[C@@H]3CC[C@@H](NCc4cc5c(nn4)OCCS5)CO3)c2n1,0
COc1ccc2ncc(F)c([C@@H](O)[C@H](O)[C@@H]3CC[C@@H](NCc4cc5c(cn4)OCCO5)CO3)c2n1,0
COc1cnc2ccc(F)c([C@@H](O)[C@H](O)[C@@H]3CC[C@@H](NCc4cc5c(cn4)OCCS5)CO3)c2n1,0
COc1cnc2ccc(F)c([C@@H](O)[C@H](O)[C@@H]3CC[C@@H](NCc4cc5c(cn4)OCCO5)CO3)c2n1,0
COc1ccc2nccc([C@@H](O)[C@H](O)[C@@H]3CC[C@@H](NCc4ccc5c(n4)NC(=O)CS5)CO3)c2c1,0
COc1cc(F)c2nccc([C@@H](O)[C@H](O)[C@@H]3CC[C@@H](NCc4ccc5c(n4)NC(=O)CS5)CO3)c2c1,0
COc1ccc2ncc(F)c([C@@H](O)[C@H](O)[C@@H]3CC[C@@H](NCc4ccc5c(n4)NC(=O)CS5)CO3)c2c1,0
COc1ccc2nccc([C@H](O)[C@@H](O)[C@H]3CC[C@H](NCc4ccc5c(n4)NC(=O)CS5)CO3)c2n1,0
COc1ccc2nccc([C@@H](O)[C@H](O)[C@@H]3CC[C@@H](NCc4cc5c(cn4)OCCO5)CO3)c2n1,0
COc1ccc2nccc(OC[C@@H]3CC[C@@H](NCc4ccc5c(n4)NC(=O)CS5)CO3)c2n1,0
COc1cnc2cccc([C@@H](O)[C@H](O)[C@@H]3CC[C@@H](NCc4ccc5c(n4)NC(=O)CS5)CO3)c2n1,0
COc1cnc2ccc(F)c([C@@H](O)[C@H](O)[C@@H]3CC[C@@H](NCc4ccc5c(n4)NC(=O)CS5)CO3)c2n1,0
COc1ccc2nccc(/C=C/[C@@H]3CC[C@@H](NCc4ccc5c(n4)NC(=O)CS5)CO3)c2n1,0
COc1ccc2nccc(NC(=O)[C@@H]3CC[C@@H](NCc4ccc5c(n4)NC(=O)CS5)CO3)c2n1,0
COc1ccc2nccc([C@H](O)[C@@H](O)[C@@H]3CC[C@@H](NCc4ccc5c(n4)NC(=O)CS5)CO3)c2n1,1
COc1ccc2nccc(OC[C@@H]3CC[C@@H](NCc4cc5c(cn4)OCCO5)CO3)c2n1,1
COc1ccc2ncc(F)c([C@@H](O)[C@H](O)[C@@H]3CC[C@@H](NCc4ccc5c(n4)NC(=O)CS5)CO3)c2n1,1
COc1ccc2cccc([C@@H](O)[C@H](O)[C@@H]3CC[C@@H](NCc4ccc5c(n4)NC(=O)CS5)CO3)c2n1,1
COc1ccc2nccc([C@@H](O)[C@H](O)[C@@H]3CC[C@@H](NCc4ccc5c(n4)NC(=O)CS5)CO3)c2n1,1
COc1ccc2nccc(CC[C@@H]3CC[C@@H](NCc4ccc5c(n4)NC(=O)CS5)CO3)c2n1,1
COc1ccc2ncc(F)c([C@@H](O)[C@H](O)[C@@H]3CC[C@@H](NCc4cc5c(nn4)OCCO5)CO3)c2n1,1
COc1ccc2nccc([C@@H](O)[C@H](O)[C@H]3CC[C@H](NCc4ccc5c(n4)NC(=O)CS5)CO3)c2n1,1
COc1ccc2nccc(/C=C/[C@@H]3CC[C@@H](NCc4cc5c(cn4)OCCO5)CO3)c2n1,1
COc1ccc2nccc(C(O)C[C@@H]3CC[C@@H](NCc4cc5c(cn4)OCCO5)CO3)c2n1,1
COc1ccc2nccc(NC(=O)[C@@H]3CC[C@@H](NCc4cc5c(cn4)OCCO5)CO3)c2n1,1
CCCCCCCCCCCCCCCC(=O)N(C)[C@H](CO)C(=O)N[C@H](C)C(=O)NCC(=O)N(C)[C@@H]1C(=O)N[C@@H](C)C(=O)N[C@H](C(=O)O)Cc2ccc(O)c(c2)-c2cc1ccc2O,0
c1ccc(-c2nc[nH]n2)nc1,0
Cc1cccc(-c2nc[nH]n2)n1,0
COc1cccc(-c2nc[nH]n2)n1,0
c1cc(-c2nc[nH]n2)nc(C2CCC2)c1,0
Clc1cncc(-c2nc[nH]n2)n1,0
CC(F)(F)c1cccc(-c2nc[nH]n2)n1,0
Clc1cccc(-c2nc[nH]n2)n1,0
FC(F)(F)c1cccc(-c2nc[nH]n2)n1,0
OCCNc1cc(-c2n[nH]c3cnccc23)nc(C(F)(F)F)c1,1
FC(F)(F)c1cccc(-c2n[nH]c3cnccc23)n1,1
OCCNc1cc(C(F)(F)F)nc(-c2n[nH]c3cnccc23)n1,1
NC(=O)c1cnc(N)c2cc(-c3ccn[nH]3)sc12,0
COc1ccc(Cl)cc1C1=C(Br)C(=O)N(CC(C)C)C1(O)Cc1ccccc1Br,0
COc1cc2nc(-c3ccccn3)n(-c3ccc4c(N)nc(N)nc4c3)c2cc1OC,1
COc1cc2nc(-c3ccco3)n(-c3cc4nc(N)nc(N)c4cc3Cl)c2cc1OC,1
COc1cc2nc(-c3cccs3)n(-c3cc4nc(N)nc(N)c4cc3Cl)c2cc1OC,1
COc1cc2nc(-c3nccs3)n(-c3cc4nc(N)nc(N)c4cc3Cl)c2cc1OC,1
COc1cc2nc(-c3nccs3)n(-c3cc4nc(N)nc(N)c4cc3C)c2cc1OC,1
COc1cc2nc(-c3nccs3)n(-c3ccc4c(N)nc(N)nc4c3)c2cc1OC,1
Cc1cc2nc(-c3cccs3)n(-c3cc4nc(N)nc(N)c4cc3Cl)c2cc1C,1
Cc1cc2nc(-c3nccs3)n(-c3cc4nc(N)nc(N)c4cc3Cl)c2cc1C,1
Cc1cc2nc(-c3nccs3)n(-c3cc4nc(N)nc(N)c4cc3C)c2cc1C,1
Cc1cc2nc(C3CCCO3)n(-c3ccc4c(N)nc(N)nc4c3)c2cc1C,1
Cc1cc2nc(C3CCOC3)n(-c3ccc4c(N)nc(N)nc4c3)c2cc1C,1
Cc1cc2nc(C3CC3)n(-c3ccc4c(N)nc(N)nc4c3)c2cc1C,1
Cc1cc2nc(-c3ccncc3)n(-c3ccc4c(N)nc(N)nc4c3)c2cc1C,1
Cc1cc2nc(-c3cccnc3)n(-c3ccc4c(N)nc(N)nc4c3)c2cc1C,1
Cc1cc2nc(-c3ccccn3)n(-c3ccc4c(N)nc(N)nc4c3)c2cc1C,1
Cc1cc2nc(-c3cccn3C)n(-c3ccc4c(N)nc(N)nc4c3)c2cc1C,1
Cc1cc2nc(-c3cncn3C)n(-c3ccc4c(N)nc(N)nc4c3)c2cc1C,1
Cc1cc2nc(-c3ccsc3)n(-c3ccc4c(N)nc(N)nc4c3)c2cc1C,1
Cc1cc2nc(-c3cscn3)n(-c3ccc4c(N)nc(N)nc4c3)c2cc1C,1
Cc1cc2ncn(-c3ccc4c(N)nc(N)nc4c3)c2cc1C,1
O=C1NC(c2c[nH]c3ccc(Br)cc23)Nc2ccccc21,0
Nc1nccc(-c2cn(Cc3ccc(Cl)s3)c3ccc(Br)cc23)n1,0
CCCCCc1ccc(C(=O)NCCn2cc(Cc3c[nH]c4ccccc34)nn2)cc1,0
CCCCCCCc1ccc(C(=O)NCCn2cc(Cc3csc4ccccc34)nn2)cc1,0
CCCCCCc1ccc(C(=O)NCCn2cc(C[C@@]34CCN[C@@H]3Nc3ccccc34)nn2)cc1,0
Nc1nc(O)c2nn(-c3cccc(C(=O)NCc4cc(Cl)cc(Cl)c4)c3)nc2n1,1
CCc1nc(N)nc(N)c1C#CC(C)c1cc(OC)cc(-c2ccncc2)c1,1
CCCCCc1ccc(C(=O)Nc2ccc3[nH]c(N)nc3c2)cc1,0
CCCCCc1ccc(C(=O)Nc2ccc3c(c2)nc(N)n3C(C)C)cc1.Cl,0
CCCCCc1ccc(C(=O)Nc2ccc3c(c2)nc(N)n3CCCC)cc1.Cl,0
CCCCCCn1c(N)nc2cc(NC(=O)c3ccc(CCCCC)cc3)ccc21.Cl,0
CCCCCCCCn1c(N)nc2cc(NC(=O)c3ccc(CCCCC)cc3)ccc21.Cl,0
CCCCCc1ccc(C(=O)Nc2ccc3c(c2)nc(N)n3Cc2ccccc2)cc1.Cl,0
CCCCCc1ccc(C(=O)Nc2ccc3c(c2)nc(N)n3Cc2ccc(OC)cc2)cc1.Cl,0
CCCCCc1ccc(C(=O)Nc2ccc3c(c2)nc(N)n3CCc2ccccc2)cc1.Cl,0
CCCCCc1ccc(C(=O)Nc2ccc3c(c2)nc(N)n3CCc2ccccc2OC)cc1.Cl,0
CCCCCc1ccc(C(=O)Nc2ccc3c(c2)nc(N)n3CCc2cccc(OC)c2)cc1.Cl,0
CCCCCc1ccc(C(=O)Nc2ccc3c(c2)nc(N)n3CCc2ccc(OC)cc2)cc1.Cl,0
CCCCCc1ccc(C(=O)Nc2ccc3c(c2)nc(N)n3CCc2ccc3ccccc3c2)cc1.Cl,0
CCCCCc1ccc(C(=O)Nc2ccc3c(c2)nc(N)n3CCc2ccccn2)cc1.Cl,0
CCCCCc1ccc(C(=O)Nc2ccc3c(c2)nc(N)n3CCc2c[nH]c3ccccc23)cc1.Cl,0
CCCCCc1ccc(C(=O)Nc2ccc3c(c2)nc(N)n3CCc2nc3ccccc3[nH]2)cc1.Cl,0
CCCCCc1ccc(C(=O)Nc2ccc3c(c2)nc(N)n3CCCc2ccccc2)cc1.Cl,0
CCCCCc1ccc(C(=O)Nc2ccc3c(c2)nc(N)n3CCCCc2ccccc2)cc1.Cl,0
CCCCCc1ccc(C(=O)Nc2ccc3c(c2)nc(N)n3CCCCc2c[nH]c3ccccc23)cc1.Cl,0
O=C(O)C[C@H](C(=O)O)N1C(=O)/C(=C\c2ccc(-c3cc(Cl)ccc3Cl)o2)SC1=S,0
O=C(O)C[C@H](c1ccccc1)N1C(=O)/C(=C/c2ccccc2Cl)SC1=S,0
CCCc1cc(O)cc2c1Oc1c(Cl)c(O)cc(CCC)c1C(=O)O2,0
CCCc1cc(O)cc2c1Oc1c(Cl)c(O)c(Cl)c(CCC)c1C(=O)O2,0
CCCc1c(Cl)c(O)cc2c1Oc1c(Cl)c(O)c(Cl)c(CCC)c1C(=O)O2,0
CCCc1c(Cl)c(OC)cc2c1Oc1c(Cl)c(O)c(Cl)c(CCC)c1C(=O)O2,0
CCCc1cc(O)c(Cl)c2c1Oc1c(Cl)c(O)c(Cl)c(CCC)c1C(=O)O2,0
CCCc1c(Cl)c(O)c(Cl)c2c1Oc1c(Cl)c(O)c(Cl)c(CCC)c1C(=O)O2,0
CCCc1c(Cl)c(OC)c(Cl)c2c1Oc1c(Cl)c(O)c(Cl)c(CCC)c1C(=O)O2,0
C[C@H]1COc2c(N3CCN(C)CC3)c(F)cc3c(=O)c(C(=O)O)cn1c23.C[C@H]1COc2c(N3CCN(C)CC3)c(F)cc3c(=O)c(C(=O)O)cn1c23.O,1
CCNC(=O)Nc1nc2ccccc2[nH]1,0
O=C(Nc1ccccn1)NC1CC1,0
CCNC(=O)Nc1ncccn1,0
CCNC(=O)Nc1ccc(Oc2cccc(C(=O)O)c2)cn1,0
CCNC(=O)Nc1ccc(-c2cccnc2)cn1,0
CCNC(=O)Nc1ccc(-c2nc(C(=O)O)cs2)cn1,0
CCNC(=O)Nc1ccc(-c2cccc(C(=O)O)c2)cn1,0
CCNC(=O)Nc1ccc(-c2ccc(C(=O)O)cc2)cn1,1
CCNC(=O)Nc1ccc(-c2cncc(C(=O)O)c2)cn1,1
CCNC(=O)Nc1ccc(-c2ncc(C(=O)O)s2)cn1,1
CCNC(=O)Nc1ccc(-c2nc3cccc(C(=O)O)c3s2)cn1,1
CCNC(=O)Nc1ccc(-c2ncc(C(N)=O)s2)cn1,1
CCNC(=O)Nc1ccc(-c2nc3cccc(C(N)=O)c3s2)cn1,1
CCNC(=O)Nc1cc(Cl)c(-c2cncc(C(=O)O)c2)cn1,1
CCNC(=O)Nc1cc(Br)c(-c2cncc(C(=O)O)c2)cn1,1
CCNC(=O)Nc1cc(-c2cccnc2)c(-c2cncc(C(=O)O)c2)cn1,1
CCNC(=O)Nc1cc(-c2nc(C(F)(F)F)cs2)c(-c2cncc(-c3nc(C)no3)c2)cn1,1
CCNC(=O)Nc1cc(-c2nc(C(F)(F)F)cs2)c(-c2cncc(-c3noc(=O)[nH]3)c2)cn1,1
CCCCCCCCCCC/C(O)=C1/C(=O)N[C@@H](CCO)C1=O,0
CCCCCCCCCCCCC/C(O)=C1/C(=O)N[C@@H](CCO)C1=O,0
CCCCCCCCCCCC(=O)C1=C(O)COC1=O,0
CCCCCCCCCCCCCC(=O)C1=C(O)COC1=O,0
CC(C)=CCC/C(C)=C/CNCCOC1C2CC3CC(C2)CC1C3,0
CC(C)=CCC/C(C)=C/COCCNC1C2CC3CC(C2)CC1C3,0
CC(C)C[C@@H]1NC(=O)[C@H](CO)NC(=O)[C@H](CO)NC(=O)[C@@H](NC(=O)[C@H](C)NC(=O)[C@H](CC(N)=O)NC(=O)[C@@H](NC(=O)CN)C(C)C)CSC(=O)[C@H](Cc2ccccc2)NC1=O,1
O=C1c2cc(O)cc(O)c2C(=O)c2c(O)cc(CO)cc21,0
C[C@H](O)Cc1cc(O)c2c(c1)C(=O)c1cc(O)cc(O)c1C2=O,0
CC(=O)Cc1cc(O)c2c(c1)C(=O)c1cc(O)cc(O)c1C2=O,0
C[C@@H](O)[C@@H](O)c1cc(O)c2c(c1)C(=O)c1cc(O)cc(O)c1C2=O,0
CC(=O)C(O)c1cc(O)c2c(c1)C(=O)c1cc(O)cc(O)c1C2=O,0
O=C(O)c1cc(O)c2c(c1)C(=O)c1cc(O)cc(O)c1C2=O,0
O=C(O)c1cc(O)c2c(c1)C(=O)c1cc(O)c(Cl)c(O)c1C2=O,0
COc1ccc2ncc(F)c(CCC34CCC(NCc5ccc6c(n5)NC(=O)CO6)(CC3)CO4)c2n1.Cl,1
COc1ccc2ncc(F)c(C[C@H](O)C34CCC(NCc5ccc6c(n5)NC(=O)CO6)(CC3)CO4)c2n1.Cl,0
CCCCCCCCCCC[C@H](O)[C@H](C)N,0
CN(C)[C@@H]1C(O)=C(C(N)=O)C(=O)[C@@]2(O)C(O)=C3C(=O)c4c(O)cccc4[C@@](C)(O)[C@H]3C[C@@H]12,0
O=C1CCc2cc(/C=C/C(=O)N3CC(OCc4ccccc4)C3)cnc2N1,1
O=C1CCc2cc(/C=C/C(=O)N3CC(COc4ccccc4)C3)cnc2N1,1
O=C1CCc2cc(/C=C/C(=O)N3CC(COc4ccccc4F)C3)cnc2N1,1
O=C1CCc2cc(/C=C/C(=O)N3CC(COc4cccc(F)c4)C3)cnc2N1,1
O=C1CCc2cc(/C=C/C(=O)N3CC(COc4ccc(F)cc4)C3)cnc2N1,1
Cc1ccccc1OCC1CN(C(=O)/C=C/c2cnc3c(c2)CCC(=O)N3)C1,1
Cc1ccc(OCC2CN(C(=O)/C=C/c3cnc4c(c3)CCC(=O)N4)C2)cc1,1
O=C1CCc2cc(/C=C/C(=O)N3CC(COc4ccc5ccccc5c4)C3)cnc2N1,0
O=C1CCc2cc(/C=C/C(=O)N3CC(c4nc5ccccc5s4)C3)cnc2N1,1
Cc1cc(C2CN(C(=O)/C=C/c3cnc4c(c3)CCC(=O)N4)C2)nc2ccccc12,1
O=C1CCc2cc(/C=C/C(=O)N3CC(c4ccccn4)C3)cnc2N1,1
CC(=O)Nc1ccc(/C=C/C(=O)N2CC(c3oc4ccccc4c3C)C2)cn1,1
Cc1c(C2CN(C(=O)/C=C/c3ccc(NC(=O)Cn4ccnn4)nc3)C2)oc2ccccc12,1
Cc1c(C2CN(C(=O)/C=C/c3cnc4c(c3)CN(CCN3CCOCC3)C(=O)N4)C2)oc2ccccc12,1
Cc1c(C2CN(C(=O)/C=C/c3cnc4c(c3)CNCC(=O)N4)C2)oc2ccccc12,1
Cc1c(C2CN(C(=O)/C=C/c3cnc4c(c3)CN(C)CC(=O)N4)C2)oc2ccccc12,1
Cc1c(C2CN(C(=O)/C=C/c3cnc4c(c3)CN(CCN3CCOCC3)CC(=O)N4)C2)oc2ccccc12,1
Cc1c(CN(C)C(=O)/C=C/c2cnc3c(c2)CCC(=O)N3)oc2ccccc12,1
Cc1ccc(O)c(O)c1,0
CO[C@H]1CN(c2ncc(C(=O)O)s2)CC[C@@H]1NC(=O)c1[nH]c(C)c(Cl)c1Cl,0
CO[C@@H]1CN(c2ncc(C(=O)O)s2)CC[C@H]1NC(=O)c1[nH]c(C)c(Cl)c1Cl,1
CO[C@@H]1CN(c2ncc(C(=O)O)s2)CC[C@@H]1NC(=O)c1[nH]c(C)c(Cl)c1Cl,1
Cc1[nH]c(C(=O)N[C@@H]2CCN(c3ncc(C(=O)O)s3)C[C@@H]2O)c(Cl)c1Cl,1
Cc1[nH]c(C(=O)N[C@@H]2CCN(c3ncc(C(=O)O)s3)C[C@@H]2C)c(Cl)c1Cl,1
COC[C@H]1CN(c2ncc(C(=O)O)s2)CC[C@H]1NC(=O)c1[nH]c(C)c(Cl)c1Cl,1
Cc1[nH]c(C(=O)N[C@@H]2CCN(c3ncc(C(=O)O)s3)C[C@@H]2CO)c(Cl)c1Cl,1
COC1(OC)CN(c2ncc(C(=O)O)s2)CC[C@H]1NC(=O)c1[nH]c(C)c(Cl)c1Cl,1
Cc1[nH]c(C(=O)N[C@@H]2CCN(c3ncc(C(=O)O)s3)CC23OCCO3)c(Cl)c1Cl,1
CO[C@H]1CN(c2nc(-c3cncc(NCCN4CCN(C)CC4)n3)c(C(=O)O)s2)CC[C@H]1NC(=O)c1[nH]c(C)c(Cl)c1Cl,1
CCNC(=O)Nc1cc(Nc2ccc(O)cc2)c(C(=O)Nc2cccnc2)cn1,1
CCNC(=O)Nc1cc(Nc2ccc(OC)cc2OC)c(C(=O)Nc2cccnc2)cn1,1
O=C(O)CC(=O)Nc1ccc(-c2nc3ccccc3[nH]2)cc1,0
O=C(O)CCC(=O)Nc1ccc(-c2nc3ccccc3[nH]2)cc1,0
COC(=O)CCCC(=O)Nc1ccc(-c2nc3ccccc3[nH]2)cc1,0
O=C(O)CCCCC(=O)Nc1ccc(-c2nc3ccccc3[nH]2)cc1,0
O=C(O)CC(=O)Nc1ccc(-c2nc3cc(F)ccc3[nH]2)cc1,0
O=C(O)CCC(=O)Nc1ccc(-c2nc3cc(F)ccc3[nH]2)cc1,0
O=C(O)CCCC(=O)Nc1ccc(-c2nc3cc(F)ccc3[nH]2)cc1,0
COC(=O)CCCC(=O)Nc1ccc(-c2nc3cc(F)ccc3[nH]2)cc1,0
O=C(O)CCCCC(=O)Nc1ccc(-c2nc3cc(F)ccc3[nH]2)cc1,0
O=C(O)CC(=O)Nc1ccc(-c2nc3cc(Cl)ccc3[nH]2)cc1,0
O=C(O)CCC(=O)Nc1ccc(-c2nc3cc(Cl)ccc3[nH]2)cc1,0
O=C(O)CCCC(=O)Nc1ccc(-c2nc3cc(Cl)ccc3[nH]2)cc1,0
COC(=O)CCCC(=O)Nc1ccc(-c2nc3cc(Cl)ccc3[nH]2)cc1,0
O=C(O)CCCCC(=O)Nc1ccc(-c2nc3cc(Cl)ccc3[nH]2)cc1,0
O=C(O)CC(=O)Nc1ccc(-c2nc3cc([N+](=O)[O-])ccc3[nH]2)cc1,0
O=C(O)CCC(=O)Nc1ccc(-c2nc3cc([N+](=O)[O-])ccc3[nH]2)cc1,0
O=C(O)CCCC(=O)Nc1ccc(-c2nc3cc([N+](=O)[O-])ccc3[nH]2)cc1,0
COC(=O)CCCC(=O)Nc1ccc(-c2nc3cc([N+](=O)[O-])ccc3[nH]2)cc1,0
O=C(O)CCCCC(=O)Nc1ccc(-c2nc3cc([N+](=O)[O-])ccc3[nH]2)cc1,0
COc1ccc2[nH]c(-c3ccc(NC(=O)CC(=O)O)cc3)nc2c1,0
COc1ccc2[nH]c(-c3ccc(NC(=O)CCC(=O)O)cc3)nc2c1,0
COc1ccc2[nH]c(-c3ccc(NC(=O)CCCC(=O)O)cc3)nc2c1,0
COC(=O)CCCC(=O)Nc1ccc(-c2nc3cc(OC)ccc3[nH]2)cc1,0
COc1ccc2[nH]c(-c3ccc(NC(=O)CCCCC(=O)O)cc3)nc2c1,0
O=C(O)CC(=O)Nc1ccc(-c2nc3cccnc3[nH]2)cc1,0
O=C(O)CCC(=O)Nc1ccc(-c2nc3cccnc3[nH]2)cc1,0
O=C(O)CCCC(=O)Nc1ccc(-c2nc3cccnc3[nH]2)cc1,0
COC(=O)CCCC(=O)Nc1ccc(-c2nc3cccnc3[nH]2)cc1,0
O=C(O)CCCCC(=O)Nc1ccc(-c2nc3cccnc3[nH]2)cc1,0
O=C(O)COCC(=O)Nc1ccc(-c2nc3ccccc3[nH]2)cc1,0
O=C(O)CSCC(=O)Nc1ccc(-c2nc3ccccc3[nH]2)cc1,0
O=C(O)COCC(=O)Nc1ccc(-c2nc3cc(F)ccc3[nH]2)cc1,0
O=C(O)CSCC(=O)Nc1ccc(-c2nc3cc(F)ccc3[nH]2)cc1,0
O=C(O)COCC(=O)Nc1ccc(-c2nc3cc(Cl)ccc3[nH]2)cc1,0
O=C(O)CSCC(=O)Nc1ccc(-c2nc3cc(Cl)ccc3[nH]2)cc1,0
O=C(O)COCC(=O)Nc1ccc(-c2nc3cc([N+](=O)[O-])ccc3[nH]2)cc1,0
O=C(O)CSCC(=O)Nc1ccc(-c2nc3cc([N+](=O)[O-])ccc3[nH]2)cc1,0
COc1ccc2[nH]c(-c3ccc(NC(=O)COCC(=O)O)cc3)nc2c1,0
COc1ccc2[nH]c(-c3ccc(NC(=O)CSCC(=O)O)cc3)nc2c1,0
O=C(O)COCC(=O)Nc1ccc(-c2nc3cccnc3[nH]2)cc1,0
O=C(O)CSCC(=O)Nc1ccc(-c2nc3cccnc3[nH]2)cc1,0
CCc1cc(=O)nc(SCC(=O)Nc2cccc(C(=O)O)c2)[nH]1,0
O=c1nc(/C=C/c2ccc(/C=C/c3cc(C(F)(F)F)[nH]c(=O)n3)cc2)cc(C(F)(F)F)[nH]1,0
CC(=O)Nc1ccc(OCC[n+]2ccc(CCS(=O)(=O)[O-])cc2)cc1,0
Cc1cc2ncn(CC(O)COc3cccc(C(=O)O)c3)c2cc1C,0
O=C(O)CCCC(=O)Nc1ccc(-c2nc3ccccc3[nH]2)cc1,0
O=C(O)CCC(=O)Nc1ccc(NC(=O)c2ccco2)cc1,0
CCOc1cc(/C=C(\C#N)c2nc3ccc(C)cc3[nH]2)ccc1OCC(=O)O,0
Cc1sc2nc(SCC(=O)Nc3cccc(C(=O)O)c3)nc(O)c2c1C,0
Cc1sc2nc(SCC(=O)Nc3ccc(Cl)c(C(=O)O)c3)nc(O)c2c1C,0
CNc1cc(CCNC(=O)c2ccc3oc(O)nc3c2)nc(-c2ccncc2)n1,0
CC(C)(C)c1ccc(C(O)CCCCN2CCC(C(O)(c3ccccc3)c3ccccc3)CC2)cc1,0
OC(CCCN1CCC(C(O)(c2ccccc2)c2ccccc2)CC1)c1ccc(-c2ccccc2)cc1,0
CC(C)(C)c1ccc(CCCCN2CCC(C(O)(c3ccccc3)c3ccccc3)CC2)cc1,0
CC(C)(C)c1ccc(CCCN2CCC(C(O)(c3ccccc3)c3ccccc3)CC2)cc1,0
CC(C)(C)c1ccc(CN2CCC(C(O)(c3ccccc3)c3ccccc3)CC2)cc1,0
CC(C)(C)c1ccc(OCCCN2CCC(C(O)(c3ccccc3)c3ccccc3)CC2)cc1,0
CC(C)(C)c1ccc(C(=O)CCCN2CCC(C(O)(c3ccccc3)c3ccccc3)CC2)cc1,0
CC(C)(C)c1ccc(C(=O)CN2CCC(C(O)(c3ccccc3)c3ccccc3)CC2)cc1,0
CC(C)(C)c1ccc(C(=O)N2CCC(C(O)(c3ccccc3)c3ccccc3)CC2)cc1,0
OC(c1ccccc1)(c1ccccc1)C1CCN(CCc2ccc(-c3ccncc3)cc2)CC1,0
OC(c1ccccc1)(c1ccccc1)C1CCN(CCCOc2ccc(-c3ccccc3)cc2)CC1,0
Nc1nc2[nH]c(S)nc2c(=O)[nH]1,0
Nc1nc2[nH]c(SCc3ccccc3F)nc2c(=O)[nH]1,0
COc1ccc(C(=O)CSc2nc3nc(N)[nH]c(=O)c3[nH]2)cc1,0
Nc1nc2nc(SCC(=O)c3ccccc3)[nH]c2c(=O)[nH]1,0
CC(Sc1nc2nc(N)[nH]c(=O)c2[nH]1)C(=O)c1ccccc1,0
COc1ccccc1C(=O)CSc1nc2nc(N)[nH]c(=O)c2[nH]1,0
Nc1nc2[nH]c(SCC(=O)c3ccc(-c4ccccc4)cc3)nc2c(=O)[nH]1,1
COc1ccc(CCSc2nc3c(=O)[nH]c(N)nc3[nH]2)cc1,0
CC(=O)CSc1nc2c(=O)[nH]c(N)nc2[nH]1,0
Nc1nc2[nH]c(SCc3ccccc3)nc2c(=O)[nH]1,0
Nc1nc2[nH]c(SCc3ccccc3C(F)(F)F)nc2c(=O)[nH]1,0
O=C(Cn1sc2ccccc2c1=O)NC12CC3CC(CC(C3)C1)C2,0
CC12CC3CC(C)(C1)CC(NC(=O)Cn1sc4ccccc4c1=O)(C3)C2,0
CC12CC3(C)CC(O)(C1)CC(NC(=O)Cn1sc4ccccc4c1=O)(C2)C3,0
O=C(CCn1sc2ccccc2c1=O)NC12CC3CC(CC(C3)C1)C2,0
CC12CC3CC(C)(C1)CC(NC(=O)CCn1sc4ccccc4c1=O)(C3)C2,0
CC12CC3(C)CC(O)(C1)CC(NC(=O)CCn1sc4ccccc4c1=O)(C2)C3,0
O=C(CCn1sc2ccccc2c1=O)NC12CC3CC(CC(O)(C3)C1)C2,0
COC(=O)C12CC3CC(CC(NC(=O)CCn4sc5ccccc5c4=O)(C3)C1)C2,0
O=C(CCn1sc2cccc(F)c2c1=O)NC12CC3CC(CC(C3)C1)C2,0
CC12CC3CC(C)(C1)CC(NC(=O)CCn1sc4cccc(F)c4c1=O)(C3)C2,0
CC12CC3(C)CC(O)(C1)CC(NC(=O)CCn1sc4cccc(F)c4c1=O)(C2)C3,0
O=C(CCn1sc2cccc(F)c2c1=O)NC12CC3CC(CC(O)(C3)C1)C2,0
COC(=O)C12CC3CC(CC(NC(=O)CCn4sc5cccc(F)c5c4=O)(C3)C1)C2,0
O=C(Cn1sc2ccccc2c1=O)NNC(=O)C12CC3CC(CC(C3)C1)C2,0
O=C(O)CCn1sc2ccccc2c1=O,0
CCCCCCC(C/C=C\CCCCCCCC(=O)OC)/N=C\c1ccc(Cl)cc1,0
CCCCCCC(C/C=C\CCCCCCCC(=O)OC)/N=C\c1ccc(O)cc1,0
CCCCCCC(C/C=C\CCCCCCCC(=O)OC)/N=C\c1ccc(OC)cc1,0
CCCCCCC(C/C=C\CCCCCCCC(=O)OC)/N=C\c1ccc(OC)c(OC)c1,0
CCCCCCC(C/C=C\CCCCCCCC(=O)OC)/N=C\c1ccc(N(C)C)cc1,0
CCCCCCC(C/C=C\CCCCCCCC(=O)OC)/N=C\c1ccc(O)c(OC)c1,0
CCCCCCC(C/C=C\CCCCCCCC(=O)OC)/N=C\c1cc(OC)c(O)c(OC)c1,0
CCCCCCC(C/C=C\CCCCCCCC(=O)OC)/N=C\C=C\c1ccc(N(C)C)cc1,0
CCCCCCc1ccc(Oc2ccccc2C#N)c(O)c1,1
CCNC(=O)Nc1nc2cc(-c3cnc(C(C)(C)O)nc3)c(F)c([C@H]3CCCO3)c2[nH]1,1
CC(C)=CCc1c(O)cc(-c2cc3ccc(O)cc3o2)cc1O,0
c1cc2cc(-c3ccc(-c4cc5ccc(C6=NCCCN6)cc5[nH]4)cc3)[nH]c2cc1C1=NCCCN1,1
C(=C/c1cc2ccc(C3=NCCN3)cc2[nH]1)\c1cc2ccc(C3=NCCN3)cc2[nH]1.Cl,1
c1cc2cc(-c3ccc(-c4cc5ccc(C6=NCCN6)cc5[nH]4)cc3)[nH]c2cc1C1=NCCN1,1
Cn1cc(NC(=O)c2cc(NC(=O)CNC(=N)N)cn2C)cc1C(=O)NCCC(=N)N,0
O=C(Nc1cccc(C2=NCCN2)c1)c1ccc(-c2ccc(C(=O)Nc3cccc(C4=NCCN4)c3)cc2)cc1,1
O=C(Nc1cccc(C2=NCCCN2)c1)c1ccc(-c2ccc(C(=O)Nc3cccc(C4=NCCCN4)c3)cc2)cc1,1
S=C(Nc1cccc(C2=NCCN2)c1)c1ccc(-c2ccc(C(=S)Nc3cccc(C4=NCCN4)c3)cc2)cc1,0
COc1cccc(NC(=O)c2ccc(-c3ccc(C(=O)Nc4cccc(C5=NCCN5)c4)cc3)cc2)c1,0
N=C(N)c1ccc(OCCCCCOc2ccc(C(=N)N)cc2)cc1,0
NCCc1cc(Br)cc(C#Cc2cccc(C#Cc3cc(Br)cc(CCN)c3)c2)c1,0
O=P(O)(O)C(O)(Cc1cccc(-c2cccc(NS(=O)(=O)c3cccc(S(=O)(=O)Nc4cccc(-c5cccc(CC(O)(P(=O)(O)O)P(=O)(O)O)c5)c4)c3)c2)c1)P(=O)(O)O,0
COc1cc(-c2ccncc2)cc(C(C)C#Cc2c(C)nc(N)nc2N)c1,1
COc1cc(C(C)C#Cc2c(C)nc(N)nc2N)cc(N2CCOCC2)c1,1
CCc1nc(N)nc(N)c1C#CC(C)c1cc(OC)cc(N2CCOCC2)c1,1
CCc1nc(N)nc(N)c1C#CCc1cc(OC)cc(-c2ccncc2)c1,1
CCc1nc(N)nc(N)c1C#CCc1cc(-c2ccncc2)ccc1OC,1
CCc1nc(N)nc(N)c1C#CC(C)c1cc(-c2cc[n+]([O-])cc2)ccc1OC,1
O=C(CCc1ccccc1)c1c(O)cc(O)c2c1O[C@H](c1ccc(O)cc1)[C@@H](C/C=C/c1ccc(O)cc1)C2,0
O=C(CCc1ccccc1)c1c(O)cc(O)c2c1O[C@@H](c1ccc(O)cc1)[C@H](C/C=C/c1ccc(O)cc1)C2,0
COc1ccc(CCC(=O)c2c(O)cc(O)c3c2O[C@H](c2ccc(O)cc2)[C@@H](C/C=C/c2ccc(O)cc2)C3)cc1,0
COc1ccc(CCC(=O)c2c(O)cc(O)c3c2O[C@@H](c2ccc(O)cc2)[C@H](C/C=C/c2ccc(O)cc2)C3)cc1,0
COc1cc(O)c(C(=O)CCc2ccc(O)cc2)c2c1C[C@H](C/C=C/c1ccc(O)cc1)[C@@H](c1ccc(O)cc1)O2,0
COc1cc(O)c(C(=O)CCc2ccc(O)cc2)c2c1C[C@@H](C/C=C/c1ccc(O)cc1)[C@H](c1ccc(O)cc1)O2,0
O=C(/C=C/c1ccccc1)c1c(O)cc(O)c2c1O[C@H](c1ccc(O)cc1)[C@@H](C/C=C/c1ccc(O)cc1)C2,1
O=C(/C=C/c1ccccc1)c1c(O)cc(O)c2c1O[C@@H](c1ccc(O)cc1)[C@H](C/C=C/c1ccc(O)cc1)C2,0
COc1cc(O)c(C(=O)/C=C/c2ccc(O)cc2)c2c1CC(C/C=C/c1ccc(O)cc1)C(c1ccc(O)cc1)O2,0
O=C(N[C@H](CO)[C@H](O)c1ccc([N+](=O)[O-])cc1)C(Cl)Cl,1
NCCCNCCCCNCCCNC(=O)CCC(=O)N[C@H](CO)[C@H](O)c1ccc([N+](=O)[O-])cc1,0
NCCCCN(CCCN)C(=O)CCC(=O)N[C@H](CO)[C@H](O)c1ccc([N+](=O)[O-])cc1,0
O=C(CCC(=O)N[C@H](CO)[C@H](O)c1ccc([N+](=O)[O-])cc1)NCCCNCCCCN(Cc1ccccc1)Cc1ccccc1,0
O=C(CCNC(=O)c1nc[nH]n1)N[C@H](CO)[C@H](O)c1ccc([N+](=O)[O-])cc1,0
O=C1O/C(=C\c2ccc(O)c(Br)c2)C(c2ccc(O)c(Br)c2)=C1C(=O)c1ccc(O)c(Br)c1,0
O=C1O/C(=C\c2ccc(O)c(Br)c2)C(c2cc(Br)c(O)c(Br)c2)=C1C(=O)c1ccc(O)c(Br)c1,0
O=C1O/C(=C\c2ccc(O)c(Br)c2)C(c2ccc(O)c(Br)c2)=C1C(=O)c1ccco1,0
O=C1O/C(=C\c2ccc(O)c(Br)c2)C(c2cc(Br)c(O)c(Br)c2)=C1C(=O)c1ccco1,0
CCOC(=O)C(=O)Nc1nc2c(s1)C[C@@H](NC(=O)c1cc(Br)c(Br)[nH]1)CC2,0
O=C(O)CC(=O)Nc1nc2c(s1)C[C@@H](NC(=O)c1cc(Br)c(Br)[nH]1)CC2,0
CC(=O)Nc1nc2c(s1)C[C@@H](NC(=O)c1cc(Br)c(Br)[nH]1)CC2,0
O=C(O)CCC(=O)Nc1nc2c(s1)C[C@@H](NC(=O)c1cc(Cl)c(Cl)[nH]1)CC2,0
O=C(O)C(=O)Nc1nc2c(s1)C[C@@H](NC(=O)c1cc(Br)c(Br)[nH]1)CC2,0
O=C(CBr)NCC1=Cc2ccccc2OC1(O)C(F)(F)F,0
O=C(CBr)NCC1=Cc2cc(Br)ccc2OC1(O)C(F)(F)F,0
O=C(Cc1ccccc1)NCC1=Cc2cc(Br)ccc2OC1(O)C(F)(F)F,0
O=C(Cc1cccc(Cl)c1)NCC1=Cc2ccccc2OC1(O)C(F)(F)F,0
O=C(Cc1cccc(Cl)c1)NCC1=Cc2cc(Br)ccc2OC1(O)C(F)(F)F,0
O=C(Cc1ccc(Br)cc1)NCC1=Cc2ccccc2OC1(O)C(F)(F)F,0
O=C(Cc1ccc(Br)cc1)NCC1=Cc2cc(Br)ccc2OC1(O)C(F)(F)F,0
CC[C@H]1OC(=O)[C@H](C)[C@@H](O[C@H]2C[C@@](C)(OC)[C@@H](O)[C@H](C)O2)[C@H](C)[C@@H](O[C@@H]2O[C@H](C)C[C@H](N(C)C)[C@H]2O)[C@](C)(O)C[C@@H](C)C(=O)[C@H](C)[C@@H](O)[C@]1(C)O,1
COCc1cc(=O)c(Oc2ccc(Cl)cc2)co1,0
O=c1cc(COc2ccccc2)n(C2CC2)cc1Oc1cccc([N+](=O)[O-])c1Cl,0
Cn1cc(Oc2cccc([N+](=O)[O-])c2Cl)c(=O)cc1COc1ccccc1,1
O=c1cc(COc2ccccc2)[nH]cc1Oc1cccc([N+](=O)[O-])c1Cl,0
O=c1cc(COc2ccccc2)n(C2CC2)cc1Oc1c(Cl)cccc1Cl,0
Cn1cc(Oc2c(Cl)cccc2Cl)c(=O)cc1COc1ccccc1,1
O=c1cc(COc2ccccc2)[nH]cc1Oc1c(Cl)cccc1Cl,0
O=c1cc(COc2ccccc2)n(C2CC2)cc1Oc1cccc(Cl)c1Cl,0
Cn1cc(Oc2cccc(Cl)c2Cl)c(=O)cc1COc1ccccc1,1
O=c1cc(COc2ccccc2)[nH]cc1Oc1cccc(Cl)c1Cl,1
Cc1ccc(Oc2cn(Cc3ccccc3)c(COc3ccccc3)cc2=O)c(C)c1,0
CCCCn1cc(Oc2ccc(C)cc2C)c(=O)cc1COc1ccccc1,0
Cc1ccc(Oc2cn(C3CC3)c(COc3ccccc3)cc2=O)c(C)c1,0
Cc1ccc(Oc2cn(C)c(COc3ccccc3)cc2=O)c(C)c1,1
Cc1ccc(Oc2c[nH]c(COc3ccccc3)cc2=O)c(C)c1,0
Cc1cc(Cl)ccc1Oc1cn(Cc2ccccc2)c(COc2ccccc2)cc1=O,1
CCCCn1cc(Oc2ccc(Cl)cc2C)c(=O)cc1COc1ccccc1,1
Cc1cc(Cl)ccc1Oc1cn(C2CC2)c(COc2ccccc2)cc1=O,1
Cc1cc(Cl)ccc1Oc1cn(C)c(COc2ccccc2)cc1=O,1
Cc1cc(Cl)ccc1Oc1c[nH]c(COc2ccccc2)cc1=O,1
O=c1cc(COc2ccccc2)n(Cc2ccccc2)cc1Oc1ccc(Cl)cc1Cl,0
CCCCn1cc(Oc2ccc(Cl)cc2Cl)c(=O)cc1COc1ccccc1,0
O=c1cc(COc2ccccc2)n(C2CC2)cc1Oc1ccc(Cl)cc1Cl,1
Cn1cc(Oc2ccc(Cl)cc2Cl)c(=O)cc1COc1ccccc1,1
O=c1cc(COc2ccccc2)[nH]cc1Oc1ccc(Cl)cc1Cl,0
O=c1cc(/C=C/c2cccnc2)occ1Oc1c(Cl)cccc1Cl,0
O=c1cc(/C=C/c2ccoc2)occ1Oc1c(Cl)cccc1Cl,0
O=c1cc(/C=C/c2ccccc2)occ1Oc1c(Cl)cccc1Cl,0
O=c1cc(/C=C/c2cccnc2)occ1Oc1cccc(Cl)c1Cl,0
O=c1cc(/C=C/c2ccoc2)occ1Oc1cccc(Cl)c1Cl,0
O=c1cc(/C=C/c2ccccc2)occ1Oc1cccc(Cl)c1Cl,0
Cc1ccc(Oc2coc(/C=C/c3cccnc3)cc2=O)c(C)c1,0
Cc1ccc(Oc2coc(/C=C/c3ccoc3)cc2=O)c(C)c1,0
Cc1ccc(Oc2coc(/C=C/c3ccccc3)cc2=O)c(C)c1,0
O=c1cc(/C=C/c2cccnc2)occ1Oc1ccc(Cl)cc1Cl,0
O=c1cc(/C=C/c2ccoc2)occ1Oc1ccc(Cl)cc1Cl,0
O=c1cc(/C=C/c2ccccc2)occ1Oc1ccc(Cl)cc1Cl,0
Cc1cc(Cl)ccc1Oc1coc(/C=C/C(C)C)cc1=O,0
CCC/C=C/c1cc(=O)c(Oc2ccc(Cl)cc2C)co1,0
Cc1cc(Cl)ccc1Oc1coc(/C=C/c2cccs2)cc1=O,0
Cc1cc(Cl)ccc1Oc1coc(/C=C/c2ccsc2)cc1=O,0
Cc1cc(Cl)ccc1Oc1coc(/C=C/c2cccnc2)cc1=O,0
Cc1cc(Cl)ccc1Oc1coc(/C=C/c2ccco2)cc1=O,0
Cc1cc(Cl)ccc1Oc1coc(/C=C/c2ccoc2)cc1=O,0
Cc1cc(Cl)ccc1Oc1coc(/C=C/c2ccccc2)cc1=O,0
Cc1c(Oc2coc(COc3ccccc3)cc2=O)cccc1[N+](=O)[O-],0
O=c1cc(COc2ccccc2)occ1Oc1c(Cl)cccc1Cl,0
O=c1cc(COc2ccccc2)occ1Oc1cccc(Cl)c1Cl,0
Cc1ccc(Oc2coc(COc3ccccc3)cc2=O)c(C)c1,1
Cc1cc(Cl)ccc1Oc1coc(COc2ccccc2)cc1=O,1
O=c1cc(COc2ccccc2)occ1Oc1ccc(Cl)cc1Cl,1
N#Cc1c(N)nc2nc(CC3CCCCC3)ncc2c1N,0
N#Cc1c(N)nc2nc(-c3ccccc3)ncc2c1N,1
CC(C)(C)c1nc(-c2nccs2)c2c(N)c(C#N)c(N)nc2n1,1
CC(C)(C)c1nc(-c2ccccc2)c2c(N)c(C#N)c(N)nc2n1,1
CC(C)(C)c1nc(-c2ccccn2)c2c(N)c(C#N)c(N)nc2n1,0
CC(C)(C)c1nc(-c2cccnc2)c2c(N)c(C#N)c(N)nc2n1,1
CC(C)(C)c1nc(-c2cnccn2)c2c(N)c(C#N)c(N)nc2n1,0
CCOC(=O)c1csc(-c2nc(C(C)(C)C)nc3nc(N)c(C#N)c(N)c23)n1,1
CC(C)(C)c1nc(-c2ncc[nH]2)c2c(N)c(C#N)c(N)nc2n1,1
Cc1c[nH]c(-c2nc(C(C)(C)C)nc3nc(N)c(C#N)c(N)c23)n1,1
CC(C)(C)c1nc(-c2ccn[nH]2)c2c(N)c(C#N)c(N)nc2n1,1
CC(C)(C)c1nc(-c2ccc[nH]2)c2cc(C(N)=O)c(N)nc2n1,1
CC(C)(C)c1nc(-c2ccc[nH]2)c2c(N)c(C#N)c(N)nc2n1,1
N#Cc1c(N)nc2nc(C3CCC3)ncc2c1N,1
N#Cc1c(N)nc2nc(C3CCCC3)ncc2c1N,1
CC(C)(C)c1nc(-c2cnn[nH]2)c2c(N)c(C#N)c(N)nc2n1,1
CC(C)(C)c1nc(-c2ncn[nH]2)c2c(N)c(C#N)c(N)nc2n1,1
CC(C)(C)c1nc(-c2ncco2)c2c(N)c(C#N)c(N)nc2n1,1
CC(C)(C)c1nc(-c2nc(CO)cs2)c2c(N)c(C#N)c(N)nc2n1,1
COCc1csc(-c2nc(C(C)(C)C)nc3nc(N)c(C#N)c(N)c23)n1,1
CC1(C)O[C@@H]2[C@H](O1)[C@@H](n1cnc3c(N)ncnc31)O[C@H]2Cn1cc(CCCCC[C@@H]2SC[C@@H]3NC(=O)N[C@@H]32)nn1,0
COc1cc(-c2cc3nc(N)nc(N)c3cc2C)cc(OC)c1OC,1
Cc1ccc2oc(=O)n(CCCCn3cc(CCCCC[C@@H]4SC[C@@H]5NC(=O)N[C@@H]54)nn3)c2c1,1
CCc1nc(N)nc(N)c1C#CCc1cccc(-c2cccnc2)c1,1
COc1ccc(OC)c(-c2ccc3c(N)nc(N)nc3c2)c1,1
Nc1nc(N)c2cc(Cn3ccnc3)c(-c3ccc(CO)c(CO)c3)cc2n1,1
Nc1ncnc2c1ncn2[C@@H]1O[C@H](COP(=O)(O)OCCCCC[C@@H]2SC[C@@H]3NC(=O)N[C@@H]32)[C@@H](O)[C@H]1O,1
Cc1cc2c(N)nc(N)nc2cc1-c1cccc2[nH]ccc12,1
COc1ccc2nc(-c3ccco3)n(-c3ccc4c(N)nc(N)nc4c3)c2n1,1
[C-]#[N+]c1cc(N)cc(-c2cc3nc(N)nc(N)c3cc2C)c1,1
Cc1cc2c(N)nc(N)nc2cc1-c1cnc2[nH]ccc2c1,1
[C-]#[N+]Cc1cccc(-c2cc3nc(N)nc(N)c3cc2C)c1,1
COc1ccc2nc(SCCC(C)(F)F)n(-c3ccc4c(N)nc(N)nc4c3)c2c1,1
Nc1ncnc2c1ncn2CCCCn1cc(CCCCC[C@@H]2SC[C@@H]3NC(=O)N[C@@H]32)nn1,1
Cc1c(C(=O)OC(C)(C)C)nc(-c2cccs2)n1-c1ccc2c(N)nc(N)nc2c1,1
Cc1cc2c(N)nc(N)nc2cc1-c1c[nH]c2ccccc12,1
COC(=O)c1ccc2c(c1)nc(-c1nccs1)n2-c1ccc2c(N)nc(N)nc2c1,1
COc1cc2c(cc1CO)nc(-c1nccs1)n2-c1cc2nc(N)nc(N)c2cc1C,1
COc1cc2c(cc1CO)nc(-c1nccs1)n2-c1cc2nc(N)nc(N)c2cc1Cl,1
COc1ccc(CO)cc1-c1cc2nc(N)nc(N)c2cc1C,1
COc1cnc(Cl)cc1-c1cc2nc(N)nc(N)c2cc1C,1
[C-]#[N+]c1cccc(-c2cc3nc(N)nc(N)c3cc2C)c1,1
Nc1nc(N)c2ccc(-c3ccccc3N)cc2n1,1
CCc1nc(N)nc(N)c1C#CCc1cccc(-c2ccncc2)c1,1
Cc1cc2c(N)nc(N)nc2cc1-c1cc(CO)ncc1Cl,1
COc1cc2c(cc1CO)nc(-c1nccs1)n2-c1ccc2c(N)nc(N)nc2c1,1
CCNC(=O)Nc1c[nH]c2cc(-c3cccnc3)cnc12,0
CCNC(=O)Nc1cn(-c2ccccn2)c2cc(-c3cccnc3)cnc12,1
CCNC(=O)Nc1cn(-c2ncccc2C)c2cc(-c3cccnc3)cnc12,0
CCNC(=O)Nc1cn(-c2nccc(C)n2)c2cc(-c3cccnc3)cnc12,1
CCNC(=O)Nc1cn(-c2nccc(CCO)n2)c2cc(-c3cccnc3)cnc12,1
CCNC(=O)Nc1cn(-c2nccc(CCCO)n2)c2cc(-c3cccnc3)cnc12,1
CCNC(=O)Nc1cn(-c2ncc(C)c(CCC(=O)O)n2)c2cc(-c3cccnc3)cnc12,1
CCNC(=O)Nc1cn(-c2ncc(C)c(CCCC(=O)O)n2)c2cc(-c3cccnc3)cnc12,1
CCNC(=O)Nc1cn(-c2ncc(C)cn2)c2cc(-c3cccnc3)cnc12,1
CCNC(=O)Nc1cn(-c2ncc(CC)cn2)c2cc(-c3cccnc3)cnc12,1
CCNC(=O)Nc1cn(-c2ncc(OC)cn2)c2cc(-c3cccnc3)cnc12,1
CCNC(=O)Nc1cn(-c2ncc(F)cn2)c2cc(-c3cccnc3)cnc12,1
CCNC(=O)Nc1cn(-c2ncc(Cl)cn2)c2cc(-c3cccnc3)cnc12,1
CCNC(=O)Nc1cn(-c2ncc(Br)cn2)c2cc(-c3cccnc3)cnc12,1
CCNC(=O)Nc1cn(-c2ncc(C#N)cn2)c2cc(-c3cccnc3)cnc12,1
CCNC(=O)Nc1cn(C)c2cc(-c3cccnc3)cnc12,0
CCNC(=O)Nc1cn(Cc2ccccc2)c2cc(-c3cccnc3)cnc12,0
CCNC(=O)Nc1cn(CCOC)c2cc(-c3cccnc3)cnc12,0
C=CCn1cc(NC(=O)NCC)c2ncc(-c3cccnc3)cc21,1
CCNC(=O)Nc1cn(CC(O)CO)c2cc(-c3cccnc3)cnc12,0
CCNC(=O)Nc1cn(C2C=CCCC2)c2cc(-c3cccnc3)cnc12,1
CCNC(=O)Nc1cn(C2CCCCC2)c2cc(-c3cccnc3)cnc12,1
CCNC(=O)Nc1cn(C2CCN(C)CC2)c2cc(-c3cccnc3)cnc12,0
CCNC(=O)Nc1cn(C2CCN(C)C2=O)c2cc(-c3cccnc3)cnc12,0
CCNC(=O)Nc1cn(C(=O)c2ccccn2)c2cc(-c3cccnc3)cnc12,0
C=CC(=O)n1cc(NC(=O)NCC)c2ncc(-c3cccnc3)cc21,1
CCNC(=O)Nc1cn(-c2ncc(Cl)cn2)c2cc(-c3cnc(C#N)nc3)cnc12,1
CCNC(=O)Nc1cn(-c2ncc(Cl)cn2)c2cc(-c3cccnc3F)cnc12,0
CCNC(=O)Nc1cn(-c2ncccn2)c2cc(-n3cnc(C(=O)NC4CC4)c3)cnc12,1
CCNC(=O)Nc1cn(-c2ncccn2)c2cc(-c3ccn(C)c(=O)c3)cnc12,1
CCNC(=O)Nc1cn(-c2ncc(C)cn2)c2cc(-c3ccn(C)c(=O)c3)cnc12,1
CCNC(=O)Nc1cn(-c2ncc(Cl)cn2)c2cc(-c3ccn(C)c(=O)c3)cnc12,1
CCNC(=O)Nc1cn(-c2ncc(CC)cn2)c2cc(-c3ccn(C)c(=O)c3)cnc12,1
CCNC(=O)Nc1cn(-c2ncc(Br)cn2)c2cc(-c3ccn(C)c(=O)c3)cnc12,1
CCNC(=O)Nc1cn(-c2ncc(Br)cn2)c2cc(-c3ccn(CCO)c(=O)c3)cnc12,1
CCNC(=O)Nc1nc(CO)c(-c2ccc[nH]2)s1,0
CCNC(=O)Nc1nc(/C=C/c2cccnc2)c(-c2ccc[nH]2)s1,0
C[C@H]1NC(=O)[C@@H](Cc2ccccc2)N(C)C(=O)[C@@H]2CCCN2C(=O)c2ccccc2NC(=O)[C@H](Cc2ccccc2)NC1=O,0
CCC/C=C\c1ccccc1/C=C/C(=O)N[C@@H]1C(=O)N(C)/C(=C/c2ccc(O)cc2)C(=O)N[C@@H](CC(C)C)C(=O)N[C@H](Cc2ccccc2)C(=O)N[C@@H]([C@H](C)O)C(=O)N[C@@H](CC(N)=O)C(=O)N[C@@H](CO)C(=O)O[C@@H]1C,0
CCCc1cccc2c(-c3cnc(-c4ccnc(C(=O)O)c4)s3)n[nH]c12,1
CCCc1cccc2c(-c3cnc(-c4ccc(C(=O)O)cn4)s3)n[nH]c12,1
CCCc1cccc2c(-c3cnc(-c4ccc(C(=O)O)c(=O)[nH]4)s3)n[nH]c12,1
CCCc1cccc2c(-c3cncs3)n[nH]c12,0
CCCc1c(O)ccc2c(-c3cnc(-c4ccc(C(=O)O)c(F)c4)s3)n[nH]c12,1
CCCc1c(OC)ccc2c(-c3cnc(-c4ccc(C(=O)O)c(F)c4)s3)n[nH]c12,1
CCCOc1nccc2c(-c3cnc(-c4cnc(C(=O)O)cc4C)s3)n[nH]c12,1
CCCCCCCCC(CCCCCCCCC(=O)OC)SCC(=O)N[C@@H](C)C(=O)OC,0
CCCCCCCCC(CCCCCCCCC(=O)OC)SCC(=O)N[C@H](C(=O)OC)[C@@H](C)CC,0
Nc1ccc(-c2nc3cc(-c4ccc5[nH]c(-c6ccc(N)cc6)nc5c4)ccc3[nH]2)cc1,1
COc1cccc(-c2nc3ccc(-c4ccc5nc(-c6cccc(OC)c6)[nH]c5c4)cc3[nH]2)c1,0
Cc1ccc(-c2nc3ccc(-c4ccc5nc(-c6ccc(C)cc6)[nH]c5c4)cc3[nH]2)cc1,0
O=c1ccc2c(-c3cnc(-c4cccnc4)s3)n[nH]c2[nH]1,0
Cc1cc(=O)[nH]c2[nH]nc(-c3cnc(-c4cccnc4)s3)c12,0
O=c1cc(-c2ccccc2)c2c(-c3cnc(-c4cccnc4)s3)n[nH]c2[nH]1,0
Cc1cc(O)[nH]c2nnc(-c3ccccc3)c1-2,0
Nc1nc(O)cc(-c2ccccc2)n1,0
CCCC(=O)Nc1sccc1C(N)=O,0
O=c1[nH]cnc2scc(-c3cccs3)c12,0
O=C1Nc2ccccc2/C1=C\c1cccnc1,0
CCOC(=O)c1c(C)n(Cc2ccccc2)c2ccc(OCCN3CCNCC3)cc12,0
CCOC(=O)c1c(C)n(Cc2ccccc2)c2ccc(OCCN3CCN(C)CC3)cc12,0
CCOC(=O)c1c(C)n(Cc2ccccc2)c2ccc(OCCCN3CCCCC3)cc12,0
CCOC(=O)c1c(C)n(Cc2ccccc2)c2ccc(OCCCN3CCOCC3)cc12,0
CCOC(=O)c1c(C)n(Cc2ccccc2)c2ccc(OCCCN3CCN(C)CC3)cc12,0
CCOC(=O)c1c(C)n(Cc2ccccc2)c2ccc(OCCCN3CCNCC3)cc12,0
CCOC(=O)c1c(C)n(Cc2ccccc2)c2ccc(OCC(O)CN3CCCCC3)cc12,0
CCOC(=O)c1c(C)n(Cc2ccccc2)c2ccc(OCC(O)CN3CCCCCC3)cc12,0
CCOC(=O)c1c(C)n(Cc2ccccc2)c2ccc(OCC(O)CN3CCOCC3)cc12,0
CCOC(=O)c1c(C)n(Cc2ccccc2)c2ccc(OCC(F)CN3CCCCC3)cc12,0
CCOC(=O)c1c(C)n(CCc2ccccc2)c2ccc(OCCCN3CCCCC3)cc12,0
CCOC(=O)c1c(C)n(Cc2ccccc2C)c2ccc(OCCCN3CCCCC3)cc12,0
CCOC(=O)c1c(C)n(Cc2cccc(C)c2)c2ccc(OCCCN3CCCCC3)cc12,0
CCOC(=O)c1c(C)n(Cc2ccc(C)cc2)c2ccc(OCCCN3CCCCC3)cc12,0
CCOC(=O)c1c(C)n(Cc2ccccc2OC)c2ccc(OCCCN3CCCCC3)cc12,0
CCOC(=O)c1c(C)n(Cc2cccc(OC)c2)c2ccc(OCCCN3CCCCC3)cc12,0
CCOC(=O)c1c(C)n(Cc2ccc(OC)cc2)c2ccc(OCCCN3CCCCC3)cc12,0
CCOC(=O)c1c(C)n(Cc2ccccc2F)c2ccc(OCCCN3CCCCC3)cc12,0
CCOC(=O)c1c(C)n(Cc2cccc(F)c2)c2ccc(OCCCN3CCCCC3)cc12,0
CCOC(=O)c1c(C)n(Cc2ccc(F)cc2)c2ccc(OCCCN3CCCCC3)cc12,0
CCOC(=O)c1c(C)n(Cc2cccc(C(F)(F)F)c2)c2ccc(OCCCN3CCCCC3)cc12,0
CCOC(=O)c1c(C)n(Cc2ccc(C(F)(F)F)cc2)c2ccc(OCCCN3CCCCC3)cc12,0
CCOC(=O)c1c(C)n(Cc2ccccc2[N+](=O)[O-])c2ccc(OCCCN3CCCCC3)cc12,0
CCOC(=O)c1c(C)n(Cc2cccc([N+](=O)[O-])c2)c2ccc(OCCCN3CCCCC3)cc12,0
CCOC(=O)c1c(C)n(Cc2ccc([N+](=O)[O-])cc2)c2ccc(OCCCN3CCCCC3)cc12,0
CCOC(=O)Cc1c(C)n(Cc2ccccc2)c2ccc(OCCCN3CCCCCC3)cc12,0
Cc1cc2cc(OCCCN3CCCCC3)ccc2n1Cc1ccccc1,0
CC(C)(C)[C@H](NC(=O)[C@H](CC1CCCC1)CN(O)C=O)C(=O)N1CCC(NCc2ccc(C#N)cc2)CC1,1
CC(C)(C)[C@H](NC(=O)[C@H](CC1CCCC1)CN(O)C=O)C(=O)N1CCC(NCc2cc(F)c(F)cc2F)CC1,1
CC(C)(C)[C@H](NC(=O)[C@H](CC1CCCC1)CN(O)C=O)C(=O)N1CCN(Cc2ccc3c(c2)OCO3)CC1,1
O=C1C=C(N2CC2)C(=O)C(c2cc(-c3ccc(C(=O)N4CCOCC4)s3)on2)=C1N1CC1,0
O=C1C=C(N2CC2)C(=O)C(c2cc(-c3ccc(C(=O)N4CCCCC4)s3)on2)=C1N1CC1,0
O=C1/C(=C/c2ccc(O)c(O)c2)SC(=S)N1c1ccc(O)cc1,0
O=C(/C=C/c1ccc([N+](=O)[O-])cc1)c1ccc(O)c(O)c1,0
COC(=O)c1ccc(-c2ccc(/C=C3/SC(=S)NC3=O)o2)cc1,0
COc1cccc(/C=C2/SC(=S)N(CCC(=O)Nc3ccc(O)cc3)C2=O)c1,0
CNC(=O)Oc1c(Br)cc2sc(=O)oc2c1Br,0
NC[C@H]1O[C@H](O[C@H]2[C@H](O)[C@@H](O[C@H]3O[C@H](CO)[C@@H](O)[C@H](N)[C@H]3O)[C@H](N)C[C@@H]2N)[C@H](O)[C@@H](O)[C@@H]1O,0
CNC(=O)Nc1ccc2nc(-c3ccco3)c(-c3ccco3)nc2c1,0
O=c1c([N+](=O)[O-])c(Cl)c2ccccc2n1Cc1ccccc1,0
O=C(/C=C/c1ccco1)c1ccc(NC(=O)c2cccs2)cc1,0
O=C(Nc1cc([N+](=O)[O-])ccc1O)c1ccc2c(c1)C(=O)N(Cc1ccccc1)C2=O,0
COc1ccc(C(=O)N/N=C/c2ccc(O)c3ncccc23)cc1,0
CN(C)c1ccc(O)c2c1C[C@H]1C[C@H]3[C@H](N(C)C)C(O)=C(C(N)=O)C(=O)[C@@]3(O)C(O)=C1C2=O,1
CCCn1c(=O)ccc2c(-c3cnc(-c4ccc(N(C)C)nc4)s3)n[nH]c21,1
CCCn1c(=O)ccc2c(-c3cnc(-c4ccc(N5CCN(C)CC5)nc4)s3)n[nH]c21,1
CCCn1c(=O)ccc2c(-c3cnc(-c4ccc(C(C)C)nc4)s3)n[nH]c21,1
CCCn1c(=O)ccc2c(-c3cnc(-c4ccc(CN5CCN(C)CC5)nc4)s3)n[nH]c21,1
CCCn1c(=O)ccc2c(-c3cnc(-c4ccc(CN(CC)CC)nc4)s3)n[nH]c21,1
CCCn1c(=O)ccc2c(-c3cnc(-c4ccc(C(=O)OC)nc4)s3)n[nH]c21,1
CCCn1c(=O)ccc2c(-c3cnc(-c4ccc(C(=O)N(C)C)nc4)s3)n[nH]c21,1
CCCn1c(=O)ccc2c(-c3cnc(-c4ccc(C(=O)NCCN5CCOCC5)nc4)s3)n[nH]c21,1
CCCn1c(=O)ccc2c(-c3cncs3)n[nH]c21,1
CCCn1c(=O)ccc2c(-c3ncc(-c4cccnc4)s3)n[nH]c21,1
CCCn1c(=O)ccc2c(-c3nc(C(=O)OC)c(-c4cccnc4)s3)n[nH]c21,1
CCCn1c(=O)ccc2c(-c3nc(C(=O)N(C)C)c(-c4cccnc4)s3)n[nH]c21,1
CCCn1c(=O)ccc2c(C3CCN(c4nc(C(=O)O)c(C)s4)CC3)n[nH]c21,1
CCn1c(=O)ccc2c(-c3cnc(-c4cccnc4)s3)n[nH]c21,1
CCCn1c(=O)ccc2c(-c3cnc(-c4cccnc4)s3)n[nH]c21,1
CCn1c(=O)c(C(=O)NC)cc2c(-c3cnc(-c4cccnc4)s3)n[nH]c21,0
CCn1c(=O)c(CO)cc2c(-c3cnc(-c4cccnc4)s3)n[nH]c21,1
CCn1c(=O)c(C)cc2c(-c3cnc(-c4cccnc4)s3)n[nH]c21,1
O=c1ccc2c(-c3cnc(-c4cccnc4)s3)n[nH]c2n1CCO,1
C=CCn1c(=O)ccc2c(-c3cnc(-c4cccnc4)s3)n[nH]c21,1
Cn1c(=O)ccc2c(-c3cnc(-c4cccnc4)s3)n[nH]c21,1
CN(C/C=C/c1ccc(C(F)(F)F)cc1)Cc1cccc2ccoc12.Cl,1
CN(C/C=C/c1ccc(Cl)cc1Cl)Cc1cccc2ccoc12.Cl,1
CN(C/C=C/c1cccc(F)c1)Cc1cccc2ccoc12.Cl,1
CN(C/C=C/c1ccccc1F)Cc1cccc2ccoc12.Cl,1
Cc1ccc(/C=C/CN(C)Cc2cccc3ccoc23)cc1.Cl,1
CN(C/C=C/c1ccc(C(C)(C)C)cc1)Cc1cccc2ccoc12.Cl,1
CN(C/C=C/c1ccc([N+](=O)[O-])cc1)Cc1cccc2ccoc12.Cl,1
CN(C/C=C/c1ccc(Br)cc1)Cc1cccc2ccoc12.Cl,1
CN(C/C=C/c1ccc(Cl)cc1)Cc1cccc2ccoc12.Cl,1
CN(C/C=C/c1ccc(F)cc1)Cc1cccc2ccoc12.Cl,1
COC(=O)c1ccc(/C=C/CN(C)Cc2cccc3ccoc23)cc1.Cl,1
COc1ccc(/C=C/CN(C)Cc2cccc3ccoc23)cc1.Cl,1
CN(C/C=C/c1ccc2ccccc2c1)Cc1cccc2ccoc12.Cl,1
CN(C/C=C/c1cccc2ccccc12)Cc1cccc2ccoc12.Cl,1
CN(CC#Cc1ccccc1)Cc1cccc2ccoc12.Cl,1
CN(C/C=C/C=C/c1ccccc1)Cc1cccc2ccoc12.Cl,1
CN(C/C=C/c1ccccc1)Cc1cccc2occc12.Cl,1
CN(C/C=C/c1ccccc1)Cc1cccc2ccoc12.Cl,1
CN(C/C=C/c1ccccc1)Cc1cccc2ccccc12.Cl,1
N#Cc1cc(CSc2nc3c(=O)[nH]c(N)nc3[nH]2)ccc1F,0
Cc1cc(CSc2nc3c(=O)[nH]c(N)nc3[nH]2)ccc1F,0
Nc1nc2[nH]c(SCc3ccc(F)c(F)c3)nc2c(=O)[nH]1,1
N#Cc1cc(F)ccc1CSc1nc2c(=O)[nH]c(N)nc2[nH]1,0
Cc1cc(F)ccc1CSc1nc2c(=O)[nH]c(N)nc2[nH]1,0
N#Cc1ccc(CSc2nc3c(=O)[nH]c(N)nc3[nH]2)c(F)c1,1
COc1ccc(CSc2nc3c(=O)[nH]c(N)nc3[nH]2)c(F)c1,1
Nc1nc2[nH]c(SCc3ccc(F)cc3F)nc2c(=O)[nH]1,1
Cc1ccc(F)c(CSc2nc3c(=O)[nH]c(N)nc3[nH]2)c1,1
Cc1cccc(CSc2nc3c(=O)[nH]c(N)nc3[nH]2)c1F,0
Cc1ccc(C)c(CSc2nc3c(=O)[nH]c(N)nc3[nH]2)c1,0
Cc1cccc(CSc2nc3c(=O)[nH]c(N)nc3[nH]2)c1C,1
Nc1nc2[nH]c(SCc3cc(C(F)(F)F)cc(C(F)(F)F)c3)nc2c(=O)[nH]1,0
Cc1cc(C)cc(CSc2nc3c(=O)[nH]c(N)nc3[nH]2)c1,0
Nc1nc2[nH]c(SCc3c(F)cccc3F)nc2c(=O)[nH]1,1
Nc1nc2[nH]c(SCc3ccc(OC(F)(F)F)cc3)nc2c(=O)[nH]1,0
Nc1nc2[nH]c(SCc3ccc(C(F)(F)F)cc3)nc2c(=O)[nH]1,0
COc1ccc(CSc2nc3c(=O)[nH]c(N)nc3[nH]2)cc1,1
Nc1nc2[nH]c(SCc3ccc(Br)cc3)nc2c(=O)[nH]1,1
Nc1nc2[nH]c(SCc3ccc(F)cc3)nc2c(=O)[nH]1,1
Nc1nc2[nH]c(SCc3cccc(C(=O)O)c3)nc2c(=O)[nH]1,0
N#Cc1cccc(CSc2nc3c(=O)[nH]c(N)nc3[nH]2)c1,1
Nc1nc2[nH]c(SCc3cccc([N+](=O)[O-])c3)nc2c(=O)[nH]1,0
Nc1nc2[nH]c(SCc3cccc(OC(F)(F)F)c3)nc2c(=O)[nH]1,0
COc1cccc(CSc2nc3c(=O)[nH]c(N)nc3[nH]2)c1,1
Cc1cccc(CSc2nc3c(=O)[nH]c(N)nc3[nH]2)c1,1
Nc1nc2[nH]c(SCc3cccc(Br)c3)nc2c(=O)[nH]1,0
Nc1nc2[nH]c(SCc3cccc(Cl)c3)nc2c(=O)[nH]1,1
Nc1nc2[nH]c(SCc3cccc(F)c3)nc2c(=O)[nH]1,1
N#Cc1ccccc1CSc1nc2c(=O)[nH]c(N)nc2[nH]1,1
Nc1nc2[nH]c(SCc3ccccc3[N+](=O)[O-])nc2c(=O)[nH]1,1
Cc1ccccc1CSc1nc2c(=O)[nH]c(N)nc2[nH]1,1
Nc1nc2[nH]c(SCc3ccccc3Br)nc2c(=O)[nH]1,0
Nc1nc2[nH]c(SCc3ccccc3Cl)nc2c(=O)[nH]1,0
Nc1nc2[nH]c(SCC(=O)c3ccc(Br)cc3)nc2c(=O)[nH]1,1
CCN(C)C(=O)C(C)Sc1nc2c(=O)[nH]c(N)nc2[nH]1,0
CCN(CC)C(=O)CSc1nc2c(=O)[nH]c(N)nc2[nH]1,0
CN(C)C(=O)CSc1nc2c(=O)[nH]c(N)nc2[nH]1,0
CC(C)CNC(=O)CSc1nc2c(=O)[nH]c(N)nc2[nH]1,0
CNC(=O)CSc1nc2c(=O)[nH]c(N)nc2[nH]1,0
Nc1nc2[nH]c(SCCN3CCCC3=O)nc2c(=O)[nH]1,0
Nc1nc2[nH]c(SCCC3OCCCO3)nc2c(=O)[nH]1,0
COCCSc1nc2c(=O)[nH]c(N)nc2[nH]1,0
Nc1nc2[nH]c(SCC(O)C(F)(F)F)nc2c(=O)[nH]1,0
Nc1nc2[nH]c(SCC(O)CO)nc2c(=O)[nH]1,0
Nc1nc2[nH]c(SCCCO)nc2c(=O)[nH]1,0
Nc1nc2[nH]c(SCCO)nc2c(=O)[nH]1,0
CN(Cc1cnc2nc(N)nc(N)c2n1)c1ccc(C(=O)N[C@@H](CCC(=O)O)C(=O)O)cc1,1
CC(C)C[C@@H]1NC(=O)[C@H](CCC(N)=O)NC(=O)[C@@H]2CCCN2C(=O)[C@@H](NC(=O)[C@H](C)N)CSCc2cc3cc(c2)CSC[C@H](NC(=O)[C@@H]2CCCN2C(=O)[C@@H]2CCCN2C1=O)C(=O)N[C@@H](CCCNC(=N)N)NC(=O)[C@H](C(C)C)NC(=O)[C@H](CO)C(=O)N[C@H](C(=O)NCC(N)=O)CSC3,0
CC(C)C[C@@H]1NC(=O)[C@H](CCC(N)=O)NC(=O)[C@@H]2CCCN2C(=O)[C@@H]2CSCc3cc(cc(c3)CSC[C@@H](C(=O)NCC(N)=O)NC(=O)[C@@H]3CCCN3C(=O)[C@@H]3CCCN3C1=O)CSC[C@H](NC(=O)[C@H](C)N)C(=O)N[C@@H]([C@@H](C)O)C(=O)N[C@@H](CCC(N)=O)C(=O)N[C@@H](CCCNC(=N)N)C(=O)N2,0
CC(C)C[C@@H]1NC(=O)[C@H](CCC(N)=O)NC(=O)[C@@H]2CCCN2C(=O)[C@@H]2CSCc3cc(cc(c3)CSC[C@@H](C(=O)NCC(=O)O)NC(=O)[C@@H]3CCCN3C(=O)[C@@H]3CCCN3C1=O)CSC[C@H](NC(=O)[C@H](C)N)C(=O)N[C@@H]([C@@H](C)O)C(=O)N[C@@H](CO)C(=O)N[C@@H](CCCNC(=N)N)C(=O)N2,0
CC(C)C[C@@H]1NC(=O)[C@H](CO)NC(=O)[C@@H]2CSCc3cc(cc(c3)CSC[C@H](NC(=O)[C@H](C)N)C(=O)N3CCC[C@H]3C(=O)N[C@@H](CC(C)C)C(=O)N[C@@H](CC(C)C)C(=O)N3CCC[C@H]3C(=O)N3CCC[C@H]3C(=O)N2)CSC[C@@H](C(=O)NCC(=O)O)NC(=O)[C@H](CC(=O)O)NC1=O,0
CC(C)C[C@@H]1NC(=O)[C@H](CCC(N)=O)NC(=O)[C@H](CCCNC(=N)N)NC(=O)[C@@H](NC(=O)[C@H](C)N)CSCc2cc3cc(c2)CSC[C@H](NC(=O)[C@@H]2CCCN2C(=O)[C@@H]2CCCN2C1=O)C(=O)N[C@@H](CO)C(=O)N[C@@H](Cc1ccccc1)C(=O)N[C@@H](CCC(=O)O)C(=O)N[C@H](C(=O)NCC(N)=O)CSC3,0
CC[C@H](C)[C@@H]1NC(=O)[C@H](CO)NC(=O)[C@@H](NC(=O)[C@H](C)N)CSCc2cc3cc(c2)CSC[C@H](NC(=O)[C@@H]2CCCN2C(=O)[C@@H]2CCCN2C(=O)[C@H](CC(C)C)NC1=O)C(=O)N[C@H](CC(N)=O)C(=O)N1CCC[C@H]1C(=O)N1CCC[C@H]1C(=O)N[C@@H](CCC(N)=O)C(=O)N[C@H](C(=O)NCC(N)=O)CSC3,0
CC(C)C[C@@H]1NC(=O)[C@H]([C@@H](C)O)NC(=O)[C@@H](NC(=O)[C@H](C)N)CSCc2cc3cc(c2)CSC[C@H](NC(=O)[C@@H]2CCCN2C(=O)[C@@H]2CCCN2C(=O)[C@H](CC(C)C)NC1=O)C(=O)N[C@@H]([C@@H](C)O)C(=O)N1CCC[C@H]1C(=O)N[C@@H](CC(=O)O)C(=O)N[C@@H](CCC(N)=O)C(=O)N[C@H](C(=O)NCC(N)=O)CSC3,0
CC(C)C[C@@H]1NC(=O)[C@H](CCC(N)=O)NC(=O)[C@H](CCCNC(=N)N)NC(=O)[C@@H](NC(=O)[C@H](C)N)CSCc2cc3cc(c2)CSC[C@H](NC(=O)[C@@H]2CCCN2C(=O)[C@@H]2CCCN2C1=O)C(=O)N[C@@H](C)C(=O)N[C@@H](CCC(=O)O)C(=O)N[C@@H](Cc1ccc(O)cc1)C(=O)N[C@@H](C(C)C)C(=O)N[C@H](C(=O)NCC(N)=O)CSC3,0
CC[C@H](C)[C@@H]1NC(=O)CNC(=O)[C@H](CCC(N)=O)NC(=O)[C@@H](NC(=O)[C@H](C)N)CSCc2cc3cc(c2)CSC[C@H](NC(=O)[C@@H]2CCCN2C(=O)[C@@H]2CCCN2C(=O)[C@H](CC(C)C)NC1=O)C(=O)NCC(=O)N[C@@H](CCCNC(=N)N)C(=O)NCC(=O)NCC(=O)NCC(=O)N[C@H](C(=O)NCC(N)=O)CSC3,0
CC[C@H](C)[C@@H]1NC(=O)[C@H](CO)NC(=O)[C@H](CO)NC(=O)[C@@H]2CSCc3cc(cc(c3)CSC[C@@H](C(=O)NCC(N)=O)NC(=O)[C@@H]3CCCN3C(=O)[C@@H]3CCCN3C(=O)[C@H](CC(C)C)NC1=O)CSC[C@H](NC(=O)[C@H](C)N)C(=O)N[C@@H](CCSC)C(=O)N[C@@H](Cc1ccc(O)cc1)C(=O)N[C@@H](CCC(N)=O)C(=O)N[C@@H](C)C(=O)N[C@@H](C)C(=O)N[C@@H](CC(C)C)C(=O)N2,0
CC(C)C[C@@H]1NC(=O)[C@H](CCC(N)=O)NC(=O)[C@@H]2CCCN2C(=O)[C@@H](NC(=O)[C@H](C)N)CSCc2cc3cc(c2)CSC[C@H](C(=O)NCC(N)=O)NC(=O)[C@H](CO)NC(=O)[C@H](C(C)C)NC(=O)[C@H](CCCNC(=N)N)NC(=O)[C@H](CSC3)NC(=O)[C@@H]2CCCN2C(=O)[C@@H]2CCCN2C1=O,0
CC(C)C[C@@H]1NC(=O)[C@@H]2CCCN2C(=O)[C@@H](NC(=O)[C@H](C)N)CSCc2cc3cc(c2)CSC[C@H](NC(=O)[C@@H]2CCCN2C(=O)[C@@H]2CCCN2C(=O)[C@H](CC(C)C)NC1=O)C(=O)N[C@@H](C)C(=O)N[C@@H](CC(=O)O)C(=O)N[C@@H](CC(=O)O)C(=O)N[C@H](C(=O)NCC(N)=O)CSC3,0
CC[C@H](C)[C@@H]1NC(=O)[C@H](CO)NC(=O)[C@@H](NC(=O)[C@H](C)N)CSCc2cc3cc(c2)CSC[C@H](NC(=O)[C@@H]2CCCN2C(=O)[C@@H]2CCCN2C(=O)[C@H](CC(C)C)NC1=O)C(=O)N[C@@H](CC(N)=O)C(=O)N1CCC[C@H]1C(=O)N1CCC[C@H]1C(=O)N[C@@H](CCC(N)=O)C(=O)N[C@H](C(=O)NCC(N)=O)CSC3,0
CC(C)C[C@@H]1NC(=O)[C@H](CCC(N)=O)NC(=O)[C@H](CCCNC(=N)N)NC(=O)[C@H](NC(=O)[C@H](C)N)CSCc2cc3cc(c2)CSC[C@H](C(=O)NCC(N)=O)NC(=O)[C@H](C(C)C)NC(=O)[C@H](Cc2ccc(O)cc2)NC(=O)[C@H](CCC(=O)O)NC(=O)[C@H](C)NC(=O)[C@H](CSC3)NC(=O)[C@@H]2CCCN2C(=O)[C@@H]2CCCN2C1=O,0
CC[C@H](C)[C@@H]1NC(=O)CNC(=O)[C@H](CCC(N)=O)NC(=O)[C@@H](NC(=O)[C@H](C)N)CSCc2cc3cc(c2)CSC[C@H](NC(=O)[C@@H]2CCCN2C(=O)[C@@H]2CCCN2C(=O)[C@H](CC(C)C)NC1=O)C(=O)NCC(=O)N[C@@H](CCCNC(=N)N)C(=O)NCC(=O)NCC(=O)NCC(=O)NCC(=O)N[C@H](C(=O)NCC(N)=O)CSC3,0
CC(C)C[C@@H]1NC(=O)[C@H](CCC(N)=O)NC(=O)[C@@H]2CCCN2C(=O)[C@@H]2CSCc3cc(cc(c3)CSC[C@@H](C(=O)NCC(=O)O)NC(=O)[C@@H]3CCCN3C(=O)[C@@H]3CCCN3C1=O)CSC[C@H](NC(=O)[C@H](C)N)C(=O)N[C@@H](Cc1c[nH]cn1)C(=O)N[C@@H](CO)C(=O)N[C@@H](CCCNC(=N)N)C(=O)N2,0
O=C(O)CCC(=O)Nc1ccc2nc(NC(=O)c3cc(Cl)c(Cl)[nH]3)sc2c1,0
O=C(O)CC(=O)Nc1ccc2nc(NC(=O)c3cc(Cl)c(Cl)[nH]3)sc2c1,0
O=C(O)C(=O)Nc1ccc2nc(NC(=O)c3cc(Cl)c(Cl)[nH]3)sc2c1,1
O=C(O)CC(=O)Nc1ccc2nc(NC(=O)c3cc(Br)c(Br)[nH]3)sc2c1,0
O=Cc1c(O)cc(O)c(C(=O)CCc2ccccc2)c1O,0
Nc1ncc(/C=C/CNC(=O)c2cc(Br)c(Br)[nH]2)[nH]1,0
Nc1ncc([C@@H]2[C@@H](CNC(=O)c3cc(Br)c[nH]3)[C@H](CNC(=O)c3cc(Br)c[nH]3)[C@H]2c2cnc(N)[nH]2)[nH]1,0
Nc1ncc([C@@H]2[C@@H](CNC(=O)c3cc(Br)c(Br)[nH]3)[C@H](CNC(=O)c3cc(Br)c(Br)[nH]3)[C@H]2c2cnc(N)[nH]2)[nH]1,0
Nc1nc([C@@H]2c3[nH]c(N)nc3C[C@H](CNC(=O)c3cc(Br)c[nH]3)[C@H]2CNC(=O)c2cc(Br)c(Br)[nH]2)c[nH]1,0
Cc1cc(C(=O)Nc2ccccc2)n(-c2ccccc2)n1,0
CCOC(=O)c1cnn(-c2ccccc2)c1N,0
CCOC(=O)c1cnn(-c2ccccn2)c1N,0
CC(=O)/C(=C\NNc1cc(Cl)ccc1Cl)C(=O)Nc1ccccc1,0
CCOC(=O)c1cnn(-c2ccc(S(N)(=O)=O)cc2)c1N,0
Cc1c(C(=O)Nc2ccccc2)cnn1-c1ccc(C(F)(F)F)cc1,0
Cc1c(C(=O)Nc2ccccc2)cnn1-c1cc(F)ccc1F,0
Cc1c(C(=O)Nc2ccccc2)cnn1-c1cccc([N+](=O)[O-])c1,0
Cc1c(C(=O)Nc2ccccc2)cnn1-c1ccc([N+](=O)[O-])cc1,0
Cc1c(C(=O)Nc2ccccc2)cnn1-c1cc(Cl)ccc1Cl,0
Cc1c(C(=O)Nc2ccccc2)cnn1-c1ccc(Cl)cc1,0
CCOC(=O)c1cn[nH]c1N,0
CCOC(=O)c1c(C)n[nH]c1N,0
Cc1c(C(=O)Nc2ccccc2)cnn1-c1ccccc1,0
CCOC(=O)/C(=N/Nc1cccc(C)c1)C(=O)c1cc(C)nn1CC,0
CCOC(=O)/C(=N/Nc1ccccc1F)C(=O)c1cc(C)nn1CC,1
CCn1nc(C)cc1C(=O)/C(=N\Nc1cccc(Cl)c1)C(=O)O,0
CCOC(=O)c1c(C)n(Cc2ccccc2)c2ccc(OCCCNCc3ccc(Oc4nnnn4-c4ccccc4)c(OC)c3)cc12,0
CCOC(=O)c1c(C)n(Cc2ccccc2)c2ccc(OCCCCNCc3ccc(Oc4nnnn4-c4ccccc4)c(OC)c3)cc12,0
CCOC(=O)c1c(C)n(Cc2ccccc2)c2ccc(OCCCNCc3ccc(F)c(OC)c3)cc12,0
CCOC(=O)c1c(C)n(Cc2ccccc2)c2ccc(OCC(O)CNCc3ccc(Oc4nnnn4-c4ccccc4)c(OC)c3)cc12,0
CCc1cc(OC(=O)OC)c(Oc2ccc(C(=O)N3CCNC(=O)C3)cc2F)cc1F,0
O=C1CCc2cc(/C=C/C(=O)N3CCCC3)cnc2N1,0
CS(=O)(=O)OC1CN(C(c2ccccc2)c2ccccc2)C1,0
O=C1CCc2cc(/C=C/C(=O)N3CCCC3c3ccccc3)cnc2N1,0
CC(C)(C)OC(=O)N1CCCC(COc2ccc(F)cc2)C1,0
O=C1CCc2cc(/C=C/C(=O)N3CCC(Oc4ccccc4)C3)cnc2N1,1
Cc1nc(C2CC(C(=O)/C=C/c3cnc4c(c3)CCC(=O)N4)C2)no1,1
O=C1CCc2cc(/C=C/C(=O)N3CC(OCc4cccs4)C3)cnc2N1,1
O=C1CCc2cc(/C=C/C(=O)N3CCC(O)(c4ccccc4)CC3)cnc2N1,1
O=C1CCc2cc(/C=C/C(=O)N3CCC(Oc4cccnc4)C3)cnc2N1,1
O=C(/C=C/c1cnc2c(c1)CCC(O)=N2)N1CCCC[C@H]1c1nc2ccccc2o1,0
O=C1CCc2cc(/C=C/C(=O)N3CC(OCc4nccs4)C3)cnc2N1,1
Nc1ccc(/C=C/C(=O)N2CC(OCc3ccncc3)C2)cn1,0
CC(=O)Nc1ccc(/C=C/C(=O)N2CC(OCc3ccncc3)C2)cn1,1
COC(=O)C1Cc2cc(/C=C/C(=O)N3CCC(COc4ccc(F)cc4)CC3)cnc2NC1=O,1
NC(=O)C1Cc2cc(/C=C/C(=O)N3CCC(COc4ccc(F)cc4)CC3)cnc2NC1=O,1
COC(=O)c1cc2cc(/C=C/C(=O)N3CCC(COc4ccc(F)cc4)CC3)cnc2[nH]c1=O,1
O=C1Nc2ncc(/C=C/C(=O)N3CCC(COc4ccc(F)cc4)CC3)cc2CC1CO,1
O=C1CCc2cc(/C=C/C(=O)N3CC(Oc4ccccc4)C3)cnc2N1,0
O=C1CCc2cc(/C=C/C(=O)N3CCCC(COc4ccc(F)cc4)C3)cnc2N1,0
Cc1nc(C2CN(C(=O)/C=C/c3cnc4c(c3)CCC(=O)N4)C2)no1,1
O=C1CCc2cc(/C=C/C(=O)N3CCCC[C@@H]3c3nc4ccccc4o3)cnc2N1,0
Oc1cc(O)cc(C/C(Cl)=C\Cc2cc(O)c(Cl)cc2O)c1,0
CC1(C(=O)NC2CCCCC2)CCC(=O)N1/N=C/c1ccc([N+](=O)[O-])o1,0
CC1(C(=O)NCc2ccccc2)CCC(=O)N1/N=C/c1ccc([N+](=O)[O-])o1,0
CC(C)(C)NC(=O)C1(C)CCCC(=O)N1/N=C/c1ccc([N+](=O)[O-])o1,0
CC1(C(=O)NC2CCCCC2)CSCC(=O)N1/N=C/c1ccc([N+](=O)[O-])o1,0
CC1(C(=O)NCc2ccccc2)CSCC(=O)N1/N=C/c1ccc([N+](=O)[O-])o1,0
CC(C)(C)NC(=O)C1(C)COCC(=O)N1/N=C/c1ccc([N+](=O)[O-])o1,0
CC1(C(=O)NC2CCCCC2)CN(S(=O)(=O)c2ccccc2[N+](=O)[O-])CC(=O)N1/N=C/c1ccc([N+](=O)[O-])o1,0
CC1(C(=O)NC2CCCCC2)CN(S(C)(=O)=O)CC(=O)N1/N=C/c1ccc([N+](=O)[O-])o1,0
Cc1[nH]c(C(=O)Nc2ccc(Nc3nc(C(=O)O)no3)cc2)c(Cl)c1Cl,0
O=C(Cn1nc(C(F)(F)F)c2c(-c3ccccc3)c3ccccc3nc21)NCCN1CCNCC1,0
CC[C@H](C)[C@H](NC(=O)[C@H](CCCCN)NC(=O)[C@H](CC(C)C)NC(=O)[C@H](C)NC(=O)[C@H](CCCCN)NC(=O)[C@H](CC(C)C)NC(=O)[C@H](C)NC(=O)CNC(=O)[C@H](CCCCN)NC(=O)[C@H](C)NC(=O)[C@@H](NC(=O)[C@@H](N)CCCCN)[C@@H](C)CC)C(=O)N[C@@H](C)C(=O)N[C@@H](CCCCN)C(=O)N[C@H](C(=O)N[C@@H](C)C(=O)N[C@@H](CC(C)C)C(=O)N[C@@H](CCCCN)C(=O)N[C@@H](C)C(=O)N[C@@H](CC(C)C)C(N)=O)C(C)C,1
CC[C@H](C)[C@H](NC(=O)[C@H](CCCCN)NC(=O)[C@H](CC(C)C)NC(=O)[C@H](C)NC(=O)[C@H](CCCCN)NC(=O)[C@H](CC(C)C)NC(=O)[C@H](C)NC(=O)CNC(=O)[C@H](CCCCN)NC(=O)[C@H](C)NC(=O)[C@@H](NC(=O)[C@@H](N)CCCCN)[C@@H](C)CC)C(=O)N[C@@H](C)C(=O)N[C@@H](CCCCN)C(=O)NCC(=O)N[C@@H](C)C(=O)N[C@@H](CC(C)C)C(=O)N[C@@H](CCCCN)C(=O)N[C@@H](C)C(=O)N[C@@H](CC(C)C)C(N)=O,0
CC[C@H](C)[C@H](NC(=O)[C@@H](N)CCCCN)C(=O)NCC(=O)N[C@@H](CCCCN)C(=O)N[C@@H](C)C(=O)N[C@@H](CC(C)C)C(=O)NCC(=O)N[C@@H](CCCCN)C(=O)N[C@@H](C)C(=O)N[C@@H](CC(C)C)C(=O)N[C@@H](CCCCN)C(=O)N[C@@H](C)C(=O)N[C@@H](CC(C)C)C(=O)NCC(=O)N[C@@H](CCCCN)C(=O)N[C@@H](C)C(=O)N[C@@H](CC(C)C)C(=O)NCC(=O)N[C@@H](CCCCN)C(=O)N[C@@H](C)C(N)=O,0
CC[C@H](C)[C@H](NC(=O)[C@@H](N)CCCCN)C(=O)N[C@@H](C)C(=O)N[C@@H](CC(C)C)C(=O)N[C@@H](CCCCN)C(=O)N[C@@H](C)C(=O)N[C@@H](CC(C)C)C(=O)N[C@@H](CCCCN)C(=O)N[C@@H](C)C(=O)N[C@@H](CC(C)C)C(=O)N[C@@H](CCCCN)C(=O)N[C@@H](C)C(=O)N[C@@H](CC(C)C)C(=O)NCC(=O)N[C@@H](CCCCN)C(=O)N[C@@H](C)C(=O)N[C@@H](CC(C)C)C(=O)N[C@@H](CCCCN)C(=O)N[C@@H](C)C(=O)N[C@@H](CC(C)C)C(N)=O,1
COc1cc(O)c2c(C)c(-c3ccccc3)c(=O)[nH]c2c1,0
C[C@@H]1O[C@@H](OC2C(=O)c3c(O)cc(O)cc3OC2c2ccc(O)cc2)[C@H](OC(=O)/C=C/c2ccc(O)cc2)[C@H](O)[C@H]1OC(=O)/C=C/c1ccc(O)cc1,0
C/C(=C\c1cccc2ccccc12)Cn1cc(CCCCCc2c[nH]c(N)n2)nn1,0
CCCCCc1ccc(C(=O)NCCn2cc(CCCCCc3c[nH]c(NCc4ccc(CCCC)cc4)n3)nn2)cc1,0
Cc1nc(Nc2ncc(C(=O)Nc3c(C)cccc3Cl)s2)cc(N2CCN(CCO)CC2)n1.O,0
COC(=O)C1=C(C)NC(C)=C(C(=O)OCCN(C)Cc2ccccc2)C1c1cccc([N+](=O)[O-])c1,0
COc1cc2ncnc(Nc3ccc(F)c(Cl)c3)c2cc1OCCCN1CCOCC1,0
CCNC(=O)Nc1cc2c(-c3ccnc(C)c3)ccc(COC(=O)N[C@@H]3CCNC[C@H]3F)c2cn1,1
CCNC(=O)Nc1cc2c(-c3ccnc(C)c3)ccc(COC(=O)N[C@@H]3CCNC[C@@H]3F)c2cn1,1
CCNC(=O)Nc1cc2c(-c3ccnc(C)c3)ccc(COC(=O)NC3CCNCC3)c2cn1,1
CCNC(=O)Nc1cc2c(-c3ccnc(C)c3)ccc(COC(=O)N3CCN(CC4CC4)CC3)c2cn1.Cl,1
CCNC(=O)Nc1cc2c(-c3ccnc(C)c3)ccc(COC(=O)N3CCN(C)CC3)c2cn1,1
CCNC(=O)Nc1cc2c(-c3ccnc(C)c3)ccc(COC(=O)N3CCNCC3)c2cn1,1
CCNC(=O)Nc1cc2c(-c3ccnc(C)c3)ccc(CNC(=O)CCOC)c2cn1,1
CCNC(=O)Nc1cc2c(-c3ccnc(C)c3)ccc(CNC(C)=O)c2cn1,1
CCNC(=O)Nc1cc2c(-c3ccnc(C)c3)ccc(CNC(=O)OCCO)c2cn1,1
CCNC(=O)Nc1cc2c(-c3ccncc3)ccc(CNC(=O)OCCNC)c2cn1,1
CCNC(=O)Nc1cc2c(-c3ccncc3)ccc(CNC(=O)OCCNCC(C)(C)C)c2cn1,1
CCNC(=O)Nc1cc2c(-c3ccnc(C)c3)ccc(CNC(=O)OC3CCNCC3(F)F)c2cn1,1
CCNC(=O)Nc1cc2c(-c3ccnc(C)c3)ccc(CNC(=O)OCCOC)c2cn1,1
C#CCOC(=O)NCc1ccc(-c2ccnc(C)c2)c2cc(NC(=O)NCC)ncc12,1
CCNC(=O)Nc1cc2c(-c3ccnc(C)c3)ccc(CNC(=O)OC)c2cn1,1
CCNC(=O)Nc1cc2c(-c3ccnc(C)c3)ccc(Cn3ccnn3)c2cn1,1
CCNC(=O)Nc1cc2c(-c3ccnc(C)c3)ccc(Cc3cccc(C(=O)O)c3)c2cn1,1
CCNC(=O)Nc1cc2c(-c3ccnc(C)c3)ccc(Cc3cccnc3)c2cn1.Cl,1
CCNC(=O)Nc1cc2c(-c3ccncc3)ccc(Oc3cccnc3)c2cn1,1
CCNC(=O)Nc1cc2c(-c3ccnc(C)c3)ccc(Nc3cccc(C(=O)O)c3)c2cn1,1
CCNC(=O)Nc1cc2c(-c3ccnc(C)c3)ccc(Nc3ccc(C)nc3)c2cn1,1
CCNC(=O)Nc1cc2c(-c3ccncc3)ccc(Nc3cccnc3)c2cn1,1
CCNC(=O)Nc1cc2c(-c3ccncc3)ccc(-c3cccnc3)c2cn1,1
CCNC(=O)Nc1cc2c(-c3cnn(C)c3)ccc(C)c2cn1.Cl,1
CCNC(=O)Nc1cc2c(-c3ccncn3)ccc(C)c2cn1,1
CCNC(=O)Nc1cc2c(-c3ccnc(C)c3)ccc(C)c2cn1,1
CCNC(=O)Nc1cc2c(-c3cncnc3)ccc(C)c2cn1,1
CCNC(=O)Nc1cc2c(-c3ccncc3)ccc(C)c2cn1,1
CCNC(=O)Nc1cc2c(-c3cccnc3)ccc(C)c2cn1,1
CCNC(=O)Nc1cc2c(-c3cccnc3)cccc2cn1,0
Cl.[O-][n+]1ccc2c([nH]c3ccccc32)c1C1=C[C@@]2(O)CC/C=C\CCCCN3CC[C@@H]1[C@]1(CC/C=C\CCCCN[C@H]12)C3,0
O=C1C[C@H]2O[C@H](CCc3ccccc3)C3=C(C(=O)C=CC3=O)[C@H]2O1,0
O=C1C[C@H]2O[C@@H](CCc3ccccc3)C3=C(C(=O)C=CC3=O)[C@H]2O1,0
COc1cc2c(c(O)c1C(C)=O)C(=O)CC(C)(C)O2,1
COc1cc(O)c2c(c1C(C)=O)OC(C)(C)C=C2,1
COc1cc(OS(=O)(=O)C(F)(F)F)c2c(c1C(C)=O)OC(C)(C)C=C2,1
COc1c(Br)c(OC)c(C(C)=O)c2c1C=CC(C)(C)O2,1
CO[C@@H]1[C@@H](OC(=O)c2ccc(C)[nH]2)[C@@H](O)[C@H](Oc2ccc3c(O)c(NC(=O)c4ccc(O)c(CC=C(C)C)c4)c(=O)oc3c2Cl)OC1(C)C,1
COc1ccc(-c2oc3c(C)c(OC)c(C)c(OC)c3c(=O)c2O)cc1O,0
O=C(/C=C/C=C/c1ccc2c(c1)OCO2)N1CCCCC1,0
CN(C/C=C/C=C/c1ccc(C(F)(F)F)cc1F)Cc1ccc2c(c1)OCO2.Cl,1
CN(C/C=C/c1ccc(-c2ccccc2)cc1)Cc1ccc2c(c1)OCO2.Cl,1
CCCOc1ccc(-c2cc(OCCN(CC)CC)c3c(OC)cccc3n2)cc1,0
CCCOc1ccc(-c2cc(OCCN3CCCCC3)c3c(OC)cccc3n2)cc1,0
CCCOc1ccc(-c2cc(OCCN(CC)CC)c3cc(OC)ccc3n2)cc1,0
CCCOc1ccc(-c2cc(OCCN3CCCCC3)c3cc(OC)ccc3n2)cc1,0
CCCOc1ccc(-c2cc(OCCN3CCCCCC3)c3cc(OC)ccc3n2)cc1,0
CCCOc1ccc(-c2cc(OCCN3CCNCC3)c3cc(OC)ccc3n2)cc1,0
CCCOc1ccc(-c2cc(OCCN(CC)CC)c3ccc(OC)cc3n2)cc1,0
CCCOc1ccc(-c2cc(OCCN3CCCCC3)c3ccc(OC)cc3n2)cc1,0
CCCOc1ccc(-c2cc(OCCN3CCCCCC3)c3ccc(OC)cc3n2)cc1,0
CCCOc1ccc(-c2cc(OCCN3CCc4cc(OC)c(OC)cc4C3)c3ccc(OC)cc3n2)cc1,0
CCCOc1ccc(-c2cc(OCCCN(C)C)c3ccc(OC)cc3n2)cc1,0
CCCOc1ccc(-c2cc(OCCN3CCNCC3)c3ccc(OC)cc3n2)cc1,0
CCCOc1ccc(-c2cc(OCCN(CC)CC)c3cccc(OC)c3n2)cc1,0
CCCOc1ccc(-c2cc(OCCN3CCCCC3)c3cccc(OC)c3n2)cc1,0
CCCOc1ccc(-c2cc(OCCN3CCNCC3)c3cccc(OC)c3n2)cc1,0
CCCOc1ccc(-c2cc(OCCN(CC)CC)c3c(OC)cc(OC)cc3n2)cc1,0
CCCOc1ccc(-c2cc(OCCN3CCc4cc(OC)c(OC)cc4C3)c3c(OC)cc(OC)cc3n2)cc1,0
CCCOc1ccc(-c2cc(OCCN(CC)CC)c3cc(OC)c(OC)cc3n2)cc1,0
CCCOc1ccc(-c2cc(OCCN3CCCCC3)c3cc(OC)c(OC)cc3n2)cc1,0
CCCOc1ccc(-c2cc(OCCN3CCc4cc(OC)c(OC)cc4C3)c3cc(OC)c(OC)cc3n2)cc1,0
CCCOc1ccc(-c2cc(OCCN(CC)CC)c3cc(OC)cc(OC)c3n2)cc1,0
CCCOc1ccc(-c2cc(OCCN3CCCCC3)c3cc(OC)cc(OC)c3n2)cc1,0
CCCOc1ccc(-c2cc(OCCN3CCCCCC3)c3cc(OC)cc(OC)c3n2)cc1,0
CCCOc1ccc(-c2cc(OCCN3CCc4cc(OC)c(OC)cc4C3)c3cc(OC)cc(OC)c3n2)cc1,0
CCCOc1ccc(-c2cc(O)c3c(OC)cccc3n2)cc1,0
CC(=O)N[C@@H](Cc1ccccc1)C(=O)NCC(=O)N[C@@H](CCCNC(=N)N)C(=O)N[C@@H](CCCCN)C(=O)N[C@@H](CCCCN)C(=O)N[C@H]1C[C@@H](C(=O)N[C@@H](CCCNC(=N)N)C(=O)N[C@@H](CCC(N)=O)C(=O)N[C@@H](CCCNC(=N)N)C(=O)N[C@@H](CCCNC(=N)N)C(=O)N[C@@H](CCCNC(=N)N)C(=O)NCCC(N)=O)N(CCCNC(=N)N)C1,1
CC(=O)N[C@@H](Cc1ccccc1)C(=O)NCC(=O)N[C@@H](CCCNC(=N)N)C(=O)N[C@@H](CCCCN)C(=O)N[C@@H](CCCCN)C(=O)N[C@@H](CCCNC(=N)N)C(=O)N[C@@H](CCCNC(=N)N)C(=O)N[C@@H](CCC(N)=O)C(=O)N[C@@H](CCCNC(=N)N)C(=O)N[C@@H](CCCNC(=N)N)C(=O)N[C@H]1C[C@@H](C(=O)NCCC(N)=O)N(CCCNC(=N)N)C1,1
CC(=O)N[C@@H](Cc1ccccc1)C(=O)NCC(=O)N[C@H]1C[C@@H](C(=O)N[C@@H](CCCCN)C(=O)N[C@@H](CCCCN)C(=O)N[C@@H](CCCNC(=N)N)C(=O)N[C@H]2C[C@@H](C(=O)N[C@@H](CCC(N)=O)C(=O)N[C@H]3C[C@@H](C(=O)N[C@@H](CCCNC(=N)N)C(=O)N[C@H]4C[C@@H](C(=O)NCCC(N)=O)N(CCCNC(=N)N)C4)N(CCCNC(=N)N)C3)N(CCCNC(=N)N)C2)N(CCCNC(=N)N)C1,1
CC(=O)N[C@@H](Cc1ccccc1)C(=O)NCC(=O)N[C@H]1C[C@@H](C(=O)N[C@@H](CCCCN)C(=O)N[C@@H](CCCCN)C(=O)N[C@@H](CCCNC(=N)N)C(=O)N[C@H]2C[C@@H](C(=O)N[C@@H](CCC(N)=O)C(=O)N[C@H]3C[C@@H](C(=O)N[C@@H](CCCNC(=N)N)C(=O)N[C@H]4C[C@@H](C(=O)NCCN)N(CCCN)C4)N(CCCN)C3)N(CCCN)C2)N(CCCN)C1,1
CC(=O)N[C@@H](Cc1ccccc1)C(=O)NCC(=O)N[C@@H](CCCNC(=N)N)C(=O)N[C@@H](CCCCN)C(=O)N[C@@H](CCCCN)C(=O)N1C[C@@H](NC(=N)N)C[C@H]1C(=O)N[C@@H](CCCNC(=N)N)C(=O)N[C@@H](CCC(N)=O)C(=O)N[C@@H](CCCNC(=N)N)C(=O)N[C@@H](CCCNC(=N)N)C(=O)N[C@@H](CCCNC(=N)N)C(=O)NCCC(N)=O,1
CC(=O)N[C@@H](Cc1ccccc1)C(=O)NCC(=O)N[C@@H](CCCNC(=N)N)C(=O)N[C@@H](CCCCN)C(=O)N[C@@H](CCCCN)C(=O)N[C@@H](CCCNC(=N)N)C(=O)N[C@@H](CCCNC(=N)N)C(=O)N[C@@H](CCC(N)=O)C(=O)N[C@@H](CCCNC(=N)N)C(=O)N[C@@H](CCCNC(=N)N)C(=O)N1C[C@@H](NC(=N)N)C[C@H]1C(=O)NCCC(N)=O,1
CC(=O)N[C@@H](Cc1ccccc1)C(=O)NCC(=O)N1C[C@@H](NC(=N)N)C[C@H]1C(=O)N[C@@H](CCCCN)C(=O)N[C@@H](CCCCN)C(=O)N[C@@H](CCCNC(=N)N)C(=O)N1C[C@@H](NC(=N)N)C[C@H]1C(=O)N[C@@H](CCC(N)=O)C(=O)N[C@@H](CCCNC(=N)N)C(=O)N[C@@H](CCCNC(=N)N)C(=O)N1C[C@@H](NC(=N)N)C[C@H]1C(=O)NCCC(N)=O,1
CC(=O)N[C@@H](Cc1ccccc1)C(=O)NCC(=O)N1C[C@@H](NC(=N)N)C[C@H]1C(=O)N[C@@H](CCCCN)C(=O)N[C@@H](CCCCN)C(=O)N[C@@H](CCCNC(=N)N)C(=O)N1C[C@@H](NC(=N)N)C[C@H]1C(=O)N[C@@H](CCC(N)=O)C(=O)N1C[C@@H](NC(=N)N)C[C@H]1C(=O)N[C@@H](CCCNC(=N)N)C(=O)N1C[C@@H](NC(=N)N)C[C@H]1C(=O)NCCC(N)=O,1
CC(=O)N[C@@H](Cc1ccccc1)C(=O)NCC(=O)N[C@@H](CCCNC(=N)N)C(=O)N[C@@H](CCCCN)C(=O)N[C@@H](CCCCN)C(=O)N[C@@H](CCCNC(=N)N)C(=O)N[C@@H](CCCNC(=N)N)C(=O)N[C@@H](CCC(N)=O)C(=O)N[C@@H](CCCNC(=N)N)C(=O)N[C@@H](CCCNC(=N)N)C(=O)N[C@@H](CCCNC(=N)N)C(N)=O,1
Cc1occc1C(=O)NNC(=S)NC(=O)c1ccccc1,0
CCCOc1ccc(-c2cc(OCCN3CCCCC3)c3cc(OCCCN(C)C)ccc3n2)cc1,0
CCCOc1ccc(-c2cc(OCCN3CCCCC3)c3cc(OCCCN4CCOCC4)ccc3n2)cc1,0
CCCOc1ccc(-c2cc(OCCN3CCCCC3)c3cc(OCCN(CC)CC)ccc3n2)cc1,0
CCCOc1ccc(-c2cc(OCCN(CC)CC)c3cc(OCCCN(C)C)ccc3n2)cc1,0
CCCOc1ccc(-c2cc(OCCN(CC)CC)c3cc(OCCCN4CCOCC4)ccc3n2)cc1,0
CCCOc1ccc(-c2cc(OCCN(CC)CC)c3cc(OCCN(CC)CC)ccc3n2)cc1,0
CCCOc1ccc(-c2cc(OCCN3CCCCC3)c3cc(O)ccc3n2)cc1,0
CCCOc1ccc(-c2cc(OCCN(CC)CC)c3cc(O)ccc3n2)cc1,0
CCCOc1ccc(-c2cc(OCCN(CC)CC)c3cc(OC(=O)c4ccccc4)ccc3n2)cc1,0
O=S(=O)(Nc1ccc2oc(-c3ccc(NS(=O)(=O)c4ccc(Cl)s4)cc3)nc2c1)c1ccc(Cl)c(Cl)c1,1
O=S(=O)(Nc1ccc2oc(-c3ccc(NS(=O)(=O)c4ccc(Cl)s4)cc3)nc2c1)c1cccc(C(F)(F)F)c1,0
O=S(=O)(Nc1ccc2oc(-c3ccc(NS(=O)(=O)c4ccc(Cl)s4)cc3)nc2c1)c1ccc(Cl)c(C(F)(F)F)c1,0
O=[N+]([O-])c1cc(S(=O)(=O)Nc2ccc3oc(-c4ccc(NS(=O)(=O)c5ccc(Cl)s5)cc4)nc3c2)ccc1Cl,1
O=S(=O)(Nc1ccc2oc(-c3ccc(NS(=O)(=O)c4cccc5nonc45)cc3)nc2c1)c1ccc(Cl)s1,0
O=S(=O)(Nc1ccc(-c2nc3cc(NS(=O)(=O)c4ccc(Cl)s4)ccc3o2)cc1)c1ccc(Cl)s1,0
O=S(=O)(Nc1ccc(-c2nc3cc(NS(=O)(=O)c4ccc(Cl)cc4)ccc3o2)cc1)c1ccc(Cl)cc1,0
O=S(=O)(Nc1ccc(-c2nc3cc(NS(=O)(=O)c4cccc(C(F)(F)F)c4)ccc3o2)cc1)c1cccc(C(F)(F)F)c1,0
O=[N+]([O-])c1ccc(S(=O)(=O)Nc2ccc(-c3nc4cc(NS(=O)(=O)c5ccc([N+](=O)[O-])cc5)ccc4o3)cc2)cc1,0
CC(=O)Nc1ccc(/C=C/C(=O)N2CCC(c3ccccn3)C2)cn1,0
CC(=O)Nc1ccc(/C=C/C(=O)N2CCC(c3nccs3)C2)cn1,0
CC(=O)Nc1ccc(/C=C/C(=O)N2CCC(c3ccc4c(c3)OCO4)C2)cn1,0
COc1ccc(C2CCN(C(=O)/C=C/c3ccc(NC(C)=O)nc3)C2)cc1,0
COc1ccccc1C1CCN(C(=O)/C=C/c2ccc(NC(C)=O)nc2)C1,0
CC(=O)Nc1ccc(/C=C/C(=O)N2CCC(c3ccccc3)C2)cn1,0
O=C(Cc1c(F)cccc1Cl)N1CCC(c2ccc3c(c2)OCO3)C1,0
O=C(Cc1cccc(F)c1F)N1CCC(c2ccc3c(c2)OCO3)C1,0
O=C(Cc1c(F)cccc1F)N1CCC(c2ccc3c(c2)OCO3)C1,0
O=C(Cc1ccccc1F)N1CCC(c2ccc3c(c2)OCO3)C1,0
O=C(Cc1ccccc1Cl)N1CCC(c2ccc3c(c2)OCO3)C1,0
O=C(Cc1ccccc1Cl)N1CCC(c2nccs2)C1,0
O=C(Cc1ccccc1Cl)N1CCC(c2ccccn2)C1,0
COc1ccc(C2CCN(C(=O)Cc3ccccc3Cl)C2)cc1,0
COc1ccccc1C1CCN(C(=O)Cc2ccccc2Cl)C1,1
COc1ccccc1C1CCN(C(=O)Cc2c(F)cccc2F)C1,0
O=C(Cc1c(F)cccc1F)N1CCC(c2ccccc2)C1,0
COc1ccccc1C1CCN(C(=O)Cc2cccc(F)c2F)C1,0
O=C(Cc1cccc(F)c1F)N1CCC(c2ccccc2)C1,0
COc1ccccc1C1CCN(C(=O)Cc2ccccc2F)C1,0
O=C(Cc1ccccc1F)N1CCC(c2ccccc2)C1,0
O=C(Cc1ccccc1Cl)N1CCC(c2ccccc2)C1,0
Cc1ccoc1C(=O)NC(=S)NNC(=O)COc1ccc(C(C)C)cc1,0
Cc1ccc(C(=O)NC(=S)NNC(=O)COc2ccc(C(C)C)cc2)o1,0
CC(C)c1ccc(OCC(=O)NNC(=S)NC(=O)c2ccc(Br)o2)cc1,0
CC(C)c1ccc(OCC(=O)NNC(=S)NC(=O)c2ccc(-c3ccccc3)o2)cc1,0
CC(C)c1ccc(OCC(=O)NNC(=S)NC(=O)Cc2ccco2)cc1,0
CC(C)c1ccc(OCC(=O)NNC(=S)NC(=O)/C=C/c2ccco2)cc1,0
CC(C)c1ccc(OCC(=O)NNC(=S)NC(=O)c2cc3ccccc3o2)cc1,0
CC(C)c1ccc(OCC(=O)NNC(=S)NC(=O)c2cc3ccccc3s2)cc1,0
CC(C)c1ccc(OCC(=O)NNC(=S)NC(=O)c2cc3ccccc3[nH]2)cc1,0
CC(C)c1ccc(OCC(=O)NNC(=S)NC(=O)c2c[nH]c3ccccc23)cc1,0
COc1ccc2[nH]c(C(=O)NC(=S)NNC(=O)COc3ccc(C(C)C)cc3)cc2c1,0
COc1ccc2cc(C(=O)NC(=S)NNC(=O)COc3ccc(C(C)C)cc3)[nH]c2c1,0
CC(C)c1ccc(OCC(=O)NNC(=S)NC(=O)/C=C/c2cc3ccccc3o2)cc1,0
CCCCCCc1nc(N)n(CC(=O)Nc2ccccc2)c1-c1ccccc1Br,0
CCCCCCCc1nc(N)n(CC(=O)Nc2ccccc2)c1-c1ccccc1Br,0
COc1ccc(Cc2nc(N)n(CC(=O)Nc3ccccc3)c2-c2ccccc2Br)cc1,0
CC(C)(C)c1ccc(Cc2nc(N)n(CC(=O)Nc3ccccc3)c2-c2ccccc2Br)cc1,0
CCCCCc1nc(N)n(CC(=O)Nc2ccc(C)cc2)c1-c1ccccc1Br,0
CCCCCCc1nc(N)n(CC(=O)Nc2ccc(C)cc2)c1-c1ccccc1Br,0
CCCCCCCc1nc(N)n(CC(=O)Nc2ccc(C)cc2)c1-c1ccccc1Br,0
Cc1ccc(NC(=O)Cn2c(N)nc(CC3CC3)c2-c2ccccc2Br)cc1,0
Cc1ccc(NC(=O)Cn2c(N)nc(Cc3ccccc3)c2-c2ccccc2Br)cc1,0
Cc1ccc(Cc2nc(N)n(CC(=O)Nc3ccc(C)cc3)c2-c2ccccc2Br)cc1,0
COc1ccc(Cc2nc(N)n(CC(=O)Nc3ccc(C)cc3)c2-c2ccccc2Br)cc1,0
Cc1ccc(NC(=O)Cn2c(N)nc(Cc3ccc(C(C)(C)C)cc3)c2-c2ccccc2Br)cc1,0
COc1ccc(NC(=O)Cn2c(N)nc(Cc3ccc(C(C)(C)C)cc3)c2-c2ccccc2Br)cc1,0
Nc1nc(Cc2ccccc2)c(-c2ccccc2Br)n1CC(=O)NCc1ccccc1,0
CCCn1cc(-c2ccnc(N)n2)c2cc(Br)ccc21.Cl,0
CCn1cc(-c2ccnc(N)n2)c2cc(Br)ccc21.Cl,0
CCn1cc(-c2ccnc(N)n2)c2ccc(Br)cc21.Cl,0
Cl.Cn1cc(-c2ccnc(N)n2)c2ccc(Br)cc21,0
CCCCn1cc(-c2ccnc(N)n2)c2cc(Br)ccc21.Cl,0
CCCn1cc(-c2ccnc(N)n2)c2ccc(Br)cc21.Cl,0
Cl.Nc1nccc(-c2c[nH]c3ccc(I)cc23)n1,0
Cl.Nc1nccc(-c2c[nH]c3cc(I)ccc23)n1,0
CNc1nccc(-c2c[nH]c3ccc(Br)cc23)n1.Cl,0
CCNc1nccc(-c2c[nH]c3ccc(Br)cc23)n1.Cl,0
CN(C)c1nccc(-c2c[nH]c3ccc(Br)cc23)n1.Cl,0
Cl.Nc1nccc(-c2c[nH]c3ccc(Br)cc23)n1,0
Cl.Nc1nccc(-c2c[nH]c3cc(Br)ccc23)n1,0
Cl.Nc1nccc(-c2c[nH]c3c(Br)cccc23)n1,0
Nc1ncc(-c2ccccc2)n1CCCCCCCCn1c(-c2ccccc2)cnc1N,0
Nc1ncc(-c2ccccc2)n1CCCCCCn1c(-c2ccccc2)cnc1N,0
Nc1ncc(-c2ccccc2)n1CCCCCn1c(-c2ccccc2)cnc1N,0
Nc1ncc(-c2ccccc2)n1CCCn1c(-c2ccccc2)cnc1N,1
Nc1ncc(-c2ccc(F)cc2)n1CCCCCCCCn1c(-c2ccc(F)cc2)cnc1N,0
Nc1ncc(-c2ccc(F)cc2)n1CCCCCCn1c(-c2ccc(F)cc2)cnc1N,0
Nc1ncc(-c2ccc(F)cc2)n1CCCCCn1c(-c2ccc(F)cc2)cnc1N,0
Nc1ncc(-c2ccc(F)cc2)n1CCCCn1c(-c2ccc(F)cc2)cnc1N,0
Nc1ncc(-c2ccc(Cl)cc2)n1CCCCCCCCn1c(-c2ccc(Cl)cc2)cnc1N,0
Nc1ncc(-c2ccc(Cl)cc2)n1CCCCCCn1c(-c2ccc(Cl)cc2)cnc1N,0
Nc1ncc(-c2ccc(Cl)cc2)n1CCCCCn1c(-c2ccc(Cl)cc2)cnc1N,0
Nc1ncc(-c2ccc(Cl)cc2)n1CCCn1c(-c2ccc(Cl)cc2)cnc1N,0
Nc1ncc(-c2ccc(Br)cc2)n1CCCCCCCCn1c(-c2ccc(Br)cc2)cnc1N,0
Nc1ncc(-c2ccc(Br)cc2)n1CCCCCCn1c(-c2ccc(Br)cc2)cnc1N,0
Nc1ncc(-c2ccc(Br)cc2)n1CCCCCn1c(-c2ccc(Br)cc2)cnc1N,0
Nc1ncc(-c2ccc(Br)cc2)n1CCCCn1c(-c2ccc(Br)cc2)cnc1N,0
Nc1ncc(-c2ccc(Br)cc2)n1CCCn1c(-c2ccc(Br)cc2)cnc1N,0
c1ccc(-c2cnc(NCCCCCCNc3ncc(-c4ccccc4)[nH]3)[nH]2)cc1,0
c1ccc(-c2cnc(NCCCCNc3ncc(-c4ccccc4)[nH]3)[nH]2)cc1,0
Fc1ccc(-c2cnc(NCCCCCCNc3ncc(-c4ccc(F)cc4)[nH]3)[nH]2)cc1,0
Fc1ccc(-c2cnc(NCCCCNc3ncc(-c4ccc(F)cc4)[nH]3)[nH]2)cc1,0
Fc1ccc(-c2cnc(NCCCNc3ncc(-c4ccc(F)cc4)[nH]3)[nH]2)cc1,0
Clc1ccc(-c2cnc(NCCCCCNc3ncc(-c4ccc(Cl)cc4)[nH]3)[nH]2)cc1,0
Clc1ccc(-c2cnc(NCCCNc3ncc(-c4ccc(Cl)cc4)[nH]3)[nH]2)cc1,0
Brc1ccc(-c2cnc(NCCCCCCCCNc3ncc(-c4ccc(Br)cc4)[nH]3)[nH]2)cc1,0
Brc1ccc(-c2cnc(NCCCCCCNc3ncc(-c4ccc(Br)cc4)[nH]3)[nH]2)cc1,0
Brc1ccc(-c2cnc(NCCCCCNc3ncc(-c4ccc(Br)cc4)[nH]3)[nH]2)cc1,0
Brc1ccc(-c2cnc(NCCCNc3ncc(-c4ccc(Br)cc4)[nH]3)[nH]2)cc1,0
CCOC(=O)c1c(N2CCN(c3ccccc3F)CC2)c2ccccc2n(C)c1=O,0
CCOC(=O)c1c(N2CCN(c3ccc(F)cc3)CC2)c2ccccc2n(C)c1=O,0
CCOC(=O)c1c(N2CCN(c3ccccc3OC)CC2)c2ccccc2n(C)c1=O,0
CCOC(=O)c1c(N2CCN(C(=O)OC(C)(C)C)CC2)c2ccccc2n(C)c1=O,0
CCOC(=O)c1c(N2CCN(c3ccccc3F)CC2)c2ccccc2n(CC)c1=O,0
CCOC(=O)c1c(N2CCN(c3ccc(F)cc3)CC2)c2ccccc2n(CC)c1=O,0
CCOC(=O)c1c(N2CCN(c3ccccc3OC)CC2)c2ccccc2n(CC)c1=O,0
CCOC(=O)c1c(N2CCN(c3cccc(OC)c3)CC2)c2ccccc2n(CC)c1=O,0
CCOC(=O)c1c(N2CCN(C(=O)OC(C)(C)C)CC2)c2ccccc2n(CC)c1=O,0
COc1ccc2nccc(CC[C@H]3OC[C@H](NCc4ccc5c(c4)OCCO5)CO3)c2c1,1
COc1ccc2nccc(CC[C@H]3OC[C@H](NCc4cc5c(cn4)OCCO5)CO3)c2c1,1
COc1ccc2nccc(CC[C@H]3OC[C@H](NCc4cc5c(cn4)OCCC5)CO3)c2c1,1
COc1ccc2nccc(CC[C@H]3OC[C@H](NCc4ccc5c(n4)NC(=O)CS5)CO3)c2c1,1
COc1ccc2nccc(CC[C@H]3OC[C@H](NCc4ccc5c(n4)NC(=O)CO5)CO3)c2c1,1
COc1ccc2nccc(CC[C@H]3OC[C@H](NCc4ccc5c(c4)NC(=O)CO5)CO3)c2c1,1
CO[C@H]1[C@H](O[C@H]([C@H]2O[C@@H](n3ccc(=O)[nH]c3=O)[C@H](O)[C@@H]2O)[C@H](NCCCNC(=O)[C@@H](NC(=O)[C@@H](NC(=O)N[C@H](C(=O)O)C(C)C)[C@@H]2CCNC(=N)N2)[C@@H](O)C(C)C)C(=O)O)O[C@H](CN)[C@H]1O,1
CO[C@H]1[C@H](O[C@H]([C@H]2O[C@@H](n3ccc(=O)[nH]c3=O)[C@H](O)[C@@H]2O)[C@H](NCCCNC(=O)[C@@H](NC(=O)[C@@H](NC(=O)N[C@H](C(=O)O)C(C)C)[C@@H]2CCNC(=N)N2)[C@@H](O)C(C)C)C(=O)O)O[C@H](CNC(C)=O)[C@H]1O,1
CO[C@H]1[C@H](O[C@H]([C@H]2O[C@@H](n3ccc(=O)[nH]c3=O)[C@H](O)[C@@H]2O)[C@H](NCCCNC(=O)[C@@H](NC(=O)[C@@H](NC(=O)N[C@H](C(=O)O)C(C)C)[C@@H]2CCNC(=N)N2)[C@@H](OC(=O)CCCCCCCCCCC(C)C)C(C)C)C(=O)O)O[C@H](CN)[C@H]1O,1
Cc1cc(C(C#N)c2ccc(Cl)cc2)c(Cl)cc1NC(=O)c1cc(I)cc(I)c1O,1
O=C(Nc1ccc(Oc2ccc(Cl)cc2)c(Cl)c1)c1cc(I)cc(I)c1O,1
Fc1ccc(-c2c(-c3ccncc3)[nH]c3nccnc23)cc1,0
Cc1cc(C)c2c(n1)sc1c(N)ncnc12,0
C[C@@H]1CN2c3c(cc4c(N5CCOC5=O)noc4c3F)CC3(C(=O)NC(=O)NC3=O)[C@H]2[C@H](C)O1,0
C[C@@H]1CN2c3c(cc4c(N5CC6(CCC6)OC5=O)noc4c3F)CC3(C(=O)NC(=O)NC3=O)[C@H]2[C@H](C)O1,0
C[C@@H]1CN2c3c(cc4c(N5C(=O)SC[C@@H]5C)noc4c3F)CC3(C(=O)NC(=O)NC3=O)[C@H]2[C@H](C)O1,0
C[C@@H]1CN2c3c(cc4c(N5C[C@@H](C)SC5=O)noc4c3F)CC3(C(=O)NC(=O)NC3=O)[C@H]2[C@H](C)O1,0
C[C@@H]1CN2c3c(cc4c(N5C[C@H](C)SC5=O)noc4c3F)CC3(C(=O)NC(=O)NC3=O)[C@H]2[C@H](C)O1,0
CC[C@H]1CN(c2noc3c(F)c4c(cc23)CC2(C(=O)NC(=O)NC2=O)[C@H]2[C@H](C)O[C@H](C)CN42)C(=O)S1,0
COC[C@H]1CN(c2noc3c(F)c4c(cc23)CC2(C(=O)NC(=O)NC2=O)[C@H]2[C@H](C)O[C@H](C)CN42)C(=O)S1,0
C/C=C/C=C/C=C/C(=O)N[C@@H](Cc1ccccc1)C(=O)N[C@H]1COC(=O)[C@@H]2C[C@@H](C)CN2C(=O)[C@H](C)NC(=O)[C@H](C)N(C)C(=O)[C@@H]2CCCN2C1=O,0
C[C@@H]1C[C@H]2C(=O)OC[C@H](NC(=O)[C@H](Cc3cc(F)cc(F)c3)NC(=O)CCC3CCCCC3)C(=O)N3CCC[C@H]3C(=O)N3CCCC[C@H]3C(=O)N[C@@H](C)C(=O)N2C1,1
CCCC/C=C/C(=O)N[C@@H](Cc1cc(F)cc(F)c1)C(=O)N[C@H]1COC(=O)[C@@H]2C[C@@H](C)CN2C(=O)[C@H](C)NC(=O)[C@@H]2CCCCN2C(=O)[C@@H]2CCCN2C1=O,1
COC(=O)Oc1c(Br)cc(Br)c2nc3ccccc3nc12,0
O=C(Oc1c(Br)cc(Br)c2nc3ccccc3nc12)c1ccco1,0
CCCCCCCCCCCCCCNC(=O)Cn1cc(C[C@@]23CNC[C@@H]2Nc2ccccc23)nn1,0
CCCCc1ccc(C(=O)NCCn2cc(CCCCc3[nH]c(N)nc3-c3cnc4ccccc4c3)nn2)cc1,0
CCCCc1ccc(C(=O)NCCn2cc(CCCCc3[nH]c(N)nc3-c3ccoc3)nn2)cc1,0
CCCCCc1ccc(C(=O)NCCn2cc(CCCCCc3c[nH]c(N)n3)nn2)cc1,0
CCCc1ccc(-c2[nH]c(N)nc2CCCCCc2cn(C/C(C)=C/c3ccccc3)nn2)cc1,0
CC(=O)/C(C#N)=N\Nc1ccccc1,0
CC(=O)/C(=N\Nc1ccccc1)C(=O)O,0
CC(=O)/C(=N\Nc1ccc(Cl)c(Cl)c1)C(=O)O,0
CC(=O)/C(=N\Nc1cccc(Cl)c1)C(=O)O,0
CC(=O)/C(=N\Nc1ccc([N+](=O)[O-])cc1)C(=O)O,0
COc1cc(N/N=C(\C(C)=O)C(=O)O)cc(OC)c1OC,0
CCOC(=O)/C(=N/Nc1c(F)cccc1F)C(=O)c1cc(C)nn1CC,0
CCOC(=O)/C(=N/Nc1ccc(Cl)c(Cl)c1)C(=O)c1cc(C)nn1CC,0
Cc1cc(C(=O)/C(=N\Nc2ccc(Cl)c(Cl)c2)C(=O)O)no1,1
O=C1NC(C(Cl)(Cl)Cc2ccccc2)O/C1=C\c1ccc(C(F)(F)F)cc1,0
CC(C)=CCC/C(C)=C/CC/C(C)=C/CC/C(C)=C/C[n+]1cn(C)c2nc[nH]/c(=N\O)c21.[Br-],0
C[C@H]1c2cccc(O)c2C(=O)C2=C(O)[C@]3(O)C(=O)C(C(N)=O)=C(O)[C@@H](N(C)C)[C@@H]3[C@@H](O)[C@@H]21.O,1
Cc1cc(O)c2c(c1)C(O)([C@@H]1O[C@@H](C)[C@H](O)[C@@H](O)[C@H]1O)c1ccc([C@H]3c4cccc(O)c4C(=O)c4c(O)cc(C)c(O)c43)c(O)c1C2=O,1
COc1cccc(OC)c1C(=O)N[C@@H]1C(=O)N2[C@@H]1SC(C)(C)[C@@H]2C(=O)O,1
CO/N=C(\C(=O)N[C@@H]1C(=O)N2C(C(=O)O)=C(COC(C)=O)CS[C@H]12)c1csc(N)n1,1
C[C@@H](O)[C@H]1C(=O)N2C(C(=O)O)=C(S[C@@H]3CN[C@H](C(=O)N(C)C)C3)[C@H](C)[C@H]12,1
O=C1N[C@H]2[C@H](CS[C@H]2CCCCc2cn(CCCNc3ccc([N+](=O)[O-])c4nonc34)nn2)N1,0
Cc1nc(-c2cc(NC(=O)CC(=O)O)ccc2NC(=O)c2cc(Br)c(Br)[nH]2)no1,0
Cc1nc(-c2cc(NC(=O)Cc3n[nH]c(=O)o3)ccc2NC(=O)c2cc(Br)c(Br)[nH]2)no1,0
COC(=O)CC(=O)Nc1ccc(NC(=O)c2cc(Br)c(Br)[nH]2)c(-c2noc(C)n2)c1,0
O=c1cc(NCCCN2CCN(c3nccc4ccccc34)CC2)c2ccccc2o1,0
O=c1cc(NC2CCN(CCCc3ccccc3)CC2)c2cc(Cl)ccc2o1,0
O=c1nc(NCC(O)CN2CCN(c3nc(F)cc4ccc(F)cc34)CC2)c2cc(F)ccc2o1,1
O=c1nc(NCC(O)CN2CCN(c3nccc4ccc(F)cc34)CC2)c2cc(F)ccc2o1,1
O=c1nc(NC[C@@H](O)CN2CCN(c3nccc4ccc(F)cc34)CC2)c2ccccc2o1,1
O=c1cc(NCC(O)CN2CCN(c3nccc4ncccc34)CC2)c2cc(F)ccc2o1,0
O=c1cc(CC(O)CCN2CCN(c3nccc4ccc(F)cc34)CC2)c2ccccc2o1,1
O=c1cc(NCCN2CCN(c3nccc4ccccc34)CC2)c2ccccc2o1,0
O=c1cc(NC[C@@H](O)CN2CCN(c3nccc4ccc(F)cc34)CC2)c2ccccc2o1,0
O=c1cc(NC[C@H](O)CN2CCN(c3nccc4ccc(F)cc34)CC2)c2ccccc2o1,0
O=c1cc(N[C@H]2C[C@H](N3CCN(c4nccc5ccccc45)CC3)C2)c2ccccc2o1,0
O=c1cc(N[C@H]2C[C@@H](N3CCN(c4nccc5ccccc45)CC3)C2)c2ccccc2o1,0
O=C(CCN1CCN(c2nccc3ccc(F)cc23)CC1)Nc1cc(=O)oc2ccccc12,0
CN(CCCN1CCN(c2nccc3ccccc23)CC1)c1cc(=O)oc2ccccc12,0
O=c1cc(NCCCN2CCN(c3nccc4ccc(F)cc34)CC2)c2c(o1)CCS(=O)(=O)C2,0
O=c1cc(NCCCN2CCN(c3nccc4ccccc34)CC2)c2c(o1)CCCC2,0
Cc1cccc2oc(=O)cc(NCCCN3CCN(c4nccc5ccc(F)cc45)CC3)c12,0
Cc1c(NCCCN2CCN(c3nccc4ccc(F)cc34)CC2)c2ccccc2oc1=O,0
O=c1cc(NCCCN2CCN(c3nccc4ccccc34)CC2)c2cc(F)ccc2o1,0
O=c1cc(NCCCN2CCN(c3nccc4ccccc34)CC2)c2cc(Cl)ccc2o1,0
O=c1cc(NCCCN2CCN(c3nccc4ncccc34)CC2)c2ccccc2o1,0
COc1cc2ccccc2c(N2CCN(CCCNc3cc(=O)oc4ccccc34)CC2)n1,0
Cc1cc2ccccc2c(N2CCN(CCCNc3cc(=O)oc4ccccc34)CC2)n1,0
N#Cc1cc2ccccc2c(N2CCN(CCCNc3cc(=O)oc4ccccc34)CC2)n1,0
O=c1cc(NCCCN2CCN(c3nc(Cl)cc4ccccc34)CC2)c2ccccc2o1,0
O=c1cc(NCCCN2CCN(c3nc(F)cc4ccccc34)CC2)c2ccccc2o1,0
COc1ccc2ccnc(N3CCN(CCCNc4cc(=O)oc5ccccc45)CC3)c2c1,0
CN(C)c1ccc2ccnc(N3CCN(CCCNc4cc(=O)oc5ccccc45)CC3)c2c1,0
Cc1ccc2ccnc(N3CCN(CCCNc4cc(=O)oc5ccccc45)CC3)c2c1,0
N#Cc1ccc2ccnc(N3CCN(CCCNc4cc(=O)oc5ccccc45)CC3)c2c1,0
O=c1cc(NCCCN2CCN(c3nccc4ccc(Cl)cc34)CC2)c2ccccc2o1,0
O=c1cc(NCCCN2CCN(c3nccc4ccc(F)cc34)CC2)c2ccccc2o1,0
O=C(NCCCN1CCN(c2nccc3ccccc23)CC1)c1ccccc1,0
O=c1ccc2ncc(=O)n3c2n1C[C@H]3CN1CCC(NCc2cc3c(cn2)OCCC3)CC1,1
O=C1COc2ccc(N3C[C@H](CCCN[C@@H]4Cn5c(=O)ccc6ccc(F)c4c65)OC3=O)nc2N1,1
O=C1CNc2nc(CNC34CCC(CCc5c(Cl)cnc6ccc(=O)n(CCO)c56)(CC3)OC4)ccc2O1,1
COc1ccc2ncc(C#N)c(CCN3CCC(NCc4cc5c(cn4)OCS5)CC3)c2c1,1
CCn1cc(C(=O)O)c(=O)c2cnc(N3CCN(C(=S)Nc4cccc(C(F)(F)F)c4)CC3)nc21,0
CCn1cc(C(=O)O)c(=O)c2cnc(N3CCN(C(=S)Nc4cccc(F)c4)CC3)nc21,0
CCn1cc(C(=O)O)c(=O)c2cnc(N3CCN(C(=S)Nc4cc(C(F)(F)F)cc(C(F)(F)F)c4)CC3)nc21,0
CCn1cc(C(=O)O)c(=O)c2cnc(N3CCN(C(=S)Nc4ccc(C(F)(F)F)cc4)CC3)nc21,0
CCn1cc(C(=O)O)c(=O)c2cnc(N3CCN(C(=S)Nc4cccc(Cl)c4)CC3)nc21,0
CCn1cc(C(=O)O)c(=O)c2cnc(N3CCN(C(=S)Nc4cc(Cl)cc(Cl)c4)CC3)nc21,0
O=C(O)c1cn(C2CC2)c2cc(N3CCC(NC(=S)Nc4ccc(C(F)(F)F)cc4)C3)c(F)cc2c1=O,0
O=C(O)c1cn(C2CC2)c2cc(NCCNC(=S)Nc3ccc(C(F)(F)F)cc3)c(F)cc2c1=O,0
Nc1nnc(SCc2ccc([N+](=O)[O-])cc2)s1,0
CCSc1c(S)cnn(-c2ccccc2)c1=O,0
CC(C)n1c(S)nc2c1c(=O)n(C)c(=O)n2C,0
O=C(Nc1nnc(SCc2ccc([N+](=O)[O-])cc2)s1)c1ccncc1,0
O=C(Nc1nnc(SCc2ccc([N+](=O)[O-])cc2)s1)c1cccnc1,0
O=[N+]([O-])c1ccc(CSc2nnc(N3CCOCC3)s2)cc1,0
O=[N+]([O-])c1ccc(CSc2nnc(N3CCNCC3)s2)cc1,0
CCCCCCCCCCCCCCCCC[C@@H]1CN[C@@H]([C@H](O[C@@H]2O[C@H](CN)[C@@H](O)[C@H]2O)[C@H]2O[C@@H](n3ccc(=O)[nH]c3=O)[C@H](O)[C@@H]2O)C(=O)N(C)[C@@H]1C(=O)O,1
CCCCCCCCCCCCCCCCC[C@H]1CN(C)[C@@H]([C@H](O[C@@H]2O[C@H](CN)[C@@H](O)[C@H]2O)[C@H]2O[C@@H](n3ccc(=O)[nH]c3=O)[C@H](O)[C@@H]2O)C(=O)N(C)[C@@H]1C(=O)O,0
CCCCCCCCCCCCCCCCC[C@H]1CN[C@@H]([C@H](O[C@@H]2O[C@H](CN)[C@@H](O)[C@H]2O)[C@H]2O[C@@H](n3ccc(=O)[nH]c3=O)[C@H](O)[C@@H]2O)C(=O)N(C)[C@@H]1C(=O)O,0
CCCCC/C=C/C1=C(CO)[C@@H](O)[C@H]2O[C@@]2(C/C=C(\C)C(=O)O)C1=O,0
CC[C@H](C)[C@@H]1NC(=O)[C@H](Cc2ccccc2)NC(=O)[C@H](CC(=O)O)NC(=O)[C@@H](NC(=O)[C@@H](NC(=O)[C@H](CO)NC(=O)[C@@H](N)Cc2ccc(O)cc2)[C@@H](C)O)CSC(=O)[C@H](CCSC)NC1=O,1
CC(C)C[C@@H]1NC(=O)[C@H](CO)NC(=O)[C@H](CO)NC(=O)[C@@H](NC(=O)[C@H](C)NC(=O)[C@H](CC(N)=O)NC(=O)[C@@H](NC(=O)CN)C(C)C)COC(=O)[C@H](Cc2ccccc2)NC1=O,1
COc1c(-c2ccc(O)c(O)c2)oc2cc(O)cc(O)c2c1=O,0
O=C(c1cc(Cl)cc(Cl)c1O)c1[nH]c(Br)c(Br)c1Br,0
O=C(c1cc(Br)cc(Br)c1O)c1[nH]c(Br)c(Br)c1Br,1
O=C(c1cc(Br)ccc1O)c1[nH]c(Br)c(Cl)c1Br,1
O=C(c1cc(Cl)c(Cl)[nH]1)c1cc(Cl)cc(Cl)c1O,1
O=C(c1cc(Cl)cc(Cl)c1O)c1[nH]c(Cl)c(Cl)c1Br,1
O=C(c1cc(Cl)cc(Cl)c1O)c1[nH]c(Cl)c(Br)c1Cl,1
C=C[C@]1(C)C=C2C(=O)[C@@]3(O)OC(=O)[C@@]4(CCCC(C)(C)[C@H]34)[C@@]2(O)CC1,0
C=C[C@]1(C)C=C2C(=O)[C@]3(O)OC(=O)[C@@]4(CCCC(C)(C)[C@@H]43)[C@H]2CC1,0
C=C/C(C)=C/[C@@]1(C)SC(=O)C(C(=O)C(F)(F)F)=C1O,0
C=C/C(C)=C/[C@@]1(C)SC(=O)C(C(C)=O)=C1O,0
C=C/C(C)=C/[C@@]1(C)SC(=O)C(C)=C1O,0
C=C/C(C)=C/[C@@]1(C)SC(=O)C(CCCCc2ccc(Br)cc2)=C1O,0
O=C(NC[C@H]1OC[C@@](O)(CNC(=O)c2ccccc2)[C@@H]1O)c1ccccc1,0
O=C(NC[C@]1(O)CO[C@H](CNCc2ccccc2)[C@H]1O)c1ccccc1,0
CN(C[C@H]1OC[C@@](O)(CNC(=O)c2ccccc2)[C@@H]1O)C(=O)c1ccccc1,0
O=C(NC[C@]1(O)CO[C@H](CNC(=O)c2ccccc2Br)[C@H]1O)c1ccccc1,0
O=C(NC[C@]1(O)CO[C@H](CNC(=O)c2ccccc2I)[C@H]1O)c1ccccc1,0
O=C(NC[C@]1(O)CO[C@H](CNC(=O)c2ccccc2OC(F)(F)F)[C@H]1O)c1ccccc1,0
O=C(NC[C@]1(O)CO[C@H](CNC(=O)c2ccccc2OC(F)F)[C@H]1O)c1ccccc1,0
O=C(NC[C@]1(O)CO[C@H](CN2Cc3ccccc3C2=O)[C@H]1O)c1ccccc1,0
O=C(NC[C@]1(O)CO[C@H](CNC(=O)c2ccccc2Cl)[C@H]1O)c1ccccc1,1
O=CN(O)C[C@@H](CC1CCCC1)C(=O)N1NCCC[C@H]1C(=O)N1CCCCC1,1
CN(C(=O)[C@@H]1CCCNN1C(=O)[C@H](CC1CCCC1)CN(O)C=O)c1ccccn1,1
O=CN(O)C[C@@H](CC1CCCC1)C(=O)N1NCCC[C@H]1C(=O)Nc1ccc(F)cn1,1
O=CN(O)C[C@@H](CC1CCCC1)C(=O)N1NCCC[C@H]1C(=O)Nc1ccccn1,1
O=CN(O)C[C@@H](CC1CCCC1)C(=O)N1NCCC[C@H]1C(=O)Nc1ccccc1,1
CN(C)c1cncc(NC(=O)[C@@H]2CCCNN2C(=O)[C@H](CC2CCCC2)CN(O)C=O)n1,1
CN1CCN(c2cncc(NC(=O)[C@@H]3CCCNN3C(=O)[C@H](CC3CCCC3)CN(O)C=O)n2)CC1,1
CN1CCN(c2cc(NC(=O)[C@@H]3CCCNN3C(=O)[C@H](CC3CCCC3)CN(O)C=O)ncn2)CC1,1
O=CN(O)C[C@@H](CC1CCCC1)C(=O)N1NCCC[C@H]1C(=O)Nc1cccc2c1COB2O,1
Cc1nc(NC(=O)[C@@H]2CCCNN2C(=O)[C@H](CC2CCCC2)CN(O)C=O)sc1C,1
O=CN(O)C[C@@H](CC1CCCC1)C(=O)N1NCCC[C@H]1C(=O)Nc1cccnn1,1
O=CN(O)C[C@@H](CC1CCCC1)C(=O)N1NCCC[C@H]1C(=O)Nc1cnccn1,1
CN(C)c1cccc(NC(=O)[C@@H]2CCCNN2C(=O)[C@H](CC2CCCC2)CN(O)C=O)n1,1
Cc1cccnc1NC(=O)[C@@H]1CCCNN1C(=O)[C@H](CC1CCCC1)CN(O)C=O,1
Cc1ccnc(NC(=O)[C@@H]2CCCNN2C(=O)[C@H](CC2CCCC2)CN(O)C=O)c1,1
Cc1ccc(NC(=O)[C@@H]2CCCNN2C(=O)[C@H](CC2CCCC2)CN(O)C=O)nc1,1
CCc1nnc(NC(=O)[C@@H]2CCCNN2C(=O)[C@H](CC2CCCC2)CN(O)C=O)s1,1
CCc1nc(N)nc(N)c1C#C[C@@H](C)c1cc(-c2ccncc2)ccc1OC,1
CCc1nc(N)nc(N)c1C#C[C@H](C)c1cc(OC)cc(-c2ccncc2)c1,1
CCc1nc(N)nc(N)c1C#CC(C)c1cc(-c2ccncc2)ccc1OC,1
CCc1nc(N)nc(N)c1C#CCc1cc(OC)c(OC)c(-c2ccncc2)c1,1
CCc1nc(N)nc(N)c1C#CC(C)c1cc2c(c(-c3ccncc3)c1)OCO2,1
CCc1nc(N)nc(N)c1C#C[C@H](C)c1cc2c(c(-c3ccncc3)c1)OCO2,1
CC(=O)N[C@H]1[C@@H](O[C@@H]2O[C@H](C[C@@H](O)[C@H]3O[C@@H](n4ccc(=O)[nH]c4=O)[C@H](O)[C@@H]3O)[C@H](O)[C@H](O)[C@H]2NC(=O)/C=C/CCCCCCCCCC(C)C)O[C@H](CO)[C@@H](O)[C@@H]1O,1
CC(=O)N[C@H]1[C@H](O[C@H]2O[C@H](CO)[C@@H](O)[C@H](O)[C@H]2NC(C)=O)O[C@H](C[C@@H](O)[C@H]2O[C@@H](n3ccc(=O)[nH]c3=O)[C@H](O)[C@@H]2O)[C@H](O)[C@@H]1O,0
O=C1C2=C(Nc3ccccc3SC2c2cccc(O)c2)c2ccccc21,0
COC(=O)C1=C(c2cc(Br)c(O)c(Br)c2)C(=O)C(c2cc(Br)c(O)c(Br)c2)(c2cc(Br)c(O)c(Br)c2)C1=O,0
O=C1C=C(c2cc(Br)c(O)c(Br)c2)C(=O)C1(c1cc(Br)c(O)c(Br)c1)c1cc(Br)c(O)c(Br)c1,0
COC(=O)C1=C(c2cc(Br)c(O)c(Br)c2)C(=O)[C@](c2ccc(O)c(Br)c2)(c2cc(Br)c(O)c(Br)c2)C1=O,0
O=C1O/C(=C\c2ccc(O)c(Br)c2)C(c2ccc(O)c(Br)c2)=C1C(=O)c1cc(Br)c(O)c(Br)c1,0
O=C1O/C(=C\c2ccc(O)c(Br)c2)C(c2cc(Br)c(O)c(Br)c2)=C1C(=O)c1cc(Br)c(O)c(Br)c1,0
O=C1Nc2ccccc2/C1=N/NC(=O)c1cccc(Cl)c1,0
O=C1Nc2ccccc2/C1=N/NC(=O)c1cccc(Br)c1,0
O=c1sn(Cc2ccccc2)c(=O)n1CCCl,0
CCCCn1c(=O)sn(Cc2ccccc2)c1=O,0
Cn1c(=O)sn(Cc2ccccc2)c1=O,0
O=c1sn(-c2cccc3ccccc23)c(=O)n1CCc1ccccc1,0
CCCCn1c(=O)sn(-c2cccc3ccccc23)c1=O,0
CCn1c(=O)sn(-c2cccc3ccccc23)c1=O,0
Cn1c(=O)sn(-c2cccc3ccccc23)c1=O,0
Cc1ccc(Cn2c(=O)sn(-c3cccc4ccccc34)c2=O)cc1,0
O=c1sn(-c2cccc3ccccc23)c(=O)n1Cc1ccc(Cl)c(Cl)c1,0
O=c1sn(-c2cccc3ccccc23)c(=O)n1Cc1ccc(Cl)cc1,0
O=c1sn(-c2cccc3ccccc23)c(=O)n1Cc1ccc(F)cc1,0
O=c1sn(-c2cccc3ccccc23)c(=O)n1Cc1ccc(O)cc1,0
O=c1sn(-c2cccc3ccccc23)c(=O)n1Cc1cccc(O)c1,0
O=c1sn(-c2cccc3ccccc23)c(=O)n1Cc1ccccc1O,0
O=c1sn(-c2cccc3ccccc23)c(=O)n1Cc1ccccc1,0
Cc1noc(C)c1-n1sc(=O)n(C(C)C)c1=O,0
CCCCn1c(=O)sn(-c2c(C)noc2C)c1=O,0
CCn1c(=O)sn(-c2c(C)noc2C)c1=O,0
O=c1sn(-c2cccc3c2CCCC3)c(=O)n1Cc1ccccc1,0
O=c1sn(-c2cccc3c2CCC3)c(=O)n1Cc1ccccc1,0
O=c1sn(-c2cccc3c2OCO3)c(=O)n1Cc1ccccc1,0
O=c1sn(CCc2ccccc2)c(=O)n1Cc1ccccc1,0
O=c1sn(C2CCCC2)c(=O)n1C1CCCCC1,0
CCCCn1sc(=O)n(CCCC)c1=O,0
CCn1sc(=O)n(CCc2ccccc2)c1=O,0
CCn1sc(=O)n(Cc2ccc(C)cc2)c1=O,0
CCn1sc(=O)n(Cc2ccc(Cl)cc2)c1=O,0
Cc1[nH]c(C(=O)Nc2ccc(C(=O)NCC(=O)O)cc2OC2CCN(C(=O)OC(C)(C)C)CC2)c(Cl)c1Cl,0
Cc1[nH]c(C(=O)Nc2ccc(C(=O)N[C@@H](C)C(=O)O)cc2OC2CCN(C(=O)OC(C)(C)C)CC2)c(Cl)c1Cl,1
Cc1[nH]c(C(=O)Nc2ccc(C(=O)NCC(=O)O)cc2OC2CCNCC2)c(Cl)c1Cl.Cl,0
Cc1[nH]c(C(=O)Nc2ccc(C(=O)N[C@@H](C)C(=O)O)cc2OC2CCNCC2)c(Cl)c1Cl.Cl,1
Cc1[nH]c(C(=O)Nc2ccc(C(=O)N[C@H](C)C(=O)O)cc2OC2CCNCC2)c(Cl)c1Cl.Cl,1
COC(=O)[C@H](C)NC(=O)c1ccc(NC(=O)c2[nH]c(C)c(Cl)c2Cl)c(OC2CCNCC2)c1.Cl,0
Cc1[nH]c(C(=O)Nc2ccc(C(=O)NCC(=O)O)cc2O[C@H]2CCNC2)c(Cl)c1Cl.Cl,0
COC(=O)CNC(=O)c1ccc(NC(=O)c2[nH]c(C)c(Cl)c2Cl)c(O[C@H]2CCNC2)c1.Cl,1
Nc1nc(-c2ccc(OCc3ccccc3)cc2)cc(-c2nc3ccccc3c(=O)[nH]2)n1,0
Nc1nc(-c2ccc(C(F)(F)F)cc2)cc(-c2nc3ccccc3c(=O)[nH]2)n1,0
Nc1nc(-c2nc3ccccc3c(=O)[nH]2)cc(-c2ccc(Cl)cc2Cl)n1,0
Nc1nc(-c2nc3ccccc3c(=O)[nH]2)cc(-c2ccccc2Cl)n1,0
Nc1nc(-c2ccc(Br)cc2)cc(-c2nc3ccccc3c(=O)[nH]2)n1,0
Nc1nc(-c2cccc(Br)c2)cc(-c2nc3ccccc3c(=O)[nH]2)n1,0
CSc1ccc(-c2cc(-c3nc4ccccc4c(=O)[nH]3)nc(N)n2)cc1,0
COc1cc(OC)c(-c2cc(-c3nc4ccccc4c(=O)[nH]3)nc(N)n2)c(OC)c1,0
COc1ccc(-c2cc(-c3nc4ccccc4c(=O)[nH]3)nc(N)n2)c(OC)c1,0
COc1cc(OC)cc(-c2cc(-c3nc4ccccc4c(=O)[nH]3)nc(N)n2)c1,0
COc1cccc(-c2cc(-c3nc4ccccc4c(=O)[nH]3)nc(N)n2)c1,0
Nc1nc(-c2ccccc2)cc(-c2nc3ccccc3c(=O)[nH]2)n1,0
Nc1nc(-c2nc3ccccc3c(=O)[nH]2)cc(-c2cccs2)n1,0
Nc1nc(-c2nc3ccccc3c(=O)[nH]2)cc(-c2ccco2)n1,0
O=C(O)C(=O)Nc1ccc2nc(NC(=O)c3cc(Br)c(Br)[nH]3)[nH]c2c1,0
Cc1[nH]c(C(=O)Nc2ccc3nc(NC(=O)C(=O)O)sc3c2)c(Cl)c1Cl,1
Cc1[nH]c(C(=O)Nc2nc3ccc(NC(=O)C(=O)O)cc3s2)c(Cl)c1Cl,1
CC(=O)Nc1nc2ccc(NC(=O)c3[nH]c(C)c(Cl)c3Cl)cc2s1,0
CC(=O)Nc1ccc2nc(NC(=O)c3[nH]c(C)c(Cl)c3Cl)sc2c1,1
Cc1[nH]c(C(=O)Nc2nc3ccc(NC(N)=O)cc3s2)c(Cl)c1Cl,0
Cc1[nH]c(C(=O)Nc2nc3ccc(NC(=O)CCNC(=O)OC(C)(C)C)cc3s2)c(Cl)c1Cl,1
Cc1[nH]c(C(=O)Nc2nc3ccc(NC(=O)CNC(=O)OC(C)(C)C)cc3s2)c(Cl)c1Cl,1
Cc1[nH]c(C(=O)Nc2nc3ccc(NC(=O)CCN)cc3s2)c(Cl)c1Cl.Cl,0
Cc1[nH]c(C(=O)Nc2nc3ccc(NC(=O)CN)cc3s2)c(Cl)c1Cl.Cl,1
O=C(O)C(=O)Nc1ccc2nc(NC(=O)c3cc(Br)c(Br)[nH]3)sc2c1,0
CCNc1cc(F)cc2c1[nH]c1ncc(-c3cncc(C#N)c3)c(N3CCC(F)(CN)C3)c12,1
CCNc1cc(F)cc2c1[nH]c1ncc(-c3cncc(C#N)c3)c(N3CC[C@@]4(C[C@H]4N)C3)c12,1
CNc1cc(F)c(F)c2c1[nH]c1ncc(-c3cnc(OC)nc3)c(N3CC[C@@]4(C[C@@H]4N)C3)c12,1
CNc1cc(F)c(F)c2c1[nH]c1ncc(-c3cnc4ccnn4c3)c(N3CC[C@H]4CN(C)C[C@H]43)c12,1
CCNc1cc(F)c(F)c2c1[nH]c1ncc(-c3cnc(OC)nc3)c(N3CCC[C@@H](CN)C3)c12,1
CNc1cc(F)c(F)c2c1[nH]c1ncc(-c3cncc(C#N)c3)c(N3CCCC(F)(CN)C3)c12,1
Cl.Nc1nccc(-c2cccc(NC(=O)c3cc(Br)cc(Br)c3)c2)n1,0
Cl.Nc1nccc(-c2cccc(NC(=O)c3cc(Cl)cc(Cl)c3)c2)n1,0
Cl.Nc1nccc(-c2cccc(NC(=O)c3cc(Cl)cc(Br)c3)c2)n1,0
Cl.Nc1nccc(-c2ccc(NC(=O)c3cc(Cl)cc(Cl)c3)cc2)n1,0
Cl.Nc1ncc(-c2cccc(NC(=O)c3cc(Br)cc(Br)c3)c2)cn1,0
CCCCCCCCCC(=O)NCCCc1cnc(N)nc1,0
O=[N+]([O-])c1ccc(O)c2ncccc12,0
O=C(N/N=C/c1ccc([N+](=O)[O-])o1)c1ccncc1,0
O=C(N/N=C/c1ccc([N+](=O)[O-])o1)c1cccs1,0
O=C(N/N=C/c1ccc([N+](=O)[O-])o1)c1ccc(Cl)s1,0
O=C1CN(/N=C/c2ccc([N+](=O)[O-])o2)C(=O)N1,0
COc1ccc(-n2cc(COc3ccc(/C=N/Nc4nc(-c5cc6c(ccc7ccccc76)oc5=O)cs4)cc3)nn2)cc1,0
COc1ccc(-n2cc(COc3ccc(/C=N/Nc4nc(-c5cc6cccc(Br)c6oc5=O)cs4)cc3)nn2)cc1,0
COc1ccc(-n2cc(COc3ccc(/C=N/Nc4nc(-c5cc6cc(Br)cc(OC)c6oc5=O)cs4)cc3)nn2)cc1,0
COc1ccc(-n2cc(COc3ccc(/C=N/Nc4nc(-c5cc6cccc(OC)c6oc5=O)cs4)cc3)nn2)cc1,0
CC(=O)C1=C(c2ccccc2)OC(N)=C(C#N)C12C(=O)Nc1ccc(S(=O)(=O)N3CCOCC3)cc12,0
CCOC(=O)C1=C(N)OC(c2ccccc2)=C(C(C)=O)C12C(=O)Nc1ccc(S(=O)(=O)N3CCOCC3)cc12,0
N#CC(C#N)=C1C(=O)Nc2ccc(S(=O)(=O)N3CCOCC3)cc21,0
CCOC(=O)/C(C#N)=C1\C(=O)Nc2ccc(S(=O)(=O)N3CCOCC3)cc21,0
Cc1nc2c(=O)n(C3CC3)c3c(Cl)c(N4CC[C@@H]([C@H](C)N)C4)c(F)cc3c2o1,0
CCCCCCc1ccc(C(=O)NCCn2cc(CCCCCc3c[nH]c(N)n3)nn2)cc1,1
CCCCCCCCCCCC/C=C(/C)Cn1cc(CCCCCc2nc(N)[nH]c2-c2ccccc2)nn1,0
CCCc1ccc(/C=C(/C)Cn2cc(CCCCCc3nc(N)[nH]c3-c3ccccc3)nn2)cc1,0
C/C(=C/CC1CCCCC1)Cn1cc(CCCCCc2nc(N)[nH]c2-c2ccccc2)nn1,0
COc1ccc(-c2[nH]c(N)nc2CCCCCc2cn(C/C(C)=C\c3ccccc3)nn2)cc1,0
C/C(=C/c1ccccc1)Cn1cc(CCCCCc2nc(N)[nH]c2-c2ccc(C(C)C)cc2)nn1,0
C/C(=C/c1ccccc1)Cn1cc(CCCCCc2nc(N)[nH]c2-c2cc(F)cc(F)c2)nn1,0
C/C(=C/c1ccccc1)Cn1cc(CCCCCc2nc(N)[nH]c2-c2ccc(F)cc2)nn1,0
C/C(=C/c1ccccc1)Cn1cc(CCCCCc2nc(N)[nH]c2-c2ccc(-c3ccccc3)cc2)nn1,0
COc1ccc2nccc(CC[C@H]3OC[C@H](NC(=O)c4ccc5c(c4)OCCO5)CO3)c2c1,0
COc1ccc2nccc(CC[C@H]3OC[C@H](NC(=O)c4ccc(Cl)c(Cl)c4)CO3)c2c1,1
COc1ccc(C(=O)N[C@H]2CO[C@H](CCc3ccnc4ccc(OC)cc34)OC2)cc1,0
COc1ccc2nccc(CC[C@H]3OC[C@H](NC(=O)c4ccc(Cl)cc4)CO3)c2c1,1
COc1ccc2nccc(CC[C@H]3OC[C@H](NC(=O)c4ccc(C)cc4)CO3)c2c1,1
COc1ccc2nccc(CC[C@H]3OC[C@H](NC(=O)c4ccc(C(F)(F)F)cc4)CO3)c2c1,0
COc1ccc2nccc(CC[C@H]3OC[C@H](NC(=O)c4ccc(OC(F)(F)F)cc4)CO3)c2c1,0
COc1ccc2nccc(CC[C@H]3OC[C@H](NC(=O)c4ccc(C(C)(C)C)cc4)CO3)c2c1,0
COc1ccc2nccc(CC[C@H]3OC[C@H](NC(=O)c4cccc(Cl)c4)CO3)c2c1,1
COc1ccc2nccc(CC[C@H]3OC[C@H](NC(=O)c4ccc5c(n4)NC(=O)CO5)CO3)c2c1,1
COc1ccc2nccc(CC[C@H]3OC[C@H](NC(=O)c4ccc5c(n4)NC(=O)CS5)CO3)c2c1,1
COc1cc(/C=C\C(=O)NCCCNCc2cccc(CNCCCNC(=O)/C=C\c3cc(OC)c(Br)cc3Br)c2)c(Br)cc1Br.O=C(O)C(F)(F)F.O=C(O)C(F)(F)F,0
O=C(O)c1ccc2nc(NC(=O)c3cc(Cl)c(Cl)[nH]3)sc2c1,1
Cc1[nH]c(C(=O)Nc2nc3ccc(C(=O)O)cc3s2)c(Cl)c1Br,1
Cc1[nH]c(C(=O)Nc2nc3ccc(C(N)=O)cc3s2)c(Cl)c1Cl,1
Cc1[nH]c(C(=O)Nc2nc3ccc(C(=O)NCC#N)cc3s2)c(Cl)c1Cl,1
Cc1[nH]c(C(=O)Nc2nc3ccc(C(=O)NO)cc3s2)c(Cl)c1Cl,1
Cc1[nH]c(C(=O)Nc2nc3ccc(C(=O)NCCC(=O)O)cc3s2)c(Cl)c1Cl,1
CCN(C(=O)c1[nH]c(C)c(Cl)c1Cl)c1nc2ccc(C(=O)O)cc2s1,1
Cc1[nH]c(C(=O)Nc2nc3cc(O)c(C(=O)O)cc3s2)c(Cl)c1Cl,1
O=C(O)c1cc(O)c2nc(NC(=O)c3cc(Br)c(Br)[nH]3)sc2c1,1
Cc1[nH]c(C(=O)Nc2nc3c(O)cc(C(=O)O)cc3s2)c(Cl)c1Cl,1
Cc1[nH]c(C(=O)Nc2nc3c(F)cc(C(=O)O)cc3s2)c(Cl)c1Cl,1
COc1cc(C(=O)O)cc2sc(NC(=O)c3[nH]c(C)c(Cl)c3Cl)nc12,1
Cc1[nH]c(C(=O)Nc2nc3ccc(C(=O)O)cc3s2)c(Cl)c1Cl,1
Cc1[nH]c(C(=O)Nc2nc3c(OCc4ccccc4)cc(C(=O)O)cc3s2)c(Cl)c1Cl,1
Cc1[nH]c(C(=O)Nc2nc3c(OCCN4CCOCC4)cc(C(=O)O)cc3s2)c(Cl)c1Cl.Cl,1
Cc1[nH]c(C(=O)Nc2nc3c(OCCN)cc(C(=O)O)cc3s2)c(Cl)c1Cl.Cl,1
Cc1[nH]c(C(=O)Nc2nc3c(OCCN4CCOCC4)cc(C(=O)NCC#N)cc3s2)c(Cl)c1Cl.Cl,1
Cc1[nH]c(C(=O)Nc2nc3c(OCc4ccccc4)cc(C(=O)NCC#N)cc3s2)c(Cl)c1Cl,1
Cc1[nH]c(C(=O)Nc2nc3c(OCc4ccccc4)cc(-c4nnn[nH]4)cc3s2)c(Cl)c1Cl,1
Cc1ccc(NC(=O)[C@H](Cc2c[nH]c3ccccc23)NC(=O)C2CCN(C(=O)CNC(=O)OC(C)(C)C)CC2)cc1,1
COc1ccc(-c2cc(=O)oc3c(C)c(OCC(=O)N[C@@H](Cc4c[nH]c5ccc(O)cc45)C(=O)O)ccc23)cc1,1
COc1cc2c(c(OC)c1OC)-c1ccc(NCC(=O)NCCc3c[nH]c4ccccc34)c(=O)cc1[C@@H](NC(C)=O)CC2,1
COc1ccc(NC(=O)[C@H]2Oc3c(c(=O)oc4ccccc34)[C@@H]2c2ccc(CCCN3CCCC3=O)cc2)cc1,0
COc1ccc2nccc(CCN3CCC(NCc4ccc(Cl)nc4)CC3)c2n1,0
COc1ccc2nccc(CCN3CCC(NCc4ccc(Cl)cn4)CC3)c2n1,0
COc1ccc2ncc(F)c(C(O)C[C@H]3OC[C@H](NCc4ccc5c(c4)OCCO5)CO3)c2c1,1
COc1ccc2ncc(F)c(C(O)C[C@H]3OC[C@H](NCc4cc5c(cn4)OCCO5)CO3)c2c1,1
COc1ccc2ncc(F)c(C(O)C[C@H]3OC[C@H](NCc4ccc5c(n4)NC(=O)CO5)CO3)c2c1,1
COc1ccc2ncc(F)c(C(O)C[C@H]3OC[C@H](NCc4ccc5c(n4)NC(=O)CS5)CO3)c2c1,1
COc1ccc2ncc(F)c(C(O)C[C@H]3OC[C@H](NCc4ccc5c(c4)OCCO5)CO3)c2n1,1
COc1ccc2ncc(F)c(C(O)C[C@H]3OC[C@H](NCc4cc5c(cn4)OCCO5)CO3)c2n1,1
COc1ccc2ncc(F)c(C(O)C[C@H]3OC[C@H](NCc4cc5c(nn4)OCCS5)CO3)c2n1,1
COc1ccc2ncc(F)c(C(O)C[C@H]3OC[C@H](NCc4ccc(Cl)c(Cl)c4)CO3)c2n1,1
COc1ccc2ncc(=O)n(CC(O)[C@H]3OC[C@H](NCc4ccc5c(c4)OCCO5)CO3)c2c1,1
COc1ccc2ncc(=O)n(CC(O)[C@H]3OC[C@H](NCc4cc5c(cn4)OCCO5)CO3)c2n1,1
COc1ccc2ncc(F)c(C[C@H](O)[C@H]3OC[C@H](NCc4ccc5c(c4)OCCO5)CO3)c2c1,1
COc1ccc2ncc(F)c(C[C@H](O)[C@H]3OC[C@H](NCc4cc5c(cn4)OCCO5)CO3)c2c1,1
COc1ccc2ncc(F)c(C[C@H](O)[C@H]3OC[C@H](NCc4cc5c(nn4)OCCO5)CO3)c2c1,1
COc1ccc2ncc(F)c(C[C@H](O)[C@H]3OC[C@H](NCc4ccc5c(n4)NC(=O)CO5)CO3)c2c1,1
COc1ccc2ccc(F)c(C[C@H](O)[C@H]3OC[C@H](NCc4cc5c(cn4)OCCO5)CO3)c2n1,1
COc1ccc2ccc(F)c(C[C@H](O)[C@H]3OC[C@H](NCc4cc5c(nn4)OCCS5)CO3)c2n1,1
COc1ccc2ncc(F)c(C[C@H](O)[C@H]3OC[C@H](NCc4ccc5c(c4)OCCO5)CO3)c2n1,1
COc1ccc2ncc(F)c(C[C@H](O)[C@H]3OC[C@H](NCc4cc5c(cn4)OCCO5)CO3)c2n1,1
COc1ccc2ncc(F)c(C[C@H](O)[C@H]3OC[C@H](NCc4cc5c(cn4)OCCC5)CO3)c2n1,1
COc1ccc2ncc(F)c(C[C@H](O)[C@H]3OC[C@H](NCc4cc5c(nn4)OCCS5)CO3)c2n1,1
COc1ccc2ncc(F)c(C[C@H](O)[C@H]3OC[C@H](NCc4cc5c(nn4)OCCO5)CO3)c2n1,0
COc1ccc2ncc(F)c(C[C@H](O)[C@H]3OC[C@H](NCc4cnc5c(n4)OCCO5)CO3)c2n1,1
COc1ccc2ncc(F)c(C[C@H](O)[C@H]3OC[C@H](NCc4cc5c(cn4)OCS5)CO3)c2n1,1
COc1ccc2ncc(F)c(C[C@H](O)[C@H]3OC[C@H](NCc4cc5c(cn4)OCO5)CO3)c2n1,1
COc1ccc2ncc(F)c(C[C@H](O)[C@H]3OC[C@H](NCc4cc5c(cn4)OCC(=O)N5)CO3)c2n1,1
COc1ccc2ncc(F)c(C[C@H](O)[C@H]3OC[C@H](NCc4cc5c(cn4)SCC(=O)N5)CO3)c2n1,1
COc1ccc2ncc(F)c(C[C@H](O)[C@H]3OC[C@H](NCc4ccc(Cl)c(Cl)c4)CO3)c2n1,1
COc1ccc2ncc(F)c(C[C@H](O)[C@H]3OC[C@H](NCc4ccc(C)cc4)CO3)c2n1,1
NS(=O)(=O)c1ccc(/N=N/N2CCN(c3cc4c(cc3F)c(=O)c(C(=O)O)cn4C3CC3)CC2)cc1,0
O=C(O)c1cn(C2CC2)c2cc(N3CCN(/N=N/c4ccc(S(=O)(=O)Nc5ncccn5)cc4)CC3)c(F)cc2c1=O,0
Cc1cc(NS(=O)(=O)c2ccc(/N=N/N3CCN(c4cc5c(cc4F)c(=O)c(C(=O)O)cn5C4CC4)CC3)cc2)no1,0
O=C(O)c1cn(C2CC2)c2cc(N3CCN(/N=N/c4ccc(S(=O)(=O)Nc5cnc6ccccc6n5)cc4)CC3)c(F)cc2c1=O,0
O=C(O)c1cn(C2CC2)c2cc(N3CCN(/N=N/c4ccc(S(=O)(=O)Nc5cncc(Cl)n5)cc4)CC3)c(F)cc2c1=O,0
NC(N)=NS(=O)(=O)c1ccc(/N=N/N2CCN(c3cc4c(cc3F)c(=O)c(C(=O)O)cn4C3CC3)CC2)cc1,1
NS(=O)(=O)c1ccc(NC(=O)CN2CCN(c3cc4c(cc3F)c(=O)c(C(=O)O)cn4C3CC3)CC2)cc1,0
O=C(CN1CCN(c2cc3c(cc2F)c(=O)c(C(=O)O)cn3C2CC2)CC1)Nc1ccc(S(=O)(=O)Nc2ncccn2)cc1,0
Cc1cc(NS(=O)(=O)c2ccc(NC(=O)CN3CCN(c4cc5c(cc4F)c(=O)c(C(=O)O)cn5C4CC4)CC3)cc2)no1,0
O=C(CN1CCN(c2cc3c(cc2F)c(=O)c(C(=O)O)cn3C2CC2)CC1)Nc1ccc(S(=O)(=O)Nc2cnc3ccccc3n2)cc1,1
O=C(CN1CCN(c2cc3c(cc2F)c(=O)c(C(=O)O)cn3C2CC2)CC1)Nc1ccc(S(=O)(=O)Nc2cncc(Cl)n2)cc1,0
NS(=O)(=O)c1ccc(NC(=O)CCN2CCN(c3cc4c(cc3F)c(=O)c(C(=O)O)cn4C3CC3)CC2)cc1,1
O=C(CCN1CCN(c2cc3c(cc2F)c(=O)c(C(=O)O)cn3C2CC2)CC1)Nc1ccc(S(=O)(=O)Nc2ncccn2)cc1,0
O=C(CCN1CCN(c2cc3c(cc2F)c(=O)c(C(=O)O)cn3C2CC2)CC1)Nc1ccc(S(=O)(=O)Nc2cnc3ccccc3n2)cc1,1
O=C(CCN1CCN(c2cc3c(cc2F)c(=O)c(C(=O)O)cn3C2CC2)CC1)Nc1ccc(S(=O)(=O)Nc2cncc(Cl)n2)cc1,1
CC(C(=O)Nc1ccc(S(N)(=O)=O)cc1)N1CCN(c2cc3c(cc2F)c(=O)c(C(=O)O)cn3C2CC2)CC1,0
Cc1cc(NS(=O)(=O)c2ccc(NC(=O)C(C)N3CCN(c4cc5c(cc4F)c(=O)c(C(=O)O)cn5C4CC4)CC3)cc2)no1,1
CC(C(=O)Nc1ccc(S(=O)(=O)Nc2cnc3ccccc3n2)cc1)N1CCN(c2cc3c(cc2F)c(=O)c(C(=O)O)cn3C2CC2)CC1,0
CC(C)CNC(=O)c1c(-c2ccc(/C(C#N)=C/c3ccccc3)cc2)oc2ccccc12,0
CC(C)CNC(=O)c1c(-c2ccc(/C(C#N)=C/c3ccc(Cl)cc3)cc2)oc2ccc(Cl)cc12,0
CC(C)CNC(=O)c1c(-c2ccc(C(C#N)Cc3ccc(O)cc3)cc2)oc2ccccc12,0
COc1cc2ncnc(Nc3ccc(F)c(Cl)c3)c2cc1NC(=O)/C=C/N1CCCCC1,1
Clc1ccc2c(c1)C(NCCN1CCNCC1)=Nc1ccccc1O2,0
CCOC(=O)[C@]1(Cc2ccc(O)c(CC3OC3(C)C)c2)OC(=O)C(O)C1c1ccc(O)cc1,0
O=C1OC(Cc2ccc(O)cc2)C(c2ccc(O)cc2)C1O,0
COc1ccc(/C=C/C=C2C(=O)NC(=O)NC2=O)cc1,1
C=C(C)C1CCC2(C(=O)OCC)CC13Oc1cc(C/C=C(/CC/C=C(\C)CCC=C(C)C)C(=O)O)c(O)cc1-c1c(O)ccc(c13)O2,0
C=C(C)C1CCC2(C(=O)OCC)CC13Oc1c(C/C=C(/CC/C=C(\C)CCC=C(C)C)C(=O)O)cc(O)cc1-c1c(O)ccc(c13)O2,0
COCCn1cc(-c2nc(-c3cn(C)c4ccccc34)cs2)c2cc(F)ccc21,1
COCCn1cc(-c2nc(-c3c[nH]c4ccccc34)cs2)c2cc(F)ccc21,1
COc1ccc2ncc(F)c(/C=C/CN3CCN(CCSc4cccs4)C[C@@H]3C(=O)O)c2c1,1
COc1ccc2ncc(F)c(/C=C\CN3CCN(CCSc4cccs4)C[C@@H]3C(=O)O)c2c1,1
COc1ccc2ncc(F)c(C#CCN3CCN(CCSc4cccs4)C[C@@H]3C(=O)O)c2c1,1
COc1ccc2ncc(F)c(CCCN3CCN(C/C=C/c4ccccc4)C[C@@H]3C(=O)O)c2c1,1
COc1ccc2ncc(F)c(CCCN3CCN(CCc4ccccc4)C[C@@H]3C(=O)O)c2c1,1
COc1ccc2ncc(F)c(CCCN3CCN(CCCCc4ccccc4)C[C@@H]3C(=O)O)c2c1,1
COc1ccc2ncc(F)c(CCCN3CCN(C/C=C/c4cc(F)ccc4F)C[C@@H]3C(=O)O)c2c1,1
O=c1ccc2ncc(F)c3c2n1CC3C[C@H]1OC[C@H](NCc2ccc3c(c2)OCCO3)CO1,1
COc1ccc2ncc(F)c(C[C@H](O)[C@H]3OC[C@H](NC(=O)c4ccc5c(c4)OCCO5)CO3)c2n1,1
O=c1ccc2ncc(F)c3c2n1CC3C[C@H]1OC[C@H](NCc2cc3c(cn2)OCCC3)CO1,0
O=c1ccc2ncc(F)c3c2n1CC3C[C@H]1OC[C@H](NCc2cc3c(nn2)OCCS3)CO1,0
O=c1ccc2ccc(F)c3c2n1CC3C[C@H]1OC[C@H](NCc2cc3c(nn2)OCCS3)CO1,0
O=C1COc2ccc(CN[C@H]3CO[C@H](CC4Cn5c(=O)ccc6ncc(F)c4c65)OC3)nc2N1,0
O=C1COc2ccc(CN[C@H]3CO[C@H](CC4Cn5c(=O)ccc6ccc(F)c4c65)OC3)nc2N1,0
O=C1CSc2ccc(CN[C@H]3CO[C@H](CC4Cn5c(=O)ccc6ncc(F)c4c65)OC3)nc2N1,0
COc1ccc2ncc(F)c(C[C@H](O)[C@H]3OC[C@H](NC(=O)c4ccc5c(n4)NC(=O)CS5)CO3)c2n1,1
O=c1ccc2ncc(=O)n3c2n1CC3CN1CCC(NCc2cc3c(cn2)OCCC3)CC1,1
COc1ccc2ncc(F)c(C[C@H](O)[C@H]3OC[C@H](NC(=O)c4ccc5c(n4)NC(=O)CO5)CO3)c2n1,1
O=C(NC[C@]1(O)CO[C@H](CN2C(=O)c3ccccc3C2=O)[C@H]1O)c1ccccc1,0
O=C(NC[C@]1(O)CO[C@H](CN2C(=O)c3ccccc3C2=O)[C@H]1O)c1ccccc1Cl,1
O=C(NC[C@@H]1O[C@H](CNC(=O)c2ccccc2Cl)[C@@H](O)[C@H]1O)c1ccccc1,0
OC[C@H]1O[C@@H](Sc2ccc3ccccc3c2)[C@H](O)[C@@H](O)[C@H]1O,0
O=C1C=C(c2ccc(O)cc2)[C@]2(O1)O[C@]1(OC(=O)C=C1c1ccc(O)cc1)C(c1ccc(O)c(Br)c1)=C2c1ccc(O)cc1,0
O=C1C=C(c2cc(Br)c(O)c(Br)c2)[C@]2(O1)O[C@]1(OC(=O)C=C1c1cc(Br)c(O)c(Br)c1)C(c1ccc(O)c(Br)c1)=C2c1ccc(O)cc1,0
COc1ccc(-c2coc3c(CC=C(C)C)c(O)cc(O)c3c2=O)cc1O,0
CC(C)(O)CCc1c(O)cc(O)c2c(=O)c(-c3ccc(O)c(O)c3)coc12,0
COc1cc(-c2coc3c(CCC(C)(C)O)c(O)cc(O)c3c2=O)ccc1O,0
COc1ccc(-c2coc3c(CCC(C)(C)O)c(O)cc(O)c3c2=O)cc1O,0
NC[C@H]1O[C@@H](O[C@@H](C#Cc2ccccc2)[C@@]23CO[C@@H]([C@H](n4ccc(=O)[nH]c4=O)O2)[C@@H]3O)[C@H](O)[C@@H]1O,0
COc1cc(C)c(C(=O)N[C@@H]2[C@@H](C)O[C@@H](O[C@H]3CC[C@H](C)[C@@H]4[C@@H]3C=C(C)[C@H]3/C(C)=C/CC/C(C)=C/[C@@H]5C=C(C(=O)O)[C@H](C)C[C@]56OC(=O)C(=C6O)C(=O)[C@@]43C)[C@H](O)[C@]2(C)O)c(O)c1,0
COc1cc(C)c(C(=O)N[C@@H]2[C@@H](C)O[C@@H](O[C@H]3CC[C@H](C)[C@@H]4[C@@H]3C=C(C)[C@H]3/C(C)=C/CC/C(C)=C/[C@]5(C)C=C(C(=O)O)[C@H](C)C[C@]56OC(=O)C(=C6O)C(=O)[C@@]43C)[C@H](O)[C@]2(C)O)c(O)c1,0
COc1cc(C)c(C(=O)O[C@H]2[C@@H](O)[C@@H](O)[C@H](O[C@H]3CC[C@H](C)[C@@H]4[C@@H]3C=C(C)[C@H]3/C(C)=C/CC/C(C)=C/[C@@H]5C=C(C(=O)O)[C@H](C)C[C@]56OC(=O)C(=C6O)C(=O)[C@@]43C)O[C@@H]2C)c(O)c1,0
COc1cc(C)c(C(=O)O[C@H]2[C@@H](O)[C@@H](O)[C@H](O[C@H]3CC[C@H](C)[C@@H]4[C@@H]3C=C(C)[C@H]3/C(C)=C/CC/C(C)=C/[C@]5(C)C=C(C(=O)O)[C@H](C)C[C@]56OC(=O)C(=C6O)C(=O)[C@@]43C)O[C@@H]2C)c(OC)c1,0
COc1cc(C)c(C(=O)O[C@H]2[C@@H](O)[C@H](O[C@H]3CC[C@H](C)[C@@H]4[C@@H]3C=C(C)[C@H]3/C(C)=C/CC/C(C)=C/[C@@H]5C=C(C(=O)O)[C@H](C)C[C@]56OC(=O)C(=C6O)C(=O)[C@@]43C)O[C@H](C)[C@H]2O)c(O)c1,0
COc1cc(C)c(C(=O)O[C@H]2[C@@H](O)[C@H](O[C@H]3CC[C@H](C)[C@@H]4[C@@H]3C=C(C)[C@H]3/C(C)=C/CC/C(C)=C/[C@]5(C)C=C(C(=O)O)[C@H](C)C[C@]56OC(=O)C(=C6O)C(=O)[C@@]43C)O[C@H](C)[C@H]2O)c(O)c1,0
COc1cc(C)c(C(=O)O[C@H]2[C@H](O[C@H]3CC[C@H](C)[C@@H]4[C@@H]3C=C(C)[C@H]3/C(C)=C/CC/C(C)=C/[C@@H]5C=C(C(=O)O)[C@H](C)C[C@]56OC(=O)C(=C6O)C(=O)[C@@]43C)O[C@H](C)[C@@H](O)[C@H]2O)c(O)c1,0
COc1cc(C)c(C(=O)O[C@H]2[C@H](O[C@H]3CC[C@H](C)[C@@H]4[C@@H]3C=C(C)[C@H]3/C(C)=C/CC/C(C)=C/[C@]5(C)C=C(C(=O)O)[C@H](C)C[C@]56OC(=O)C(=C6O)C(=O)[C@@]43C)O[C@H](C)[C@@H](O)[C@H]2O)c(O)c1,0
CC1=C[C@@]2(C)/C=C(\C)CC/C=C(\C)[C@@H]3C(C)=C[C@H]4[C@@H]([C@@H](C)CC[C@@H]4O)[C@]3(C)C(=O)C3=C(O)[C@@]2(C[C@H]1C)OC3=O,0
CC(=O)O[C@H]1CC[C@H](C)[C@@H]2[C@@H]1C=C(C)[C@H]1/C(C)=C/CC/C(C)=C/[C@@H]3C=C(C)[C@H](C)C[C@]34OC(=O)C(=C4O)C(=O)[C@@]21C,1
CC(=O)O[C@H]1CC[C@H](C)[C@@H]2[C@@H]1C=C(C)[C@H]1/C(C)=C/CC/C(C)=C/[C@]3(C)C=C(C)[C@H](C)C[C@]34OC(=O)C(=C4O)C(=O)[C@@]21C,0
CCCCC(=O)O[C@H]1CC[C@H](C)[C@@H]2[C@@H]1C=C(C)[C@H]1/C(C)=C/CC/C(C)=C/[C@]3(C)C=C(C)[C@H](C)C[C@]34OC(=O)C(=C4O)C(=O)[C@@]21C,1
C[C@]12CC34C=CC(=O)[C@@](C)(CCC(=O)Nc5c(O)ccc(C(=O)O)c5O)[C@@H]3[C@H](C[C@@H]1C4)O2,1
C=C1C[C@@]23C=CC(=O)[C@@](C)(CCC(=O)Nc4c(O)ccc(C(=O)O)c4O)[C@@H]2C[C@@H]1CC3,0
CCCCCCCCCCCCCC(=O)Nc1nc(Cl)cc(N2CCNCC2)n1,0
CN(C)c1ccc(/C=C/c2cc(N3CCCCC3)c3ccccc3[n+]2C)cc1.[I-],0
CC1CCN(c2cc(/C=C/c3ccc(N(C)C)cc3)[n+](C)c3ccccc23)CC1.[I-],0
CCCCCNc1cc(/C=C/c2ccc(N(C)C)cc2)[n+](C)c2ccccc12.[I-],0
CC1CCN(c2cc(/C=C/c3ccc(N(C)C)cc3)c3ccccc3[n+]2C)CC1.[I-],0
C[C@@H]1CN2c3c(cc4c(N5CC[C@H](O)C5)noc4c3F)CC3(C(=O)NC(=O)NC3=O)[C@H]2[C@H](C)O1,0
C[C@@H]1CN2c3c(cc4c(N5C[C@@H](O)[C@H](O)C5)noc4c3F)CC3(C(=O)NC(=O)NC3=O)[C@H]2[C@H](C)O1,0
C[C@@H]1CN2c3c(cc4c(N5C(=O)OC[C@@H]5C)noc4c3F)CC3(C(=O)NC(=O)NC3=O)[C@H]2[C@H](C)O1,0
C[C@@H]1CN2c3c(cc4c(N5CC[C@H](O)C5)noc4c3F)CC3(C(=O)NC(=O)NC3=O)[C@H]2[C@H](C)N1C#N,0
COC(=O)c1c(NC(=O)N[C@@H](C(=O)N[C@@H]2C(=O)N3C(C(=O)O)=C(C)CS[C@H]23)c2ccccc2)sc2c1CCCCCC2,1
CC1(C)S[C@@H]2[C@H](NC(=O)[C@H](N)c3ccc(O)cc3)C(=O)N2[C@H]1C(=O)O,1
COC(=O)c1c(NC(=O)N[C@@H](C(=O)N[C@@H]2C(=O)N3[C@@H]2SC(C)(C)[C@@H]3C(=O)O)c2ccc(O)cc2)sc2c1CCCCCC2,1
COC(=O)c1c(NC(=O)N[C@@H](C(=O)N[C@@H]2C(=O)N3[C@@H]2SC(C)(C)[C@@H]3C(=O)O)c2ccccc2)sc2c1CCCCCC2,1
COC(=O)c1ccsc1NC(=O)N[C@@H](C(=O)N[C@@H]1C(=O)N2C(C(=O)O)=C(C)CS[C@H]12)c1ccccc1,1
COC(=O)c1ccsc1NC(=O)N[C@@H](C(=O)N[C@@H]1C(=O)N2[C@@H]1SC(C)(C)[C@@H]2C(=O)O)c1ccc(O)cc1,1
COC(=O)c1ccsc1NC(=O)N[C@@H](C(=O)N[C@@H]1C(=O)N2[C@@H]1SC(C)(C)[C@@H]2C(=O)O)c1ccccc1,1
CC1=C(C(=O)O)N2C(=O)[C@@H](NC(=O)[C@H](N)c3ccccc3)[C@H]2SC1,1
CO[C@H]1[C@@H](O)[C@H](n2ccc(=O)[nH]c2=O)O[C@@H]1[C@@H](O[C@H]1OC(C(=O)N[C@H]2CCCCNC2=O)=C[C@H](O)[C@@H]1O)C(N)=O,1
NC(=O)[C@H](O[C@H]1OC(C(=O)N[C@H]2CCCCNC2=O)=C[C@H](O)[C@@H]1O)[C@H]1O[C@@H](n2ccc(=O)[nH]c2=O)[C@H](O)[C@@H]1O,0
CO[C@H]1[C@@H](O)[C@H](n2ccc(=O)[nH]c2=O)O[C@@H]1[C@H](O[C@H]1OC(C(=O)N[C@H]2CCCCNC2=O)=C[C@H](O)[C@@H]1O)C(N)=O,0
CO[C@H]1[C@@H](O)[C@H](n2ccc(=O)[nH]c2=O)O[C@@H]1[C@H](C#N)O[C@H]1OC(C(=O)N[C@H]2CCCCNC2=O)=C[C@H](O)[C@@H]1O,0
O=C(N[C@H]1CCCCNC1=O)C1=C[C@H](O)[C@H](O)[C@@H](OC[C@H]2O[C@@H](n3ccc(=O)[nH]c3=O)[C@H](O)[C@@H]2O)O1,0
CC(C)C[C@H](NC(=O)OCc1ccccc1)C(=O)N1CCC[C@H]1C(=O)N[C@@H](C)C(=O)N[C@H](C(=O)C[N+]#N)[C@@H](C)O,0
CC(C)C[C@H](NC(=O)OCc1ccccc1)C(=O)N1CCC[C@H]1C(=O)N[C@@H](C)C(=O)N[C@H](C(=O)CCl)[C@@H](C)O,0
CC(C)C[C@H](N)C(=O)N1CCC[C@H]1C(=O)N[C@@H](CCCNC(=N)N)C(=O)N[C@@H](CC(=O)O)C(=O)N[C@@H](C)C(=O)O,0
O=C(c1nc(-c2c[nH]c3ccccc23)c[nH]1)c1c[nH]c2ccccc12,0
O=C(c1nc(-c2c[nH]c3cc(Br)ccc23)c[nH]1)c1c[nH]c2cc(O)ccc12,0
O=C1NC(c2c[nH]c3cc(Br)ccc23)CN=C1c1c[nH]c2ccccc12,0
O=C(NCCSSCCNC(=O)/C(Cc1ccc(O)c(Br)c1)=N/O)/C(Cc1ccc(O)c(Br)c1)=N/O,0
COc1cc2ccnc3c2c(c1O)N(C)C=C3,0
COc1cc(/C=C/C(=O)CC(=O)/C=C/c2ccc(O)c(OC)c2)ccc1O,0
COc1cc(/C=C/C(=O)CC(=O)/C=C/c2ccc(O)cc2)ccc1O,0
C[C@@H]1O[C@@H](OC2=C(c3ccc(O)c(O)c3)Oc3cc(O)cc(O)c3[C@@H]2O)[C@H](O)[C@H](O)[C@H]1O,0
O=C(/C=C/c1ccc(O)c(O)c1)O[C@@H]1C[C@](O)(C(=O)O)C[C@@H](O)[C@H]1O,0
O=C(/C=C/c1ccc(O)c(O)c1CCc1ccc(O)c(O)c1)O[C@@H](Cc1ccc(O)c(O)c1)C(=O)O,0
O=c1c(O)c(-c2ccc(O)c(O)c2)oc2cc(O)cc(O)c12,0
O=c1c(O)c(-c2cc(O)c(O)c(O)c2)oc2cc(O)cc(O)c12,0
COc1ccc(-c2coc3cc(O)ccc3c2=O)cc1,0
O=c1cc(-c2ccc(O)cc2)oc2cc(O)c([C@@H]3O[C@H](CO)[C@@H](O)[C@H](O)[C@H]3O)c(O)c12,0
O=c1ccc2cc(O)c(O)cc2o1,0
COc1ccc(CCc2cc(OC)c(OC)c(OC)c2)cc1O,0
O=C(/C=C/c1ccccc1)c1ccccc1,0
CCOc1c([S-])cnn(-c2ccccc2)c1=O.[Na+],0
CCOc1c(SSc2cnn(-c3cccc(F)c3)c(=O)c2OCC)cnn(-c2cccc(F)c2)c1=O,1
CCOc1c(SSc2cnn(-c3cccc(OC)c3)c(=O)c2OCC)cnn(-c2cccc(OC)c2)c1=O,1
CCOc1c(SSc2cnn(-c3cccc(C(=N)N)c3)c(=O)c2OCC)cnn(-c2cccc(C(=N)N)c2)c1=O,1
O=c1c(OCCO)c(SSc2cnn(-c3ccccc3)c(=O)c2OCCO)cnn1-c1ccccc1,1
O=c1c(OCCCO)c(SSc2cnn(-c3ccccc3)c(=O)c2OCCCO)cnn1-c1ccccc1,1
O=c1c(OCCO)c(SSc2cnn(-c3cccc(F)c3)c(=O)c2OCCO)cnn1-c1cccc(F)c1,1
O=c1c(OCCCO)c(SSc2cnn(-c3cccc(F)c3)c(=O)c2OCCCO)cnn1-c1cccc(F)c1,1
O=C(O)COc1ccccc1C1Nc2cccc3cccc(c23)N1,0
O=[N+]([O-])c1ccc(C2Nc3cccc4cccc(c34)N2)cc1,0
Clc1ccc(C2Nc3cccc4cccc(c34)N2)cc1,0
Clc1ccccc1-c1nn2c(-c3ccncc3)nnc2s1,0
O=S(=O)([O-])c1cccc(-c2nn3c(-c4ccncc4)nnc3s2)c1.[Na+],0
CC(=O)/C(=N/Nc1ccc(Cl)c(Cl)c1)C(=O)O,0
CC(=O)/C(=N/Nc1ccc([N+](=O)[O-])cc1)C(=O)O,0
CC(=O)/C(=N/Nc1ccccc1)C(=O)O,0
CCOC(=O)/C(=N\Nc1c(F)cccc1F)C(=O)c1cc(C)nn1CC,0
Cc1cc(C(=O)/C(=N/Nc2c(F)cccc2F)C(=O)O)no1,0
Cc1cc(C(=O)/C(=N/Nc2ccc(Cl)c(Cl)c2)C(=O)O)no1,1
CCOC(=O)/C(=N\Nc1ccc(Cl)c(Cl)c1)C(=O)c1cc(C)nn1CC,0
CC(C)CCCC/C=C\CCCCCCCC(=O)O,0
Cc1cccc(Cl)c1Cc1c(Cl)n(Cc2cccs2)ccc1=O,1
CC(=O)c1cc2c(=O)c3c(C(=O)O)c(O)c(O)cc3oc2c(C(C)=O)c1-c1coc2cc(O)c(O)c(C(=O)O)c2c1=O,1
CC1CC(=O)c2c(cc3c(-c4c(O)cc(O)c5c(O)c6c(cc45)OC(C)CC6=O)c(O)cc(O)c3c2O)O1,0
CN1C(=O)[C@@H](c2cc(Cl)c(O)c(Cl)c2)NC(=O)[C@@H]2NC(=O)[C@@H](c3cc(Cl)c(O)c(Cl)c3)NC(=O)[C@H](NC(=O)C(=O)c3cc(Cl)c(O)c(Cl)c3)Cc3c[nH]c4c(cccc34)-c3cc2cc(c3O)Oc2ccc(cc2)C[C@H]1C(=O)N[C@@H](C(=O)O)c1ccc(O)cc1,1
CN1C(=O)[C@@H](c2cc(Cl)c(O)c(Cl)c2)NC(=O)[C@@H]2NC(=O)[C@@H](c3cc(Cl)c(O)c(Cl)c3)NC(=O)[C@H](NC(=O)C(=O)c3cc(Cl)c(O)c(Cl)c3)CC3C(=O)Nc4cc(ccc43)-c3cc2cc(c3O)Oc2ccc(cc2)C[C@H]1C(=O)N[C@@H](C(=O)O)c1ccc(O)cc1,1
CCCCCCCCCCCCCCCCc1cc(OC2OC(CO)C(O)C(O)C2O)cc(O)c1C(=O)Oc1cc(C)c(C(=O)O)c(O)c1,0
CC(C)CCC/C=C\CCCCCCCC(=O)O,0
C=CC(C)(C)C12C=C(O)C(=O)N3/C(=C/c4cnc[nH]4)C(=O)NC31N(OC)c1ccccc12,0
CC(C)=CCc1c(O)ccc(C(=O)[C@H]2[C@@H](c3c(O)cc(-c4cc5ccc(O)cc5o4)cc3O)C=C(C)C[C@@H]2c2ccc(O)cc2O)c1O,0
CCC(CC)c1cc([C@H]2CN3CC[C@H]2C[C@@H]3CNCc2ccc(CO)o2)nc(-c2ccncc2)n1,0
CCC(CC)c1cc([C@H]2CN3CC[C@H]2C[C@@H]3CNCc2ccco2)nc(-c2ccncc2)n1,0
COc1ccc2cc3[n+](cc2c1OC)CCc1cc2c(cc1-3)OCO2,0
COc1ccc2cc3[n+](cc2c1OCCCOc1ccc(Cl)cc1)CCc1cc2c(cc1-3)OCO2.[Br-],0
CCCc1cc(N)cc(N)c1Cc1cc(/C=C/C(=O)N2N=Cc3ccccc3C2C=C(C)C)c(OC)c(OC)c1,1
CCc1nc(N)nc(N)c1C#C[C@@H](C)c1cc(OC)cc(-c2ccncc2)c1,1
CC[C@@H]1CC[C@H]2C(CC)(CC)[C@H](O)CC[C@]2(CC)[C@@]12Cc1c(O)cc3c(c1O2)COC3=O,0
CCn1cc(C(=O)N[C@H](CCCNC(=N)N)C(=O)N[C@@H](CC2CCCCC2)C(=O)N[C@H](CCCNC(=N)N)C(=O)N[C@@H](CC2CCCCC2)C(=O)N[C@H](CCCNC(=N)N)C(=O)N[C@@H](CC2CCCCC2)C(N)=O)c(=O)c2ccc(C)nc21,0
CCn1cc(C(=O)N[C@@H](CC2CCCCC2)C(=O)N[C@H](CCCNC(=N)N)C(=O)N[C@@H](CC2CCCCC2)C(=O)N[C@H](CCCNC(=N)N)C(=O)N[C@@H](CC2CCCCC2)C(=O)N[C@H](CCCNC(=N)N)C(=O)N[C@@H](CC2CCCCC2)C(N)=O)c(=O)c2ccc(C)nc21,0
Cc1ccc(C(=O)Nc2ccc(NC(=O)CCC(=O)NN)cc2)o1,0
C=C1CCC2[C@](C)(CO)C(=O)CC[C@@]2(C)[C@@H]1C/C=C1/C(=O)OC[C@@H]1Oc1cccc2cccnc12,0
C=C1CCC2[C@](C)(CO)[C@H](O)CC[C@@]2(C)[C@@H]1C/C=C1/C(=O)OC[C@@H]1Oc1cccc2cccnc12,0
CCc1c2[nH]c(=O)[nH]c(=O)c2nn1CC1CCC1,0
COc1ccc(Nc2ncnc3c2C(c2ccc(OC)cc2)c2c(cc(C)oc2=O)O3)cc1,0
COc1cc(=O)n(C)c2ccccc12,0
C[C@@H]1O[C@@H](Oc2c(-c3ccc(O)cc3)oc3cc(O)cc(O)c3c2=O)[C@H](OC(=O)/C=C/c2ccc(O)cc2)[C@H](O)[C@H]1OC(=O)/C=C/c1ccc(O)cc1,0
Cc1[nH]c(C(=O)Nc2nc3c(N4CCOCC4)cc(C(=O)O)cc3s2)c(Cl)c1Cl,1
CO[C@@H]1[C@@H](OC(=O)c2ccc(C)[nH]2)[C@@H](O)[C@H](Oc2ccc3c(O)c(NC(=O)c4c[nH]c(C(=O)Nc5c(O)c6ccc(O[C@@H]7OC(C)(C)[C@H](OC)[C@@H](OC(=O)c8ccc(C)[nH]8)[C@H]7O)c(C)c6oc5=O)c4C)c(=O)oc3c2C)OC1(C)C,0
C=C1CC[C@@H](O[C@H]2C[C@@](O)([C@H](C)NC(=O)c3[nH]c(C)c(Cl)c3Cl)[C@H](O)[C@@H](C)O2)[C@@H]2CC[C@H](C)[C@H](/C(O)=C3\C(=O)[C@H](C(C)C)N([C@@H]4O[C@@H](C)[C@@H](OC(N)=O)[C@@H](OC(C)=O)[C@H]4OC)C3=O)[C@@H]12,1
C=C1CC[C@@H](O[C@H]2C[C@@](O)([C@H](C)NC(=O)c3[nH]cc(Cl)c3Cl)[C@H](O)[C@@H](C)O2)[C@@H]2CC[C@H](C)[C@H](/C(O)=C3\C(=O)[C@H](C(C)C)N([C@@H]4O[C@@H](C)[C@@H](OC(N)=O)[C@@H](OC(C)=O)[C@H]4OC)C3=O)[C@@H]12,0
CO[C@H]1[C@@H](O)[C@H](n2ccc(=O)[nH]c2=O)O[C@@H]1[C@@H](O[C@@H]1OC(C(=O)N[C@H]2CCC[C@@H](C)NC2=O)=C[C@@H](O)[C@H]1O)C(N)=O,1
COC(=O)C1=C[C@@H](O)[C@@H](O)[C@H](O[C@@H](C(N)=O)[C@H]2O[C@@H](n3ccc(=O)[nH]c3=O)[C@H](O)[C@@H]2OC)O1,1
NC[C@H]1O[C@@H](O[C@@H](CCc2ccccc2)[C@H]2O[C@@H](n3ccc(=O)[nH]c3=O)[C@H](O)[C@@H]2O)[C@H](O)[C@@H]1O,0
NC[C@H]1O[C@@H](O[C@@H](C#Cc2cccc(NS(=O)(=O)c3ccccc3)c2)[C@H]2O[C@@H](n3ccc(=O)[nH]c3=O)[C@H](O)[C@@H]2O)[C@H](O)[C@@H]1O,1
NC[C@H]1O[C@@H](O[C@@H](C#Cc2cccc(-c3ccccc3)c2)[C@H]2O[C@@H](n3ccc(=O)[nH]c3=O)[C@H](O)[C@@H]2O)[C@H](O)[C@@H]1O,1
NC[C@H]1O[C@@H](O[C@@H](C#Cc2ccc(-c3ccccc3)cc2)[C@H]2O[C@@H](n3ccc(=O)[nH]c3=O)[C@H](O)[C@@H]2O)[C@H](O)[C@@H]1O,1
NC[C@H]1O[C@@H](O[C@@H](C#Cc2ccc(NC(=O)c3ccccc3)cc2)[C@H]2O[C@@H](n3ccc(=O)[nH]c3=O)[C@H](O)[C@@H]2O)[C@H](O)[C@@H]1O,0
NC[C@H]1O[C@@H](O[C@@H](C#Cc2cccc(C(=O)Nc3ccccc3)c2)[C@H]2O[C@@H](n3ccc(=O)[nH]c3=O)[C@H](O)[C@@H]2O)[C@H](O)[C@@H]1O,0
NC[C@H]1O[C@@H](O[C@@H](C#Cc2ccc(C(=O)Nc3ccccc3)cc2)[C@H]2O[C@@H](n3ccc(=O)[nH]c3=O)[C@H](O)[C@@H]2O)[C@H](O)[C@@H]1O,1
NC[C@H]1O[C@@H](O[C@@H](C#Cc2ccc(NS(=O)(=O)c3ccccc3)cc2)[C@H]2O[C@@H](n3ccc(=O)[nH]c3=O)[C@H](O)[C@@H]2O)[C@H](O)[C@@H]1O,0
CC(=O)OC[C@H]1O[C@@H](NC(=S)Nc2nc(-c3ccc(Cl)cc3)cs2)[C@H](OC(C)=O)[C@@H](OC(C)=O)[C@@H]1OC(C)=O,0
COc1ccc(-c2csc(NC(=S)N[C@@H]3O[C@H](COC(C)=O)[C@@H](OC(C)=O)[C@H](OC(C)=O)[C@H]3OC(C)=O)n2)cc1,0
COc1ccc(-c2csc(NC(=S)N[C@@H]3O[C@H](COC(C)=O)[C@@H](OC(C)=O)[C@H](OC(C)=O)[C@H]3OC(C)=O)n2)cc1[N+](=O)[O-],0
COC(=O)[C@@]12Oc3cc(C)c(-c4c(C)cc5c(c4O)C(=O)C4C(O)=CC[C@@H](O)[C@]4(C(=O)OC)O5)c(O)c3C(=O)C1=C(O)CC[C@H]2O,0
CCCCCCCCCCCCOC(=O)C[N+](C)(C)CCC[N+](C)(C)CC(=O)OCCCCCCCCCCCC.[Br-].[Br-],0
Cn1cc(-c2csc(-c3cn(CCN)c4ccc(F)cc34)n2)c2cccnc21,0
COCCn1cc(-c2nc(-c3c[nH]c4ncccc34)cs2)c2cc(Br)ccc21,0
COCCn1cc(-c2nc(-c3cn(C)c4ncccc34)cs2)c2cc(Br)ccc21,0
COCCn1cc(-c2nc(-c3cn(C)c4ncccc34)cs2)c2cc(F)ccc21,1
CC(C)(C)OC(=O)NCCn1cc(-c2nc(-c3c[nH]c4ncccc34)cs2)c2ccccc21,0
COCCn1cc(-c2csc(-c3cn(C(=O)OC(C)(C)C)c4ccccc34)n2)c2cccnc21,0
O=P([O-])([O-])C(CCCc1ccc(-c2ccc(Br)cc2)cc1)S(=O)(=O)[O-].[K+].[K+].[K+],1
O=P(O)(O)C(CCCc1ccc(-c2ccccc2)cc1)P(=O)(O)O,1
CCCCCc1nc2ccccc2c(=O)n1NC(=O)c1c(O)c2ccccc2n(CC)c1=O,0
COc1ccc2nccc(OC[C@H]3CC[C@H](NCc4cc(F)c(Br)c(F)c4)CC3)c2n1,1
COc1ccc2nccc(OC[C@@H]3CC[C@@H](NCc4cc(F)c(Br)c(F)c4)CO3)c2n1,1
COc1ccc2nccc(CCN3CCC(NC(=O)c4cc(F)c(Cl)c(F)c4)CC3)c2n1,1
COc1ccc2nccc(CCN3CCC(NC(=O)c4cc(F)c(Br)c(F)c4)CC3)c2n1,1
COc1ccc2nccc(CCN3CCC(NC(=O)c4ccc(I)c(F)c4)CC3)c2n1,1
COc1ccc2nccc(OC[C@@H]3CC[C@@H](NC(=O)c4cc(F)c(Cl)c(F)c4)CO3)c2n1,1
COc1ccc2nccc(OC[C@@H]3CC[C@@H](NC(=O)c4cc(F)c(Br)c(F)c4)CO3)c2n1,1
COc1ccc2nccc(OC[C@@H]3CC[C@@H](NC(=O)c4ccc(I)c(F)c4)CO3)c2n1,1
COc1ccc2c(c1OC)C(=O)c1ccc(/C=C(/C)CC(=O)O)c(O)c1C2=O,0
Cn1c(C2CC(=O)N(c3cccc4ccccc34)C2)nc2ccccc21,0
Cn1ccc2c(N3CC(c4nc5ccccc5n4C)CC3=O)cccc21,0
CCCCCc1ccc(C(=O)NCCn2cc(CCCCCc3[nH]cnc3-c3ccc4c(c3)OCO4)nn2)cc1,0
CCCCCc1ccc(C(=O)NCCn2cc(CCCCCc3[nH]cnc3-c3cnc4ccccc4c3)nn2)cc1,0
CCCCCc1ccc(C(=O)NCCn2cc(CCCCCc3[nH]cnc3-c3ccoc3)nn2)cc1,0
Nc1nc2cc(NC(=O)c3c(Cl)c(Cl)c(Cl)c(Cl)c3C(=O)O)ccc2[nH]1,0
O=S(=O)(c1ccc2nc3s/c(=N/N=C\c4cccs4)n(-c4ccc(Cl)cc4)c3nc2c1)N1CCOCC1,0
COC(=O)CC(=O)Nc1nc2c(s1)C[C@@H](NC(=O)c1[nH]c(C)c(Br)c1Cl)CC2,0
COc1cc(C(C)C)c(Oc2cnc(N)nc2N)cc1I,1
CCCOc1cc(C(C)C)c(Oc2cnc(N)nc2N)cc1I,1
CCCCOc1cc(C(C)C)c(Oc2cnc(N)nc2N)cc1I,1
CCCCCOc1cc(C(C)C)c(Oc2cnc(N)nc2N)cc1I,1
CC(C)c1cc(OCC2CCCC2)c(I)cc1Oc1cnc(N)nc1N,1
COc1cc(C(C)C)c(Oc2cnc(N)nc2N)cc1-c1ccc(Cl)cc1,1
COc1cc(C(C)C)c(Oc2cnc(N)nc2N)cc1-c1ccc2ccccc2c1,1
COc1cc(C(C)C)c(Oc2cnc(N)nc2N)cc1-c1ccc(F)cc1,1
COc1cc(C(C)C)c(Oc2cnc(N)nc2N)cc1-c1ccc(C)cc1,1
COc1cc(C(C)C)c(Oc2cnc(N)nc2N)cc1-c1ccc(C(F)(F)F)cc1,1
COc1cc(C(C)C)c(Oc2cnc(N)nc2N)cc1-c1ccc(OC(F)(F)F)cc1,1
COc1cc(C(C)C)c(Oc2cnc(N)nc2N)cc1-c1ccc(C(=O)O)cc1,1
COc1cc(C(C)C)c(Oc2cnc(N)nc2N)cc1-c1ccc2c(c1)OCO2,1
COc1cc(C(C)C)c(Oc2cnc(N)nc2N)cc1-c1ccc(C(C)C)cc1,1
COc1cc(C(C)C)c(Oc2cnc(N)nc2N)cc1-c1ccc(C(C)(C)C)cc1,1
COc1cc(C(C)C)c(Oc2cnc(N)nc2N)cc1-c1cccc(C(F)(F)F)c1,1
COc1cc(C(C)C)c(Oc2cnc(N)nc2N)cc1-c1cc(F)cc(F)c1,1
COc1cc(C(C)C)c(Oc2cnc(N)nc2N)cc1-c1cc(Cl)cc(Cl)c1,1
COc1cc(C(C)C)c(Oc2cnc(N)nc2N)cc1-c1ccc(Cl)c(C(F)(F)F)c1,1
CCc1cc(Oc2cnc(N)nc2N)c(C(C)C)cc1OC,1
COc1cc(C(C)C)c(Oc2cnc(N)nc2N)cc1C1CC1,1
COc1cc(C(C)C)c(Oc2cnc(N)nc2N)cc1CC(C)C,1
COc1ccc(Oc2cnc(N)nc2N)cc1-c1ccc(C(F)(F)F)cc1,1
COc1ccc(Oc2cnc(N)nc2N)cc1-c1ccc(OC(F)(F)F)cc1,1
CC(C)=CCC[C@@]1(C)C=Cc2c(ccc3c2[nH]c2ccc(C=O)cc23)O1,0
COc1ccc2[nH]c3c4c(c(C)cc3c2c1)OC(C)(C)C=C4,0
COc1cc2[nH]c3c4c(c(C)cc3c2cc1OC)OC(C)(C)C=C4,0
O=C(NCCCC[C@@H]1CN=C(c2cccc(O)c2O)N1)c1cccc(O)c1O,0
COc1ccc(/C=C/C=C2C(=O)NC(=S)NC2=O)cc1,0
COc1ccc(/C(C#N)=C/C=C2C(=O)NC(=O)NC2=O)cc1,0
O=C1NC(=O)C(=C/C=C/c2ccccc2)C(=O)N1,0
O=C1NC(=O)C(=C/C=C/c2ccccc2Cl)C(=O)N1,0
O=C1NC(=O)C(=C/C=C/c2cccc(Cl)c2)C(=O)N1,0
O=C1NC(=O)C(=C/C=C/c2ccc(Cl)cc2)C(=O)N1,0
O=C1NC(=O)C(=C/C=C/c2ccc(Cl)c(Cl)c2)C(=O)N1,0
O=C1NC(=O)C(=C/C=C/c2cc(Cl)cc(Cl)c2)C(=O)N1,0
COc1cccc(/C=C/C=C2C(=O)NC(=O)NC2=O)c1,0
O=C1NC(=O)C(=C/C=C/c2ccc(F)cc2)C(=O)N1,0
O=C1NC(=O)C(=C/C=C/c2ccc(Br)cc2)C(=O)N1,1
O=C1NC(=O)C(=C/C=C/c2ccc([N+](=O)[O-])cc2)C(=O)N1,0
O=C1NC(=O)C(=C/C=C/c2ccc(C(F)(F)F)cc2)C(=O)N1,0
Cc1ccc(/C=C/C=C2C(=O)NC(=O)NC2=O)cc1,0
CC(C)c1ccc(/C=C/C=C2C(=O)NC(=O)NC2=O)cc1,0
COC(=O)c1ccc(/C=C/C=C2C(=O)NC(=O)NC2=O)cc1,0
CC(=O)Oc1ccc(/C=C/C=C2C(=O)NC(=O)NC2=O)cc1,0
O=C1NC(=O)C(=C/C=C/c2ccco2)C(=O)N1,0
COc1ccc(/C=C/C=C2C(=O)NC(=O)NC2=O)cn1,0
COc1ncc(/C=C/C=C2C(=O)NC(=O)NC2=O)cn1,0
CCCOc1ccc(/C=C/C=C2C(=O)NC(=O)NC2=O)cc1,1
COC(=O)COc1ccc(/C=C/C=C2C(=O)NC(=O)NC2=O)cc1,0
NC(=O)COc1ccc(/C=C/C=C2C(=O)NC(=O)NC2=O)cc1,1
O=C1NC(=O)C(=C/C=C/c2ccc(OCC(=O)c3ccco3)cc2)C(=O)N1,1
O=C1NC(=O)C(=C/C=C/c2ccc(OCC(=O)c3ccc[nH]3)cc2)C(=O)N1,1
O=C1NC(=O)C(=C/C=C/c2ccc(OCc3ccsc3)cc2)C(=O)N1,1
O=C1NC(=O)C(=C/C=C/c2ccc(OCc3ccccc3)cc2)C(=O)N1,1
Cc1ccc(COc2ccc(/C=C/C=C3C(=O)NC(=O)NC3=O)cc2)cc1,0
O=C1NC(=O)C(=C/C=C/c2ccc(OCc3ccc(F)cc3)cc2)C(=O)N1,1
O=C1NC(=O)C(=C/C=C/c2ccc(OCc3ccc(Cl)cc3)cc2)C(=O)N1,0
O=C1NC(=O)C(=C/C=C/c2ccc(OCc3ccc(C(F)(F)F)cc3)cc2)C(=O)N1,0
O=C1NC(=O)C(=C/C=C/c2ccc(OCc3ccc([N+](=O)[O-])cc3)cc2)C(=O)N1,0
N#Cc1ccc(COc2ccc(/C=C/C=C3C(=O)NC(=O)NC3=O)cc2)cc1,1
COc1ccc(COc2ccc(/C=C/C=C3C(=O)NC(=O)NC3=O)cc2)cc1,0
CC(=O)Oc1ccc(COc2ccc(/C=C/C=C3C(=O)NC(=O)NC3=O)cc2)cc1,1
CC(C)CCC(=O)Oc1ccc(/C=C/C=C2C(=O)NC(=O)NC2=O)cc1,0
O=C1NC(=O)C(=C/C=C/c2ccc(OC(=O)CNC(=O)OCc3ccccc3)cc2)C(=O)N1,0
O=C1NC(=O)C(=C/C=C/c2ccc(OC(=O)[C@H](CO)NC(=O)OCc3ccccc3)cc2)C(=O)N1,0
CC(C)C[C@H](NC(=O)OCc1ccccc1)C(=O)Oc1ccc(/C=C/C=C2C(=O)NC(=O)NC2=O)cc1,0
CSCC[C@H](NC(=O)OCc1ccccc1)C(=O)Oc1ccc(/C=C/C=C2C(=O)NC(=O)NC2=O)cc1,0
COc1ccc2ncc(F)c(CCN3CCC(C(O)Cc4ccc(C)cc4)CC3)c2n1,1
COc1ccc2ncc(F)c(CCN3CCC(C(N)Cc4ccc(C)cc4)CC3)c2n1,0
COc1ccc2ncc(F)c(CCN3CCC([C@H](O)[C@H](O)c4ccc(C)cc4)CC3)c2n1,1
C/C(Cn1cc(-c2csc(N)n2)c(=O)c2cc(F)c(Cl)cc21)=N\NC(N)=S,0
COc1cc(C2C(C(=O)c3cc4ccccc4o3)=C(O)C(=O)N2c2nnc(SCc3ccccc3Cl)s2)ccc1O,0
O=C(C1=C(O)C(=O)N(c2nnc(SCc3ccccc3Cl)s2)C1c1ccccc1O)c1cc2ccccc2o1,0
Cc1c(N)cccc1Cn1ccc(OCCc2cccs2)cc1=O,1
CCc1ccn(Cc2cccc(N)c2C)c(=O)c1,1
CCc1ccn(Cc2ccccc2C)c(=O)c1,1
CCc1ccn(Cc2ccccc2)c(=O)c1,1
CCc1ccn(Cc2ccccc2C#N)c(=O)c1,1
CCc1ccn(Cc2ccccc2Cl)c(=O)c1,1
Cc1ccn(Cc2ccccc2Cl)c(=O)c1,1
CCc1ccc(Oc2ccccc2)c(O)c1,1
Oc1ccccc1Oc1ccccc1,0
Cc1ccc(Oc2ccccc2)c(O)c1,1
Oc1cc(Cl)ccc1Oc1ccccc1,1
Oc1cc(F)ccc1Oc1ccccc1,1
O=C1CCc2cc(/C=C/C(=O)N3CCCC(Oc4ccccc4)C3)cnc2N1,0
COc1ccccc1C1=CCN(C(=O)/C=C/c2cnc3c(c2)CCC(=O)N3)CC1,1
O=C1CCc2cc(/C=C/C(=O)N3CCC(c4ccccc4)CC3)cnc2N1,1
O=C1CCc2cc(/C=C/C(=O)N3CCC(c4cccc(O)c4)CC3)cnc2N1,1
O=C1CCc2cc(/C=C/C(=O)N3CCC(C(=O)c4ccccc4)CC3)cnc2N1,0
O=C1CCc2cc(/C=C/C(=O)N3CC=C(c4ccccc4)CC3)cnc2N1,0
O=C1CCc2cc(/C=C/C(=O)N3CC=C(c4ccc5c(c4)OCO5)CC3)cnc2N1,0
O=C1CCc2cc(/C=C/C(=O)N3CC=C(c4ccco4)CC3)cnc2N1,1
O=C1CCc2cc(/C=C/C(=O)N3CC=C(c4ccoc4)CC3)cnc2N1,0
O=C1CCc2cc(/C=C/C(=O)N3CCC(O)(c4ccc(Cl)cc4)CC3)cnc2N1,0
O=C1CCc2cc(/C=C/C(=O)N3CCC(Cc4ccccc4)CC3)cnc2N1,1
COc1ccccc1C1CCN(C(=O)/C=C/c2cnc3c(c2)CCC(=O)N3)CC1,0
COc1ccccc1CC1=CCN(C(=O)/C=C/c2cnc3c(c2)CCC(=O)N3)CC1,0
O=C1CCc2cc(/C=C/C(=O)N3CC=C(c4ccccc4Cl)CC3)cnc2N1,0
O=C1CCc2cc(/C=C/C(=O)N3CC=C(c4cc5ccccc5o4)CC3)cnc2N1,0
O=C1CCc2cc(/C=C/C(=O)N3CC=C(c4cccnc4)CC3)cnc2N1,0
O=C1CCc2cc(/C=C/C(=O)N3CC=C(c4cccc(C(F)(F)F)c4)CC3)cnc2N1,0
COc1ccncc1C1=CCN(C(=O)/C=C/c2cnc3c(c2)CCC(=O)N3)CC1,0
COc1ccccc1C1=CCCN(C(=O)/C=C/c2cnc3c(c2)CCC(=O)N3)C1,0
COc1cccc(C2=CCN(C(=O)/C=C/c3cnc4c(c3)CCC(=O)N4)CC2)c1,0
COc1ccc(C2=CCN(C(=O)/C=C/c3cnc4c(c3)CCC(=O)N4)CC2)cc1,0
O=C1CCc2cc(/C=C/C(=O)N3CCN(Cc4ccccc4)CC3)cnc2N1,0
O=C1CCc2cc(/C=C/C(=O)N3CCN(c4ccccc4)CC3)cnc2N1,0
CC1CN(C(=O)/C=C/c2cnc3c(c2)CCC(=O)N3)CC=C1c1ccccc1,0
O=C1CCc2cc(/C=C/C(=O)N3CCC(Oc4ccccc4)CC3)cnc2N1,0
O=C1CCc2cc(/C=C/C(=O)N3CCC(CCOc4ccccc4)CC3)cnc2N1,0
O=C1CCc2cc(/C=C/C(=O)N3CCC(CCOc4ccc(F)cc4)CC3)cnc2N1,0
O=C1CCc2cc(/C=C/C(=O)N3CCC(Cc4coc5cc(F)ccc45)CC3)cnc2N1,0
O=C1CCc2cc(/C=C/C(=O)N3CCC(Cc4nc5ccccc5s4)CC3)cnc2N1,0
O=C1CCc2cc(/C=C/C(=O)N3CCC(COc4ccc(F)cc4)CC3)cnc2N1,0
O=C1CCc2cc(/C=C/C(=O)N3CCC(Cc4ccccn4)CC3)cnc2N1,0
O=C1CCc2cc(/C=C/C(=O)N3CCC(CC4CCCS4)CC3)cnc2N1,0
O=C1CCc2cc(/C=C/C(=O)N3CCC(Cc4cccs4)CC3)cnc2N1,0
O=C1CCc2cc(/C=C/C(=O)N3CCC(Cn4ccc5ccccc54)CC3)cnc2N1,0
O=C1CCc2cc(/C=C/C(=O)N3CCC(Cn4cncn4)CC3)cnc2N1,0
O=C1CCc2cc(/C=C/C(=O)N3CCC(Cc4ccc5ccccc5n4)CC3)cnc2N1,0
Cc1ccc(-c2ccccc2)n1CC1CCN(C(=O)/C=C/c2cnc3c(c2)CCC(=O)N3)CC1,0
O=C1CCc2cc(/C=C/C(=O)N3CC4C=C(c5ccccc5)CC4C3)cnc2N1,1
O=C1CCc2cc(/C=C/C(=O)N3CC4C=C(c5cccs5)CC4C3)cnc2N1,1
O=C1CCc2cc(/C=C/C(=O)N3C[C@@H]4CN(c5cccs5)C[C@@H]4C3)cnc2N1,0
COc1ccccc1C1=CC2CN(C(=O)/C=C/c3cnc4c(c3)CCC(=O)N4)CC2C1,0
O=C1CCc2cc(/C=C/C(=O)N3CC4C=C(c5ccccc5Cl)CC4C3)cnc2N1,0
O=C1CCc2cc(/C=C/C(=O)N3CC4C=C(c5ccsc5)CC4C3)cnc2N1,0
Cc1ccccc1C1=CC2CN(C(=O)/C=C/c3cnc4c(c3)CCC(=O)N4)CC2C1,0
O=C1CCc2cc(/C=C/C(=O)N3CC4C=C(c5ccncc5)CC4C3)cnc2N1,0
Cn1nccc1C1=CC2CN(C(=O)/C=C/c3cnc4c(c3)CCC(=O)N4)CC2C1,0
O=C1CCc2cc(/C=C/C(=O)N3C[C@@H]4CN(c5cccnc5)C[C@@H]4C3)cnc2N1,0
O=C1CCc2cc(/C=C/C(=O)N3CC4C=C(c5ccccc5F)CC4C3)cnc2N1,0
O=C1CCc2cc(/C=C/C(=O)N3CC4C=C(c5ccoc5)CC4C3)cnc2N1,0
N#Cc1ccccc1C1=CC2CN(C(=O)/C=C/c3cnc4c(c3)CCC(=O)N4)CC2C1,0
O=C1CCc2cc(/C=C/C(=O)N3C[C@@H]4CN(c5nccs5)C[C@@H]4C3)cnc2N1,0
Cc1noc(C)c1C1=CC2CN(C(=O)/C=C/c3cnc4c(c3)CCC(=O)N4)CC2C1,0
O=C1CCc2cc(/C=C/C(=O)N3CC4C=C(c5cccnc5)CC4C3)cnc2N1,0
Cn1cc(C2=CC3CN(C(=O)/C=C/c4cnc5c(c4)CCC(=O)N5)CC3C2)cn1,0
O=C1CCc2cc(/C=C/C(=O)N3CC4CC(n5cccn5)CC4C3)cnc2N1,0
C#CN1C[C@@H]2CN(C(=O)/C=C/c3cnc4c(c3)CCC(=O)N4)C[C@@H]2C1,0
COC1CC2CN(C(=O)/C=C/c3cnc4c(c3)CCC(=O)N4)CC2C1,0
O=C1CCc2cc(/C=C/C(=O)N3CC4C=C(c5nccs5)CC4C3)cnc2N1,0
O=C1CCc2cc(/C=C/C(=O)N3C[C@@H]4CN(S(=O)(=O)c5ccccc5)C[C@@H]4C3)cnc2N1,0
O=C1CCc2cc(/C=C/C(=O)N3CC4CC(F)(F)CC4C3)cnc2N1,0
O=C1CCc2cc(/C=C/C(=O)N3CC4CC(n5cncn5)CC4C3)cnc2N1,0
O=C1CCc2cc(/C=C/C(=O)N3CC4CC(n5ccnn5)CC4C3)cnc2N1,0
O=C1CCc2cc(/C=C/C(=O)N3CC4CC(n5nccn5)CC4C3)cnc2N1,0
O=C1CCc2cc(/C=C/C(=O)N3C[C@@H]4CC(c5ccncc5)=C[C@@H]4C3)cnc2N1,0
O=C1CCc2cc(/C=C/C(=O)N3CC4C=CCC4C3)cnc2N1,0
O=C1CCc2cc(/C=C/C(=O)N3CC4C=C(Cc5ccccc5)CC4C3)cnc2N1,0
O=C1CCc2cc(/C=C/C(=O)N3C[C@H]4CC(c5ccsc5)=C[C@H]4C3)cnc2N1,0
O=C1CCc2cc(/C=C/C(=O)N3C[C@@H]4CC(c5ccsc5)=C[C@@H]4C3)cnc2N1,0
CCOC(=O)C1=CC2CN(C(=O)/C=C/c3cnc4c(c3)CCC(=O)N4)CC2C1,0
O=C1CCc2cc(/C=C/C(=O)N3CC4C=C(c5cccnc5Cl)CC4C3)cnc2N1,0
NC(=O)C1=CC2CN(C(=O)/C=C/c3cnc4c(c3)CCC(=O)N4)CC2C1,0
Cc1nnc(C2=CC3CN(C(=O)/C=C/c4cnc5c(c4)CCC(=O)N5)CC3C2)s1,0
O=C1CCc2cc(/C=C/C(=O)N3CC4C=C(c5cn[nH]c5)CC4C3)cnc2N1,0
CC1=CC2CN(C(=O)/C=C/c3cnc4c(c3)CCC(=O)N4)CC2C1,0
CCC1=CC2CN(C(=O)/C=C/c3cnc4c(c3)CCC(=O)N4)CC2C1,0
O=C1CCc2cc(/C=C/C(=O)N3CC4C=C(c5ccsc5Cl)CC4C3)cnc2N1,0
Cc1cscc1C1=CC2CN(C(=O)/C=C/c3cnc4c(c3)CCC(=O)N4)CC2C1,0
COc1ccncc1C1=CC2CN(C(=O)/C=C/c3cnc4c(c3)CCC(=O)N4)CC2C1,0
CC(=O)c1ccc(C2=CC3CN(C(=O)/C=C/c4cnc5c(c4)CCC(=O)N5)CC3C2)s1,0
Cc1csc(C2=CC3CN(C(=O)/C=C/c4cnc5c(c4)CCC(=O)N5)CC3C2)c1,0
CN(C)C(=O)C1=CC2CN(C(=O)/C=C/c3cnc4c(c3)CCC(=O)N4)CC2C1,0
N#Cc1ccc(C2=CC3CN(C(=O)/C=C/c4cnc5c(c4)CCC(=O)N5)CC3C2)s1,0
O=C1CCc2cc(/C=C/C(=O)N3CC4C=C(c5ccc(Cl)s5)CC4C3)cnc2N1,0
COc1ccsc1C1=CC2CN(C(=O)/C=C/c3cnc4c(c3)CCC(=O)N4)CC2C1,0
O=C1CCc2cc(C#CC(=O)N3CC4C=C(c5ccccc5)CC4C3)cnc2N1,0
