scaffold_global_id,scaffold_smiles,molecule_count,in_test_fold
1,O=C1C=CC(=O)C(Cc2ccccc2)=C1,5,2
2,C=C1CCC=CCC[C@H]2CC[C@H]12,1,4
3,O=C1O[C@@H](c2ccoc2)C2CCC3C4C(CCC3C23OC13)CC(=O)[C@@H]1O[C@H]41,1,1
4,O=C1O[C@@H](c2ccoc2)C2CCC3C4CCCCC4CC(=O)C3C23OC13,1,3
5,O=C1CCCC2CC(=O)C3C(CCC4[C@H](c5ccoc5)OC(=O)[C@H]5O[C@@]345)C12,1,3
6,O=C1Cc2cc3n(c(=O)c2CO1)Cc1cc2ccccc2nc1-3,3,1
7,O=C1O[C@]23C(CC[C@]14CCCCC42)C1CCC2CCCCC2C1C1OC13,1,1
8,C1=C2CCCCC2C2CCC3C(CC4OC43)C2C1,1,4
9,c1ccccc1,520,2
10,c1cc[nH]c1,4,1
11,O=C1C=CC2CC2C1,1,3
12,C1CC2CCC2CCC2OC2C1,1,3
13,O=c1c2ccccc2oc2ccccc12,4,2
14,c1ccc2c(c1)OCO2,11,5
15,c1cncnc1,23,2
16,O=C(O[C@@H]1Cc2ccccc2O[C@@H]1c1ccccc1-c1ccccc1[C@H]1Oc2ccccc2C[C@H]1OC(=O)c1ccccc1)c1ccccc1,1,3
17,O=C(/C=C/c1ccccc1)c1ccccc1,9,1
18,O=C(/C=C/c1ccccc1)c1ccc(O[C@H]2CCCCO2)cc1,1,4
19,C1=CC2CCC3C4CCCC[C@@H]4CCC3[C@@H]2C1,1,4
20,O=C1O[C@@H](c2ccoc2)C2CCC3C4CCCCC4CCC3C23OC13,2,4
21,O=c1cc(-c2ccccc2)oc2ccccc12,50,5
22,O=C1OC(c2ccoc2)C2CCC3C4CC=CCC4CCC3[C@]23O[C@H]13,1,4
23,O=C1C=C2C3CCC4CCCCC4C3CCC2[C@H](c2ccoc2)O1,3,3
24,C=C1C2CCC3[C@H](c4ccoc4)OC(=O)C[C@]13O[C@H]1CCCCC21,1,5
25,O=C1O[C@@H](c2ccoc2)C2CCC3C4CCCCC4CCC3[C@]23O[C@H]13,3,5
26,C1=C2CCCCC2C2CCC3CCCC3C2C1,8,1
27,O=c1cccco1,3,4
28,O=c1ccc2ccccc2o1,16,4
29,c1c[nH]cn1,20,4
30,O=C1NC(=O)c2cccc3cccc1c23,2,4
31,O=c1c(-c2ccccc2)coc2ccccc12,16,1
32,O=C1CCC2C3CCC4C(=O)CCC4C3CC[C@H]2C1,1,3
33,O=C1CC2C3CCCC3CCC2C2CCCC[C@H]12,1,3
34,C1CC2CCC3C(CC[C@H]4CCCCC34)C2C1,2,4
35,O=c1cccc(/C=C/c2ccc3c(c2)OCO3)o1,1,3
36,O=C1CC2CCCCC2C2CCC3[C@H](c4ccoc4)OC(=O)[C@H]4O[C@@]34C12,1,2
37,O=C1C=CC2C(C=CC3C2CCC2[C@H](c4ccoc4)OC(=O)[C@H]4O[C@@]324)C1,1,3
38,O=c1ccoc2ccccc12,4,5
39,O=C1CC2CCCCC2c2ccccc21,1,5
40,O=C1C=C2C3C[C@H]4C(=O)CCC(C4=O)C3CCC2[C@H](c2ccoc2)O1,2,4
41,C1=CC(n2cnc3c(NC4CC4)ncnc32)CC1,1,1
42,O=C1O[C@H]2C[C@@H](CC=C[C@@H](OC3CCC(O[C@H]4CCCCO4)CO3)C/C=C/C=C3\CO[C@@H]4CC=C[C@@H]1C34)O[C@@]1(C=CCCO1)C2,3,5
43,C1=CC2=CCC3CCCCC3C2CC1,1,5
44,C1=C2CCCCC2C2CCC3C(c4cccnc4)=CCC3[C@@H]2C1,1,3
45,c1ccc2[nH]ccc2c1,27,2
46,O=C1C=CCCC1,1,3
47,c1cn(C2CCCO2)cn1,1,5
48,C1=C[C@H](N[C@H]2CC[C@@H](O[C@H]3CC[C@@H](O[C@H]4CCCOC4)OC3)OC2)CCC1,1,3
49,c1ccc(Nc2ccccc2)cc1,7,1
50,O=S(=O)(c1ccccc1)c1ccccc1,2,5
51,O=c1[nH]c(=O)c2[nH]cnc2[nH]1,33,5
52,O=C(c1ccccc1)n1ccc2ccccc21,2,3
53,C1CCOCC1,28,1
54,c1ccc2c(c1)Nc1ccccc1S2,10,1
55,O=C1C=COS(=O)(=O)[N-]1,1,1
56,O=C(Oc1ccccc1)c1ccccc1,10,5
57,c1nncs1,4,4
58,O=C(NC1CCCCC1)NS(=O)(=O)c1ccccc1,1,4
59,c1ccc2c(c1)Sc1ccccc1N2CCCN1CCNCC1,5,3
60,c1cc([C@@H]2OCC3OC34C3CCC5CCCCC5C3CCC24)co1,1,5
61,O=C(Nc1ccccc1)c1ccccc1,10,5
62,c1c[nH+]ccn1,1,2
63,c1ccc2[nH+]c3ccccc3cc2c1,1,3
64,c1ccc2nc3ccccc3cc2c1.c1ccccc1,1,2
65,C1CC[C@H](O[C@H]2CC[C@]34C[C@]35CCC3C(C[C@@H]6OC7(CC[C@H]36)OCC3O[C@@H]37)C5CCC4C2)OC1,1,2
66,c1ccc2ncccc2c1,26,5
67,O=c1[nH]cnc2[nH]cnc12,5,5
68,c1cc(-c2ccc3ccccc3c2)cc(C23CC4CC(CC(C4)C2)C3)c1,1,4
69,c1ncc2nc[nH]c2n1,7,3
70,c1ncc2ncn([C@H]3CCCO3)c2n1,6,1
71,c1ncc2ncn(C3CCCO3)c2n1,2,2
72,O=C1C=C2CC[C@H]3C4CCC(=O)C4CC(=O)C3C2CC1,1,1
73,C1=CC2CCCC(CC/C=C/Cn3c[nH+]c4cncnc43)[C@@H]2CC1,1,2
74,c1ccc2ccccc2c1,16,2
75,c1ccc2c(c1)N[C@H]1C3CC4CCN3[C@H]3C[C@@]21CC43,1,1
76,c1ccc2[nH]cnc2c1,17,4
77,O=C(NCCCNc1ncc2ccccc2n1)C1CCCO1,1,4
78,C1CCOCC1.C1CCOCC1,1,4
79,O=C1c2ccccc2C(=O)c2ccccc21,8,2
80,O=C1CNC(=O)N1,6,4
81,O=c1[nH]cnc2[nH]ncc12,1,4
82,C1=C2CC[C@H]3C4CCCC4CCC3[C@H]2CCC1,1,1
83,O=c1cc(N2CCCCC2)n(Cc2ccccc2)c(=O)[nH]1.c1ccccc1,1,3
84,O=C1c2ccccc2C([C@H]2CCCCO2)c2ccccc21,1,5
85,C1CC2CCC3C(CC[C@@H]4CCCCC34)C2C1,8,5
86,O=C1C2=C(OCCC2)C(=O)c2ccccc21,1,5
87,c1ccc2c(c1)CCCO2,3,4
88,O=C1c2ccc3c(c2OC2COc4ccccc4C12)C=CCO3,1,2
89,O=C1CC(c2ccccc2)Oc2ccccc21,1,3
90,O=S1(=O)NCNc2ccccc21,5,1
91,O=C1C=C2CCC3C(=C2CC1)C=CC1CCCC13,1,4
92,c1ccc(CCCNCCCc2ccccc2)cc1,1,1
93,C1C2CC3CC1CC(C2)C3,6,4
94,C1CCC2C(C1)CCC1OCC[C@@H]12,1,2
95,c1ccc(CNC2CCCCC2)cc1,3,3
96,O=C1C=CC2C(=C1)CCC1C2CCC2C1C[C@H]1OC3(CCCC3)OC21,1,4
97,c1ccc(-[n+]2ccccn2)cc1,1,5
98,C1CC[C@@H](O[C@@H]2CCC[C@H](O[C@@H]3CCCCO3)C2)OC1,4,1
99,c1cnccn1,5,4
100,c1ccc2nc3ccccc3cc2c1,4,3
101,O=C1CCC(c2ccccc2)C(=O)N1,1,4
102,c1ccc(NCc2cnc3ncncc3n2)cc1,2,4
103,O=c1cc[nH]n1-c1ccccc1,5,2
104,c1cscn1,10,3
105,O=C(c1ccccc1)c1coc2ccccc12,3,2
106,O=C(NCC1CCCN1)c1ccccc1,2,1
107,C(=N/c1ccccc1)\N/C=N/c1ccccc1,1,1
108,C=C1c2ccccc2CCc2ccccc21,2,4
109,O=c1c2ccccc2oc2ncccc12,1,5
110,C1=CC(c2ccccc2)C=CN1.c1ccccc1,1,4
111,c1ccc(Nc2ccnc3ccccc23)cc1,2,5
112,c1ccc(CCCN2CCOCC2)cc1,1,3
113,c1ccc2c(c1)N=C(N1CCNCC1)c1ccccc1O2,2,4
114,O=C(Cc1ccccc1)N[C@@H]1C(=O)N2CCS[C@H]12,4,2
115,O=C1CCCCCCCCCCCC2CCCC(C[C@@H](OC3CCCCO3)/C=C/C=C/C=C/C=C/C=C/C=C/C=C/CCCCO1)O2,1,2
116,O=C(Nc1ccccn1)C1=Cc2ccccc2S(=O)(=O)N1,2,1
117,c1cc[n+](Cc2cncnc2)cc1,1,5
118,c1ccc(Nc2c3ccccc3nc3ccccc23)cc1,1,1
119,c1ccc(CO[C@H]2CCC[C@@H](CO[C@H]3CCCCO3)O2)cc1,1,3
120,c1cncc(-c2ccc(C3CCCCN3)cn2)c1,1,4
121,c1cncc(C2CCCCN2)c1,1,3
122,O=C1CN2Cc3ccccc3N=C2N1,1,1
123,c1ccc(Cn2cncn2)cc1,2,5
124,c1ccc(Nc2ccc(/N=N/c3cccc4ccccc34)c3ccccc23)cc1,1,2
125,N=c1ccn2c(n1)O[C@@H]1CCO[C@@H]12,1,5
126,C=C1C(C2C=CC(=O)CC2)CCC2[C@H](c3ccoc3)OC(=O)C3OC132,1,3
127,C=C1CCC2CCCCC2[C@@H]1C/C=C1\CCOC1=O,1,1
128,O=C1C=CC2C(=C1)CCC1C2CCC2C(=O)CCC21,1,3
129,O=C1CCC2C1CCC1C2CC[C@H]2CCCCC12,2,2
130,O=C(Cc1ccccc1)c1ccccc1,3,4
131,O=C1CCCN1C(=O)c1ccccc1,1,3
132,O=C1c2ccccc2C(=O)C1c1ccccc1,4,3
133,O=C(Cc1ccccc1)O[C@H]1CC2CC[C@@H](C1)N2,2,5
134,c1ccc(CN(CC2=NCCN2)c2ccccc2)cc1,1,4
135,O=C1C=CC2C(=CC(=O)C3C2CCC2[C@H](c4ccoc4)C[C@H]4O[C@@]324)C1,2,4
136,c1ccc2cc3ccccc3cc2c1,1,3
137,O=C1c2ccccc2Cc2ccccc21,2,3
138,O=C1[O][Sb]2[O]CC3[O][Sb]([O]CC1[O]2)[O]C3=O,1,5
139,O=C1CCCOC(=O)[C@@H](NC(=O)c2ccccc2)CO1,1,5
140,C1CC[C@H](C2CCC3CCCCN3C2)NC1,1,2
141,O=C1CCCCN1c1ccc(N2CCc3cnn(-c4ccccc4)c3C2=O)cc1,1,1
142,c1ccc2c(c1)CC1NCCc3cccc-2c31,2,2
143,C1CCC(O[C@H]2CC[C@@H]3O[C@H](O[C@@H]4CCCCO4)CC[C@H]3O2)CC1,1,5
144,O=c1nc(CN2CCOC(OCc3ccccc3)C2c2ccccc2)[nH][nH]1,1,1
145,c1ccc(O[C@H]2CCCCO2)cc1,4,5
146,C1=CCNCC1,3,4
147,O=C1CCc2ccc(OCCCCN3CCN(c4ccccc4)CC3)cc2N1,1,4
148,c1ccc2c(c1)ccc1ccc3c(c12)OCO3,1,4
149,c1ccc(Cc2ccccc2)cc1,18,3
150,C1C[C@@H]2CCC3OO[C@@]24[C@@H](C1)CCO[C@@H]4O3,4,4
151,O=C1C[C@@H]2CCC[C@@H]3CCC4OO[C@]32[C@H](O1)O4,1,4
152,O=C1CCC2CCC3CC(=O)O[C@@H]3[C@H]2C1,1,2
153,O=C1C=CCO1,4,1
154,O=C(O[C@H]1CCC[C@@H](CO[C@H]2CC[C@H](O[C@@H]3CCCCO3)CO2)O1)[C@]12CCCCC1C1=CCC3C4CCCCC4CCC3C1CC2,1,5
155,O=C1C=C(/C=C/C=C/C=C/C=C/C=C/C=C/C=C/C=C/C=C/C2=CC(=O)CCC2)CCC1,2,3
156,C1CC[C@H](O[C@H]2CC[C@]34C[C@]35CCC3C(CC[C@@H]3C3CCCO3)C5C[C@H](O[C@H]3CCCCO3)C4C2)OC1,1,3
157,c1ccc(CCCCNCc2ccc(-c3ccccn3)cc2)cc1,1,5
158,c1ccc(COc2ccccc2)cc1,6,5
159,O=C(Nc1ccccc1)c1c[nH]c(-c2ccccc2)c1-c1ccccc1,1,3
160,O=C1C=C([C@H]2CC[C@H](c3ccccc3)CC2)C(=O)c2ccccc21,1,5
161,O=C(CC[NH+]1CCc2ccccc2C1Cc1ccccc1)OCCCCCOC(=O)CC[NH+]1CCc2ccccc2C1Cc1ccccc1.c1ccccc1.c1ccccc1,1,2
162,O=C(Cc1ccccc1)OC1CC2CCC(C1)N2,2,1
163,O=C(Cc1ccccc1)OC1CC2CCC(C1)[NH2+]2,2,3
164,O=C(NCc1ncccn1)c1cnc(N2CCCC2)nc1NCc1ccccc1,1,4
165,O=C(CC(=O)c1ccccc1)c1ccccc1,1,3
166,c1ccoc1,12,5
167,O=c1ncncn1[C@H]1CCCO1,1,3
168,C1=CC2C(O1)O[C@H]1C[C@@H]2C2OC21C1C[C@@H]2OCC3CCC[C@@]4(COC[C@@H]14)C32,1,1
169,O=C(CCCN1CCN(c2ccccn2)CC1)c1ccccc1,1,2
170,c1nc2nc[nH]c(Sc3cnc[nH]3)c-2n1,1,5
171,O=c1c2ccccc2c(Cc2ccccc2)nn1C1CCCNCC1,1,2
172,O=C(OCc1coc(=O)o1)c1cccc2ncn(Cc3ccc(-c4ccccc4-c4ncon4)cc3)c12,1,3
173,O=C1C[C@@H](O[C@H]2CCCCO2)C[C@@H](O[C@H]2CCCCO2)CCCCNCCCCO1,1,4
174,O=C(N[C@@H]1C(=O)N2CCS[C@H]12)[C@H](NC(=O)N1CCNC1=O)c1ccccc1,1,1
175,N=C(C(=O)N[C@H]1CNC1=O)c1cscn1,1,5
176,O=C(Cc1ccccc1)NC1C(=O)N2CCSC12,1,4
177,O=C(O[C@@H]1C2CCC=C(CC(=O)C3CC[C@H]4OCC4C31)C2)c1ccccc1,1,3
178,O=C(CNC(=O)CNC(=O)CNC(=O)C1CSC=N1)NCCCCC1NC(=O)CNC(=O)CNC(=O)C(Cc2c[nH]cn2)NC(=O)C(Cc2ccccc2)NC(=O)CNC(=O)CNC1=O,1,5
179,O=c1cc(-c2ccccc2)oc2cc(O[C@H]3CCCCO3)ccc12,1,3
180,c1ccc(/N=N/c2ccccc2)cc1,1,3
181,O=C1CC(=O)NC(=O)N1,1,3
182,c1ccc(-c2cc3ccccc3n2Cc2ccc(OCCN3CCCCCC3)cc2)cc1,1,1
183,O=C1C=CC2C(=C1)CCC1C3CCCC3CCC21,26,5
184,c1ccc(-c2nc(-c3ccccc3)nc(-c3ccccc3)n2)cc1,1,5
185,O=C1Nc2ccccc2CC[C@@H]1NCCCc1ccccc1,1,4
186,c1ccc(Cn2ncc3ccccc32)cc1,2,4
187,O=S1(=O)NC(Cc2ccccc2)Nc2ccccc21,1,1
188,O=C(OCCNCCc1ccccc1)c1ccccc1,1,3
189,O=C(SC=CNCc1cncnc1)c1ccccc1,1,5
190,c1ccc(C[NH2+]CCOCCOc2ccccc2)cc1,2,4
191,O=C(OC1CN2CCC1CC2)c1ccccc1,1,3
192,O=C(Oc1cccc2cccnc12)c1ccccc1,2,3
193,O=C(OOC(=O)c1ccccc1)c1ccccc1,1,2
194,O=S1(=O)NC(CSCc2ccccc2)=Nc2ccccc21,1,3
195,c1ccc(C(OC2CC3CCC(C2)N3)c2ccccc2)cc1,1,5
196,O=C(OCc1ccccc1)c1ccccc1,1,2
197,O=C(OCc1ccccc1)c1cccnc1,1,3
198,c1ccc(C[NH2+]CCOc2ccccc2)cc1.c1ccc2ccccc2c1,1,4
199,c1ccc(CN(CCN2CCCC2)c2ccccc2)cc1,1,4
200,c1cc2cc(c1)Oc1ccc(cc1)C[C@@H]1NCCc3ccc(cc31)Oc1cccc3c1[C@@H](C2)NCC3,1,5
201,c1ccc2c[n+]3c(cc2c1)-c1cc2c(cc1CC3)OCO2,1,3
202,O=c1ccc2cc3ccoc3cc2o1,4,5
203,O=C1O[C@@H]2CCCO[C@H]2c2ccccc21,1,4
204,C1=C2C3CCCCC3CCC2C2CCC3CCCCC3C2C1,6,3
205,O=C(O[C@H]1CCC2C(CCC3C4CCC5CCCCC5C4=CCC23)C1)c1ccccc1,1,3
206,C1=C(/C=C/C=C/C=C/C=C/C=C/C=C/C=C/C=C/C=C/C2=CCCCC2)CCCC1,1,1
207,C1CC2CCC3CCC3C(C1)C2,1,4
208,O=C1C(=O)c2ccccc2C2=C1CCCO2,1,3
209,C1CCC2C(C1)CCC1C2CC[C@@H]2C3CCCC3CCC12,1,2
210,C1CCC2C(C1)CCC1C2CC[C@H]2C1CCC1CCC[C@@H]12,1,4
211,O=C(c1ccccc1)c1ccc2c(c1)CCCC2,1,3
212,C=C(c1ccccc1)c1ccc2c(c1)CCCC2,1,1
213,O=C(NCCc1ccccc1)c1ccccc1,1,5
214,O=C1C[C@H]2CC(SC3Cn4cnc[n+]4C3)=CN12,1,3
215,O=C(CCS(=O)(=O)c1ccccc1)Nc1ccccc1,1,3
216,O=C1OC([C@H]2NCCc3cc4c(cc32)OCO4)c2ccc3c(c21)OCO3,1,1
217,c1ccc(-c2ccc(C(c3ccccc3)n3ccnc3)cc2)cc1,1,5
218,O=C1C=C/C(=C/c2ccc(Cc3ccc(/C=C4/C=CC(=O)N4)[nH]3)[nH]2)N1,1,2
219,O=C1NC2CSCC2N1,1,4
220,C1=CCCCC1,11,5
221,c1ccc(C(c2ccccc2)c2ccccn2)cc1,1,4
222,O=C1[O][BiH][O]c2ccccc21,1,3
223,c1cc(Cc2cccc(-n3nc4ccccc4n3)c2)cc(-n2nc3ccccc3n2)c1,1,2
224,c1ccc(Sc2ccccc2)cc1,4,5
225,O=C(CCCNC(=O)C(NC(=O)c1ccncn1)C(OC1OCCC[C@@H]1O[C@@H]1CCCCO1)c1c[nH]cn1)NCC(=O)NCCc1nc(-c2nccs2)cs1,1,3
226,C1CC2CCC1C2,4,3
227,O=C1C=CC2=C3c4ccccc4OCC3CC2=C1,2,3
228,c1ccc2c(c1)CC1COc3ccccc3C21,2,2
229,c1ccccc1.c1ccccc1,4,4
230,c1cnc2cc(NC3=NCCN3)ccc2n1,1,5
231,O=S1(=O)NCCc2ccsc21,1,3
232,O=c1ccn(C2CCCO2)c(=O)[nH]1,5,4
233,O=C(NC1OC2[C@@H]3CCCN3C(=O)CN2C1=O)C1C=C2c3cccc4[nH]cc(c34)C[C@H]2NC1,1,4
234,O=C(CCCN1CCC(c2ccccc2)CC1)c1ccccc1,2,5
235,c1ccc(Cc2ccccn2)cc1,6,1
236,O=C1CC2OCC=C3CN4CC[C@]56c7ccccc7N1C5[C@H]2[C@H]3C[C@H]46,1,3
237,O=[PH]1OC[C@H]2OC(n3cnc4cncnc43)C[C@@H]2O1,1,5
238,O=C1C=CC2C(=C1)CCC1C2CCC2C1C[C@H]1OCOC21,6,3
239,O=C(CCCN1CCCC1)c1ccccc1,1,5
240,c1ccc(Oc2ccccc2)cc1,11,4
241,O=C(Nc1ccccc1)C1CCCCN1,2,5
242,O=C1CC2(CCCC2)CC(=O)N1CCCCN1CCN(c2ncccn2)CC1,1,5
243,C=C1C(=O)O[C@@H](c2ccoc2)C2CC[C@@]34OC5OC67CC(CC6C[C@]3(O5)C12)CC74,2,5
244,c1ccc(CNCc2cccc3ccccc23)cc1,1,4
245,c1ccc(CCC(Cn2ccnc2)Sc2ccccc2)cc1,1,3
246,O=C1C=COCC1,1,2
247,O=C(CCc1ccccc1)O[C@@H]1C=C2CC(=O)C3CC[C@H]4OCC4C3[C@H](OC(=O)c3ccccc3)C(C2)C1,2,2
248,C1=CC2CCCCC2CC1,1,1
249,O=C1C[C@H]2CCC1C2,1,1
250,c1ccc(-c2ccc(Cc3cccc([C@H]4CCCCO4)c3)s2)cc1,1,5
251,c1ccc(-c2nnn[nH]2)c(-c2ccc(Cn3cnc4ccccc43)cc2)c1,1,3
252,O=C(OCOC(=O)c1cccc2ncn(Cc3ccc(-c4ccccc4-c4nnn[nH]4)cc3)c12)OC1CCCCC1,1,4
253,O=C1CCCCCCCC(=O)CCCC(=O)CC(=O)OC(CCCCCC(=O)c2ccccc2)C/C=C/C=C/C=C/C=C/C=C/C=C/C=C/C(OC2CCCCO2)CCCCC1,1,5
254,O=C1C=C2C=CC3C4CCCC4CCC3C2CC1,3,2
255,O=C1C=C2C=CC3C(CCC4C3CC[C@@]43CCC(=O)O3)C2CC1,1,2
256,O=C1OC(=O)C2C3CCC(O3)C12,1,5
257,O=c1ncccn1C1CCCO1,5,3
258,O=c1ncccn1[C@H]1CCCO1,4,4
259,C=C1NC(=O)CNC(=O)CNC(=O)CCNC(=O)C(C2CCNC(=N)N2)NC1=O,1,5
260,O=C(/C=C/C=C/C=C/C=C/C=C/C=C/C=C/C=C/C=C/C1=CCCCC1)C1CCCC1,1,2
261,O=C1C=C2C3=C(CCC2[C@H](c2ccoc2)O1)C1CCC(=O)[C@H](C3)C1=O,1,3
262,c1ccc2c(c1)[nH]c1ccccc12,3,1
263,C1=Cc2ccccc2Nc2ccccc21,1,4
264,N=C1C=C2CCNC2=CC1=O,1,3
265,O=C1C=C2C(CCC3CCCC[C@@H]23)C2CCC3CCCCC3C12,2,3
266,c1ccc(C2CCCC2)cc1,5,5
267,S=c1[nH]cc[nH]1,3,3
268,O=C1[O][Pt][O]C(=O)C12CCC2,1,1
269,O=C1c2ccccc2C(=O)c2cc(C3CCCCO3)ccc21,1,4
270,O=c1cc[nH]c(=O)[nH]1,21,1
271,c1ccc2c(c1)CCC1CCCCC21,4,2
272,O=c1[nH]c(=O)c2ccccc2o1,1,1
273,c1ccc(OCCNCCCOc2cccc3[nH]c4ccccc4c23)cc1,2,3
274,C=C1CC=CCC[C@H]2CC[C@H]12,1,4
275,O=C1c2ccccc2[C@H](O[C@H]2CCCCO2)c2cccc(O[C@H]3CCCCO3)c21,1,3
276,O=C(c1ccccc1)c1ccccc1,11,4
277,C1CC2C[C@@H]3CCCC3(C1)C2,1,4
278,O=C(Cc1ccccc1)N[C@@H]1C(=O)N2C=CCS[C@H]12,3,4
279,O=C(Cc1cccs1)N[C@@H]1C(=O)N2C=C(C[n+]3ccccc3)CS[C@H]12,1,5
280,O=C(Cc1ccccc1)NC1C(=O)N2C=C(CSc3nnn[nH]3)CSC12,3,1
281,O=C(Cn1cnnn1)N[C@@H]1C(=O)N2C=C(CSc3nncs3)CS[C@H]12,2,1
282,C=C(C(=O)N[C@@H]1C(=O)N2C=CCS[C@H]12)c1cscn1,2,1
283,N=C(C(=O)N[C@@H]1C(=O)N2C=CCS[C@H]12)c1cscn1,3,3
284,N=C(C(=O)NC1C(=O)N2C=C(/C=C\c3cncs3)CSC12)c1cscn1,1,1
285,N=C(C(=O)NC1C(=O)N2C=C(C[NH+]3CCCC3)CSC12)c1cscn1,1,3
286,N=C(C(=O)NC1C(=O)N2C=CCSC12)c1cscn1,1,3
287,O=C1CC2SCC(CSc3nnn[nH]3)=CN12,1,4
288,O=C(Cc1ccccc1)NC1C(=O)N2C=C(CSc3nnn[nH]3)CS[C@H]12,1,4
289,O=C1NCCN(C(=O)NC(C(=O)NC2C(=O)N3C=C(CSc4nnn[nH]4)CSC23)c2ccccc2)C1=O,1,4
290,C=C1SC(C(=O)NC2C(=O)N3C=C(CSc4nnn[nH]4)CSC23)S1,1,2
291,O=C(Cc1cccs1)NC1C(=O)N2C=CCS[C@H]12,1,2
292,O=C(N[C@@H](C(=O)N[C@@H]1C(=O)N2C=C(CSc3nnn[nH]3)CSC12)c1ccccc1)c1cccnc1,1,2
293,O=C(Cc1ccccc1)NC1C(=O)N2C=CCSC12,1,5
294,O=C(Cc1ccccc1)NC1C(=O)N2C=C(C[n+]3ccccc3)CSC12,1,5
295,N=C(C(=O)N[C@@H]1C(=O)N2C=C(C[n+]3ccccc3)CSC12)c1cscn1,1,1
296,N=C(C(=O)N[C@@H]1C(=O)N2C=C(CSC(=O)c3ccco3)CS[C@H]12)c1cscn1,1,2
297,N=C(C(=O)N[C@@H]1C(=O)N2C=C(CSc3nc(=O)cn[nH]3)CS[C@H]12)c1cscn1,1,1
298,N=C(C(=O)NC1C(=O)N2C=CCSC12)c1ccco1,2,4
299,O=C1C=CC2=CC=C3C(CCC4C3CCC3CCCC[C@H]34)C2=C1,1,1
300,c1ccc(-c2ccnn2-c2ccccc2)cc1,3,2
301,C1CC[C@H](O[C@H]2CCCOC2)OC1,2,4
302,O=C1CC2SCC=CN12,1,2
303,O=C(Cc1cccs1)N[C@@H]1C(=O)N2C=CCS[C@H]12,1,3
304,O=C(CSc1ccncc1)N[C@@H]1C(=O)N2C=CCS[C@H]12,1,4
305,c1cc2cc(c1)Oc1ccc(cc1)C[C@@H]1NCCc3cc4c(c(c31)Oc1ccc3c(c1)[C@@H](C2)NCC3)OCO4,1,3
306,O=C(CC1=CCC=CC1)N[C@@H]1C(=O)N2C=CCSC12,1,2
307,O=c1ocnc2ccccc12,1,3
308,c1ccc(C(c2ccccc2)N2CCNCC2)cc1,4,1
309,c1cc[nH+]cc1,16,3
310,C1=CCCC1,1,4
311,C1C[C@H]2OCO[C@H]2O1,1,3
312,c1ccc(Nc2ncncn2)cc1,1,4
313,N=C(NCCCCCCNC(=N)NC(=N)Nc1ccccc1)NC(=N)Nc1ccccc1,1,4
314,O=C1CCS(=O)(=O)C(c2ccccc2)N1,1,3
315,c1ccc(Cn2cnc3ccccc32)cc1,1,5
316,O=C(/C=C/c1ccccc1)OC1CCCCC1,1,5
317,c1ccc(CNc2ccccn2)cc1,4,4
318,C=C1c2ccccc2Sc2ccccc21,1,3
319,c1ccncc1,60,1
320,O=C1C2=CC3C(=O)C=CC[C@@H]3C[C@@H]2Cc2ccccc21,7,5
321,O=C1NC(c2ccccc2)c2ccccc21,1,1
322,O=c1[nH]c2ccccc2o1,4,4
323,C=C1CCCC/C1=C/C=C1\CCCC2CCCC12,1,1
324,O=C1CCC2C(=CCC3C4CCCC4CCC23)C1,1,3
325,O=C1CCC2C3CCC4CCCC4C3CC[C@H]2C1,1,5
326,C1CCC2C(C1)CCC1C3CCCC3CCC21,3,3
327,C1CC[C@H]2CCC3[C@@H]4CCCC4CC[C@@H]3C2C1,1,3
328,C1CC1,7,5
329,c1ccc([C@@H]2CCc3ccccc3O2)cc1,4,3
330,O=c1cccc(C2CCCCC2)[nH]1,1,4
331,O=C(OC/C=C/c1ccccc1)C1=CNC=CC1c1ccccc1,1,2
332,O=C1CCc2cc(OCCCCc3nnnn3C3CCCCC3)ccc2N1,1,5
333,O=C(CC[C@H]1C(=O)CC2C3=CCC4C[C@@H](O[C@H]5CCCCO5)CC[C@@]45C[C@@]35CCC21)C1CO1,1,3
334,c1ccc(CCCNCc2cccc3ccccc23)cc1,1,1
335,c1ccc2c(C[C@@H]3CC4CCN3CC4)ccnc2c1,1,1
336,c1ccc2c(C[C@H]3CC4CCN3CC4)ccnc2c1,6,5
337,c1ccc(-c2ccc3ccccc3n2)cc1,1,1
338,C(=C/N1CCN(C(c2ccccc2)c2ccccc2)CC1)\Cc1ccccc1,1,1
339,O=C(/C=C/c1ccccc1)N1CCCCCCC1,1,3
340,O=c1cn[nH]c2cc3c(cc12)OCO3,1,3
341,c1ccc(C2CC2)cc1,9,3
342,O=c1ccn(C2CC2)c2cc(N3CCNCC3)ccc12,5,3
343,c1ccc(C2OCc3ccccc32)cc1,2,4
344,O=C1CCCS1,4,5
345,O=C1C=CC2=COCCC2=C1,1,3
346,O=C1CCCCOC(=O)C[C@@H](O[C@H]2CCCCO2)C[C@@H](O[C@H]2CCCCO2)CCC1,5,4
347,C=C1CN2C(=O)C[C@H]2O1,2,4
348,c1ccc(C(OCC[C@H]2CCCN2)c2ccccc2)cc1,1,5
349,c1ccc(Cn2c(CN3CCCC3)nc3ccccc32)cc1,1,1
350,O=C1COC(CC2CCCC3C=CCC[C@H]32)[C@@]12CO2,1,1
351,O=C(OC1C[NH+]2CCC1CC2)C(c1ccccc1)c1ccccc1,1,5
352,c1ccc(OCn2ccnc2)cc1,1,5
353,O=c1ccn(C2CC2)c2cc(N3CCCC3)ccc12,1,1
354,O=C(NCC1CCCCO1)[C@@H]1CCCN1,2,3
355,N=c1cc2n(-c3ccccc3)c3ccccc3nc-2cc1Nc1ccccc1,1,3
356,C(=C(c1ccccc1)c1ccccc1)c1ccccc1,3,5
357,c1ccc2c(c1)CCc1ccccc1N2,4,5
358,c1ccc(N=C2NCCN2)cc1,1,1
359,c1ccc(Nc2ccccn2)cc1,3,5
360,c1ccc(C(OCCN2CCCCC2)c2ccccc2)cc1,1,4
361,c1ccc(CN2CCc3sccc3C2)cc1,2,4
362,O=C(Nc1ccc(Cc2ccccc2)cc1)c1ccccc1,1,2
363,c1ccc(C(c2ccccc2)(c2ccccc2)n2ccnc2)cc1,1,1
364,O=C(N[C@@H]1C(=O)N2CCS[C@H]12)c1conc1-c1ccccc1,2,3
365,c1ccc2c(c1)N=C(N1CCNCC1)c1ccccc1N2,1,5
366,O=c1cccc2c(c1)CCCc1ccccc1-2,2,5
367,C1CO1,2,1
368,O=C1CCOC2CCC3CCCCC3C12,2,4
369,O=C1CCCNC(=O)CNC(=O)CNC(=O)CNC(=O)CNC(=O)CNC(=O)CN1,2,4
370,C1=C2CCCCC2C2CC[C@]34CNC[C@H]3CCC4C2C1,1,3
371,O=C1C=C([C@H]2CCC3C4CCC5C[C@@H](O[C@H]6CCCCO6)CCC5C4CCC32)CO1,2,1
372,O=C1C=C2CCC3C4CCCC4CCC3C2CC1,17,4
373,O=C1C=C2CCC3C4CCCC4CC(=O)C3C2CC1,2,3
374,c1ccc2c3c([nH]c2c1)[C@@H]1C[C@@H]2CCCC[C@H]2CN1CC3,3,1
375,C1=[NH+]CCc2cc3c(cc21)OCO3,1,3
376,O=C1CC[C@@H](c2cccnc2)N1,2,3
377,N=C1NCC(=O)N1,1,2
378,C1=CC23CCN(Cc4cc5c(cc42)OCO5)[C@@H]3CC1,1,5
379,O=c1ccoc2cccc(OCCCOc3cccc4occc(=O)c34)c12,1,4
380,O=C1C=C2C3CCCC3CCC2C2CCCCC12,1,4
381,O=C1C(=O)c2c(ccc3c2CCCC3)C2=C1CCO2,1,3
382,O=C(/C=C/C=C/c1ccccc1)/C=C/c1ccccc1,2,5
383,c1ccc(-c2ccc3ccccc3[o+]2)cc1,1,3
384,O=C(CCC1CC2=N/C1=C\C1=N/C(=C\C3=NC(=CC4=NC2CC4)CC3)CC1)NCCO[PH](=O)O[C@@H]1COC(n2c[nH+]c3ccccc32)C1,1,3
385,C1CCCCC1,22,4
386,O=C(Cc1ccccc1)OC1CCCCC1,1,3
387,C=C1c2ccccc2C=Cc2ccccc21,1,3
388,O=C1CC(CC[C@@H]2CCCCC2=O)CC(=O)N1,1,5
389,C1=C2CCCCC2C2CC3=C[C@@]4(CC[C@H]3[C@@H]2C1)C[C@@H]1NCCC[C@H]1O4,1,3
390,c1ccc(CC2CCCC2)cc1,1,5
391,O=[PH]1NCCCO1,2,3
392,O=C1CCON1,2,2
393,O=C1CNC(=O)CNC(=O)CNC(=O)CNC(=O)CNC(=O)CNC(=O)CNC(=O)CNC(=O)CNC(=O)CNC(=O)CN1,3,4
394,O=S1(=O)NC(C2CC3C=CC2C3)Nc2ccccc21,1,5
395,c1ccc2c(c1)Cc1ccccc1Cc1ccccc1C2,1,3
396,O=C(OCc1cccc(Oc2ccccc2)c1)C1CC1,4,3
397,C1=Cc2ccccc2C(=C2CCNCC2)c2ccccc21,1,5
398,O=C1C=C2C=CC3C4CCCC4CCC3C2C2C[C@@H]12,1,2
399,O=C1C=C2C=CC3C4CCCC4CCC3C2[C@H]2C[C@@H]12,1,3
400,c1ncnc(NC2CC2)n1,1,3
401,O=c1cccc2n1C[C@H]1CNCC2C1,1,4
402,C1CCOC1,2,3
403,C1CC[C@@H](O[C@H]2CCCOC2)OC1,1,4
404,O=C(Nc1ccccn1)c1ccc2[nH]c(CNc3ccccc3)nc2c1,1,1
405,O=C1CNC(=O)C2CCCN2C(=O)CNC(=O)C(COC(=O)c2cc(=O)cc3oc4cccc(C(=O)OCC5NC(=O)CNC(=O)CNC(=O)C6CCCN6C(=O)CNC5=O)c4nc2-3)NC(=O)CN1,1,3
406,C1=C2CCC3C4CCCC4CCC3C2Cc2cnoc21,1,3
407,O=C1CN(/N=C/c2ccc(-c3ccccc3)o2)C(=O)[N-]1,1,1
408,c1ccc(Cc2cccc([C@H]3CCCCO3)c2)cc1,1,5
409,c1ccc(CCCOc2cccc3ccccc23)cc1,1,4
410,c1ccc(C(c2ccccc2)C2CCN(CCc3ccc4c(c3)CCO4)C2)cc1,1,1
411,O=C1c2ccccc2C(=O)c2cc3c(cc21)CCC[C@@H]3O[C@H]1CCCCO1,2,5
412,O=C1C=CC2C(C1)CC(=O)C1C2CCC2[C@H](c3ccoc3)OC(=O)[C@H]3O[C@@]123,1,4
413,O=C1C=CC2C(CCC3C2CCC2[C@H](c4ccoc4)OC(=O)[C@H]4O[C@@]324)C1,1,4
414,c1ccc2c(c1)CCNC2,6,4
415,c1ccc(-c2nc(-c3ccccc3)n(-c3ccccc3)n2)cc1,1,5
416,O=c1cc[nH]cc1,3,1
417,O=C1C=CC2C(=C1)CCC1C2CCC2C1C[C@H]1OC=NC21,1,5
418,O=C1c2ccc3c(c2O[C@@H]2COc4ccccc4[C@H]12)C=CCO3,1,3
419,O=C1C=COC(=O)C1,1,4
420,O=C1CCC2C(C1)CC(=O)C1C3CCCC3C(=O)CC21,1,1
421,O=C1CCC2C3CC(=O)C4CCCC4C3C(=O)C[C@@H]2C1,1,5
422,O=c1c2c(oc3c4c(ccc13)OCC=C4)COc1ccccc1-2,1,1
423,O=c1c2c(oc3c4c(ccc13)OCC4)COc1ccccc1-2,1,1
424,c1ccc2c(c1)OCc1c-2oc2ccccc12,1,4
425,O=C(CNCCCc1ccccc1)NC1Cc2ccccc2C1,1,4
426,O=C(C[NH2+]Cc1ccccc1)Nc1ccccc1.c1ccccc1,1,4
427,O=C1C=CC2C(CCC3C4=CC(=O)O[C@@H](c5ccoc5)C4CCC32)C1,1,3
428,O=C1c2ccccc2OCC1Cc1ccccc1,3,5
429,c1ccc2c(c1)ccc[n+]2CCCCCCCCCC[n+]1cccc2ccccc21,1,3
430,O=c1oc2ccccc2cc1-c1ccc2c(c1)OCO2,1,3
431,c1ccc2c(c1)CCc1cccnc1C2=C1CCNCC1,3,2
432,C=C1CC2CCCC2[C@@H]2CCC3=CCCC[C@@H]3C12,1,4
433,c1ccc(CC2CCCCC2)cc1,5,4
434,c1ccc(Cc2c[nH]cn2)cc1,1,2
435,O=[S@](Cc1ccccn1)c1nc2ccccc2[nH]1,1,3
436,O=C1CN(CCN2CC(=O)NC(=O)C2)CC(=O)N1,1,4
437,c1ccc2c(c1)C[C@@H]1NCC[C@]23CCCC[C@H]13,1,5
438,c1ccc(Cc2cncnc2)cc1,2,1
439,O=S1(=O)NC=Nc2ccccc21,2,1
440,c1ccc2c(c1)sc1ccccc12,1,3
441,O=c1cnn(-c2ccc(Cc3ccccc3)cc2)c(=O)[nH]1,1,4
442,c1ccc2nc3occc3cc2c1,2,3
443,O=c1oc2ccccc2cc1Cc1cc2ccccc2oc1=O,1,1
444,O=C(NC1CCCCC1)NC1CCCCC1,1,3
445,C1CCC(C2CCCCC2)CC1,1,5
446,O=c1[nH]cnc2c1ncn2C1CCCO1,2,4
447,C=C(C(=C)c1ccccc1)c1ccccc1,1,1
448,C1CNCCN1,16,3
449,C(=Cc1ccccc1)c1ccccc1,1,3
450,O=c1ccn(-c2ccccc2)c2cc(N3CCNCC3)ccc12,2,4
451,O=C(NC(=O)c1ccccc1)Nc1ccccc1,3,4
452,c1ccc(-c2ccccc2)cc1,8,1
453,O=C1C=C([C@H]2CCC3C4CC[C@@H]5C[C@@H](O[C@H]6CC[C@H](O[C@H]7CC[C@H](O[C@H]8CCCCO8)CO7)CO6)CCC5C4CCC32)CO1,2,2
454,O=C1C=C([C@H]2CCC3C4CC[C@@H]5CCCCC5C4CCC32)CO1,1,1
455,C=C1CCC(=O)CCCC2CCC12,1,1
456,O=c1c2c(oc3cc4c(cc13)CCO4)COc1ccccc1-2,1,2
457,O=C1CC2C3C[C@H]4CCCC(C4=O)C3CCC2[C@H](c2ccoc2)O1,1,2
458,O=c1nc[nH]c2c1N=C(CNc1ccccc1)CN2,1,5
459,O=C1C2=CC3CC4COC(C3)C24Oc2cc3c(cc21)C=CCO3,1,3
460,O=C1CCC2C(CCC3C2CCC2[C@H](c4ccoc4)OC(=O)C4OC432)C1,1,2
461,O=c1c(-c2ccc3c(c2)OCO3)coc2c3c(ccc12)OCCC3,2,4
462,O=C1CCCC1,1,1
463,O=C1c2ccc3c(c2O[C@@H]2COc4ccccc4[C@H]12)CCO3,2,5
464,C1CCC(O[C@@H]2OCCC2OC2CCCCO2)CC1,1,2
465,O=C1C(=O)c2c(ccc3ccccc23)C2=C1CCO2,1,1
466,O=C(Oc1ccccc1)c1ccco1,1,4
467,O=C1CC(c2ccccc2)Sc2ccccc2N1,1,4
468,O=c1[nH]c(=O)c2[nH]cnc2[nH]1.c1ccc(Cc2ccccc2)cc1,1,5
469,O=C1COC(=O)N1,4,2
470,c1ccc(/N=N/Nc2ccccc2)cc1,1,2
471,C1=C2CCCCC2C2CCC3C4C[C@@]5(CCCCO5)OC4CC3C2C1,1,3
472,O=c1cc(-c2ccccc2)oc2cc(O[C@H]3CCC[C@@H](CO[C@H]4CCCCO4)O3)ccc12,1,1
473,O=C(Nc1ccccc1)OCC(CN1CCCCC1)OC(=O)Nc1ccccc1,1,3
474,c1ccc(C(OC2CCNCC2)c2ccccc2)cc1,1,5
475,c1nc(N2CCCCC2)c2ncnc(N3CCCCC3)c2n1,1,3
476,O=C1C[C@@H](O[C@H]2CCCCO2)C[C@@H](O[C@H]2CCCCO2)CCC[C@H]2C[C@H](CCO1)OCN2,1,5
477,c1ccc(CCCNCCc2ccccc2)cc1,4,1
478,O=c1[nH]c2ccccc2n1CCCN1CCC(n2c(=O)[nH]c3ccccc32)CC1,1,1
479,O=C1c2ccccc2CC1CC1CCN(Cc2ccccc2)CC1,1,3
480,O=C1O[C@H]2C[C@@H](C/C=C/[C@@H](OC3CCC(O[C@H]4CCCCO4)CO3)C/C=C/C=C3\CO[C@@H]4CC=C[C@@H]1C34)O[C@@]1(C=CC[C@@H](C3CCCCC3)O1)C2,1,4
481,O=S1(=O)CCCc2ccsc21,1,4
482,O=C1NCC(CCN2CCOCC2)C1(c1ccccc1)c1ccccc1,1,4
483,O=C(C1COc2ccccc2O1)N1CCN(c2ncc3ccccc3n2)CC1,1,5
484,C=C1c2ccccc2COc2ccccc21,2,3
485,O=c1[nH]c(=O)c2c(ncn2CC2OCCO2)[nH]1,1,3
486,O=C1c2ccccc2C(=O)c2cc3c(cc21)CCC[C@@H]3OC1CCCCO1,1,5
487,O=C(CCCN1CC=C(n2c(=O)[nH]c3ccccc32)CC1)c1ccccc1,1,3
488,c1ccc(N2CCNCC2)cc1,6,5
489,O=C1C=C2C(CC1)C1CCC3C(C1[C@H]1C[C@@H]21)[C@@H]1C[C@@H]1[C@@]31CCC(=O)O1,1,5
490,c1ccc([C@H]2COc3ccccc3C2)cc1,1,1
491,c1csc(COc2cccc3ccccc23)c1,1,5
492,O=c1c(-c2ccc3c(c2)OCO3)coc2c3c(ccc12)OCC=C3,1,4
493,O=C(CCN1CCCCC1)c1ccccc1,2,3
494,O=C(CCCN1CCC(OC(c2ccccc2)c2ccccc2)CC1)c1ccccc1,1,2
495,c1ccc(COC(Cn2ccnc2)c2ccccc2)cc1,3,2
496,O=C1CC=NN1c1ccccc1,2,5
497,O=C(Nc1ccccn1)C(=O)N[C@H]1CCCCC1NC(=O)c1nc2c(s1)CNCC2.c1ccccc1,1,5
498,c1ccc2c(c1)CC(C1=NCCN1)O2,1,2
499,O=S(=O)(CCc1ccc2[nH]cc(C[C@H]3CCCN3)c2c1)c1ccccc1,1,4
500,O=c1oc2cccc3c(=O)oc4cccc1c4c23,1,4
501,O=C1/C(=N\Nc2cccc(-c3ccccc3)c2)C=NN1c1ccccc1,1,5
502,c1ccc2[nH]c(N3CCCNCC3)nc2c1,1,5
503,c1ccc2c(c1)CCNC2C[C@@H]1CCN2CCc3ccccc3C2C1,1,3
504,O=C1C=C([C@H]2CCC3C2CCC2C4CC[C@H](O[C@@H]5CCCCO5)CC4CC[C@H]23)CO1,1,4
505,c1cc(Cc2ccc(OC3CCOC3)cc2)cc(C2CCCCO2)c1,1,3
506,O=c1ncccn1[C@@H]1CSCO1,1,1
507,O=C(CNCCCc1ccccc1)N1CCCC1,2,4
508,c1ccc(CCn2ccnc2)cc1,2,1
509,O=c1cc[nH]c2nc(N3CCNCC3)ccc12,1,5
510,O=C1CC23OC4OC5(CCC2[C@H](c2ccoc2)O1)C1CC2CC1C(CC53O4)[C@H]2OC(=O)C1CO1,1,4
511,C=C1CCC[C@@H]1n1cnc2c(=O)[nH]cnc21,1,1
512,O=C1NC(=S)S/C1=C\C=C\c1ccccc1,1,1
513,O=C(O[C@@H]1Cc2ccccc2O[C@@H]1c1ccccc1)c1ccccc1,2,2
514,c1ccc2c(c1)CCC1C2CCC2CCCC21,8,5
515,C1=NCC2c3ccccc3Cc3ccccc3N12,1,1
516,O=C1C=C2CC[C@H]3C4CCC5(CCC(=O)O5)C4CC4O[C@]43C2CC1,1,1
517,O=C1CC2CCC3C(CCC4[C@H](c5ccoc5)OC(=O)C5OC534)C2C2OC12,1,5
518,O=C(NCCCN1CCOCC1)c1ccccc1,1,3
519,O=C1CCC2C3=CCc4ccccc4C3CCC12,1,1
520,C=C1CCCC/C1=C/C=C1\CCCC2CCC[C@@H]12,1,5
521,C1=C2c3cccc4[nH]cc(c34)C[C@H]2NCC1,2,1
522,C1=C2CCCCC2C2CCC3CCCC3C2=C1,2,2
523,O=c1ccc2c(-c3ccccc3)c3ccccc3oc-2c1,2,3
524,C1=C2C3CCCCC3CCC2C2CCC3C[C@@H](O[C@@H]4OC[C@@H](O[C@H]5CCCCO5)C[C@H]4O[C@H]4CCCCO4)CCC3C2C1,1,5
525,O=c1ccc2cc(O[C@H]3CCCCO3)ccc2o1,1,3
526,c1ccc2c(c1)N[C@H]1NCCC21,3,1
527,O=C(Oc1ccc2c(c1)CCC1C2CCC2CCCC21)c1ccccc1,1,4
528,O=C(CCC1CCCC1)O[C@H]1CCC2C3CCc4ccccc4C3CCC21,1,3
529,O=C1CCC2C1CCC1c3ccccc3CCC12,1,1
530,C1CNCCN1.O=C1CCC2C1CCC1c3ccccc3CCC12,1,3
531,O=C(O[C@H]1c2nccnc2C(=O)N1c1ccccn1)N1CCNCC1,1,2
532,c1ccc(Cc2nccc3ccccc23)cc1,2,1
533,O=C1CCC(=O)N1,3,5
534,c1ccc2scnc2c1,2,5
535,C1=C2CCC3C4CCCC4CCC3C2CCC1,2,1
536,c1ccc2c3c([nH]c2c1)COCC3,1,4
537,c1ccc(Cn2ccnc2)cc1,4,1
538,O=C1OCC2C(OC3CC[C@@H]4OCOC[C@H]4O3)c3cc4c(cc3[C@@H](c3ccccc3)[C@@H]12)OCO4,1,2
539,C1CC2CCC1CO2,1,1
540,c1ccc2occc2c1,2,1
541,C1=Cc2ccccc2OC1,1,3
542,C1CCC2C3=C(CCC2C1)C1CCCC1CC3,3,4
543,c1ccc2cc(/N=N/c3ccc(-c4ccc(/N=N/c5ccc6ccccc6c5)cc4)cc3)ccc2c1,1,2
544,C=C1CC2C(CCC3C(=O)CCC32)C2C=CC(=O)C=C12,1,1
545,O=C1[C@H](CCCc2ccccc2)[C@@H](c2ccccc2)N1c1ccccc1,1,1
546,O=c1cc(CNCCc2ccccc2)[nH]n1-c1ccccc1,1,4
547,O=S(=O)(c1cccc2cnccc12)N1CCCNCC1,1,2
548,c1ccc(-c2nccs2)cc1,2,2
549,C1=CC(c2ccccc2)C=CN1,6,1
550,c1ccc(Sc2ccc3nc[nH]c3c2)cc1,1,5
551,c1ccc(CNCCC(c2ccccc2)c2ccccc2)cc1,2,4
552,c1ccc(C2CNCCc3ccccc32)cc1,1,5
553,c1ccc(CCNCCc2ccccc2)cc1,2,4
554,O=C1NCC2(CCN(CCc3ccccc3)CC2)O1,1,5
555,c1ccc(CCCCN2CCC(C(c3ccccc3)c3ccccc3)CC2)cc1,3,3
556,O=C1C=CC2C(CCC3C4CCCC4CCC23)N1,1,5
557,O=C(COc1ccccc1)N1CCN(Cc2ccc3c(c2)OCO3)CC1,1,4
558,c1ccc(-n2cccn2)cc1,4,2
559,O=C1OCC(c2ccccc2)=C1OCC1CC1,1,1
560,O=C1CC2=C3C[C@H]4CCCC(C4=O)C3CCC2[C@H](c2ccoc2)O1,2,2
561,O=c1cc[nH]c2cc(N3CCNCC3)ccc12,4,3
562,O=C(c1ccccc1)c1ccc2[nH]cnc2c1,2,3
563,c1ccc(C(Cn2cncn2)Cn2cncn2)cc1,1,3
564,O=c1nccc[nH]1,4,4
565,O=C1NCc2cncn2-c2ccccc21,1,3
566,O=c1ccn2c3c(cccc13)CCC2,1,2
567,C(=C/c1ccccc1)\CN1CCN(C(c2ccccc2)c2ccccc2)CC1,1,5
568,O=C1OC2(c3ccccc3Oc3ccccc32)c2ccccc21,1,2
569,c1ccc(-c2c[nH]c3ccccc23)cc1,1,2
570,c1cn[nH]c1,24,4
571,O=C1C=C2CCC3C4CCC(=O)C4CCC3C2CC1,1,1
572,O=C(C[PH](=O)CCCCc1ccccc1)N1CC[C@@H](C2CCCCC2)C1,1,3
573,O=C1CCC2C(CCC3C2CCC2C4CCCCC4CCC23)C1,1,4
574,c1ccc2c(c1)NC1CCCCC21,1,5
575,O=C1Oc2ccccc2Oc2ccccc21,5,3
576,O=C1OC(CN2CCOCC2)CN1/N=C/c1ccco1,1,3
577,O=C1OCCN1/N=C/c1ccco1,1,3
578,c1ccc(NCc2ccco2)cc1,1,1
579,C=C1CCC2C3CC[C@H]4CCCCC4C3CC[C@@H]12,1,4
580,c1noc2c1CCNC2,1,5
581,C1CNCCNCCNCCN1,1,4
582,C1=C[C@@]23CCNCc4cccc(c42)O[C@H]3CC1,1,2
583,O=C1C2=CC3CC4COC(C3=O)C24Oc2cc3c(cc21)C=CCO3,1,4
584,O=C1C2=CCCC3COCC23Oc2cc3c(cc21)C=CCO3,1,4
585,c1ccc(Nc2ncnc3ccc(OCCCN4CCOCC4)cc23)cc1,1,4
586,N=C1CCN(c2ccc3c(=O)ccn(C4CC4)c3n2)C1,2,3
587,C1CCC(OC2CCC[C@H](O[C@@H]3CCCCO3)C2)OC1,1,1
588,C1CCC(O[C@H]2CCCC(O[C@@H]3CCCCO3)C2)OC1,1,5
589,[N+]=C1C=CC(=C(c2ccccc2)c2ccccc2)C=C1,1,1
590,O=C1C=C2CC[C@H]3C4C=CCC4CCC3[C@H]2CC1,1,4
591,C=C1C[C@]23CC1CC[C@H]2[C@@]12C=CCC(C(=O)O1)[C@H]2C3,1,4
592,O=C1CC23CC[C@H]4OC(=O)C5(O[C@@H]2O1)C1CC(=O)O[C@H]1CC453,1,1
593,O=C1C=C(C2CCC3C2CCC2C4CCCCC4CCC23)CO1,2,1
594,O=C1OC(=O)C2=C1CCC/C=C1/C(=O)OC(=O)C1C2,2,4
595,O=C(NN1CC2CCCC2C1)NS(=O)(=O)c1ccccc1,1,1
596,O=C(NC1CCCCC1)NS(=O)(=O)c1ccc(CCNC(=O)N2CC=CC2=O)cc1,1,3
597,O=C(NC1CCCCC1)NS(=O)(=O)c1ccc(CCNC(=O)c2cnccn2)cc1,1,1
598,O=C(NC1CCCCC1)NS(=O)(=O)c1ccc(CCN2C(=O)Cc3ccccc3C2=O)cc1,1,5
599,O=C1CCCCO1,2,1
600,O=C(NC1CCCCC1)NS(=O)(=O)c1ccc(CCNC(=O)c2ccccc2)cc1,1,5
601,O=C(OC1CC[NH2+]C1)C(c1ccccc1)C1CCCC1,1,2
602,O=C1C=C2C(CCC3CCCC[C@@H]23)C2CCC3C[C@@H](O[C@H]4CC[C@H](O[C@H]5CCCCO5)CO4)CCC3C12,1,4
603,O=C1C=C2C3CCCCC3CCC2C2CC[C@H]3C[C@@H](O[C@@H]4OCCC[C@H]4O[C@H]4CCCCO4)CCC3[C@@H]12,1,5
604,O=c1cc(-c2ccccc2)oc2c(O[C@H]3CCCCO3)cccc12,1,5
605,c1ccc2cc(-c3ccc4ccccc4c3)ccc2c1,2,2
606,O=C(CCc1c[nH]c2ccccc12)NCC(=O)NC(Cc1c[nH]c2ccccc12)C(=O)NCC(=O)NC(Cc1c[nH]c2ccccc12)C(=O)NCC(=O)NCCc1c[nH]c2ccccc12,1,3
607,O=C(NC1CC2CCCC(C1)N2)c1n[nH]c2ccccc12,1,2
608,C1CC2CCC34CCC(CC[C@H]3C[C@@H]2C1)C4,1,2
609,O=C1C=CC2(CC1)Oc1ccccc1C2=O,1,1
610,O=C1C=C[C@]2(CC1)Oc1ccccc1C2=O,1,5
611,c1ccc2cccc-2cc1,1,3
612,C1CCCNCCC1,1,3
613,C1=Cc2cc3ccc(cc4nc(cc5ccc(cc1n2)[nH]5)C=C4)[nH]3,2,3
614,O=C1C=C2CCC3C(CCC4C3C[C@H]3OCOC43)C2CC1,1,4
615,C1=NCCc2c1[nH]c1ccccc21,2,4
616,C1=NCCC2c3ccccc3NC12,1,4
617,c1ccc2c(c1)[nH]c1cnccc12,4,5
618,O=C1CC2C(CC[C@H]3CCCCC23)C2CC3O[C@]4(CCCCO4)CC3C12,1,5
619,O=C1CC2C(CC[C@H]3CCCCC23)C2CC3OC4(CCCCO4)CC3C12,1,5
620,C=C1C(=O)O[C@@H]2CC3CCCCC3=C[C@H]12,1,1
621,C1CC[C@@H](O[C@H]2CC[C@H](CO[C@H]3CCCOC3)OC2)OC1,1,2
622,O=C1C[C@@H](c2ccccc2)Oc2ccccc21,3,5
623,O=C1C[C@@H](c2ccccc2)Oc2cc(O[C@H]3CCC[C@@H](CO[C@@H]4CCCCO4)O3)ccc21,1,5
624,O=C1[C@@H](c2ccccc2)NCN1C1C(=O)N2CCS[C@H]12,1,3
625,c1ccc(CCc2ccccc2)cc1,1,3
626,C1CNCNC1,1,4
627,O=C(Cc1ccccc1)O[C@H]1CC2CC[C@@H](C1)[NH2+]2,2,4
628,c1ccc(-c2[nH+]c3ccccc3c3ccccc23)cc1,1,4
629,c1ccc2c(c1)O[C@H]1c3ccccc3OC[C@@H]21,1,4
630,O=C(OC1CCCCC1)c1ccccc1,1,2
631,C1=CCC/C=C/C/C=C/CC1,1,5
632,C=C1C2CC=C[C@H]1Cc1[nH]c(=O)ccc12,1,5
633,O=c1c2ccccc2sc2ccccc12,1,4
634,c1ccc2cnncc2c1,2,3
635,O=C1O[C@H]([C@@H]2NCCc3cc4c(cc32)OCO4)c2ccccc21,1,3
636,c1c2c(cc3c1OCO3)CNCC2,2,2
637,O=C1C=C2CC[C@H]3C4CCCC4CCC3C2CC1,1,4
638,c1ccc(C(c2ccccc2)N2CCNCC2)cc1.c1ccc2c(Cc3cccc4ccccc34)cccc2c1,1,4
639,C1CCC(O[C@H]2C[C@H]3OC4(CCCCO4)O[C@H]3CO2)CC1,1,3
640,O=C(Cc1ccccc1)O[C@H]1CC2CC[C@H](C1)N2,1,3
641,O=c1[nH]cnc2nc[nH]c12,1,2
642,O=c1c(O[C@H]2CCCCO2)c(-c2ccccc2)oc2cc(O[C@H]3CCCCO3)ccc12,1,2
643,c1ccc2c(c1)OCC(C1=NCCN1)O2,1,5
644,O=C1C=CC(=O)C=C1,4,5
645,O=c1ccn([C@H]2CCCO2)c(=O)[nH]1,9,5
646,O=C1C2CC3CC(C2)CC1C3,1,1
647,O=C(Nc1cccc(Nc2nccc(-c3cccnc3)n2)c1)c1ccc(CN2CCNCC2)cc1,1,3
648,N=C1NC(=O)N2CC12,1,4
649,C1=NCCN1Cc1cccnc1,1,4
650,c1ccc2c(c1)ncc1nc[nH]c12,1,2
651,O=c1ccc(-c2ccncc2)c[nH]1,2,3
652,O=C(NN1CCc2ccccc21)c1ccccc1,1,4
653,O=C(N[C@H]1CCc2ccccc21)[C@H](CCCN1CCN(Cc2cccnc2)CC1)Cc1ccccc1,1,3
654,O=C1c2ccccc2CN1c1ccccc1,1,1
655,O=C(CCCCC(=O)Nc1ccccc1)Nc1ccccc1,1,5
656,O=C1N(Cc2ccc(-c3ccccc3-c3nnn[nH]3)cc2)C=NC12CCCC2,1,1
657,O=c1c(-c2ccccc2)coc2cc(O[C@H]3CCCCO3)ccc12,1,5
658,c1ccc(-c2ncncn2)cc1,1,1
659,O=c1ccc2ccc3occc3c2o1,3,3
660,O=c1cc(-c2cccc(-c3cccc4c(=O)cc(-c5ccccc5)oc34)c2)oc2ccccc12,1,4
661,C=C1CCCC(=O)C2CCC2CC1,1,4
662,O=c1c(-c2ccccc2)coc2c3c(c4c(c12)OCCC4)OCC=C3,2,5
663,O=C1c2ccc3occc3c2O[C@@H]2COc3ccccc3[C@H]12,1,4
664,C1C[C@H]2OCC[C@H]2O1,3,2
665,O=C(Nc1ccon1)C1=Cc2ccccc2S(=O)(=O)N1,1,2
666,c1ccc(CCNCCOc2ccccc2)cc1,2,1
667,O=C(NCc1ccccc1)c1ccccc1,2,1
668,O=c1[nH]ncn1-c1ccc(N2CCN(c3ccc(OC[C@H]4CO[C@](Cn5cncn5)(c5ccccc5)O4)cc3)CC2)cc1,1,5
669,O=C1Cc2ccccc2CCN1CCCNC[C@H]1Cc2ccccc21,1,5
670,O=C1O[C@H]2C[C@@H](CC=C[C@@H](OC3CCC(O[C@H]4CCCCO4)CO3)C/C=C/C=C3\CO[C@@H]4CC=C[C@@H]1C34)O[C@@]1(CCCCO1)C2,1,4
671,O=C1C=CCC1,1,3
672,O=C1C=CC(=O)c2ccccc21,10,3
673,C1CC[C@@H](OC2CCC[C@H](O[C@@H]3CCCCO3)C2)OC1,1,4
674,O=c1cc(-c2ccccc2)oc2c1ccc1ccoc12,1,5
675,C1CCC(O[C@@H]2CCCCO2)CC1,1,1
676,c1ccc([C@@H]2C[C@@H](c3cccc4c3O[C@H](c3ccccc3)C[C@H]4c3cccc4c3O[C@H](c3ccccc3)CC4)c3ccccc3O2)cc1,1,3
677,O=C1C=CCC(/C=C/c2ccccc2)O1,1,1
678,O=C(c1ccccc1)C1CCN(CCn2c(=O)[nH]c3ccccc3c2=O)CC1,1,5
679,c1ccc([C@@]2(Cn3ccnc3)OCC(COc3ccc(N4CCNCC4)cc3)O2)cc1,1,3
680,O=C(c1ccccc1)c1ccc2n1CCC2,1,3
681,O=C1Cc2ccccc2C(=C2CCNCC2)c2ccsc21,1,3
682,O=C1[C@H]2O[C@]23C2CCC4CCCCC4C2CCC3[C@@H]1c1ccoc1,1,5
683,O=c1ccoc2cc3occc3cc12,2,3
684,c1coc(CNc2ncnc3[nH]cnc23)c1,1,3
685,O=C1CCC[C@@H](O[C@H]2CCC(O[C@H]3CCCCO3)CO2)CCCC/C=C/C=C/CCO1,1,1
686,O=C1CC[C@H]2OC2CC[C@H]2CC[C@H]12,1,2
687,O=c1ccocc1,2,3
688,O=C1c2ccccc2C(=O)c2cc(-c3ccccc3)ccc21,1,2
689,C1CC[C@H](O[C@H]2CCOC2)OC1,1,5
690,C1CCC2C(C1)CCC[C@]21CCCO1,1,3
691,O=c1ncccn1C1CSCO1,1,3
692,c1ccc(-c2cncnn2)cc1,1,4
693,O=C1C=C([C@H]2CCC3C4CCC5C[C@@H](O[C@H]6CC[C@H](O[C@H]7CC[C@H](O[C@H]8CC[C@H](O[C@H]9CCCCO9)CO8)CO7)CO6)CCC5C4CCC32)CO1,1,1
694,O=S(Cc1ccccn1)c1nc2ccccc2[nH]1,3,2
695,C1=Cc2ccc3ccccc3c2OC1,1,5
696,c1ccc(COc2ccc(Nc3ncnc4ccc(-c5ccco5)cc34)cc2)cc1,1,4
697,C=C1CCC2CCCCC2C1,1,4
698,O=C(Nc1ccccc1)c1cnoc1,1,4
699,O=C1CCC(N2Cc3ccccc3C2=O)C(=O)N1,1,2
700,c1ccc(C(c2ccccc2)n2cncn2)cc1,1,3
701,O=C1C[C@@H]2CCC=C3C(=O)C=C[C@@H]3[C@H]2O1,1,1
702,O=c1nc[nH]c2c1NC(CNc1ccccc1)CN2,1,1
703,c1ccc(C2CN3CCSC3=N2)cc1,1,1
704,O=C1CCCN1,11,1
705,O=c1ccn2c3c(c(N4CCNCC4)ccc13)OCC2,2,3
706,O=C1C=C2CCC3C4CCCC4CCC3[C@H]2CC1,3,1
707,O=C1CCC(c2ccccc2)=NN1,1,3
708,O=C(NC[C@H]1CCCN1)c1ccccc1,1,4
709,O=C1C[C@@H]2OC[C@@H]3CC(=O)C4[C@H](CCC5[C@H](c6ccoc6)OC(=O)[C@H]6O[C@]546)[C@]32CO1,1,3
710,O=C1CNC(=O)[C@@H]2CSSC[C@@H]3NC(=O)CCSSC[C@H](NC(=O)[C@H](CSSC[C@@H](C(=O)NCCc4ccccc4)NC(=O)CN1)NC(=O)[C@H](Cc1ccccc1)NC(=O)CNC3=O)C(=O)NCC(=O)N1CCC[C@H]1C(=O)NCC(=O)N2,1,4
711,O=C1NC2N=C(N3CCCCC3)NC2C(=O)N1Cc1ncc2ccccc2n1,1,3
712,O=C(NC[C@@H]1CCCCO1)[C@@H]1CCCN1,2,5
713,O=C1OCCN1c1ccc(N2CCOCC2)cc1,1,1
714,C1CSSC1,2,3
715,O=C(CC1CCCC(CCc2ccccc2)N1)c1ccccc1,1,1
716,c1ccc(OCC2=NCCN2)cc1,1,1
717,c1ccc(CN2CCN(C(c3ccccc3)c3ccccc3)CC2)cc1,2,1
718,c1ccc(C2CCN(CCC(c3ccccc3)c3ccccc3)CC2)cc1,1,1
719,O=C(COc1ccccc1)N[C@H](CC[C@H](Cc1ccccc1)NC(=O)CN1CCCNC1=O)Cc1ccccc1,1,5
720,O=C(Nc1ccccn1)C1=Cc2sccc2S(=O)(=O)N1,2,4
721,c1ccc(-c2nnn[nH]2)c(-c2ccc(Cn3ccnc3)cc2)c1,1,4
722,O=C1CCC[C@@H](CC[C@H]2CC=CC3=CCCC[C@@H]32)O1,2,1
723,O=C1CCCC1Cc1ccccc1,1,4
724,C(=C1c2ccccc2-c2ccccc21)c1ccccc1,1,3
725,O=C1CC[C@]23/C=C/C(=O)NCCCCNCCCNC(=O)/C=C/c4ccc(c2c4)O[C@@H]3C1,1,4
726,O=C1CCCC2C3CC(CN12)[C@@H]1CCCCN1C3,1,3
727,C1CCC2C(C1)CCC1C2CC[C@H]2C3CCCC3CCC12,2,3
728,C1CCN2CCCCC2C1,2,1
729,C1=C2C(CCC3CCCC[C@@H]23)C2CCC3CCCCC3C2C1,1,3
730,O=c1c2ccccc2oc2ccc(C3CCCCO3)cc12,1,2
731,O=C(OCCN1CCN(C(c2ccccc2)c2ccccc2)CC1)C1=CNC=CC1c1ccccc1,1,5
732,c1ccc2c(c1)C1CCC2c2ccccc21,1,5
733,O=c1ccn2c3c(c(N4CCNCC4)ccc13)OCN2,1,5
734,O=C1CCC[C@H]2[C@@H]3CCCN4CCC[C@H](CN12)[C@H]34,1,4
735,O=C(OCCCCNCCc1ccccc1)c1ccccc1,1,5
736,c1ccc(Cn2c3c(c4ccccc42)CNCC3)cc1,1,3
737,c1ccc2c(CC3CCCCN3)ccnc2c1,1,2
738,C=C1CC2CCC3C4CCC(=O)C=C4C=CC3C2C1,1,4
739,C1CC[C@H](OC2OCC[C@@H]2O[C@H]2CCCCO2)OC1,1,1
740,C1CC[C@@H](CO[C@@H]2CCCCO2)OC1,1,5
741,O=C(Nc1nccs1)C1=Cc2ccccc2S(=O)(=O)N1,1,2
742,O=C1CCCCC1,1,2
743,O=C(OC1CCC[NH2+]C1)C(c1ccccc1)c1ccccc1,2,3
744,O=C1NC(=O)C(c2ccccc2)N1,1,5
745,S=c1[nH]cnc2nc[nH]c12,2,2
746,O=C1C=CC2C(C1)CC1OC(=O)CC3=CCCC2C31,1,5
747,O=C1C[C@H]2CC(SC3CCNC3)=CN12,1,1
748,O=C1CCCC(=O)C1C(=O)c1ccccc1,1,1
749,O=C1OCc2ccccc21,2,1
750,O=C1NCC(COc2ccccc2)O1,1,5
751,O=C(NCC1CNC2Cc3c[nH]c4cccc(c34)[C@@H]2C1)OCc1ccccc1,1,1
752,C=C1c2ccccc2C(=O)C2=CC3C(=O)C=CC[C@@H]3C[C@H]12,1,2
753,c1ccc(NCc2cccs2)nc1,1,5
754,C1N2CN3CN1CN(C2)C3,1,4
755,O=C(N[C@@H]1C(=O)N2CCS[C@H]12)c1ccccc1,1,3
756,O=C(Cc1ccccc1)OC1CC2[NH2+]C(C1)C1OC21,1,1
757,O=C1CC(c2ccccc2)C(=O)N1,2,3
758,C=C1[C@H]2CCC3[C@H](c4ccoc4)OC(=O)C[C@]13O[C@H]1CCCCC12,1,4
759,C=C1C2CCC3[C@H](c4ccoc4)OC(=O)C[C@]13O[C@H]1CC(=O)CCC21,1,5
760,c1ccc2[s+]c3ccccc3nc2c1,2,1
761,c1ccc(CC2CCCCN2)cc1,1,1
762,O=S1(=O)CCCc2ccccc21,1,5
763,c1ccc2c(c1)CC(N1CCNCC1)c1ccccc1S2,1,3
764,O=C1c2ccccc2NCN1c1ccccc1,1,2
765,O=C(Cc1cccnc1)c1cccnc1,1,3
766,O=C1CCCC(CCC2CC=CC3=CCCC[C@@H]32)O1,1,4
767,O=C1CC2=C3C[C@H]4C(=O)CCC(C4=O)C3CCC2[C@H](c2ccoc2)O1,1,3
768,c1ccc2c(c1)Cc1ccccc1N1CCNCC21,1,4
769,O=C1C=C2CCC3C(=C2CC1)[C@@H](c1ccccc1)CC1CCCC13,1,3
770,C1CCNCC1,23,5
771,c1ccc(-c2ccc(NCCN3CCOCC3)nn2)cc1,1,1
772,c1cc(N2CCCCC2)nc[nH+]1,1,4
773,c1ccc2c(c1)Cc1cccnc1N1CCNCC21,1,2
774,O=C1C=CC(=O)C2=C1CC1[C@@H]3NC3CN21,1,4
775,O=C1Nc2ccccc2[C@@]12CCN1CC3COC=C[C@H]3CC12,1,3
776,c1cn([C@H]2CCCO2)cn1,2,3
777,c1cnc(N2CCCCC2)cn1,1,5
778,O=C(CNCCCc1ccccc1)N1CCc2ccccc2C1,3,4
779,c1ccc(OCC2NCCS2)cc1,1,4
780,O=C1c2cc[nH]c2CCC1CN1CCOCC1,1,4
781,c1c[n+](N2CCOCC2)no1,1,4
782,O=C1C=CC2C(=C1)CCC1C2CCC2C(OC(=O)c3ccco3)CCC21,1,2
783,C1CCC([C@H]2CCC(C3CC[C@H](C4CCC5(CCCCO5)O4)O3)O2)OC1,1,2
784,C(=C/c1ccc2ccccc2n1)\c1cccc([C@@H](CCc2ccccc2)SCC2CC2)c1,1,1
785,C(=C/c1cccs1)\C1=NCCCN1,1,4
786,C1COCCN1,11,5
787,O=C(Cc1ccccc1)NC1C(=O)N2C=C(CSc3nnn[nH]3)CO[C@H]12,1,2
788,N=C1CCO[C@]2(C1)C[C@@H]1C[C@@H](CC=CCC/C=C/C=C3\CO[C@@H]4CC=C[C@@H](C(=O)O1)C34)O2,1,5
789,O=c1ccn(C2CC2)c2cc(N3C[C@@H]4CCCN[C@@H]4C3)ccc12,1,2
790,O=C1c2ccccc2O[C@@H]2COc3ccccc3[C@H]12,1,5
791,O=c1c(-c2ccc3c(c2)C=CCO3)coc2cc3c(cc12)CCCO3,1,1
792,C1COC[C@H](C[C@H]2CO2)C1,1,1
793,O=C(CCC=CCc1ccc2c(c1)C(=O)OC2)OCCN1CCOCC1,1,5
794,O=[PH](OC[C@@H]1CC[C@H](n2cnc3cncnc32)O1)O[PH](=O)OC[C@@H]1CC[C@H]([n+]2ccccc2)O1,1,3
795,O=c1ccn2c3c(c(N4CCCCC4)ccc13)CCC2,1,2
796,c1ccc2c(c1)CCCC2,2,3
797,O=C(N[C@@H]1C(=O)N2CCS[C@H]12)c1cccc2ccccc12,1,1
798,c1ccc2c(CCCC3CCCO3)cccc2c1,1,5
799,C(=C/c1ccccc1)\CNCc1cccc2ccccc12,1,1
800,c1ccc(N2CCN(CCCOc3cccc4ccccc34)CC2)cc1,1,5
801,O=c1cc[nH]c2ncccc12,1,1
802,O=C1CCC2[C@H]3Cc4cccc5c4C2(CCN3)[C@H]1O5,1,3
803,O=C1CCC2[C@H]3Cc4cccc5c4C2(CCN3CC2CC2)[C@H]1O5,1,3
804,c1ccc2c(CC3=NCCN3)cccc2c1,1,3
805,O=C1C[C@@H](c2ccccc2)Oc2cc(O[C@H]3OCCC[C@H]3O[C@H]3CCCCO3)ccc21,1,3
806,O=C1/C=C/C2OC2CCCC2CCCC(CC(O[C@H]3CCCCO3)/C=C/C=C/C=C/C=C/CCO1)O2,1,2
807,O=C(NCCc1ccccc1)C1CCCCC1,1,5
808,c1ccc2c(c1)CCC(CCNCCC1CCc3ccccc3O1)O2,1,3
809,O=c1n(CCOc2ccccc2)cnn1CCCN1CCN(c2ccccc2)CC1,1,2
810,O=C(CN1CCCC1=O)Nc1ccccc1,1,1
811,c1ccc(C2OCCNCc3ccccc32)cc1,1,4
812,C1CCC(O[C@@H]2CCCC[C@H]2OC2C[C@H](O[C@@H]3CCCCO3)CO2)OC1,1,2
813,C1=CO[C@H](O[C@@H]2CCC[C@H](OC3CCCCO3)C2)CC1,1,1
814,O=C1Nc2cccnc2N(C2CC2)c2ncccc21,1,5
815,O=C(CCNNC(=O)c1ccncc1)NCc1ccccc1,1,3
816,O=C(OCCNCc1ccccc1)C1=CNC=CC1c1ccccc1,1,5
817,O=C(OC[C@H]1CN[C@@H]2Cc3c[nH]c4cccc(c34)C2C1)c1cccnc1,1,3
818,O=C(c1cccnc1)N1CCOCC1,1,3
819,c1cncc([C@@H]2CCCN2)c1,1,3
820,O=C(Nc1c[nH]n(-c2ccccc2)c1=O)c1cccnc1,1,2
821,O=C(N/N=C/c1ccco1)c1ccccc1,2,4
822,O=C1CNC(=O)N1c1ccccc1,1,5
823,O=C(Nc1nccs1)c1ccccc1,1,3
824,O=C1CN(/N=C/c2ccco2)C(=O)N1,1,3
825,O=C(c1ccc2[nH]cnc2c1)c1cccs1,1,5
826,c1ccc(CCCCc2ccccc2)cc1,1,4
827,O=C1CCC2=C(CCC3C2CCC2CCCC23)C1,1,1
828,N=C1C=C2CCC3C4CCCC4CCC3C2CC1,1,1
829,O=C1Oc2ccc3c(c2Oc2ccccc21)COC3=O,1,1
830,O=C1O[C@@H]([C@@H]2NCCc3cc4c(cc32)OCO4)c2ccccc21,1,2
831,O=C(Nc1cc2ccc(O[C@H]3CCCCO3)cc2oc1=O)c1ccccc1,1,3
832,O=C1CCCCCCCCCCCC2CCCC(CC(OC3CCCCO3)/C=C/C=C/C=C/C=C/CC/C=C/C=C/CCCCO1)O2,1,5
833,O=c1ccc2cc3c(cc2o1)OCCO3,1,3
834,O=C1C=CC(=C/C=C/c2ccccc2)C=C1,1,4
835,C=C(c1ccccc1)c1ccccc1,2,3
836,c1ccc2c(c1)N=C(N1CCNCC1)c1ccsc1N2,1,3
837,c1ccc(-c2nn[nH]n2)c(-c2ccc(Cn3ccnc3)cc2)c1,1,3
838,O=C(OCc1coc(=O)o1)c1cncn1Cc1ccc(-c2ccccc2-c2nn[nH]n2)cc1,1,3
839,S=c1cc(-c2cnccn2)ss1,1,2
840,O=C1c2c([nH]c3ccccc23)CCC1Cn1ccnc1,1,1
841,O=C1CCO1,2,4
842,O=c1c(-c2ccccc2)coc2c3c(ccc12)OCC=C3,2,1
843,O=C(NC1C(=O)N2CCS[C@H]12)c1conc1-c1ccccc1,1,4
844,C1CCCCC1.O=C1[O][Pt][O]C1=O,1,2
845,C(=C/c1ccccc1)\C1=NCCCN1.c1ccc2c(Cc3cccc4ccccc34)cccc2c1,1,5
846,c1ccc(-c2ncoc2-c2ccccc2)cc1,1,5
847,O=C1Cc2ccccc2Nc2ccccc21,1,1
848,O=C(CNCC(=O)NCCc1ccccc1)NCCc1ccccc1,1,4
849,O=S(c1ccccc1)c1ccc2nc[nH]c2c1,1,4
850,c1ccc(CO/N=C(\Cn2ccnc2)c2ccccc2)cc1,1,4
851,c1ccc(-c2ncon2)cc1,2,4
852,O=c1cc[nH]c2cc3c(cc12)OCO3,1,5
853,O=C(OC1C2CCC3C1C(C2)[C@@]12CCCC4CNC1[C@@H]3CC42)c1ccccc1,1,5
854,O=c1[nH]c(=O)c2[n-]cnc2[nH]1,1,1
855,O=C1CCC[C@H]2[C@@H]3CCC[NH+]4CCC[C@H](CN12)[C@H]34,1,4
856,c1ccc(CC2=NCCN2)cc1,3,4
857,O=C1CC(=O)N(c2ccccc2)N1c1ccccc1,2,2
858,O=C(OCC1=NCCCN1)C(c1ccccc1)C1CCCCC1,1,3
859,O=c1oc2cc3occc3cc2cc1-c1ccc2c(c1)OCO2,1,2
860,O=C(C[C@@H](NC(=O)c1ccccc1)c1ccccc1)O[C@@H]1C=C2CC(=O)C3CC[C@H]4OCC4C3[C@H](OC(=O)c3ccccc3)C(C2)C1,1,4
861,O=c1c(CCN2CCC(c3noc4ccccc34)CC2)cnc2n1CCCC2,2,4
862,c1ccc2c(c1)CC[n+]1cc3ccccc3cc1-2,1,1
863,C1CC[C@@H](O[C@@H]2COC(O[C@@H]3CCCC[C@H]3O[C@@H]3CCCCO3)C2)OC1,1,4
864,c1ccc([C@@H]2CCNC[C@H]2COc2ccc3c(c2)OCO3)cc1,1,3
865,C=C1C(=O)O[C@@H]2C3OC3CCC=CCC[C@@H]12,1,4
866,c1ccccc1.c1ccncc1,1,4
867,O=C1C=C2COCC=C2O1,1,1
868,O=c1ccn2c3c(c(C4CC4)ccc13)OCC2,1,5
869,O=c1cc(-c2ccccc2)oc2cc(O[C@@H]3CCC[C@@H](CO[C@H]4CCCCO4)O3)ccc12,1,3
870,O=c1nc[nH]c2[nH]cc(CCc3ccccc3)c12,1,4
871,O=c1c(-c2nnn[n-]2)cnc2ccccn12,1,2
872,c1ccc(C2CCN(CCCC(c3ccccc3)c3ccccc3)CC2)cc1,1,3
873,O=C(COc1ccccc1)N[C@@H]1C(=O)N2CCS[C@H]12,1,5
874,O=C(CCc1c[nH]c2ccccc12)NCC(=O)NCC(=O)NCCc1ccccc1,1,2
875,c1ccc(OCCCCCOc2ccccc2)cc1,1,3
876,C(CC[NH+]1CCCC1)CC[NH+]1CCCC1,1,4
877,C1CCc2nnnn2CC1,1,3
878,c1cc2c3c(c[nH]c3c1)CC1NCCC[C@H]21,1,2
879,C1CCC(C(CC2CCCCN2)C2CCCCC2)CC1,1,3
880,C1CC[C@@H]2NCC[C@@H]2C1,2,4
881,O=C1C=C([C@H]2CCC3C4CC[C@@H]5C[C@@H](O[C@@H]6CCCCO6)CCC5C4CCC32)CO1,1,3
882,c1ccc(/N=N/c2cccnc2)cc1,1,2
883,O=C1NC(=O)C(c2ccccc2)C(=O)N1,1,3
884,O=C1OC(c2ccccc2)(c2ccccc2)c2ccccc21,1,2
885,O=S1(=O)OC(c2ccccc2)(c2ccccc2)c2ccccc21,1,5
886,c1ccc(CNCCOc2ccccc2)cc1,1,1
887,c1ccc(N(CC2=NCCN2)c2ccccc2)cc1,1,3
888,O=C1[N-]C(=O)C(c2ccccc2)(c2ccccc2)N1,1,4
889,O=C(CCc1ccccc1)c1ccccc1,2,3
890,O=C(CCc1ccccc1)c1ccccc1O[C@H]1CCCCO1,1,2
891,O=C(Nc1ccc(S(=O)(=O)Nc2nccs2)cc1)c1ccccc1,1,4
892,c1ccc2c(c1)N[C@H]1NCCC21.c1ccccc1,1,1
893,C(=C/c1cccc(O[C@@H]2CCCCO2)c1)\c1ccccc1,1,3
894,O=C1OC[C@@H]2Cc3cc4c(cc3[C@@H](c3ccccc3)[C@H]12)OCO4,1,5
895,O=C1O[C@@H]2C[C@H]1C1C[C@H]3O[C@]34C(=O)O[C@H]2C14,2,5
896,O=C1CC[C@@H](C(=O)N2CCSC2)N1,1,4
897,O=C1C[C@@H](Cc2cnc[nH]2)CO1,1,4
898,c1ccc2c(c1)Sc1ccccc1C2=C1CCNCC1,1,1
899,O=C1CCC(c2ccc3[nH]c(-c4ccccc4)nc3c2)=NN1,1,4
900,O=c1[nH]c2ccccc2n1C1CCN(CCCC(c2ccccc2)c2ccccc2)CC1,1,1
901,O=C1NC(=O)C(Cc2ccc(OCCc3ccccn3)cc2)S1,1,4
902,O=C(CCCN1CCC(N2CCCCC2)CC1)c1ccccc1,1,4
903,O=c1cc[nH]c2nc(N3CCNCC3)ncc12,1,4
904,O=C1NCCN(C(=O)NC(C(=O)N[C@@H]2C(=O)N3CCS[C@H]23)c2ccccc2)C1=O,1,1
905,O=C(OC1CCCNC1)C(c1ccccc1)c1ccccc1,1,1
906,O=C(/C=C/C=C/c1ccc2c(c1)OCO2)N1CCCCC1,1,2
907,O=C1C=CCCN1C(=O)/C=C/c1ccccc1,1,4
908,O=C(c1ccccc1)C1CCN(CCc2cnc3ccccn3c2=O)CC1,1,5
909,O=C1Nc2cccnc2N(C(=O)CN2CCNCC2)c2ccccc21,1,4
910,O=c1ccccn1-c1ccccc1,1,4
911,c1cnc(N2CCN(Cc3ccc4c(c3)OCO4)CC2)nc1,1,4
912,O=c1cccc[nH]1,14,1
913,O=c1cc[nH]c2nc(N3CCCC3)ncc12,1,1
914,c1ccc2c(c1)CCc1sccc1C2=C1CCNCC1,1,3
915,O=C1OC[C@@H]2Cc3cc4c(cc3[C@@H](c3ccccc3)[C@@H]12)OCO4,1,1
916,c1cc2c(cc1-c1ccc3c(c1)C1CCCCC1CC3)C1CCCCC1CC2,1,1
917,O=C1CCCNC(=O)CNC(=O)CNC(=O)CNC(=O)CNC(=O)C(Cc2ccccc2)NC(=O)CN1,1,4
918,O=c1[nH]ncn1-c1ccc(N2CCN(c3ccc(OC[C@@H]4CO[C@@](Cn5cncn5)(c5ccccc5)C4)cc3)CC2)cc1,1,3
919,c1nc2c(s1)CCCC2,2,1
920,c1ccc(OCCCN2CCOCC2)cc1,1,5
921,c1ccc2c(c1)Cc1cccnc1O2,1,2
922,O=C1CC[C@@H]2C1CCC1C3CCCCC3=CCC12,1,3
923,O=C1CCC2C1CCC1C3CCCCC3=CCC21,1,3
924,O=C(C1CC1)[C@H](c1ccccc1)N1CCc2sccc2C1,1,5
925,C1=CC2=CCCCC2CC1,1,5
926,O=C(C1CCCCC1)N1CC(=O)N2CCc3ccccc3C2C1,1,1
927,O=C1C=CC2C(=C1)CCC1C3CCCC3CC(=O)C21,1,1
928,c1ccc(C(CCN2CCCCC2)c2ccccc2)cc1,1,1
929,O=C1NCNC(=O)C1c1ccccc1,1,1
930,c1ccc(SCSc2ccccc2)cc1,1,3
931,c1ccc(C(CCN2CCCC2)C2CCCCC2)cc1,1,5
932,c1ccc2c(c1)Cc1ccccc1O2,1,4
933,c1ccc(OC2CCCCC2)cc1,1,3
934,O=c1cc[nH]c(=S)[nH]1,6,4
935,O=c1ccc([C@H]2CCC3C4CCC5=C[C@@H](O[C@H]6CCCCO6)CCC5C4CCC32)co1,1,4
936,O=C1CCC(C(=O)NC(Cc2c[nH]cn2)C(=O)N2CCCC2)N1,1,3
937,C1=Cc2ccccc2Cc2ccccc21,1,4
938,O=c1occ(CN2CCN(c3ccc4c(=O)cc5n(c4c3)CS5)CC2)o1,1,4
939,O=c1ccoc2cc3c(cc12)CC=CCO3,1,3
940,C(=C/c1ccccc1)\c1ccccc1,4,4
941,O=c1c(-c2ccccc2)coc2c(C3CCCCO3)cccc12,1,2
942,O=C(CCc1ccccc1)N[C@@H]1COC(n2cnc3cncnc32)C1,1,2
943,O=c1ccccc2ccccc12,1,3
944,C(=C/c1cccs1)\C1=NCCCN1.c1ccc2c(Cc3cccc4ccccc34)cccc2c1,1,4
945,O=C1C=C[C@@H](OC(=O)C2CC2)C1,1,3
946,c1ccc(-c2cncnc2)cc1,1,3
947,c1ccc(Oc2ccc(OCCOc3ccccn3)cc2)cc1,1,1
948,c1ccc([S][Zn][S]c2cccc[nH+]2)[nH+]c1,1,1
949,O=C1C=CNC(=O)C1,1,3
950,c1cncc(CSSCc2cccnc2)c1,1,3
951,c1ccc2c(Nc3cc(CN4CCCC4)cc(CN4CCCC4)c3)c3ncccc3nc2c1,1,3
952,C(=C/c1ccc2ccccc2[nH+]1)\c1ccn(-c2ccccc2)c1.c1ccc2c(Cc3cccc4ccccc34)cccc2c1,1,1
953,O=C1C[C@H]2C=CC(=O)C3C4C(=O)C=CC[C@@H]4C[C@@H](O1)C32,1,1
954,O=c1c(O[C@H]2CCCCO2)c(-c2ccccc2)oc2ccccc12,3,3
955,c1ccc2c(c1)N=C(N1CCNCC1)c1ccccc1S2,1,3
956,c1cc2c(cc1OC1CCCC1)CCC1C2CCC2CCCC21,1,1
957,O=C1NCNc2ccccc21,1,4
958,c1ccc(Oc2ccnc3ccccc23)cc1,2,4
959,c1ccc2nc(N3CCNCC3)ccc2c1,1,4
960,O=S(Cc1ccccn1)c1nc2ccccc2[n-]1,1,2
961,O=C(CCc1ccccc1)NCC(=O)OCc1ccccc1,1,1
962,O=C(Nc1ccc(Oc2ccccc2)cc1)c1ccccc1,1,4
963,O=C(c1ccc(OCCN2CCCCC2)cc1)c1c(-c2ccccc2)sc2ccccc12,1,2
964,c1cc2c(c3c1CCC3)CCO2,1,4
965,O=C(CNCCCc1ccccc1)N1CC[C@@H]2CCC[C@@H]21,1,4
966,O=C(CN1CCN(CCCOc2ccccc2)CC1)Nc1ccccc1,1,4
967,O=C(NCCc1cc(=O)[nH]c2ccccc12)c1ccccc1,1,4
968,O=C(Cc1ccccc1)NCc1ccccc1N1CCCCC1,1,5
969,O=C(O[C@H]1CC[C@H]2C[C@@H]3c4[nH]c5ccccc5c4CCN3C[C@H]2C1)c1ccccc1,1,1
970,C=C1CCCC(=O)OCC2=CCN3CC[C@@H](OC1=O)[C@@H]23,1,3
971,O=C(c1ccccc1)N1CCc2c([nH]c3ccccc23)C1=O,1,2
972,O=C1C=CC(=O)c2cc3occc3cc21,1,1
973,O=c1cc(-c2ccccc2)oc2cc(O[C@@H]3OCCC[C@H]3O[C@H]3CCCCO3)ccc12,1,4
974,c1ncn([C@H]2CCCO2)n1,1,3
975,O=c1nc2[nH]c3ccccc3nc-2c(=O)[nH]1,3,3
976,C1CC[C@@H](O[C@@H]2CCCCC2O[C@H]2CCCO2)OC1,1,3
977,O=C1/C=C\C=C\CCCCCCCC/C=C/OC2Oc3ccc4cc(c(C=NN5CCNCC5)cc4c3C2=O)N1,1,4
978,O=C1/C=C\C=C\CCCCCCCC/C=C/OC2Oc3ccc4cc(c(/C=N/N5CCN(C6CCCC6)CC5)cc4c3C2=O)N1,1,3
979,O=C1/C=C\C=C\CCCCCCCC/C=C/OC2Oc3ccc4cc(c5c(nc6ccccn65)c4c3C2=O)N1,1,5
980,O=c1c(CCN2CCC(=C(c3ccccc3)c3ccccc3)CC2)cnc2sccn12,1,1
981,O=C(CNC(=O)NCc1cscn1)N[C@H](CC[C@H](Cc1ccccc1)NC(=O)OCc1cncs1)Cc1ccccc1,1,1
982,N=C(N/N=C/c1ccccc1)N/N=C/c1ccccc1,1,2
983,O=c1oc2cc3c(cc2cc1-c1ccccc1)C=CCO3,1,5
984,C1CC[NH+]([C@@H]2CC3CCC4C5C[C@H](N6CCOCC6)CCC5CCC4C3C2)C1,1,4
985,O=C(Nc1ccncc1)c1cccc(OCC2CC2)c1,1,1
986,O=C1CC(c2cccc(OC3CCCC3)c2)CN1,1,3
987,O=C1Cc2ccccc2N1,6,3
988,O=C1NC(=O)C(Cc2ccc(OCCNc3ccccn3)cc2)S1,1,4
989,c1ccc(-c2ccncn2)cc1,1,1
990,c1ccc(CN2CCCCC2)cc1,3,1
991,N=C1CCCCOC(=O)C[C@@H](O[C@H]2CCCCO2)C[C@@H](O[C@H]2CCCCO2)CCC1,1,1
992,c1ccc(Cn2ccnn2)cc1,4,2
993,O=c1ccn2c3c(c(N4CCNCC4)ccc13)SCC2,1,2
994,O=C1c2ccccc2C(=O)c2cc3c(cc21)CCCC3,1,3
995,O=c1c(OC2CCC[C@@H](CO[C@H]3CCCCO3)O2)c(-c2ccccc2)oc2ccccc12,1,4
996,c1ccc2c(c1)C[C@@H]1NCCc3cccc-2c31,1,2
997,O=C1NS(=O)(=O)c2ccccc21,2,3
998,c1ccc(CCO[C@H]2CCCCO2)cc1,1,4
999,O=C(CCC[C@H]1CCCCO1)C[C@@H]1CCCC2(C=CC[C@]3(CCC([C@H]4CCCCO4)O3)O2)O1,1,2
1000,O=C1CCCC2CC[C@H]3C(=O)O[C@H](c4ccoc4)CC3[C@@H]12,1,3
1001,c1cc2c(c[nH+]c3c4cc5c(cc4ccc23)OCO5)c2c1OCO2,1,3
1002,O=C1C=CC2CC[C@H]3CC(=O)O[C@@H]3C2=C1,1,3
1003,O=C1/C(=C/c2ccccc2)COc2ccccc21,1,1
1004,C1CC[C@@]2(CC3C(CC4C3CCC3C4CC[C@@H]4CCCCC34)O2)OC1,1,2
1005,O=C(CC12CC3CC(CC(C3)C1)C2)N1CC[C@@H]2C[C@@H]21,1,2
1006,C1CCC2CCCCC2C1,1,4
1007,O=C1C[C@H]2C(CC[C@H]3CCCCC32)O1,1,2
1008,O=C(Cc1ccccc1)O[C@H]1CC2N[C@@H](C1)[C@H]1OC21,1,4
1009,O=C1C=C2C=C[C@@H]3C[C@@]2(O1)[C@H]1CCCCN31,1,4
1010,N=C1C=C[C@H]2C(=O)O[C@H]3C[C@@H](C/C=C/[C@@H](OC4CCCCO4)C/C=C/C=C4\CO[C@H]1C42)O[C@@]1(CCC[C@@H](C2CCCCC2)O1)C3,1,5
1011,O=C1c2ccccc2[C@@H]([C@H]2c3ccccc3C(=O)c3c(O[C@@H]4CCCCO4)cccc32)c2cccc(O[C@@H]3CCCCO3)c21,1,4
1012,c1ccc([C@@H]2CCCc3ccccc32)cc1,2,4
1013,O=c1[nH]c(-c2cccc(S(=O)(=O)N3CCNCC3)c2)nc2cn[nH]c12,1,3
1014,O=C1C[C@@H](c2ccc3c(c2)O[C@H](c2ccccc2)CO3)Oc2ccccc21,1,1
1015,O=C1C=C[C@@H]2[C@@H]3Cc4ccccc4[C@]2(CCN3)C1,1,1
1016,O=C1CCC=CCC(=O)CC(CCC2CCCCC2)OC(=O)C2CCCCN2C(=O)C(=O)C2CCCC(CC/C=C/C=C/C=C/CCC1)O2,1,1
1017,C1=CO[C@H](O[C@@H]2CCC[C@H](O[C@@H]3CCCCO3)C2)CC1,1,4
1018,O=C(CCCc1ccccc1)N1CCn2cnnc2C1,1,3
1019,O=C1c2ccccc2C(=O)c2c1cccc2-c1cccc2c1C(=O)c1ccccc1C2=O,1,2
1020,C1CC[C@@]2(C[C@@H]3C4CCC5C(CC[C@@H]6CCCCC56)C4C[C@@H]3O2)OC1,1,5
1021,C1CC[C@]2(CC3C(CC4C3CCC3C4CC[C@@H]4CCCCC34)O2)OC1,1,2
1022,C1=C2CCCCC2C2CCC3C4C[C@@]5(CCCCN5)O[C@H]4C[C@H]3C2C1,1,1
1023,O=C1C=CC(CCc2ccoc2)C2CCCCC12,1,4
1024,O=C(O[C@H]1CN2CCC1CC2)N1CCc2ccccc2[C@@H]1c1ccccc1,1,4
1025,C1CCN2C[C@@H]3C[C@H](CN4CCCC[C@@H]34)[C@H]2C1,1,3
1026,O=C1CCO[C@H]2O[C@@H]3CCCC[C@H]3OC12,1,2
1027,O=C1CCCO1,1,1
1028,O=C1CCC[C@@H](O[C@H]2CC[C@H](O[C@H]3CCCCO3)CO2)CCC[C@@H](O[C@H]2CCCCO2)/C=C/C=C/CCO1,1,5
1029,O=C1C=C2CCC3[C@H](CCC4[C@H]3CC[C@@]43CCC(=O)O3)C2CC1,1,1
1030,O=c1ccn([C@H]2C=CCO2)c(=O)[nH]1,1,4
1031,C1CCC(O[C@@H]2OCCC2O[C@H]2CCCCO2)CC1,1,1
1032,O=C1CC2OCC=C3CN4CC[C@]56c7ccccc7N1C5[C@H]2[C@H]3CC46,1,1
1033,O=S(=O)(Nc1nccs1)c1ccccc1,2,3
1034,C1CC[C@@H](OC2CCCO2)OC1,2,5
1035,O=C1C[C@@H]2N1CCS2(=O)=O,1,1
1036,S=C1SCN(Cc2ccccc2)CN1Cc1ccccc1,1,1
1037,c1ccc(CSC(Cn2ccnc2)c2ccccc2)cc1,1,1
1038,O=C(NS(=O)(=O)c1ccccc1)c1ccccc1,1,3
1039,O=S(=O)(Nc1cccnn1)c1ccccc1,2,2
1040,O=S(=O)(Nc1ncccn1)c1ccccc1,4,4
1041,O=S(=O)(Nc1ccncn1)c1ccccc1,4,5
1042,O=S(=O)(Nc1nncs1)c1ccccc1,1,1
1043,O=S(=O)(Nc1ccon1)c1ccccc1,1,2
1044,O=S(=O)(Nc1ccccc1)c1ccccc1,1,5
1045,O=S(=O)(Nc1ccnn1-c1ccccc1)c1ccccc1,1,3
1046,O=S(=O)(Nc1ccccn1)c1ccccc1,1,1
1047,O=S(=O)([N-]c1cnc2ccccc2n1)c1ccccc1,1,4
1048,O=S(=O)(Nc1ccccn1)c1ccc(/N=N/c2ccccc2)cc1,1,5
1049,O=C1C(CCS(=O)c2ccccc2)C(=O)N(c2ccccc2)N1c1ccccc1,1,5
1050,O=S(=O)(Nc1ccno1)c1ccccc1,2,3
1051,C1=Cc2ccccc2/C1=C\c1ccccc1,1,3
1052,O=C(Nc1cccc(C(=O)Nc2cccc(C(=O)Nc3cccc4ccccc34)c2)c1)Nc1cccc(C(=O)Nc2cccc(C(=O)Nc3cccc4ccccc34)c2)c1,1,3
1053,O=C(c1ccccc1-n1nccn1)N1CCCN(c2nc3ccccc3o2)CC1,1,5
1054,O=c1[nH]c(=O)[nH]c(=O)[nH]1,1,3
1055,c1ccc2nc3c(cc2c1)CCCC3,2,1
1056,O=C1CC=CCCCC[C@@H]2CCCC(O2)C(=O)C(=O)N2CCCC[C@H]2C(=O)O[C@H](/C=C/C2CCCCC2)CCC1,1,5
1057,O=C1NCC(=O)N2[C@H](c3ccc4c(c3)OCO4)c3[nH]c4ccccc4c3C[C@H]12,1,3
1058,O=C(OC[C@H]1O[C@H](OC(=O)c2cccc(OC(=O)c3ccccc3)c2)[C@H](OC(=O)c2cccc(OC(=O)c3ccccc3)c2)[C@@H](OC(=O)c2cccc(OC(=O)c3ccccc3)c2)[C@@H]1OC(=O)c1cccc(OC(=O)c2ccccc2)c1)c1cccc(OC(=O)c2ccccc2)c1,1,5
1059,O=C1C(=O)c2c(ccc3c2CCCC3)-c2occc21,1,3
1060,O=C1CC2N1CC(Cn1ccnn1)S2(=O)=O,1,2
1061,c1ccc(CCCCn2cncn2)cc1,1,2
1062,O=C1Cc2cccc(c2)Oc2cccc(c2)[C@@H]2NC(=O)C(Cc3ccc(cc3)Oc3cc4cc(c3O[C@H]3CCCCO3)Oc3ccc(cc3)[C@@H](O[C@H]3CCCCO3)[C@@H]3NC(=O)[C@H](NC(=O)[C@@H]4NC2=O)c2cccc(c2)-c2c(cccc2OC2CCCCO2)CNC3=O)N1,1,3
1063,O=C1Nc2ccccc2N(C(=O)CN2CCNCC2)c2cscc21,1,5
1064,O=C1CC(=O)OCC2OC(=O)N(CCCCn3cnc(-c4cccnc4)c3)[C@H]2CC(=O)CCC[C@H](OC2CCCCO2)C1,1,5
1065,c1ccc(-c2ccc(Cn3cnc4ccc(-c5nc6ccccc6[nH]5)cc43)cc2)cc1,1,5
1066,O=C1CN=C(c2ccccc2)c2ccccc2N1,1,5
1067,O=c1[nH]nnc2cncn12,1,5
1068,O=S(Cc1ccccn1)c1nc2ncccc2[nH]1,1,5
1069,O=C1OCC2C(O[C@H]3CCC4O[C@H](c5cccs5)OC[C@H]4O3)c3cc4c(cc3[C@@H](c3ccccc3)[C@@H]12)OCO4,1,4
1070,O=C1/C(=C/c2cccs2)CCC/C1=C\c1cccs1,1,2
1071,O=C(C1CCCO1)N1CCN(c2ncc3ccccc3n2)CC1,1,3
1072,c1ccc([C@@]2(Cn3cncn3)OC[C@H](COc3ccc(N4CCNCC4)cc3)O2)cc1,1,2
1073,O=C1CCN2CCc3ccccc3[C@@H]2C1,1,2
1074,O=C1CC2CCCC2C2CC[C@@H]3CCCCC3C12,1,3
1075,c1ccc2c(c1)CC1c3ccccc3CCN1C2,1,1
1076,c1ccc2c(c1)CCCC2C1=NCCN1,1,1
1077,c1cc2cc(c1)Oc1ccc(cc1)C[C@@H]1NCCc3ccc(cc31)Oc1cccc3c1[C@H](C2)NCC3,1,2
1078,O=C1CCC(N2C(=O)c3ccccc3C2=O)C(=O)N1,1,2
1079,O=c1ccc([C@@H]2CCc3ccccc3O2)cc2c([C@@H]3CCc4ccccc4O3)cccc12,1,2
1080,O=C(O[C@@H]1Cc2ccccc2O[C@@H]1c1ccc(=O)c2cccc([C@@H]3CCc4ccccc4O3)c2c1)c1ccccc1,1,1
1081,c1ccc2[nH]c(-c3cscn3)nc2c1,1,5
1082,c1ncc(C[n+]2ccsc2)cn1,1,5
1083,O=C1CC(=O)NC=N1,2,2
1084,c1ccc2c(c1)Sc1ccccc1N2CCC1CCCCN1,1,4
1085,C=C1NC(=O)CNC(=O)CNC2C=Cc3ccc(nc3C2)C(=O)OCC2NC(=O)c3csc(n3)CNC(=O)C3CSC(=N3)C(=C)NC(=O)CNC(=O)c3csc(n3)C3(CCC(c4nccs4)=NC3c3csc2n3)NC(=O)CNC1=O,1,5
1086,S=P(N1CC1)(N1CC1)N1CC1,1,4
1087,c1ccc(CNc2ncccn2)cc1,1,1
1088,O=C(Cc1ccsc1)N[C@@H]1C(=O)N2CCS[C@H]12,1,1
1089,C1CC[C@@]2(C[C@@H]3C4CCC5C(CC[C@H]6CCCCC56)C4C[C@@H]3O2)OC1,1,1
1090,O=C1CCCCC1c1cccs1,1,3
1091,O=C1/C=C/C=C\[C@H](CO[C@H]2CCCCO2)COC(=O)CCC[C@@H](O[C@H]2CCCCO2)[C@@H](CCN2CCCCC2)CC1,1,4
1092,O=C1c2ccccc2-c2ccccc21,1,5
1093,c1nsnc1N1CCOCC1,3,5
1094,C1CSCN1,4,5
1095,c1ccc(C(Cn2ccnc2)OCc2ccsc2)cc1,1,3
1096,O=c1oc2ccccc2s1,1,4
1097,c1cc(NC2=NCCN2)c2nsnc2c1,1,5
1098,O=C(NN1CCCCCC1)NS(=O)(=O)c1ccccc1,1,5
1099,O=C(c1ccccc1)c1ccc[nH]1,2,1
1100,S=C(Nc1ccccc1)Oc1ccc2ccccc2c1,1,4
1101,O=c1[nH]c(=O)n(-c2ccc(Oc3ccccc3)cc2)c(=O)[nH]1,1,3
1102,O=C(Nc1ccc(C(=O)N2CCCCc3ccccc32)cc1)c1ccccc1,1,5
1103,C1CC[C@]2(C[C@@H]3C4CCC5C(CC[C@H]6CCCCC56)C4C[C@@H]3O2)NC1,1,3
1104,C1OC2OC[C@H]3OCO[C@H]3[C@@H]2O1,1,5
1105,c1ccc(Nc2ccncc2)cc1,1,1
1106,O=c1ccn(-c2ccccc2)c2nc(N3CCCC3)ccc12.c1ccccc1,1,3
1107,O=C1CCC2c3ccccc3CCC2C1,1,2
1108,c1ccc(C2CCCCC2)cc1,3,1
1109,O=C(CNCCCc1ccccc1)N1CCC2CCCCC21,1,4
1110,O=C(/C=C/c1ccccc1)Nc1ccccc1,2,3
1111,O=c1n(CCCN2CCN(c3ccccc3)CC2)nc2ccccn12,1,4
1112,C1CC[C@@H](O[C@@H]2CCCCO2)OC1,1,4
1113,c1ccc(OCn2cncn2)cc1,1,1
1114,c1ccc(-c2cnc3ncncc3n2)cc1,1,5
1115,c1ccc(Oc2ccc3nc[nH]c3c2)cc1,1,1
1116,c1ccc(C(CCN2CCCCC2)C2CCCCC2)cc1,1,1
1117,C1=C[C@H]2O[C@]23CC[C@H]2C4CCCC4CCC2C3C1,1,1
1118,O=C(OCCc1ccccc1)c1ccccc1,1,2
1119,c1ccc(CN2CCNCC2)cc1,1,4
1120,O=C(c1ccccc1)N1CCOCC1,3,4
1121,C(\CN1CCCC1)=C(\c1ccccc1)c1ccccn1,1,4
1122,O=C1OCC2=C1CCC1[C@H]2C[C@@H]2O[C@@]23CC2O[C@H]2[C@@H]2O[C@@]123,1,1
1123,O=C1OCC2=C1CCC1c3ccccc3CC[C@@H]21,1,3
1124,O=c1[n-]c(=O)[nH]c(=O)[nH]1,1,1
1125,O=C(Cc1ccccc1)NCc1ccncc1,1,4
1126,C1C[C@H]2CC[C@H](C1)N2,1,3
1127,O=C(OC1CC2CCC(C1)N2)c1c[nH]c2ccccc12,1,1
1128,O=C(OC1CC2CCC(C1)[N+]21CCCC1)C(c1ccccc1)c1ccccc1,1,1
1129,O=c1c(O[C@@H]2CCC[C@H](CO[C@@H]3CCCCO3)O2)c(-c2ccccc2)oc2ccccc12,1,5
1130,O=C(NC1CCCNC1)c1ccccc1,1,1
1131,c1cc2cc(c1)Oc1ccc3c(c1)[C@H](Cc1ccc(cc1)Oc1cccc4c1[C@@H](C2)[NH2+]CC4)NCC3,1,1
1132,O=C1/C=C/C=C/[C@H](CO[C@H]2CCCCO2)COC(=O)CCC[C@@H](O[C@H]2CC[C@H](O[C@H]3CCCCO3)CO2)CCC1,1,4
1133,c1ccccc1.c1ccccc1.c1ccccc1,1,5
1134,O=c1cc(NCCCN2CCN(c3ccccc3)CC2)[nH]c(=O)[nH]1,1,4
1135,O=C1O[C@]23CCC4C5CCCCC5CCC4C2CC[C@]12CCCCC23,1,4
1136,O=C1C=C2Oc3ccccc3C2C(=O)C1,1,2
1137,O=C1CC23OC4O[C@@]5(CCC2[C@H](c2ccoc2)O1)C1CC2CC1C(C[C@]35O4)C2OC(=O)C1CO1,1,1
1138,c1ccc(-c2ccccc2-c2nn[nH]n2)cc1,1,3
1139,O=C1CCc2ccc(cc2)Oc2cc3cc(c2O[C@@H]2OCCC[C@H]2O[C@H]2CCCCO2)Oc2ccc(cc2)C[C@@H]2NC(=O)C(NC(=O)[C@@H]3NC(=O)CN1)c1cccc(c1)-c1ccccc1CNC2=O,1,5
1140,S=C(c1ccccc1)N1CCOCC1,1,1
1141,O=c1[nH]c(-c2cccc(S(=O)(=O)N3CCNCC3)c2)nn2cncc12,1,1
1142,C1CCN([C@@H]2CCC3CCC4C5C[C@H]([NH+]6CCCCC6)CC5CCC4C3C2)CC1,1,3
1143,c1ccc(CCCCNCCc2ccccc2)cc1,1,5
1144,C1CC2O[C@]34CC5C(CCC6C[C@@H]7CCCCN7C[C@H]65)[C@@H]3CC[C@H]2C4C1,1,3
1145,O=C1CC[C@@H]2C1C=CO[C@H]2O[C@H]1CCCCO1,1,1
1146,c1ccc(C2CCN(C3CCCCC3)CC2)cc1,1,3
1147,c1ccc2c(CCCCN3CCN(c4ccc5occc5c4)CC3)c[nH]c2c1,1,5
1148,C1=CC2CC[C@@H]3Nc4ccc(C5CC6CCCN(CCc7c5[nH]c5ccccc75)C6)cc4[C@@]34CCN(C1)[C@@H]24,2,3
1149,c1ccc2c(c1)c1c3n2CCC2CCCN(CC1)[C@H]32,1,2
1150,C1=CC2CCC3Nc4ccccc4[C@@]34CCN(C1)[C@@H]24,1,2
1151,C1=Cn2c3c(c4ccccc42)CCN2CCCC1[C@@H]32,1,2
1152,C(=C/c1ccccc1)\Cc1ccccc1,1,4
1153,C=C1NC(=O)CNC(=O)CNC(=O)CCNC(=O)[C@H]([C@H]2CCNC=N2)NC1=O,1,3
1154,c1ccc(Sc2ccccc2N2CCNCC2)cc1,1,5
1155,O=C1OC(=Cc2ccccc2)C=C1c1ccccc1,1,2
1156,O=c1oc2ccccc2cc1Cc1ccccc1,1,3
1157,O=C1O[C@H]2CC1C[C@H]1C3=CCC4C(CC[C@H]5CCCCC45)C3CCC21,1,5
1158,O=c1cnc2nc[nH]c(=O)c2[nH]1,1,5
1159,O=c1ccc2cc3c(cc2o1)OCC=C3,1,2
1160,c1ccc(NC2=NCCCS2)cc1,1,4
1161,c1ccc(-c2ccnc3ccnn23)cc1,1,1
1162,O=C1Cc2ccccc2Sc2ccccc21,1,4
1163,C1=COCCC1,2,1
1164,O=c1[nH]c(-c2ccccc2)nc2[nH]nnc12,1,1
1165,c1ccc2sccc2c1,4,2
1166,O=C1N[C@@H](Cc2ccc3[nH]ccc3c2)CO1,1,3
1167,c1ccc(-c2cn3ccccc3n2)cc1,1,4
1168,c1ccc2oncc2c1,1,4
1169,c1ccc2ocnc2c1,2,1
1170,O=C1CCCCCN1,3,1
1171,O=S1(=O)CC[C@H](S(=O)(=O)[C@H]2CCS(=O)(=O)C2)C1,1,4
1172,O=C1CSC(=O)N1,1,1
1173,O=C(NC[C@H]1CCCO1)c1cccnc1,1,1
1174,O=S(=O)(c1ccc2c(c1)OCCO2)N1CCOC1,1,4
1175,c1ncc2ncn([C@@H]3CCCO3)c2n1,6,1
1176,O=C1CCC=CCC(=O)C[C@H](CCC2CCCCC2)OC(=O)[C@H]2CCCCN2C(=O)C(=O)C2CCC[C@H](CCC=C/C=C\C=CCCC1)O2,1,5
1177,O=C1NCCNC1=CC(=O)c1ccccc1,1,1
1178,O=C(NC1CCCCC1)[C@@H]1C(c2ccccc2)=C(S(=O)(=O)c2ccccc2)C(=O)N1Cc1ccc(-c2ccccc2)cc1,1,3
1179,O=c1[nH]c2nc[nH]c2c(=O)n1CCCN1CCNCC1,1,3
1180,O=C1NC(=O)[C@H]2[C@H]1[C@@H]1C=C[C@H]2N(Cc2ccc3c(c2)OCO3)[C@@H]1C1CC1,1,1
1181,O=C(CCS(=O)(=O)c1ccc2[nH]c(=O)c(=O)[nH]c2c1)N1CCCCC1,1,4
1182,O=C1CNCCN1,3,2
1183,O=C(NCc1ccncc1)C(=O)NC[C@H]1OCCCN1S(=O)(=O)c1ccccc1,2,1
1184,c1ccc2c(c1)OCCO2,5,4
1185,O=C1C=C(Nc2ccccc2)C[C@@H](c2ccccc2)C1,1,4
1186,O=c1ccn2c(n1)O[C@H]1CO[C@@H]2C1,1,4
1187,C1=CC2[C@H](O1)O[C@H]1C[C@@H]2C2O[C@@]21C1C[C@@H]2OCC3CCC[C@@]4(COC[C@@H]14)[C@H]32,1,5
1188,O=c1[nH]c(=O)c2c(ncn2CCCOc2ccccc2)[nH]1,1,5
1189,c1ccc(CC[C@H](c2ccccc2)N2CC[C@H]3C(=NO[C@@H]3c3ccccc3)[C@@H]2Cc2ccccc2)cc1,1,3
1190,C1=C[C@@H]2c3c(ccc4ccccc34)N[C@H](c3ccccc3)[C@H]2C1,1,3
1191,O=c1ccn([C@@H]2CCCO2)c(=O)[nH]1,2,4
1192,C1CC2CCC3=C(CC[C@H]4CCCCC34)C2C1,2,3
1193,c1c[nH]c(Cc2ccncc2)c1,1,5
1194,O=C1C[C@@H](N2CCOCC2)C(=O)N1,2,4
1195,c1nc2cnc[nH]c-2n1,1,1
1196,O=C(O[C@H]1[C@@H](OC(=O)c2ccccc2)CCO[C@@H]1c1cccc(C(=O)c2ccccc2)c1)c1ccccc1,1,5
1197,C1CC(CC2OCCO2)=NO1,1,2
1198,O=c1[nH]c(=O)n2n1[C@H](CCCn1cc(-c3cccs3)nn1)C=C1CN(CCc3ccccc3)O[C@H](C3CC3)[C@H]12,1,3
1199,C=C1CCC2C3CC[C@H]4CCCCC4[C@H]3CC[C@@H]12,1,4
1200,C(=C/c1ccccc1)\CCN(CCc1ccccc1)[C@@H](CCc1ccccc1)c1ccccc1,5,1
1201,c1ccc(CCc2ccc3c(c2)OCO3)cc1,1,4
1202,O=S1(=O)CCCC1,6,4
1203,c1coc(Cc2ccc3c(c2)OCCO3)c1,1,4
1204,O=P(/N=C1/CC=C[C@@H](C2CC2)N1Cc1ccccc1)(Oc1ccccc1)Oc1ccccc1,1,1
1205,O=C1NC(=O)[C@@H]2[C@@H]1[C@@H]1C=C[C@@H]2C1,6,3
1206,O=C1C=CSCN1,1,1
1207,c1ccc(N2CCN(Cc3ccco3)CC2)cc1,1,2
1208,S=C1NN=C2c3ccccc3NC2N1,1,3
1209,O=C1CCCC(=O)N1,2,1
1210,O=C1CN(C(=O)NS(=O)(=O)c2ccccc2)CCN1,1,4
1211,c1ccc(CC2N=C(c3ccccc3)O[C@H]2c2ccccc2)cc1,5,4
1212,C1CCSC1,1,1
1213,O=C1NC(=O)[C@H]2[C@H]1[C@@H]1C=C[C@H]2N(Cc2ccc3c(c2)OCO3)[C@H]1c1cccs1,1,2
1214,O=C1NC(=O)C2(CCCC2)N1,1,2
1215,c1ccc2c(O[C@H]3CCCCO3)c3ccccc3cc2c1,1,3
1216,S=c1[nH]nc(Cc2ccccc2)[nH]1,1,2
1217,O=C1NC(=O)[C@H]2[C@H]1[C@@H]1C(c3ccccc3)=C[C@H]2N(Cc2ccc3c(c2)OCO3)[C@@H]1C1CC1,1,3
1218,c1ccc(CN2CCCC2)cc1,1,5
1219,O=C1NC(=O)[C@@H]2[C@@H]1[C@@H]1C=C[C@@H]2O1,2,1
1220,c1ccc2c(c1)CCN2,4,5
1221,O=c1[nH]c2ccccc2[nH]c1=O,2,3
1222,O=C(Nc1ccn([C@@H]2CCCO2)c(=O)n1)c1ccccc1,1,5
1223,O=C1CCOCC1=O,1,5
1224,O=S(=O)(c1ccccc1)N1CCOC1,1,3
1225,c1ccc(Cc2nc(-c3ccccc3)no2)cc1,1,1
1226,O=C1NCCN1,5,3
1227,O=c1ccn2c(n1)O[C@@H]1CCO[C@@H]12,1,4
1228,C1CC[C@]2(CCNC2)NC1,1,2
1229,C1CSCCN1,1,2
1230,O=C1[C@H]2C=C[C@H](CC2)[C@@]12CCCO2,1,1
1231,C=C1[C@@H](O[C@@H]2CCCCO2)OC=C[C@H]1CC(=O)OC[C@H]1C[C@H](OC(=O)C[C@@H]2C=CO[C@H](O[C@@H]3CCCCO3)C2=C)C[C@@H]1CCOC(=O)C[C@@H]1C=CO[C@@H](O[C@@H]2CCCCO2)C1=C,1,3
1232,c1ccc(Cc2c[nH]c[nH+]2)cc1,1,4
1233,c1ccc(C23CC4CN(CCN(C4)C2)C3)cc1,1,4
1234,O=C(OC[C@]1(O[C@H]2CCCCO2)[C@@H]2OC3CC[C@H]1C(C3)O2)c1ccccc1,1,4
1235,c1ncc2[nH]cnc2n1,4,2
1236,O=c1ccc2ccc(O[C@@H]3CCCCO3)cc2o1,1,3
1237,c1ncc2ccn([C@@H]3CCCO3)c2n1,2,3
1238,N=C1NC(=O)CS1,5,4
1239,N=C1CC=C[C@H](c2ccc(CN3CCCC3)cc2)N1Cc1cc2ccccc2s1,1,3
1240,C(=C/c1ccccc1)\CO[C@H]1CCC[C@@H](CO[C@H]2CCCCO2)O1,1,1
1241,c1ccc(Oc2ccc(N3CCCC3)cc2)cc1,1,3
1242,O=C1C=NN2C(=NNC2c2ccccc2)N1,1,5
1243,C=C1NC(=O)CNC(=O)CN[C@H]2C=Cc3ccc(nc3C2)C(=O)OC[C@H]2NC(=O)c3csc(n3)CNC(=O)[C@H]3CSC(=N3)C(=C)NC(=O)CNC(=O)c3csc(n3)[C@]3(CCC(c4nccs4)=N[C@@H]3c3csc2n3)NC(=O)CNC1=O,1,2
1244,O=C1CCS1,1,2
1245,O=C(Cc1c[nH]c(C(=O)N[C@@H]2Cc3ccc(O[C@H]4CCC[C@@H](OC(=O)c5ccc[nH]5)C4)cc3OC2=O)c1)Nc1cc2ccc(O[C@H]3C[C@H](OC(=O)c4ccc[nH]4)CCO3)cc2oc1=O,1,4
1246,O=[PH]1OC[C@@H]2O[C@H](n3cnc4cncnc43)C[C@H]2O1,1,1
1247,O=c1c(O[C@H]2OCCC[C@@H]2O[C@H]2CCCCO2)c(-c2ccccc2)oc2cc(O[C@@H]3CCCCO3)ccc12,1,4
1248,O=S1(=O)CC[C@@H](Nc2ccccc2)C1,1,1
1249,O=C(c1ccccc1)N1CC[C@H](c2n[nH]c3ncccc23)C1,1,3
1250,C1[C@H]2C[C@H]3[C@H]4C[C@H]([C@@H]13)[C@H](C4)N2,1,2
1251,O=C(c1csc2c1CCCC2)N1CC[C@H](c2n[nH]c3nccnc23)C1,1,5
1252,O=C(N[C@H]1CCCCNC1=O)c1ccccc1,1,3
1253,O=c1cn[nH]c(=O)[nH]1,17,5
1254,c1ccc(CN2CCc3ccccc3C2)cc1,1,4
1255,C(#CCN(CCc1ccccc1)[C@@H](CCc1ccccc1)c1ccccc1)Cc1ccccc1,1,3
1256,O=C1C[C@@H]2C(=O)NCCN2C(NC(=O)c2ccccc2)=N1,1,5
1257,S=C1NCCCN1,2,5
1258,O=C(NN1CCOCC1)[C@H]1CCCN(S(=O)(=O)c2ccc3[nH]c(=O)oc3c2)C1,1,4
1259,O=S1(=O)C[C@@H]2N=CS[C@H]2C1,1,5
1260,c1ccc(CNc2ccccc2)cc1,2,1
1261,c1cc2c(s1)CCCC2,1,4
1262,c1ccc(Cc2ccncc2)cc1,1,1
1263,c1ccc(CC[C@H](c2ccccc2)N2CC[C@@H]3C(=NO[C@H]3c3ccccc3)[C@@H]2Cc2ccccc2)cc1,3,3
1264,O=C(C[C@@H]1OCCNC1=O)Nc1ccccc1,1,5
1265,O=C(NC[C@H]1CCCO1)C(=O)Nc1ccnn1-c1nc(=O)cc[nH]1,1,3
1266,c1ccc(CC[C@H](c2ccccc2)N2C[C@@H]3[C@@H](NO[C@@H]3Cc3ccccc3)[C@@H]2Cc2ccccc2)cc1,1,3
1267,c1cc2c(cc1CN1CCNCC1)OCO2,1,4
1268,c1[nH]nc2c1CCCC2,2,3
1269,O=C1NC(=O)[C@@H](c2ccccc2)N1,1,3
1270,C1=C[C@@H]2c3ccccc3N[C@H](c3ccccc3)[C@H]2C1,1,2
1271,O=C1CNc2ccccc2N1,5,5
1272,N=c1c(C(=O)NCCN2CCOCC2)cc2c(=O)n3ccccc3nc2n1C[C@H]1CCCO1,1,4
1273,O=C(Cc1ccccc1)Nc1ccccc1,1,3
1274,O=C1NC(=O)[C@H]2[C@H]1[C@@H]1C=C[C@H]2N(Cc2cc3ccccc3s2)[C@H]1c1ccc(CN2CCCC2)cc1,1,2
1275,O=C1CC(=O)N(c2ccccc2)C(=S)N1,1,3
1276,O=C(CSc1ccccc1)c1ccccc1,1,5
1277,O=C(C[C@H]1NC(=O)NC1=O)Nc1ccccc1,1,3
1278,O=C1O[C@H](c2ccccc2)[C@H](c2ccccc2)N2[C@H]1[C@@H](C(=O)Nc1nc3ccccc3s1)[C@]1(C(=O)Nc3ccc(C#CC4CCCCCC4)cc31)[C@H]2c1ccccc1,1,4
1279,O=c1ccoc(O[C@H]2CCCCO2)c1,1,3
1280,O=c1cccc2n1C[C@H]1CNC[C@@H]2C1,2,5
1281,O=C1CNC(NC(=O)[C@H]2CCCN(S(=O)(=O)c3ccc4[nH]c(=O)oc4c3)C2)=N1,1,3
1282,O=c1ccc2cccc(O[C@@H]3CCCCO3)c2o1,1,1
1283,c1ccc(CC[C@H](c2ccccc2)N2C[C@H]3C(Cc4ccccc4)ON[C@H]3[C@@H]2Cc2ccccc2)cc1,1,2
1284,c1coc(CN2CCCCCC2)c1,1,3
1285,O=C(O[C@H]1CCCCO1)[C@]12CCCC[C@H]1C1=CC[C@@H]3C(CC[C@H]4C[C@H](O[C@H]5C[C@@H](O[C@H]6CCCO6)[C@H](O[C@H]6CCCCO6)CO5)CCC43)C1CC2,1,5
1286,O=C1NCCCC[C@@H]1Nc1nnc[nH]1,1,3
1287,c1cc(CCC2CCCC3=C2CCCC3)co1,1,2
1288,C1[C@H]2CN3CC[C@@H](O2)[C@@H]13,1,4
1289,O=C(/C=C/c1ccccc1)OC[C@@H]1C[C@H](O[C@H]2CCCCO2)C[C@H](OCCc2ccccc2)O1,1,2
1290,O=c1nc[nH]c2c1[nH]c(=O)n2[C@@H]1CCCO1,1,5
1291,C1=C[C@H]2CC[C@@H]1C2,2,1
1292,S=C1NCN(C[C@H]2CCCN2)CN1,1,3
1293,O=C1NC(=O)[C@H]2NC=N[C@@H]2N1,1,5
1294,O=C(CSc1nnc[nH]1)NC[C@H]1CCCO1,1,2
1295,O=C1NC=CCN1,1,3
1296,O=C1CCc2ccc(cc2)Oc2cc3cc(c2O[C@@H]2OCCC[C@H]2O[C@H]2CCCCO2)Oc2ccc(cc2)C[C@@H]2CC(=O)[C@@H](NC(=O)[C@@H]3NC(=O)CN1)c1cccc(c1)-c1ccccc1CNC2=O,1,4
1297,O=C1O[C@H](c2ccccc2)[C@H](c2ccccc2)N2[C@H]1[C@@H](C(=O)N1CCN(c3ncccn3)CC1)[C@]1(C(=O)Nc3ccc(C#CC4CCCCCC4)cc31)[C@H]2c1ccccc1,1,2
1298,O=C1CCCN1c1ccc2c(c1)OCO2,1,2
1299,c1ccc(C2OCCCO2)cc1,1,5
1300,c1ccc([C@H]2CC(C3CC3)=NN2c2ccccc2)cc1,1,4
1301,O=C(NCc1ccncc1)C(=O)NC[C@H]1OCCN1S(=O)(=O)c1ccccc1,2,4
1302,c1ccc(CC[C@H](c2ccccc2)N2C[C@@H]3C(=NO[C@H]3Cc3ccccc3)[C@@H]2Cc2ccccc2)cc1,1,5
1303,O=S(=O)(Cc1cccnc1)c1ccccc1,1,2
1304,O=C1C[C@H](Cc2ccccc2)NC=N1,1,5
1305,C1CCNC1,8,4
1306,O=C1CNC(=O)CNC(=O)CNC(=O)CNC(=O)CNC(=O)CN1,1,4
1307,O=S1(=O)C[C@@H]2NC(=S)S[C@@H]2C1,1,4
1308,c1ccc([C@@H]2CCC[C@H](c3ccccc3)S2)cc1,1,5
1309,O=C(NCCCN1CCCC1=O)C(=O)NC[C@H]1OCCN1S(=O)(=O)c1ccccc1,1,3
1310,c1ccc(COc2ccc(Cc3ccncc3)cc2)cc1,1,4
1311,c1ccc(CC[C@H](c2ccccc2)N2CC[C@@H]3[C@@H](NO[C@H]3c3ccccc3)[C@@H]2Cc2ccccc2)cc1,4,2
1312,O=C(CCNS(=O)(=O)c1ccc2[nH]c(=O)[nH]c(=O)c2c1)N1CCCCC1,1,3
1313,O=C1CCCN1Cc1cccnc1,1,4
1314,O=C(NCc1ccccc1)[C@@H]1[C@@H]2C=C[C@@]3(CNC(=O)[C@H]13)O2,1,2
1315,O=C1CCCN1c1ccccc1,4,1
1316,O=C(CN[PH](=O)O[C@@H]1CCCCO1)NCCc1c[nH]c2ccccc12,1,2
1317,c1ccc(Cc2cccnc2)cc1,1,1
1318,c1coc(CN2CCc3ccccc3C2)c1,1,2
1319,c1ccc(O[C@@H]2CCCCO2)cc1,1,1
1320,O=C(NCc1ccncc1)C(=O)NC[C@H]1OCCN1C(=O)c1ccccc1,1,3
1321,C1=NNCC1,1,3
1322,O=S1(=O)CC[C@@H](NC[C@H]2C[C@@H]3C=C[C@H]2C3)C1,1,2
1323,O=S1(=O)CC[C@H](S(=O)(=O)N2CCOCC2)C1,1,4
1324,C1=C[C@H](c2ccc(CN3CCCC3)cc2)N(Cc2ccc3c(c2)OCO3)CC1,1,3
1325,O=C(Nc1ccccc1)N[C@H]1CCCc2ccccc21,1,4
1326,C(=C/[C@H](CCCn1cc(-c2cccs2)nn1)NCCc1ccccc1)\C1CC1,2,4
1327,O=C1NCc2ccccc21,1,5
1328,c1ncncn1,16,1
1329,O=C1N[C@H]2O[C@H]3C[C@H]4C[C@@H]3[C@@H]2[C@H]14,1,3
1330,O=C(O[C@H](CCc1ccccc1)c1ccccc1)[C@H]1CCCCN1C(=O)Cc1ccccc1,1,1
1331,O=C([C@H]1CCCN1)N1CCN1,1,5
1332,C(=C/[C@@H]1Nc2ccccc2-c2nc3ccccc3n21)\c1ccccc1,1,3
1333,C(=C\CN(CCc1ccccc1)[C@@H](CCc1ccccc1)c1ccccc1)\Cc1ccccc1,1,4
1334,C1=CC=CN(Cc2cc3ccccc3s2)[C@H](c2ccc(CN3CCCC3)cc2)C=C1,1,3
1335,O=C1C[C@@]23OC4O[C@]25CC2C6CC(CC6[C@]5(CCC3[C@H](c3ccoc3)O1)O4)[C@@H]2OC(=O)C1CO1,1,1
1336,O=C(c1cccnc1)N1CCCC1,1,1
1337,O=c1nc[nH]c2c1ncn2[C@@H]1C[C@H]2OPOC[C@@H]2O1,1,5
1338,C1=NN[C@@H](c2ccccc2)C1,1,1
1339,O=C1CCCCN1,2,3
1340,O=C1OC(=O)C2C1[C@H]1CC[C@H]2O1,1,5
1341,O=S(=O)(C[C@]12CC[C@H](CC1)C2)N1CCN(c2ccccc2)CC1,1,1
1342,O=C1C2CN3CC1CN(C2)C3,1,3
1343,O=c1c(O[C@@H]2O[C@H](CO[C@H]3CCCCO3)CC[C@@H]2O[C@@H]2CCCCO2)c(-c2ccccc2)oc2ccccc12,1,3
1344,O=C1C[C@@H](c2ccccc2)c2ccccc2N1,1,1
1345,O=C1NC(=O)[C@H](Cc2ccccc2)N1,1,5
1346,O=C1c2cc3c(cc2C(=O)c2c1ccc1c2O[C@@H]2CCCC1O2)CCC[C@@H]3O[C@H]1CCCCO1,1,4
1347,O=c1ccn(C2CCNCC2)[nH]1,1,3
1348,C(=C/c1ccccc1)\C=N\c1cc2c(s1)CCCC2,1,4
1349,O=C1NC(=O)c2ccccc21,10,2
1350,O=S(=O)(NC1=NCCN1)c1ccccc1,1,1
1351,c1ccc(CCCc2ccc3c(c2)OCCO3)cc1,1,5
1352,O=c1ccc2c([nH]1)CCCC2,3,2
1353,O=C1C=CC(=O)C2=C1CC1[C@@H]3N[C@@H]3CN21,1,5
1354,N=c1[nH]c2ccccc2[nH]1,2,5
1355,c1ccc(C[C@H](NC2CCCCCC2)c2ccccc2)cc1,1,3
1356,c1ccc(-c2nc(SC[C@H]3C[C@H](c4ccccc4)O[C@@H](c4ccccc4)O3)oc2-c2ccccc2)cc1,1,1
1357,c1ccc(CN2CCOCC2)nc1,1,5
1358,c1ccc(N[C@@H]2CCCc3c2[nH]c2ccccc32)cc1,1,1
1359,O=S1(=O)CC[C@@H](NCCCN2CCOCC2)C1,1,1
1360,O=C1COc2ccccc2N1,4,5
1361,O=C(C[C@H]1NCCNC1=O)Nc1ccccc1,3,2
1362,C1CC2CCC1O2,1,1
1363,O=C1C=C2C(CC[C@@H]3C4CCC[C@@H]5C[C@@]23OC45)[C@H](c2ccoc2)O1,1,5
1364,C1C[C@@H]2CNC[C@@H]2C1,1,3
1365,c1csc(CN2CCCCCC2)c1,1,3
1366,O=C1CSc2ccccc2N1,2,3
1367,O=C(Nc1ccccc1)N(Cc1cccnc1)C1CCCCC1,1,3
1368,C=C1CCC(=O)C1=O,1,4
1369,O=C(Nc1ccccc1)c1cc2ccccc2o1,1,2
1370,O=C1NC(=O)[C@@H]2C1[C@@H]1C=C[C@@H]2C1,1,4
1371,O=C1Nc2ccccc2[C@]12CCN[C@H]2c1ccccc1,2,5
1372,O=C(NCCCn1ccnc1)C(=O)NC[C@H]1OCCN1S(=O)(=O)c1ccccc1,1,1
1373,O=[PH](OC[C@@H]1CC[C@H](n2cnc3cncnc32)O1)O[PH](=O)O[PH](=O)O[PH](=O)OC[C@@H]1CC[C@H](n2cnc3cncnc32)O1,1,3
1374,O=C(NCc1ccccc1)C1CCN(S(=O)(=O)c2c[nH]c(=O)[nH]c2=O)CC1,1,4
1375,O=C1CC2=C3C[C@H]4CCCC(C4=O)[C@H]3CCC2[C@H](c2ccoc2)O1,1,1
1376,O=S(=O)(CCN1CCOCC1)c1ccccc1S(=O)(=O)CCN1CCOCC1,1,5
1377,C1=CC=CN(Cc2ccccc2)[C@H](c2cccs2)C=C1,1,2
1378,C1CC[C@H]2COC[C@@H]2C1,1,4
1379,O=C(NCCN1CCOCC1)[C@H]1CCCN(S(=O)(=O)N2CCCCC2)C1,1,2
1380,c1ccc(C[C@H]2CCCN2)cc1,1,3
1381,O=c1cccc2n1C[C@H]1CNC[C@H]2C1,1,5
1382,O=C(NS(=O)(=O)c1ccccc1)C1CCCNC1,1,3
1383,C(=C/CN(CCc1ccccc1)[C@@H](CCc1ccccc1)c1ccccc1)\Cc1ccccc1,1,3
1384,O=S1(=O)CC(c2ccccc2)CS(=O)(=O)C1,1,4
1385,O=C1NCCC[C@@H]1C(=O)N1CCCCC1,1,4
1386,O=C1NCc2c1ccc1c2O[C@]2(CCC[C@H]3CCCCC32)C1,1,4
1387,O=C1NCCC[C@@H]1C(=O)Nc1ccccc1,1,1
1388,O=C(CNS(=O)(=O)c1ccc2c(c1)CCN2C(=O)C1CC1)N1CCOCC1,1,5
1389,O=C1CN(c2ccccc2)C(=O)N1,2,4
1390,c1cc(Nc2nncs2)nc([C@H]2CCCNC2)c1,1,5
1391,c1c[nH]c(CN2CCc3ccccc3C2)c1,1,5
1392,c1ccc(OCCO[C@@H]2CCCCO2)cc1,1,2
1393,c1ccc(N2CCCC2)cc1,1,1
1394,O=C(OC[C@H]1CC[C@@H](n2nccnc2=O)O1)c1ccccc1,1,2
1395,O=C(O[C@H]1CC[C@H](O[C@@H]2CCCO2)CO1)[C@]12CCCC[C@H]1C1=CC[C@@H]3C(CC[C@H]4CCCCC43)C1CC2,1,4
1396,O=C(C=CCCC[C@H]1CCC2C1CC[C@@]13C[C@@]14CC[C@H](O[C@H]1CCC[C@H](CO[C@@H]5CCCCO5)O1)C[C@@H]4CC[C@H]23)O[C@@H]1CCCCO1,1,2
1397,O=C1c2c(cccc2O[C@H]2CCCCO2)OC1Cc1ccccc1,1,1
1398,O=c1[nH]c(=O)c2[nH]c(CN3CCCCC3)nc2[nH]1,1,4
1399,O=C1CNC[C@@H]2c3ccccc3CCN12,1,2
1400,c1ccc(N[C@@H]2CCNc3ccccc32)cc1,1,4
1401,O=C1NCN=C(C2CC2)N1,1,1
1402,c1nc2c([nH]1)CCCC2,1,3
1403,O=C1CSC(=O)N1C1CCCCC1,1,3
1404,O=c1nc[nH]c2c1NCCN2,1,4
1405,O=C(NCc1ccccn1)C(=O)NC[C@H]1OCCN1S(=O)(=O)c1ccccc1,1,4
1406,O=C(CCC1C[C@H]2N=C1C=C1CCC(=N1)/C=C1/CCC(=N1)/C=C1/CCC2N1)NCCO[PH](=O)O[C@H]1CO[C@@H](n2cnc3ccccc32)C1,1,5
1407,c1coc(Cc2c[nH]c3ccccc23)c1,1,4
1408,c1cc(Nc2ccon2)nc([C@H]2CCNC2)n1,1,1
1409,C=C1CN2C(=O)C[C@@H]2O1,1,2
1410,N=C1C[C@]2(C=CO1)C(=O)Nc1ccccc12,1,1
1411,O=C1NC(=O)C(=C[C@@H]2CC=CCC2)C(=O)N1,1,3
1412,O=C1O[C@H]2C=C[C@H]3[C@H](O[C@@H]4CCCCO4)OC=C1[C@H]32,1,1
1413,C1=NCCCO1,1,4
1414,c1ccc(CC[C@H](c2ccccc2)N2Cc3c(noc3Cc3ccccc3)[C@@H]2Cc2ccccc2)cc1,1,2
1415,N=C1C(c2nccs2)C(=O)CN1[C@@H]1CCS(=O)(=O)C1,1,2
1416,O=S1(=O)CCc2ccccc21,1,3
1417,O=C(CCC(=O)OCc1ccc(O[C@H]2CCCCO2)cc1)OCc1ccc(O[C@H]2CCCCO2)cc1,1,5
1418,N=C1NC(=O)CCS1,1,3
1419,c1ccc(-c2noc3c2CCCNCCc2ccccc2-3)cc1,1,4
1420,C1=CN[C@@H](C2CC2)C=C(c2ccccc2)C=C1,1,4
1421,O=c1c2ccccc2nc2n1[C@H](c1ccsc1)CCC2,1,4
1422,O=S1(=O)CC[C@H](NS(=O)(=O)c2c[nH]cn2)C1,1,1
1423,O=C1N[C@H]2CSC[C@H]2N1,1,1
1424,c1ccc(CCc2ccc3c(c2)OCCO3)cc1,1,5
1425,O=C(N[C@@H](c1ccccc1)c1ccc2ccccc2n1)C1CCN(C/C=C/c2ccccc2)CC1,1,2
1426,O=c1cco[nH]1,1,1
1427,C1=CC=C[C@H](C2CC2)NC=C1,1,1
1428,c1csc(C2=Nc3ccccc3NC(c3cccs3)C2)c1,1,1
1429,C1=CC2=CC[C@H]3CCCCC3[C@@H]2CC1,1,5
1430,C1CCN2CCC[C@H]2C1,2,5
1431,O=P(/N=C1/CC=CCN1Cc1ccccc1)(Oc1ccccc1)Oc1ccccc1,1,3
1432,O=C1CCCNCC1,1,3
1433,C1CCC2(CC1)CCOO2,1,2
1434,c1ccc(Cc2nc(-c3cccs3)no2)cc1,1,3
1435,O=C1NC[C@H]1Cc1ccccc1,1,1
1436,O=C1c2ccccc2C(=O)N1CCCCc1nn[nH]n1,1,1
1437,O=C1N=CN[C@H]2[C@H]1N=CN2[C@@H]1C[C@H]2O[PH](=O)OC[C@@H]2O1,1,1
1438,c1ccc(CNC[C@H]2C[C@@H](c3ccccc3)O[C@H](c3ccccc3)O2)cc1,1,5
1439,c1ccc([C@@H]2Oc3ccccc3[C@@H]3Oc4ccccc4C[C@@H]23)cc1,1,2
1440,c1ccc(-c2cc3ccccc3[nH]2)cc1,2,5
1441,C=C1C[C@@]23CC[C@H]4CCCCC4[C@H]2CC[C@@H]1C3,1,5
1442,c1ccc(C2=NCCO2)cc1,1,3
1443,c1ccc(Cc2cc3ccccc3cn2)cc1,1,3
1444,C=C1N[C@H]2CCCC[C@@H]2NC1=O,1,1
1445,C1C[C@H]2CC[C@H]1O2,1,1
1446,C=c1ccccc1=C1NN=C2c3ccccc3C=NN21,1,5
1447,O=C1NC(=O)[C@H]2N[C@@H]3CCCC[C@H]3N[C@@H]2N1,1,5
1448,c1nc(N2CCN3CCC[C@H]3C2)c2[nH]cnc2n1,1,3
1449,C=C1C(=O)OCOC1=O,1,3
1450,O=C(NCCN1CCOCC1)C(=O)NC[C@H]1COc2ccccc2O1,1,5
1451,O=S(=O)(CCC1N=C(c2ccccc2)O[C@H]1c1ccccc1)c1ccccc1,2,4
1452,O=P(/N=C1/CC=C[C@H](c2ccc(CN3CCCC3)cc2)N1Cc1ccccc1)(Oc1ccccc1)Oc1ccccc1,1,3
1453,O=C(NCCCN1CCOCC1)[C@H]1[C@@H]2C=C[C@@]3(CN(Cc4cccs4)C(=O)[C@@H]13)O2,1,2
1454,C1=CC(c2ccccc2)=C[C@@H](C2CC2)N(Cc2ccc3c(c2)OCO3)C=C1,1,1
1455,O=C(O[C@@H]1CCCCO1)[C@]12CCCC[C@@H]1C1=CC[C@H]3C(CC[C@H]4C[C@@H](O[C@H]5C[C@@H](O[C@@H]6CCCCO6)CCO5)CCC43)C1CC2,1,4
1456,O=C1NC(=O)C(C2CC2)N1,1,2
1457,c1ccc(CC2CCOCC2)cc1,1,2
1458,c1ccc(CCc2ccccn2)cc1,1,5
1459,O=C1NC(=O)[C@H]2[C@@H]3CC[C@H](C3)[C@H]12,1,4
1460,O=S1(=O)CC[C@@H](N2CCNCC2)C1,1,5
1461,O=C(c1ccc2c(c1)OCO2)N1CCOC1,1,3
1462,O=C1O[C@@H](c2ccccc2)[C@@H](c2ccccc2)N2[C@@H]1C[C@]1(C(=O)N(C(=O)NCc3ccccc3)c3ccc(C#Cc4ccccc4)cc31)[C@@H]2c1ccccc1,1,5
1463,O=c1[nH]ncn2cccc12,3,5
1464,C1CNCCN(CC2CCNC2)C1,1,5
1465,O=C([C@H](Cc1ccc(OS(=O)(=O)c2cccc3cnccc23)cc1)NS(=O)(=O)c1cccc2cnccc12)N1CCN(c2ccccc2)CC1,1,4
1466,O=C(O[C@H]1CCC2CC3CC(C[C@H]21)C[C@H]1C(=O)CC[C@H]31)c1ccccc1,1,2
1467,O=S1(=O)CC[C@@H](NCc2cccnc2)C1,1,1
1468,c1ccc([C@H]2O[C@@H](CSc3nc4ccccc4s3)C[C@H](c3ccccc3)O2)cc1,1,5
1469,O=C(NCCN1CCOCC1)C(=O)NC[C@H]1OCCN1S(=O)(=O)c1ccccc1,1,1
1470,O=c1c(O[C@@H]2OCCC[C@@H]2O[C@@H]2CCCO2)c(-c2ccccc2)oc2ccccc12,1,4
1471,O=C(C1CCCCC1)N1CCOCC1,1,5
1472,C1CC[C@H]2C[C@H]2C1,1,1
1473,O=C1CC[C@H]2CC2CCC=C[C@@]23O[C@@]12CC[C@H]3O[C@@H]1CCCCO1,1,5
1474,c1ccc(CNc2ncnc3c2ncn3[C@@H]2CCCO2)cc1,1,4
1475,O=C1CCNC1=O,1,4
1476,O=C(O[C@H]1CCCCO1)[C@]12CCCC[C@H]1C1=CC[C@@H]3C(CC[C@H]4CCCCC43)C1CC2,1,4
1477,O=C(NCC1CC[C@H]2C3=CC=C4CCCCC4[C@@H]3CCC12)OC1CCCCC1,1,5
1478,O=C(C=CCCC[C@H]1CCC2C1CC[C@@]13C[C@@]14CC[C@H](O[C@H]1CCC[C@H](CO[C@@H]5CCCCO5)O1)C[C@@H]4CC[C@H]23)O[C@@H]1CCCO1,1,3
1479,O=C(/C=C/c1ccccc1)O[C@@H]1CO[C@@H](OCCc2ccccc2)C[C@H]1O[C@H]1CCCCO1,1,2
1480,O=C(Cc1ccccc1)N[C@H]1C(=O)N2C=CCS[C@@H]12,1,3
1481,O=C1C[C@H](Nc2ccccc2)C(=O)N1,1,1
1482,O=C1C2NC(=O)[C@]3(C[C@]4([C@@]56C[C@@]78SSC(NC7=O)C(=O)N8[C@@H]5Nc5ccccc56)c5ccccc5N[C@H]4N13)SS2,1,5
1483,O=C1C=C[C@]2(CC[C@@H]3C=CO[C@@H](O[C@H]4CCCCO4)[C@@H]32)O1,1,4
1484,C(#C[C@@H](O[SiH](c1ccccc1)c1ccccc1)c1ccccc1)CN(CCc1ccccc1)[C@@H](CCc1ccccc1)c1ccccc1,1,2
1485,c1ccc(CC2N=C(c3ccccc3)O[C@@H]2c2ccccc2)cc1,7,1
1486,O=C1CC(=O)c2ccccc2C1=O,1,1
1487,c1ccc2c([C@@H]3CCCN3)cccc2c1,1,5
1488,O=C1OCCN1c1ccccc1,1,3
1489,O=C1CCCc2cc3c(=O)occc3cc2O1,1,2
1490,O=c1ncccn1[C@@H]1CCCO1,1,1
1491,C1C[C@H]2CC[C@@H]1O2,1,2
1492,O=C1O[C@H](c2ccccc2)[C@H](c2ccccc2)N2[C@H]1[C@@H](C(=O)NCCc1ccccc1)[C@]1(C(=O)Nc3ccc(C#CC4=CCCCC4)cc31)[C@H]2c1ccccc1,2,4
1493,C(=C/[C@H](CCCn1cc(-c2ccccc2)nn1)NCCc1ccccc1)\C1CC1,1,5
1494,c1ccc(CN2CCOCC2)cc1,2,4
1495,O=C1CCC=NN1,1,3
1496,C1=C2C(CCC1)CCC1C3CC[C@@H]4C(CO[C@H]5CCC[C@@H](CO[C@H]6CCCCO6)O5)CCCC4[C@H]3CC[C@@H]21,1,3
1497,O=c1ccn(C2CCOCC2)[nH]1,1,2
1498,O=C1N[C@H](c2ccccc2)c2c(-c3ccccc3)n[nH]c21,1,3
1499,c1ccc(-n2cc3c(n2)C2CC[C@@H]3C2)cc1,1,3
1500,c1ccc(CC[C@H](c2ccccc2)N2CC[C@H]3[C@H](NO[C@@H]3c3ccccc3)[C@@H]2Cc2ccccc2)cc1,1,4
1501,O=C1NC2=C(C(=O)OC2)[C@H](c2ccccc2)N1,1,3
1502,c1ccc([C@@H]2CNCCO2)cc1,1,4
1503,c1ncc2ncn([C@H]3C[C@H]4OC5CCCO[C@@H]5C[C@H]4O3)c2n1,1,3
1504,O=S(=O)(CCC1N=C(c2ccccc2)O[C@@H]1c1ccccc1)c1ccccc1,2,1
1505,O=c1c(O[C@H]2CCC[C@@H](CO[C@H]3C[C@H](O[C@H]4CCCCO4)CCO3)O2)c(-c2ccccc2)oc2ccccc12,2,3
1506,O=c1[nH]cc(S(=O)(=O)N2CCCC[C@@H]2c2cccnc2)c(=O)[nH]1,1,2
1507,C1=NC2CCCC[C@@H]2c2c1ccc1ccccc21,1,5
1508,O=C(Nc1ccc(-c2ccccc2)cc1)[C@H]1C[C@@H]1c1ccccc1,1,3
1509,S=C1C=C(N2CCCCC2)C[C@H](c2ccccc2)S1,1,1
1510,c1ccc(CC[C@H](c2ccccc2)N2C[C@@H]3[C@@H](NO[C@H]3Cc3ccccc3)[C@@H]2Cc2ccccc2)cc1,1,2
1511,C=C1C(=O)NC(=O)NC1=O,1,1
1512,c1ccc(C[C@H]2CO[C@H](c3ccccc3)[C@@H]2CO[C@@H]2CCCCO2)cc1,1,3
1513,O=C(NCc1ccc2c(c1)OCO2)[C@H]1CCCN(S(=O)(=O)c2c[nH]c(=O)[nH]c2=O)C1,1,4
1514,O=C(NC1CCCCC1)c1cccc2ccccc12,1,2
1515,C1C[C@H]2CC[C@@H]1C2,1,2
1516,O=C1NC(=O)[C@H]2NC=N[C@H]2N1,1,2
1517,O=C1NC(=O)[C@H]2[C@H]1[C@@H]1C(c3ccccc3)=C[C@H]2N(Cc2ccccc2)[C@H]1c1cccs1,1,5
1518,O=S(=O)(c1ccccc1)N1CCCOC1,1,5
1519,O=C1CCCOc2ccccc21,1,1
1520,C=C1CCOC(=O)CCCCNC(=O)C=CCCOC(=O)CCCCNC(=O)C=CCCOC(=O)CCCCNC(=O)C1,1,5
1521,c1ccc2c(c1)CCCCO2,1,3
1522,c1ccc2c3c([nH]c2c1)CCCC3,2,1
1523,O=C(CNC(=O)[C@@H](Cc1ccccc1)NC(=O)CCc1c[nH]cn1)NCCc1c[nH]c2ccccc12,1,1
1524,O=C1C=CC2C(=C1)CC[C@@H]1[C@@H]2CCC2C(C(=O)COC(=O)c3ccccc3)CC[C@H]21,1,4
1525,O=C(C[C@@H]1CC[C@@H]2NCCCOC[C@H]2O1)N1CCNCC1,2,3
1526,O=C(N[C@H]1C=C[C@H](CC(=O)N2CCNCC2)OC1)c1ccc2c(c1)OCO2,2,3
1527,O=C(NC[C@H]1CCNS(=O)(=O)c2ccccc2O1)C1CCCCC1,9,1
1528,O=C(NC[C@@H]1CCNS(=O)(=O)c2ccc(C#CCC3CCCC3)cc2O1)c1cnccn1,2,2
1529,O=C(Nc1ccc2c(c1)C(=O)N[C@@H]1CC[C@H](CC(=O)N3CCOCC3)O[C@@H]1CO2)c1cscn1,1,3
1530,O=S1(=O)NCC[C@@H](CNCc2ccccc2)Oc2cc(C#CC3CC3)ccc21,7,2
1531,O=C1c2ccccc2[C@](Cc2ccccc2)(C(=O)NCCc2ccccc2)[C@H](c2ccccc2)N1Cc1ccccc1,2,5
1532,O=C1NCCCOc2ncccc21,8,1
1533,O=C(c1cc2ccccc2[nH]1)N1CCCCC1,1,5
1534,O=C(C[C@@H]1CC[C@@H](NS(=O)(=O)c2ccccc2)CO1)N1CCC(Cc2ccccc2)CC1,4,1
1535,O=C(N/N=C/CCCCCO[C@@H]1CCCCO1)c1ccccc1,2,5
1536,C1N[C@H]2CN[C@@H]1C2,2,3
1537,O=C(C[C@@H]1CC[C@@H]2NC(=O)c3cc(NC(=O)C4CCOCC4)ccc3OC[C@@H]2O1)NCc1ccc2c(c1)OCO2,1,5
1538,O=C(C[C@H]1CC[C@H](NC(=O)Cc2ccccn2)CO1)NCCCN1CCOCC1,1,4
1539,O=C1CCOCCN1,5,3
1540,O=C(C[C@@H]1CC[C@@H](NS(=O)(=O)c2ccccc2)CO1)NCc1ccccc1,2,4
1541,O=C(C[C@@H]1CC[C@@H]2[C@H](COCCCN2S(=O)(=O)c2ccccc2)O1)N1CCNCC1,6,4
1542,O=C(C[C@@H]1CC[C@H](NS(=O)(=O)c2ccccc2)CO1)N1CCC(Cc2ccccc2)CC1,3,4
1543,O=C(N[C@@H]1CC[C@@H](CC(=O)N2CCNCC2)OC1)c1ccc2c(c1)OCO2,1,1
1544,O=c1cccc2ccccn12,1,2
1545,O=C(C[C@@H]1CC[C@H]2[C@@H](COCCCN2S(=O)(=O)c2ccccc2)O1)N[C@H]1CCN(Cc2ccccc2)C1,5,4
1546,O=C1NCCCCN(Cc2ccccc2)CCOc2ccc(NS(=O)(=O)c3c[nH]cn3)cc21,2,5
1547,O=C(NCCCc1ccco1)N[C@@H](Cc1ccccc1)Cn1cc(C2CCCCC2)nn1,1,3
1548,C1COC2(CN1)CNC2,1,1
1549,O=S1(=O)NCC[C@@H](CNCc2ccccc2)Oc2ccccc21,9,2
1550,O=C(C[C@H]1CC[C@@H]2[C@H](COCCCN2S(=O)(=O)c2ccccc2)O1)NCCCN1CCOCC1,6,4
1551,O=C(Cc1ccccn1)NC[C@H]1CCNS(=O)(=O)c2ccc(-c3ccccc3)cc2O1,3,3
1552,O=c1sccc2ccccc12,1,3
1553,c1ccc(-c2nn(-c3ccccc3)c3ccccc23)cc1,1,5
1554,O=C1NCCCCN(C(=O)C2CCOCC2)CCOc2ccccc21,12,5
1555,O=S1(=O)NCC[C@H](CNCc2ccncc2)Oc2ccccc21,2,2
1556,O=C(CN1CCOCC1)N[C@@H]1CC[C@@H](CCNC(=O)Nc2ccccc2)OC1,1,3
1557,O=C1NCC(=O)N2[C@@H](c3ccccc3)CC[C@@H]12,20,3
1558,c1ccc(CN2CCCN(c3nc(Nc4ccccc4)c4ccccc4n3)CC2)cc1,1,4
1559,O=C(NC[C@H]1CCNS(=O)(=O)c2ccccc2O1)C1CCOCC1,5,2
1560,O=S(=O)(NC[C@H]1CCNS(=O)(=O)c2ccc(C3=CCCC3)cc2O1)c1ccccc1,2,4
1561,O=C(CN1CCOCC1)NC[C@H]1CCNS(=O)(=O)c2ccc(C#Cc3ccccc3)cc2O1,6,3
1562,O=C1NCCCOc2ncc(C#Cc3ccccc3)cc21,2,1
1563,O=c1cc(-c2ccccc2)oc2c([C@@H]3OCCC[C@H]3O[C@H]3CCCCO3)cccc12,1,3
1564,O=S(=O)(c1c[nH]cn1)N1CCCCC1,1,1
1565,c1ccc(-c2cc[nH+]cn2)cc1,1,5
1566,c1ccc2ncc(-c3ccc4ccccc4n3)cc2c1,2,5
1567,O=C(Nc1cccc2c1O[C@@H](CNS(=O)(=O)c1ccccc1)CCNC2=O)Nc1cccc2ccccc12,14,2
1568,O=C(C1=C[C@H](c2coc3ccccc3c2=O)CCO1)N1CCN(Cc2ccc3c(c2)OCO3)CC1,1,3
1569,O=S(=O)(NC[C@H]1CCNS(=O)(=O)c2ccccc2O1)c1ccccc1,29,3
1570,O=S(=O)(c1ccc(Oc2ccccc2)cc1)N1CCCOC[C@@H]2OCCC[C@H]21,2,4
1571,O=c1cc[nH]c2ncnn12,11,2
1572,c1ccc(-c2ccc(-c3cc4c(cn3)[SiH2]O[C@H]4c3ccccc3)o2)cc1,1,1
1573,O=C(N/N=C/CCCO[C@H]1CCCCO1)c1ccccc1,2,5
1574,O=C1NCCCCN(C(=O)C2CCOCC2)CCOc2cc(NC(=O)C3CC3)ccc21,4,3
1575,O=S(=O)(N[C@@H]1CC[C@@H](CCn2cc(-c3ccccc3)nn2)OC1)c1ccccc1,2,3
1576,O=C1NCCCOc2ncc(C#Cc3cccnc3)cc21,1,4
1577,O=C(C1=C[C@H](c2ccccc2)CCO1)N1CCOCCOCCOCCOCC1,1,4
1578,O=S1(=O)NCCCOc2cc(C#Cc3ccccc3)ccc21,27,3
1579,c1ccc(-c2cc[nH]n2)cc1,2,1
1580,c1ccsc1,10,2
1581,c1ccc(-n2cnnn2)cc1,8,1
1582,O=C(Cc1cccnc1)NC[C@@H]1CCNC(=O)c2cc(-c3ccccc3)cnc2O1,2,1
1583,O=C(C[C@H]1C[C@@H]2c3cc(NS(=O)(=O)c4ccccc4)ccc3O[C@@H]2CO1)NCC1CC1,1,2
1584,O=S(=O)(N[C@H]1C=CCOC1)c1ccccc1,3,1
1585,O=C1O[C@@H](c2ccccc2)[C@@H](c2ccccc2)N2[C@@H](c3ccccc3)[C@]3(C(=O)Nc4ccc(C#Cc5ccccc5)cc43)[C@@H](C(=O)N3CCN(c4ncccn4)CC3)[C@H]12,2,4
1586,O=S(=O)(NC[C@@H]1CCNS(=O)(=O)c2ccccc2O1)c1ccccc1,25,1
1587,O=C(CN1CCOCC1)NCC[C@@H]1CC[C@H](NS(=O)(=O)c2ccccc2)CO1,4,1
1588,c1ccc(CN2CCC(Nc3nc(N4CCCN(Cc5ccccc5)CC4)nc4ccccc34)CC2)cc1,2,2
1589,O=C(Nc1ccccc1)c1ccco1,1,4
1590,O=S1(=O)NCCCOc2ccccc21,61,5
1591,O=C1O[C@H](c2ccccc2)[C@H](c2ccccc2)N2[C@H]1[C@@H](C(=O)N1CCCCCCC1)[C@]1(C(=O)Nc3ccccc31)[C@H]2c1ccccc1,5,2
1592,O=S1(=O)NCC[C@H](CNCc2cncnc2)Oc2cc(C#CC3CCCC3)ccc21,4,4
1593,O=C1O[C@@H](c2ccccc2)[C@@H](c2ccccc2)N2[C@@H](c3ccccc3)[C@]3(C(=O)Nc4ccc(C#CC5CCCCCC5)cc43)[C@@H](C(=O)N3CCc4ccccc4C3)[C@H]12,4,4
1594,O=C(Nc1ccccc1)N1CCCOC[C@@H]2OCCC[C@H]21,5,4
1595,O=C(CN1CCOCC1)NCC[C@H]1CC[C@H](NC(=O)Nc2ccccc2)CO1,4,3
1596,c1ccc2c(c1)CCCNC2,1,1
1597,O=C(C[C@@H]1CC[C@@H](NC(=O)CN2CCOCC2)CO1)NCCc1ccccc1,2,1
1598,O=c1[nH]c(=O)c2[nH]c(NCCN3CCOCC3)nc2[nH]1,1,3
1599,O=C(C1CCCC1)N1C[C@@H]2CCNC[C@@H]21,1,2
1600,O=C(N[C@H]1C=C[C@@H](CC(=O)N2CCNCC2)OC1)c1ccc2c(c1)OCO2,2,1
1601,c1ccc(-c2cscn2)cc1,2,5
1602,O=C1NCCCCN(Cc2ccccc2)CCOc2ccccc21,16,3
1603,O=C(C[C@@H]1C=C[C@@H](NC(=O)Nc2ccccc2)CO1)NCCCN1CCOCC1,1,2
1604,O=C(Nc1ccccc1)Nc1ccc2c(c1)C(=O)NCCCCNCCO2,3,1
1605,c1ccc(-n2cncn2)nc1,1,3
1606,O=C(OCCOc1ccc([C@H]2N3[C@@H](C[C@]24C(=O)Nc2ccccc24)C(=O)O[C@H](c2ccccc2)[C@@H]3c2ccccc2)cc1)[C@H]1C[C@H]2C(=O)NCC(=O)N2[C@H]1c1ccccc1,8,5
1607,O=C(Cc1ccccn1)NC[C@@H]1CCNS(=O)(=O)c2ccccc2O1,5,4
1608,O=C1C=C2C(CCC3CCCC[C@@H]23)C2CC[C@H]3CCCCC3[C@H]12,1,5
1609,c1ccc(Cc2ncc[nH]2)cc1,1,2
1610,O=C(Cc1ccccc1)N[C@H]1C(=O)N2CCS[C@@H]12,1,5
1611,c1ccc2nonc2c1,4,1
1612,c1ccc2c(c1)Sc1ccccc1C2C[C@@H]1CCCNC1,1,1
1613,O=C(CCc1ccccc1)N[C@H]1CO[C@H](n2cnc3cncnc32)C1,1,4
1614,O=S1(=O)N[C@H](c2ccccc2)CO1,1,3
1615,c1ccc(-c2cc(-c3ccccc3)n(-c3ccccc3)n2)cc1,1,5
1616,O=c1ccc2c(=O)[nH]c(=O)[nH]c2[nH]1,2,1
1617,c1nnc[nH]1,8,4
1618,O=C1Cc2cc(NC(=O)Nc3ccccc3)ccc2O[C@@H](CNS(=O)(=O)c2ccc(Oc3ccccc3)cc2)CCN1,5,3
1619,O=C(C[C@@H]1C=C[C@@H](NS(=O)(=O)c2ccccc2)CO1)NC1CCC1,2,5
1620,O=C(O[C@H]1CC[C@H](Oc2ccccc2C(=O)c2ccccc2)OC1)c1ccccc1,1,3
1621,O=C(C[C@H]1O[C@@]2(C[C@@H]1[SiH2]c1ccccc1)C(=O)N(Cc1cccc(NC(=O)c3ccccc3)c1)c1ccccc12)NCc1ccccc1,1,1
1622,c1cn(CC[C@H]2CCCCO2)nn1,4,3
1623,O=C(N[C@@H]1CC[C@H](CC(=O)N2CCOCC2)OC1)c1ccccn1,2,1
1624,O=C(NCc1ccccc1)[C@@H]1c2ccccc2C(=O)N(Cc2ccccc2)[C@H]1c1ccccc1,1,4
1625,O=C(c1cc2c(c(-c3cccc(-c4ccccc4)c3)n1)CNC2)N1CCCCC1,4,4
1626,O=C(Nc1ccccc1)c1cccs1,1,1
1627,O=C1C[C@H](c2ccccc2)[C@@H]2CNCCN12,2,1
1628,c1ccc2ncncc2c1,2,3
1629,O=C(c1ccccn1)N1CCCOC[C@H]2OCCC[C@@H]21,1,4
1630,O=C1NCCCCN(S(=O)(=O)c2c[nH]cn2)CCOc2ccccc21,4,5
1631,O=C(Nc1ccc2c(c1)C(=O)NCCCCNCCO2)c1ccccc1,9,2
1632,O=C(C[C@H]1C=C[C@H](NS(=O)(=O)c2ccccc2)CO1)N1CCOCC1,1,2
1633,O=C(c1ccccc1)c1ccc(Oc2ccccc2)cc1,1,2
1634,O=C(C[C@H]1O[C@@]2(C[C@@H]1[SiH2]c1ccccc1)C(=O)N(Cc1ccc(N3CCC3=O)cc1)c1ccccc12)N1CCc2ccccc2C1,1,5
1635,O=C(C[C@H]1CC[C@H]2[C@@H](COCCCN2S(=O)(=O)c2ccccc2)O1)NCCCN1CCOCC1,5,3
1636,O=S(=O)(NCCCCNS(=O)(=O)c1ccccc1)c1ccccc1,15,1
1637,O=S1(=O)NCC[C@@H](CNCC2CC2)Oc2cc(C#Cc3ccccc3)ccc21,2,2
1638,O=C(Cc1ccncc1)NC[C@@H]1CCNS(=O)(=O)c2ccc(C#CC3CCCC3)cc2O1,3,1
1639,O=C1O[C@H](c2ccccc2)[C@H](c2ccccc2)N2[C@H]1[C@@H](C(=O)N1CCc3ccccc3C1)[C@]1(C(=O)Nc3ccccc31)[C@H]2c1ccccc1,9,2
1640,O=C(C[C@@H]1CC[C@H](NC(=O)CN2CCOCC2)CO1)NCCc1ccncc1,2,4
1641,c1ccc2cnccc2c1,1,5
1642,O=c1ccc2c(ccc3c(-c4ccccc4)coc32)o1,1,2
1643,O=c1cn[nH]c(NCc2ccco2)n1,1,2
1644,O=c1[nH]cc(S(=O)(=O)N2CCCCC2)c(=O)[nH]1,2,4
1645,O=C(Cc1cccnc1)NC[C@@H]1CCNS(=O)(=O)c2ccccc2O1,3,5
1646,O=C(C[C@@H]1C=C[C@H](NC(=O)c2ccccc2)CO1)NCc1ccncn1,2,5
1647,O=C(C[C@H]1C=C[C@H](NS(=O)(=O)c2ccccc2)CO1)N1CCC(Cc2ccccc2)CC1,4,5
1648,O=S(=O)(NCCN(C/C=C/c1ccccc1)C/C=C/c1ccccc1)c1cccc2cnccc12,2,5
1649,O=C(Nc1ccccc1)N[C@@H]1C=C[C@@H](CC(=O)N2CCNCC2)OC1,1,5
1650,O=C(CCNc1n[nH]c(=O)[nH]c1=O)N1CCOCC1,1,3
1651,O=C1CCCn2cc(nn2)CO[C@H](CNC(=O)c2ccc(N3CCNCC3)cc2)CCN1,1,5
1652,C1CCC1,3,1
1653,c1ccc2n[nH]cc2c1,2,2
1654,O=C(Cc1ccccn1)N[C@H]1CCCOC1,3,2
1655,O=C(C[C@@H]1CC=CCCC(=O)OC[C@@H](Cc2c[nH]c3ccccc23)NC1=O)NCCc1ccccc1,1,4
1656,c1cc(-c2cscn2)cs1,1,1
1657,O=c1ccc2ccccc2[nH]1,4,4
1658,O=C(C[C@@H]1CC[C@@H]2[C@H](COCCCN2C(=O)Nc2ccccc2)O1)NCCCN1CCOCC1,6,3
1659,O=C(C[C@H]1CC[C@H]2NCCCOC[C@@H]2O1)NCc1ccncn1,1,4
1660,O=C(C[C@H]1C=C[C@H](NS(=O)(=O)c2ccccc2)CO1)NCCN1CCCCC1,2,2
1661,O=c1cc[nH]cn1,13,1
1662,O=C(C[C@@H]1C=C[C@@H](NS(=O)(=O)c2ccccc2)CO1)NCc1ccncn1,2,2
1663,O=C(Nc1cnoc1)N[C@H]1C=C[C@@H](CC(=O)N2CCNCC2)OC1,1,5
1664,C=C1C(=O)Nc2ccccc21,1,3
1665,O=C(C[C@@H]1C=C[C@@H](NC(=O)C2CCC2)CO1)NCCCN1CCOCC1,1,2
1666,O=S(=O)(c1ccccc1)N1CCNCC1,2,4
1667,c1ncc(N2CCNCC2)[nH]1,1,1
1668,O=C(Cc1ccccc1)NC[C@H]1CCNS(=O)(=O)c2ccc(C#CC3CCCC3)cc2O1,1,2
1669,O=C(NC[C@@H]1CCNS(=O)(=O)c2ccccc2O1)C1CCCCC1,10,1
1670,O=C(C[C@H]1C=CCCO1)NCCN1CCCC1,4,3
1671,O=C1O[C@@H](c2ccccc2)[C@@H](c2ccccc2)N2[C@@H](c3ccccc3)[C@]3(C(=O)Nc4ccc(C#CC5=CCCCC5)cc43)[C@@H](C(=O)N3CCN(c4ncccn4)CC3)[C@H]12,2,4
1672,O=C1NCCCCN(C(=O)CN2CCOCC2)CCOc2ccccc21,4,3
1673,O=C(C[C@@H]1CC[C@H]2[C@@H](COCCCN2S(=O)(=O)c2c[nH]cn2)O1)N1CCN(c2ccccc2)CC1,2,3
1674,O=C(NCCCc1ccc(C(=O)N2CCOCC2)o1)N[C@@H](Cc1ccccc1)Cn1cc(-c2ccccc2)nn1,1,3
1675,O=C(C[C@H]1CC[C@H]2[C@@H](COCCCN2C(=O)Nc2ccccc2)O1)NCCCN1CCOCC1,5,4
1676,O=C(N[C@H]1CCCOC1)C1CCOCC1,8,5
1677,O=C(NC[C@@H]1CCNS(=O)(=O)c2ccc(-c3ccccc3)cc2O1)C1CCOCC1,5,5
1678,O=C1NCC(=O)N2[C@@H]1C[C@@H](C(=O)OCCOc1ccc([C@@H]3N4[C@H](C[C@@]35C(=O)Nc3ccccc35)C(=O)O[C@@H](c3ccccc3)[C@H]4c3ccccc3)cc1)[C@H]2c1ccccc1,7,2
1679,O=C1CCCn2nncc2CO[C@H](CNC(=O)Nc2cccc3ccccc23)CCN1,1,2
1680,O=C(C[C@H]1C=C[C@H](NC(=O)c2ccncc2)CO1)NCc1ccncn1,1,4
1681,O=C1NCCCCN(CC2CC2)CCOc2cc(NS(=O)(=O)c3c[nH]cn3)ccc21,2,3
1682,O=C(C[C@H]1CC[C@@H]2NCCCOC[C@H]2O1)N1CCOCC1,1,2
1683,S=c1[nH]cc(-c2ccccc2)[nH]1,2,2
1684,O=C(/C=C/c1ccccc1)c1cc(Cc2ccccc2)cc2c1OCC=C2,1,3
1685,O=C1NCCCCNCCOc2cc(NS(=O)(=O)c3ccccc3)ccc21,2,4
1686,O=C1c2ccccc2[C@](Cc2ccccc2)(C(=O)NC2CC2)[C@H](c2ccccc2)N1Cc1ccccc1,1,2
1687,O=C(C[C@@H]1C[C@H]2c3cc(NS(=O)(=O)c4ccccc4)ccc3O[C@H]2CO1)NC1CCCCC1,1,1
1688,O=C(c1c[nH]c2ccccc12)N1CCCCC1,1,1
1689,O=C(Nc1ccccc1)N[C@H]1C=C[C@@H](CC(=O)N2CCNCC2)OC1,2,4
1690,O=C(C[C@@H]1CC[C@@H](NC(=O)CN2CCOCC2)CO1)NCc1ccccc1,4,5
1691,O=C1Nc2ccccc2Oc2cc(Sc3ccccc3)ccc21,1,1
1692,O=C(C[C@@H]1C=C[C@H](NS(=O)(=O)c2ccccc2)CO1)N1CCC(Cc2ccccc2)CC1,3,1
1693,O=C(Nc1ccc2ccccc2c1)c1cc2ccccc2o1,1,1
1694,O=c1cc2[nH]n(-c3ccccc3)cc-2c(=O)[nH]1,1,2
1695,O=S1(=O)NCC[C@H](CNCc2ccccc2)Oc2ccccc21,19,1
1696,O=C(C[C@@H]1CC[C@@H]2[C@H](COCCCN2S(=O)(=O)c2ccccc2)O1)N[C@H]1CCN(Cc2ccccc2)C1,5,3
1697,C1=CCOCC1,17,5
1698,O=C(NC[C@H]1CCNS(=O)(=O)c2ccccc2O1)c1ccncc1,4,2
1699,O=S1(=O)CCOC2(CNC2)CN1,1,1
1700,O=C(N[C@H]1CC[C@@H](CC(=O)N2CCOCC2)OC1)c1ccc2c(c1)OCO2,2,3
1701,O=C(C[C@H]1CC[C@@H]2[C@H](COCCCN2S(=O)(=O)c2ccccc2)O1)N[C@H]1CCN(Cc2ccccc2)C1,4,5
1702,O=C(C[C@@H]1C=C[C@H](NC(=O)C2CC2)CO1)NCCCN1CCOCC1,2,4
1703,c1ccc(Sc2c(-c3ccccc3)nc3sccn23)cc1,1,2
1704,O=C(NC[C@H]1CCNS(=O)(=O)c2ccc(-c3ccccc3)cc2O1)C1CCC1,3,2
1705,O=C(c1cccc2ccccc12)N(C1CCCC1)C1CCCC1,1,3
1706,c1nnn2c1CC(C1CC1)NCC2,2,4
1707,O=C(C[C@H]1C=C[C@H](NS(=O)(=O)c2c[nH]cn2)CO1)Nc1ccccc1,2,3
1708,O=C1NC(=S)NC(=O)C1=Cc1ccccc1,1,2
1709,O=C(NC1CCCCC1)c1occ(S(=O)(=O)c2ccccc2)c1-c1ccccc1,5,5
1710,O=C(C[C@@H]1C=C[C@@H](NC(=O)C2CC2)CO1)NCCCN1CCOCC1,2,1
1711,O=C(Cc1ccccn1)N[C@@H]1C=C[C@H](CC(=O)N2CCNCC2)OC1,1,3
1712,O=c1[nH][nH]c(=O)c2ccccc12,1,3
1713,O=C(C[C@@H]1C=C[C@H](NC(=O)c2cnccn2)CO1)NCc1ccccc1,1,5
1714,O=C(C[C@H]1CC[C@H]2[C@@H](COCCCN2Cc2ccc(Oc3ccccc3)cc2)O1)N1CCNCC1,1,1
1715,O=C(C[C@@H]1C=C[C@@H](NC(=O)c2cccnc2)CO1)NCc1ccncn1,2,1
1716,O=C(C[C@H]1CC[C@@H](NS(=O)(=O)c2ccccc2)CO1)N1CCN(c2ccccc2)CC1,2,1
1717,O=C(Cc1cccnc1)NC[C@H]1CCNS(=O)(=O)c2ccccc2O1,1,1
1718,O=C(Nc1ccccc1)c1ccc2ccccc2c1,1,2
1719,O=C(C[C@@H]1C=CCCO1)N1CCNCC1,3,4
1720,O=C(c1ccccc1)n1cncn1,1,4
1721,O=C(NC[C@@H]1CCNS(=O)(=O)c2ccccc2O1)c1ccccc1,10,2
1722,O=C1NCC[C@@H](CNCc2ccccn2)Oc2ncc(C#Cc3ccccc3)cc21,1,5
1723,C1CNN1,2,3
1724,O=C(C[C@H]1CC[C@H]2[C@@H](COCCCN2C(=O)Nc2ccccc2)O1)NCc1ccccc1,8,4
1725,S=c1cc[nH]cn1,1,5
1726,O=C(CCC(=O)NCCc1ccccc1)NCCOC(=O)CCc1ccccc1,4,5
1727,O=C(Nc1ccccc1)Nc1ccc2c(c1)C(=O)N[C@@H]1CCCO[C@H]1CO2,1,4
1728,O=C(C[C@@H]1CC[C@H](NS(=O)(=O)c2ccccc2)CO1)N1CCN(c2ccccc2)CC1,2,2
1729,c1ccc(-c2ccco2)cc1,2,4
1730,O=C(C[C@H]1CC[C@H]2[C@@H](COCCCN2Cc2ccccc2)O1)N[C@@H]1CCN(Cc2ccccc2)C1,3,4
1731,O=C(Cc1cccnc1)N[C@H]1C=CCOC1,4,3
1732,O=S(=O)(N1CCOCC1)N1CCCN(S(=O)(=O)N2CCOCC2)CC1,1,3
1733,O=C(C[C@@H]1CC[C@H]2[C@@H](COCCCN2C(=O)C2CC2)O1)NCCc1c[nH]cn1,1,2
1734,O=C(Oc1ccc(C2CCCCC2)cc1)c1cccnc1,1,2
1735,O=C1CCCn2nncc2CO[C@H](CNC(=O)Nc2ccnc(N3CCOCC3)c2)CCN1,1,3
1736,O=C(N/N=C/CCCCCO[C@@H]1CCCCO1)c1ccccn1,1,2
1737,O=C(Nc1ccc2c(c1)OCCNCCCCNC2=O)c1ccccc1,8,5
1738,O=C(C[C@@H]1CC=CCC[C@H](Cc2ccccc2)C(=O)OCCNC1=O)NCCc1ccccc1,1,4
1739,O=C(Nc1ccc(CN2C(=O)[C@@]3(C[C@H]([SiH2]c4ccccc4)[C@@H](CC(=O)N4CCCC4)O3)c3ccccc32)cc1)c1ccccc1,1,3
1740,O=C(Nc1cccc2cccnc12)[C@H]1[C@@H](c2cn(S(=O)(=O)c3ccccc3)c3ccccc23)CC(=O)N1C(=O)OCc1ccccc1,1,3
1741,c1cc2n(c1)CCC2,2,5
1742,O=C(C[C@@H]1C[C@@H]2c3cc(NS(=O)(=O)c4ccccc4)ccc3O[C@@H]2CO1)NC1CCCC1,1,4
1743,O=C(C[C@H]1CC=CC[C@H](NC(=O)OCC2c3ccccc3-c3ccccc32)C(=O)OCCNC1=O)NCc1ccccc1,1,2
1744,O=C(C[C@@H]1CC[C@H](NC(=O)CN2CCOCC2)CO1)NCCc1ccccc1,2,3
1745,O=C(C[C@@H]1C=C[C@@H](NS(=O)(=O)c2ccccc2)CO1)NCc1ccccc1,1,4
1746,O=C(NC[C@@H]1CCNS(=O)(=O)c2ccc(-c3ccccc3)cc2O1)C1CC1,4,5
1747,c1cnc(N2CCCC2)nc1,1,3
1748,C1CCN=C(NC2CCCCC2)CC1,1,5
1749,O=C1NCC[C@H](CNC(=O)C2CCOCC2)Oc2ncc(C#Cc3ccccc3)cc21,2,5
1750,O=C(C[C@@H]1CC[C@@H]2[C@H](COCCCN2S(=O)(=O)c2ccccc2)O1)NCc1ccccc1,6,4
1751,c1ccc(CSCc2ccccc2)cc1,1,3
1752,O=C(C[C@H]1CC[C@@H]2[C@H](COCCCN2Cc2ccccc2)O1)N[C@@H]1CCN(Cc2ccccc2)C1,1,4
1753,O=C(C[C@@H]1CC[C@@H]2[C@H](COCCCN2S(=O)(=O)c2ccccc2)O1)N1CCOCC1,4,5
1754,O=C1NCCCCN(Cc2cccnc2)CCOc2cc(NC(=O)C3CCOCC3)ccc21,4,3
1755,O=C1N[C@@H](Cc2ccccc2)C(=O)N2[C@@H]1C[C@@H](C(=O)OCCOc1ccc([C@@H]3N4[C@H](C[C@@]35C(=O)Nc3ccccc35)C(=O)O[C@@H](c3ccccc3)[C@H]4c3ccccc3)cc1)[C@H]2c1ccccc1,1,5
1756,O=C(C[C@@H]1CC[C@H]2[C@@H](COCCCN2S(=O)(=O)c2ccccc2)O1)N1CCOCC1,2,3
1757,O=C1COC[C@@H](c2ccccc2)N1,1,5
1758,O=C(CN1CCN(S(=O)(=O)c2ccccc2)CC1)N/N=C/c1ccccn1,1,2
1759,O=C(Cn1cc(-c2ccccc2)nn1)N1CCC2(CC1)C(=O)NCN2c1ccccc1,1,3
1760,O=C(NC[C@H]1CCNS(=O)(=O)c2ccccc2O1)Nc1cnoc1,1,1
1761,O=C(Cc1ccccc1)NC[C@H]1CCNS(=O)(=O)c2ccc(-c3cncnc3)cc2O1,3,2
1762,c1ccc(Nc2nc(-c3ccccc3)cs2)cc1,3,3
1763,O=C1O[C@@H](c2ccccc2)[C@@H](c2ccccc2)N2[C@@H](c3ccccc3)[C@]3(C(=O)Nc4ccc(C#CC5CCCCCC5)cc43)[C@@H](C(=O)N3CCCCCCC3)[C@H]12,2,4
1764,O=S(=O)(NC[C@H]1CCNS(=O)(=O)c2ccc(C#Cc3ccccc3)cc2O1)c1ccccc1,8,3
1765,O=C(c1cccc(-n2cc(-c3ccccc3)nn2)c1)N1CCC2(CC1)C(=O)NCN2c1ccccc1,1,5
1766,O=C(Cn1ccn(CCc2ccccc2)c(=O)c1=O)NCCC1=CCCCC1,1,3
1767,O=C(C[C@@H]1C=C[C@H](NC(=O)Cc2ccccn2)CO1)NCCc1ccncc1,1,2
1768,O=C(N[C@@H]1CCCOC1)C1CCCCC1,4,3
1769,O=S1(=O)N=Cc2ccccc21,2,3
1770,O=C(Nc1ccccc1)Nc1ccc2c(c1)C(=O)NCCCCN(Cc1ccccc1)CCO2,6,2
1771,O=S1(=O)NCC[C@H](CNCC2CCOCC2)Oc2cc(-c3ccccc3)ccc21,3,5
1772,O=C(NC[C@@H]1CCNS(=O)(=O)c2ccc(C#Cc3ccncc3)cc2O1)C1CCC1,2,3
1773,O=C(C[C@H]1CC[C@@H]2[C@H](COCCCN2S(=O)(=O)c2c[nH]cn2)O1)NC1Cc2ccccc2C1,1,4
1774,O=C1NCCCCN(Cc2ccc(-c3ccccn3)cc2)CCOc2ccccc21,7,2
1775,O=C1NCCCCN(C(=O)C2CCCCC2)CCOc2ccccc21,5,4
1776,O=C(Nc1ccccc1)Nc1ccc2c(c1)OCCNCCCCNC2=O,10,3
1777,O=C(C[C@H]1CC[C@@H](NS(=O)(=O)c2c[nH]cn2)CO1)Nc1ccccc1,2,3
1778,c1ccn(-c2ccc(-n3cccn3)cc2)c1,1,3
1779,O=C(NC[C@@H]1CCNC(=O)c2cccnc2O1)c1cnccn1,2,1
1780,O=C(NCCCCNS(=O)(=O)c1c[nH]cn1)Nc1ccccc1,3,4
1781,c1ccc(-n2ccnn2)cc1,8,5
1782,O=C(N[C@H]1C=CCOC1)C1CCOCC1,5,1
1783,O=S(=O)(N[C@@H]1CCCOC1)c1ccccc1,13,4
1784,c1cn(CC[C@@H]2CCCCO2)nn1,5,4
1785,O=C(Cc1coc2ccccc12)Nc1ccccc1,2,4
1786,O=c1[nH]ncc2c1SC=NN2,1,5
1787,O=C(NC[C@H]1CCNS(=O)(=O)c2ccccc2O1)c1ccccc1,13,5
1788,O=C(Nc1ccccc1)N[C@H]1C=C[C@H](CC(=O)N2CCNCC2)OC1,1,3
1789,O=C(NCCCc1ccc(C(=O)N2CCOCC2)o1)N[C@@H](Cc1ccccc1)Cn1cc(-c2ccccn2)nn1,1,5
1790,O=S1(=O)CCOCCN1,2,2
1791,O=C(OCCOc1ccc([C@@H]2N3[C@H](C[C@@]24C(=O)Nc2ccccc24)C(=O)O[C@@H](c2ccccc2)[C@H]3c2ccccc2)cc1)[C@H]1C[C@H]2C(=O)N3CCC[C@H]3C(=O)N2[C@H]1c1ccccc1,1,3
1792,c1ccc(CNc2ccc(C3CCCCC3)cc2)cc1,1,5
1793,O=C(N1CCCCC1)[C@@]1(Cc2ccccc2)N=C(c2ccccc2)O[C@H]1c1ccccc1,3,4
1794,O=C(COc1ccccc1)Nc1nnc[nH]1,1,5
1795,O=C1NCCCCNCCOc2ccc(NS(=O)(=O)c3ccccc3)cc21,3,5
1796,O=C1CCC(=O)N1Nc1ccccn1,1,2
1797,O=c1[nH]cc(COCc2ccccc2)c(=O)[nH]1,1,1
1798,O=C(CSc1nnc[nH]1)C1CC1,1,3
1799,c1cc(-c2ccn3nccc3n2)ccn1,1,1
1800,O=C(C[C@@H]1CC[C@H]2[C@@H](COCCCN2C(=O)Nc2ccc3c(c2)OCO3)O1)N1CCN(c2ccccc2)CC1,1,2
1801,O=C(C[C@@H]1O[C@]2(C[C@H]1[SiH2]c1ccccc1)C(=O)N(Cc1ccc(N3C(=O)c4cccc5cccc3c45)cc1)c1ccccc12)N1CCc2ccccc2C1,1,2
1802,O=C(C[C@@H]1CC[C@H](NC(=O)CN2CCOCC2)CO1)NC1CCC1,2,4
1803,c1cc(C2CCCCC2)cc(C2CCCCC2)c1,1,4
1804,O=C(C[C@@H]1C=C[C@H](NC(=O)C2CCC2)CO1)NCCCN1CCOCC1,1,2
1805,O=C(C[C@@H]1CC[C@H]2[C@@H](COCCCN2C(=O)c2ccccc2)O1)N1CCN(c2ccccc2)CC1,2,5
1806,O=C(CCCCCCC(=O)Nc1ccccc1)N/N=C/c1ccc(N(c2ccccc2)c2ccccc2)cc1,1,3
1807,O=C(C[C@H]1C=C[C@@H](NS(=O)(=O)c2ccccc2)CO1)NCCN1CCCCC1,3,5
1808,O=C1O[C@@H](c2ccccc2)[C@@H](c2ccccc2)N2[C@@H](c3ccccc3)[C@]3(C(=O)Nc4ccccc43)[C@@H](C(=O)N3CCCCCCC3)[C@H]12,2,1
1809,O=C1C[C@](Sc2ccccc2)(C(=O)NCCc2ccccc2)[C@@H](c2ccccc2)N1Cc1ccccc1,1,5
1810,O=C(C[C@H]1CC[C@H](NS(=O)(=O)c2ccccc2)CO1)NCc1ccccc1,2,1
1811,O=C(Cc1ccccn1)N[C@@H]1CC[C@@H](CC(=O)N2CCNCC2)OC1,2,2
1812,O=C(C[C@H]1C=C[C@H](NC(=O)CN2CCOCC2)CO1)NCc1ccccc1,4,3
1813,O=C(C1=C[C@H](c2ccccc2)CCO1)N1CCN(Cc2ccc3c(c2)OCO3)CC1,1,5
1814,O=C(C[C@H]1CC[C@H]2[C@@H](COCCCN2Cc2ccc3c(c2)OCO3)O1)N1CCNCC1,2,1
1815,O=C(C[C@H]1CC[C@@H]2[C@H](COCCCN2S(=O)(=O)c2ccccc2)O1)N[C@@H]1CCN(Cc2ccccc2)C1,3,1
1816,O=C(C[C@@H]1C=C[C@@H](NC(=O)c2ccccc2)CO1)NCc1ccncn1,2,5
1817,O=C(NC[C@@H]1CCNS(=O)(=O)c2ccc(-c3cncnc3)cc2O1)C1CCCCC1,1,1
1818,O=C(C[C@H]1CC[C@H]2[C@@H](COCCCN2S(=O)(=O)c2ccccc2)O1)NCCc1ccccc1,1,1
1819,O=C1OCCN(c2ccccc2)C1=O,1,5
1820,O=C(NC[C@@H]1CCNS(=O)(=O)c2ccc(C3=CCCC3)cc2O1)C1CCOCC1,1,3
1821,O=C(C[C@H]1CC[C@@H]2[C@H](COCCCN2S(=O)(=O)c2ccccc2)O1)N1CCNCC1,4,5
1822,O=C(C[C@@H]1CC[C@@H]2[C@H](COCCCN2Cc2ccc3c(c2)OCO3)O1)N1CCNCC1,2,3
1823,O=C(C[C@H]1C[C@H]2c3cc(NC(=O)Nc4ccccc4)ccc3O[C@H]2CO1)NCc1ccc(-c2ccccc2)cc1,1,5
1824,O=S1(=O)NCCCOc2cc(-c3cncnc3)ccc21,1,1
1825,O=S1(=O)NCC[C@@H](CNCc2ccccn2)Oc2ccccc21,3,3
1826,S=C1NCN(Cc2cccs2)CN1,1,4
1827,O=C(C[C@@H]1CC[C@H]2[C@@H](COCCCN2Cc2ccccc2)O1)N[C@@H]1CCN(Cc2ccccc2)C1,2,5
1828,O=C(NC[C@@H]1CCNC(=O)c2cccnc2O1)Nc1cnoc1,1,3
1829,O=C(C[C@H]1C=CCCO1)N1CCCCC1,3,5
1830,O=C(NC[C@H]1CCNS(=O)(=O)c2ccccc2O1)NC1CCCC1,2,4
1831,O=C(C1=CCNC1)N1CCOCC1,1,4
1832,O=C1O[C@@H](c2ccccc2)[C@@H](c2ccccc2)N2[C@@H](c3ccccc3)[C@]3(C(=O)Nc4ccccc43)[C@@H](C(=O)N3CCc4ccccc4C3)[C@H]12,4,5
1833,O=C(NC[C@H]1CCNS(=O)(=O)c2ccccc2O1)Nc1ccccc1,9,1
1834,C(=N/c1ccccc1)\c1ccco1,1,4
1835,O=C(C[C@@H]1CC[C@@H](NS(=O)(=O)c2c[nH]cn2)CO1)N1CCN(c2ccccc2)CC1,2,1
1836,O=C(C1=C[C@H](c2ccccc2)C[C@H](OCc2ccccc2)O1)N1CCN(Cc2ccccc2)CC1,2,2
1837,C1=NN1c1ccncn1,1,5
1838,S=C(NCCCc1cnc[nH]1)NCCCN(Cc1ccccc1)c1ccccn1,1,2
1839,O=C(CCC(=O)N[C@@H](COC(=O)CCc1ccccc1)Cc1c[nH]c2ccccc12)NCCc1ccccc1,1,3
1840,O=C(C[C@H]1O[C@@]2(C[C@@H]1[SiH2]c1ccccc1)C(=O)N(Cc1cccc(N3CCCCC3=O)c1)c1ccccc12)N1CCCC1,1,1
1841,O=S1(=O)NCC[C@H](CNCc2ccc3c(c2)OCO3)Oc2ccccc21,3,2
1842,O=C(C[C@H]1O[C@@]2(C[C@@H]1[SiH2]c1ccccc1)C(=O)N(Cc1cccc(N3C(=O)c4cccc5cccc3c45)c1)c1ccccc12)N1CCCC1,1,3
1843,O=S(=O)(NC[C@@H]1CCNS(=O)(=O)c2ccc(C#Cc3ccccc3)cc2O1)c1ccccc1,11,3
1844,O=c1nccn[nH]1,2,2
1845,O=C(NCC[C@@H]1CC[C@H](NS(=O)(=O)c2ccccc2)CO1)C1CC1,4,4
1846,O=C(C[C@@H]1CC[C@H]2NC(=O)c3cc(NC(=O)C4CCOCC4)ccc3OC[C@H]2O1)Nc1cn[nH]c1,1,1
1847,C(=N/c1ccccc1Sc1cn[nH]c1)\c1ccccc1,1,1
1848,O=c1[nH]c(=O)c2[nH]c(Sc3nncs3)nc2[nH]1,1,4
1849,O=C(C[C@H]1CC[C@@H]2[C@H](COCCCN2S(=O)(=O)c2ccccc2)O1)N1CCOCC1,3,1
1850,O=C1NCCCCN(C(=O)Cc2ccccn2)CCOc2ccccc21,2,4
1851,O=C(C[C@H]1CC[C@H]2[C@@H](COCCCN2C(=O)c2ccncc2)O1)NCc1ccc(-c2ccccc2)cc1,2,3
1852,O=C(CN1CCOCC1)NCC[C@@H]1CC[C@@H](NS(=O)(=O)c2ccccc2)CO1,5,4
1853,c1cn(-c2cnon2)nn1,2,1
1854,c1ccc(N2CCNCC2)nc1,3,4
1855,O=C1NCC[C@H](CNS(=O)(=O)c2ccccc2)Oc2ncc(C#Cc3ccccc3)cc21,3,1
1856,O=c1[nH]c(=O)c2[nH]c(-n3cccn3)nc2[nH]1,2,1
1857,O=S(=O)(NC[C@H]1CCNS(=O)(=O)c2ccc(C#Cc3ccccc3)cc2O1)c1c[nH]cn1,4,1
1858,O=C(C[C@@H]1C[C@@H]2c3cc(NC(=O)Nc4ccccc4)ccc3O[C@@H]2CO1)NCc1ccccc1,2,1
1859,O=c1nc[nH]cc1Cc1ccccc1,1,4
1860,C1=C/C2=C/C3=N/C(=C\C4=N/C(=C\C5=N/C(=C\C1=N2)C=C5)C=C4)C=C3,1,3
1861,O=C(C[C@@H]1CC[C@@H]2[C@H](COCCCN2S(=O)(=O)c2ccccc2)O1)N1CCC(Cc2ccccc2)CC1,1,4
1862,c1ncc2[nH]c(N3CCCCC3)nc2n1,1,2
1863,O=C(Cc1ccccn1)NC[C@@H]1CCNC(=O)c2cc(-c3ccccc3)cnc2O1,2,3
1864,O=C1c2cccc3cccc(c23)N1c1cccc(CN2C(=O)[C@]3(C[C@@H]([SiH2]c4ccccc4)CO3)c3ccccc32)c1,1,1
1865,O=C(/C=C/c1ccccc1)C1CC1,1,4
1866,O=C(C[C@@H]1CC[C@@H]2NC(=O)c3ccccc3OC[C@@H]2O1)NCc1ccccc1,1,1
1867,O=C(C[C@H]1CC[C@@H]2[C@H](COCCCN2S(=O)(=O)c2ccccc2)O1)NCCN1CCCCC1,5,1
1868,O=C(C[C@H]1C[C@H]2c3cc(NC(=O)c4ccc5c(c4)OCO5)ccc3O[C@H]2CO1)NCc1cccnc1,1,2
1869,c1ccc(-c2cno[nH+]2)cc1,1,5
1870,O=C(c1ccccc1)N1c2ccccc2Sc2ccccc21,2,4
1871,C=C1C(=O)O[C@@H]2/C=C(\CO[C@@H]3OCCC[C@H]3OC(=O)Cc3ccccc3)CCC=CCC[C@@H]12,1,1
1872,O=C(C[C@H]1CC[C@@H]2[C@H](COCCCN2C(=O)Nc2ccccc2)O1)NC1Cc2ccccc2C1,3,1
1873,O=S(=O)(c1c[nH]cn1)N1CCCOC[C@@H]2OCCC[C@H]21,2,3
1874,C1CCC2(C1)CCCNC2,1,2
1875,C(=N/NC1=NCCN1)\c1ccco1,1,1
1876,O=C(Cc1cccs1)N1c2ccccc2Sc2ccccc21,1,4
1877,O=C1NC2Oc3ccccc3[C@@H](N1)[C@H]2COC(=O)c1ccccc1,1,2
1878,O=C1/C(=C/c2ccccc2)CSc2ccccc21,1,4
1879,O=C(C[C@H]1CC[C@H](NS(=O)(=O)c2ccccc2)CO1)N1CCC(Cc2ccccc2)CC1,4,3
1880,O=C(NCC[C@@H]1CCCCO1)C1CCC1,3,4
1881,O=S(=O)(NC[C@@H]1CCNS(=O)(=O)c2ccc(C3=CCCC3)cc2O1)c1ccccc1,4,5
1882,O=C(NC[C@H]1CCNS(=O)(=O)c2ccccc2O1)c1cnccn1,10,3
1883,O=C(NC[C@H]1CCNS(=O)(=O)c2ccc(-c3ccccc3)cc2O1)c1cccnc1,3,4
1884,C(=N/c1ccccc1)\c1ccccc1,2,5
1885,S=C1N[C@H]2C[C@@](COCc3ccccc3)(N1)Oc1ccccc12,3,1
1886,O=S(=O)(c1ccccc1)N1CCCOC[C@@H]2OCCC[C@H]21,12,2
1887,c1ccc(-c2cc(-c3cccs3)ccn2)cc1,1,2
1888,O=C(C[C@@H]1C=C[C@@H](NS(=O)(=O)c2ccccc2)CO1)N1CCNCC1,3,1
1889,O=c1[nH]c(=O)c2cccnc2[nH]1,14,5
1890,C(#C[C@@H]1C=CCCO1)c1ccccc1,1,3
1891,O=C(/C=C/c1ccccc1)O[C@@H]1C[C@H]2[C@H](O[C@H]3CCCCO3)OC=C[C@H]2C1,2,1
1892,O=C(NC[C@H]1CCNS(=O)(=O)c2ccc(C#CC3CCCC3)cc2O1)c1cccnc1,1,5
1893,O=C1NCC[C@H](CNS(=O)(=O)c2ccccc2)Oc2ncc(C#CC3CCCC3)cc21,4,1
1894,C(=N/n1cnnc1)\c1ccccn1,1,5
1895,O=C(NC[C@@H]1CCNC(=O)c2cc(C3=CCCC3)cnc2O1)Nc1ccccc1,1,5
1896,O=C(C[C@@H]1CC[C@H](NS(=O)(=O)c2ccccc2)CO1)NCc1ccccc1,2,3
1897,O=C(NC[C@H]1CCNC(=O)c2cccnc2O1)Nc1ccccc1,7,2
1898,O=C(Nn1cnnc1)c1ccccc1,1,3
1899,O=C(CN1CCOCC1)N[C@@H]1CC[C@@H](CCn2cc(C3CC3)nn2)OC1,2,2
1900,O=C(C[C@H]1CC[C@@H](NS(=O)(=O)c2ccccc2)CO1)N1CCC(Cc2ccccc2)CC1,4,5
1901,c1ccc(CSc2c[nH]c3ccccc23)cc1,2,1
1902,O=C1CSC=N1,1,4
1903,O=C(C[C@H]1CC[C@H]2[C@@H](COCCCN2S(=O)(=O)c2ccccc2)O1)N[C@H]1CCN(Cc2ccccc2)C1,5,2
1904,O=S(=O)(NC[C@@H]1CCNS(=O)(=O)c2ccc(-c3ccncc3)cc2O1)c1ccccc1,1,5
1905,c1cc(-c2nnc(Cn3cncn3)[nH]2)ccn1,1,3
1906,O=C(C[C@@H]1CC[C@@H]2[C@H](COCCCN2C(=O)c2ccc3c(c2)OCO3)O1)NCCN1CCCCC1,1,5
1907,O=c1ccc(Oc2ncncn2)n[nH]1,2,4
1908,O=c1nncc(N/N=C/c2ccco2)[nH]1,1,3
1909,O=S(=O)(N[C@@H]1CCNC1)c1cccc2cnccc12,3,5
1910,O=C1c2ccccc2[C@](Cc2ccccc2)(C(=O)NCc2ccccc2)[C@H](c2ccccc2)N1Cc1ccccc1,1,1
1911,c1ccc(C2=NCCN2)cc1,1,3
1912,O=C(C[C@H]1C[C@@H]2c3cc(NC(=O)C4CCOCC4)ccc3O[C@@H]2CO1)NCc1ccccc1,2,3
1913,O=C(Cc1ccncc1)NC[C@H]1CCNS(=O)(=O)c2ccc(C#CC3CCCCC3)cc2O1,1,2
1914,O=c1[nH]ccn(Cc2ccccc2)c1=O,1,4
1915,c1ccc(Nc2c3c(nc4ccccc24)CCC3)cc1,1,4
1916,C(=N/n1cnnc1)\c1ccco1,1,2
1917,O=c1[nH]c(=O)c2c(nc3[nH]ccn32)[nH]1,2,1
1918,O=C(CN1CCOCC1)NCC[C@H]1CC[C@@H](NC(=O)Nc2ccccc2)CO1,4,1
1919,O=C(C[C@H]1C[C@@H]2c3cc(NS(=O)(=O)c4ccccc4)ccc3O[C@@H]2CO1)NCc1ccccc1,5,2
1920,O=C(C[C@H]1C=C[C@@H](NC(=O)CN2CCOCC2)CO1)NC1CCC1,2,3
1921,O=S(=O)(c1ccccc1)N1CCCOC[C@H]2OCCC[C@@H]21,12,5
1922,S=c1[nH]nc(-n2cccn2)[nH]1,1,2
1923,O=C(C[C@H]1C=C[C@H](NC(=O)CN2CCOCC2)CO1)NCCc1ccncc1,2,2
1924,O=C(C[C@H]1CC[C@H]2[C@@H](COCCCN2S(=O)(=O)c2c[nH]cn2)O1)NCc1ccccc1,2,3
1925,O=C1NCC(=O)N2[C@@H]1C[C@@H](C(=O)OCCOc1ccc([C@H]3N4[C@@H](C[C@]35C(=O)Nc3ccccc35)C(=O)O[C@H](c3ccccc3)[C@@H]4c3ccccc3)cc1)[C@H]2c1ccccc1,3,1
1926,O=C1NCC[C@@H](CNS(=O)(=O)c2ccccc2)Oc2ncc(-c3ccccc3)cc21,2,1
1927,O=C(C[C@@H]1C=C[C@H](NC(=O)CN2CCOCC2)CO1)NCc1ccccc1,2,5
1928,O=C1O[C@H](c2ccccc2)[C@H](c2ccccc2)N2[C@H]1[C@@H](C(=O)N1CCc3ccccc3C1)[C@]1(C(=O)Nc3ccc(C#CC4=CCCCC4)cc31)[C@H]2c1ccccc1,1,5
1929,O=C(C[C@H]1O[C@@]2(C[C@@H]1[SiH2]c1ccccc1)C(=O)N(Cc1ccc(N3C(=O)c4cccc5cccc3c45)cc1)c1ccccc12)N1CCc2ccccc2C1,1,3
1930,O=C(C[C@H]1C[C@H]2c3cc(NS(=O)(=O)c4ccccc4)ccc3O[C@H]2CO1)NCc1ccccc1,5,3
1931,O=C1NCC[C@H](CNS(=O)(=O)c2ccccc2)Oc2ncccc21,8,1
1932,O=C(Nc1ccccc1)N[C@@H]1C=C[C@H](CC(=O)N2CCOCC2)OC1,1,4
1933,O=C(OCCOc1ccc([C@@H]2N3[C@H](C[C@@]24C(=O)Nc2ccccc24)C(=O)O[C@@H](c2ccccc2)[C@H]3c2ccccc2)cc1)[C@H]1C[C@H]2C(=O)N[C@@H](Cc3ccccc3)C(=O)N2[C@H]1c1ccccc1,2,3
1934,O=C([C@H]1CCCO1)N1CCN1,1,4
1935,O=C1NC(=S)NC(=O)C1CN1CCOCC1,1,1
1936,c1ncnc(N2CCOCC2)n1,2,4
1937,O=C(C[C@H]1C=C[C@@H](NC(=O)Cc2ccccn2)CO1)NCCCN1CCOCC1,2,4
1938,O=C(NC[C@H]1CCNS(=O)(=O)c2ccc(-c3ccccc3)cc2O1)C1CCOCC1,7,3
1939,O=S(=O)(Nc1ccc2c(c1)[C@@H]1CCOC[C@@H]1O2)c1ccccc1,3,3
1940,O=C(NCCOCCOCCNC(=O)c1ccccc1)c1ccccc1,1,3
1941,O=C(C[C@H]1CC[C@@H]2[C@H](COCCCN2C(=O)Nc2ccccc2)O1)NCc1ccccc1,7,5
1942,c1ccc(-c2cn(CC[C@H]3CCCCO3)nn2)cc1,2,1
1943,O=C(NCc1ccco1)c1cnon1,1,4
1944,O=C(CN1CCOCC1)N[C@H]1CC[C@H](CCNS(=O)(=O)c2ccccc2)OC1,2,1
1945,O=C1NCC[C@H](CNCc2ccc3c(c2)OCO3)OCCCCCOc2ccc(NS(=O)(=O)c3cccs3)cc21,2,5
1946,O=C(C[C@@H]1C[C@H]2c3cc(NS(=O)(=O)c4ccccc4)ccc3O[C@H]2CO1)NCc1ccccc1,5,1
1947,O=C(NC[C@@H]1CCNC(=O)c2cccnc2O1)Nc1ccccc1,8,4
1948,O=C(CN1CCOCC1)N[C@H]1CC[C@H](CCNC(=O)C2CCCCC2)OC1,1,4
1949,O=C(Cc1ccncc1)N[C@@H]1CCCOC1,2,2
1950,O=c1occcc1CN1CCCCC1,1,2
1951,O=C(CN1CCOCC1)NC[C@H]1CCNS(=O)(=O)c2ccc(/C=C/c3ccccc3)cc2O1,1,3
1952,c1ccc(-n2cccc2)cc1,2,2
1953,O=C(C[C@H]1CC[C@H]2[C@@H](COCCCN2S(=O)(=O)c2ccccc2)O1)N1CCNCC1,6,1
1954,O=C(NC[C@H]1CCNS(=O)(=O)c2ccc(-c3cncnc3)cc2O1)C1CCCCC1,2,2
1955,O=C1CCCn2nncc2CO[C@H](CNC(=O)Oc2cccc3ccccc23)CCN1,1,3
1956,c1ccc(Cn2c3ccccc3c3nc4ccccc4nc32)cc1,1,5
1957,O=C1NCC[C@H](CNS(=O)(=O)c2ccccc2)Oc2ncc(-c3ccccc3)cc21,1,1
1958,O=C(COc1ccccc1)N1CCOCC1,1,5
1959,O=C(C[C@H]1C=C[C@H](NC(=O)c2cccnc2)CO1)NCc1ccncn1,2,5
1960,c1ccc(CSCc2nc3ccccc3[nH]2)cc1,1,5
1961,N=C1CCCc2c1[nH]c1ccc(C3CCCCC3)cc21,1,2
1962,O=C(C[C@@H]1CC[C@@H]2[C@H](COCCCN2C(=O)Nc2ccccc2)O1)NCc1ccccc1,6,2
1963,O=C(C[C@@H]1CC[C@H]2[C@@H](COCCCN2S(=O)(=O)c2ccccc2)O1)N1CCNCC1,6,4
1964,O=C(N[C@H]1CCCOC1)C1CCCCC1,1,1
1965,C=C1C=[NH+]N(c2ccccc2)N1,1,3
1966,O=c1cccnn1-c1ccccc1,1,4
1967,O=C1NCC2(CNC2)O1,2,4
1968,O=C(CC1CC1)NC[C@@H]1CCNC(=O)c2cc(C#Cc3ccccc3)cnc2O1,2,4
1969,O=C(NC[C@H]1CCNS(=O)(=O)c2ccc(C#CCC3CCCC3)cc2O1)c1cnccn1,2,1
1970,C(=C/c1ccncc1)\c1ccncc1,1,2
1971,O=C(NCC[C@H]1CC[C@H](NS(=O)(=O)c2ccccc2)CO1)C1CC1,3,1
1972,O=C(C[C@@H]1C=C[C@H](NS(=O)(=O)c2ccccc2)CO1)N1CCNCC1,3,1
1973,O=C(C[C@H]1C=C[C@H](NC(=O)CN2CCOCC2)CO1)NCCc1ccccc1,2,1
1974,O=C(N/N=C/CCCO[C@H]1CCCCO1)c1ccccn1,1,5
1975,c1coc(CN2CCNCC2)c1,1,4
1976,c1ccc(Cn2cccn2)cc1,1,4
1977,O=S(=O)(N[C@H]1CC[C@@H](CCn2ccnn2)OC1)c1ccccc1,2,5
1978,O=C(C[C@@H]1CC[C@@H]2[C@H](COCCCN2C(=O)Nc2ccc3c(c2)OCO3)O1)N1CCN(c2ccccc2)CC1,2,1
1979,O=C(Cc1cccnc1)NC[C@@H]1CCNC(=O)c2cc(C#Cc3ccccc3)cnc2O1,2,3
1980,O=C(CN1CCOCC1)N[C@@H]1CC[C@@H](CCNC(=O)C2CCC2)OC1,1,1
1981,O=C(NCCCCNCc1ccccc1)Nc1ccccc1,4,1
1982,O=S1(=O)NCCCOc2cc(-c3ccccc3)ccc21,26,4
1983,O=c1[nH]c(=O)c2ccccc2[nH]1,4,2
1984,O=C(Cc1ccncc1)Nc1ccc2c(c1)[C@@H]1C[C@@H](CC(=O)N3CCc4ccccc4C3)OC[C@@H]1O2,1,4
1985,O=C(C[C@H]1C=C[C@H](NC(=O)CN2CCOCC2)CO1)NC1CCC1,2,3
1986,O=C(Cn1cccn1)N1CCOCC1,2,4
1987,O=S(=O)(N[C@H]1CCCOC1)c1ccccc1,11,2
1988,O=c1cnc2ccccc2[nH]1,4,5
1989,O=C(CN1CCOCC1)N[C@@H]1CC[C@H](CCNC(=O)C2CCCCC2)OC1,2,3
1990,O=C(Nc1ccccc1)Nc1ccc(Nc2ccccc2)cc1,1,4
1991,O=C1NCCCc2ccc(o2)C(=O)N[C@@H](Cc2ccccc2)Cn2cc(nn2)CNC(=O)[C@@H](Cc2ccccc2)NC(=O)NCCCc2ccc(o2)C(=O)N[C@@H](Cc2ccccc2)Cn2cc(nn2)CNC(=O)[C@@H](Cc2ccccc2)N1,1,3
1992,O=C(c1ccccc1)N1CCNCC1,4,1
1993,C=C1[C@H](O[C@H]2CCCCO2)OC=C[C@H]1CC(=O)OCCc1ccccc1,1,1
1994,O=C(C[C@H]1C=C[C@@H](NC(=O)Nc2ccc3c(c2)OCO3)CO1)NCCCN1CCOCC1,2,2
1995,O=C(C[C@@H]1C[C@H]2c3cc(NC(=O)Nc4ccccc4)ccc3O[C@H]2CO1)NCc1ccccn1,1,1
1996,c1ccc(CCn2ccnn2)cc1,1,2
1997,O=C(N[C@@H]1CCCOC1)C1CCCC1,3,4
1998,O=C(C[C@@H]1CC[C@H]2[C@@H](COCCCN2C(=O)C2CC2)O1)NCc1ccncc1,2,1
1999,O=C(CN1CCOCC1)N[C@H]1CC[C@H](CCNC(=O)C2CCC2)OC1,1,1
2000,O=C1Nc2ccccc2[C@@]12C[C@@H]([SiH2]c1ccccc1)[C@H](CCn1ccnn1)O2,1,4
2001,O=C(CN1CCOCC1)N[C@@H]1CC[C@H](CCNC(=O)C2CCC2)OC1,2,4
2002,N=c1[nH]ncs1,1,3
2003,O=C(NCCCCNC(=O)C1CCOCC1)Nc1ccccc1,1,3
2004,O=c1[nH]c(=O)n(Cc2ccccc2)c2nc[nH]c12,1,2
2005,O=C(C[C@H]1CC[C@H]2[C@@H](COCCCN2S(=O)(=O)c2ccccc2)O1)NCc1ccccc1,6,4
2006,O=C(NC[C@H]1CCNS(=O)(=O)c2ccc(C#Cc3ccncc3)cc2O1)C1CCCCC1,1,5
2007,O=C1CCC=CCC(=O)C[C@@H](CCC2CCCCC2)OC(=O)[C@@H]2CCCCN2C(=O)C(=O)C2CCC[C@@H](CC/C=C/C=C/C=C/CCC1)O2,1,2
2008,O=C(CN1CCOCC1)N[C@@H]1CC[C@@H](CCNS(=O)(=O)c2ccccc2)OC1,2,3
2009,O=C(Nc1ccccc1)N[C@@H]1CCCOC1,2,4
2010,O=C(N[C@H]1CC2O[C@H](C1)n1c3ccccc3c3c4c(c5c6ccccc6n2c5c31)CNC4=O)c1ccccc1,1,4
2011,O=C1O[C@H](c2ccccc2)[C@H](c2ccccc2)N2[C@H]1[C@@H](C(=O)N1CCc3ccccc3C1)[C@]1(C(=O)Nc3ccc(C#Cc4ccccc4)cc31)[C@H]2c1ccccc1,4,4
2012,O=S(=O)(N[C@H]1CC[C@@H](CCn2cc(-c3ccccc3)nn2)OC1)c1ccccc1,3,3
2013,O=C(NC[C@H]1CCNS(=O)(=O)c2ccc(-c3ccccc3)cc2O1)C1CC1,3,4
2014,O=C(Cn1c(=O)[nH]c2ncccc2c1=O)Nc1ccccc1,1,1
2015,O=C(Cc1ccncc1)NCC[C@@H]1CC[C@H](NC(=O)C2CCOCC2)CO1,2,3
2016,c1nocc1CN1CCNCC1,1,5
2017,O=C(NC[C@H]1CCNS(=O)(=O)c2ccc(-c3cccnc3)cc2O1)NC1CCCCC1,2,2
2018,O=C1NCC(=O)N2[C@@H]1CC[C@H]2c1ccccc1,19,4
2019,O=C(C[C@@H]1C=CCCO1)NCCN1CCCC1,4,5
2020,O=C(C[C@H]1C=C[C@H](NS(=O)(=O)c2ccccc2)CO1)NCc1ccncn1,2,3
2021,O=C(N[C@H]1CC[C@@H](CC(=O)N2CCOCC2)OC1)c1ccccn1,1,1
2022,O=C1NCCCCN(C(=O)Cc2cccnc2)CCOc2ccccc21,3,3
2023,O=C(C[C@@H]1CC=CC[C@@H](Cc2ccccc2)C(=O)OCCNC1=O)NCCc1ccccc1,1,3
2024,O=C1O[C@@H](c2ccccc2)[C@@H](c2ccccc2)N2[C@@H]1C[C@@]1(C(=O)Nc3ccc(C#CC4=CCCCC4)cc31)[C@@H]2c1ccccc1,1,1
2025,O=C(NCc1ccccc1)C1N=C(c2ccccc2)O[C@H]1c1ccccc1,1,2
2026,C1=NCCN1,3,1
2027,O=C(C[C@@H]1CC[C@@H]2[C@H](COCCCN2S(=O)(=O)c2ccccc2)O1)NCCN1CCCCC1,7,4
2028,S=c1cccc[nH]1,1,2
2029,O=C(C[C@H]1CC[C@@H](NC(=O)CN2CCOCC2)CO1)NCc1ccccc1,3,4
2030,O=C1C[C@](Sc2ccccc2)(C(=O)NC2CC2)[C@@H](c2ccccc2)N1Cc1ccccc1,1,2
2031,C(/C=C/c1ccccc1)=N/n1cnnn1,1,1
2032,c1ccc(-c2nc(-c3coc4ccccc34)cs2)cc1,1,3
2033,O=C(C[C@@H]1CC[C@H]2[C@@H](COCCCN2C(=O)Nc2ccccc2)O1)NCCCN1CCOCC1,4,3
2034,O=C(C[C@@H]1CC[C@H](NS(=O)(=O)c2c[nH]cn2)CO1)N1CCN(c2ccccc2)CC1,2,5
2035,O=C(NCCN1CCOCC1)C1COC(c2ccccc2)=N1,2,1
2036,O=C1O[C@H](c2ccccc2)[C@H](c2ccccc2)N2[C@H]1[C@@H](C(=O)N1CCc3ccccc3C1)[C@]1(C(=O)Nc3ccc(C#CC4CCCCCC4)cc31)[C@H]2c1ccccc1,1,3
2037,c1ccc(CSc2nc3ccccc3[nH]2)cc1,1,1
2038,O=C(NCC[C@H]1CCCCO1)C1CCC1,4,1
2039,O=C(N[C@H]1CCCOC1)C1CC1,12,1
2040,O=C1N[C@H]2C[C@@](COCc3ccccc3)(N1)Oc1ccccc12,2,5
2041,O=C1CCCn2cc(nn2)CO[C@@H](CNS(=O)(=O)c2cnoc2)CCN1,1,1
2042,O=C(C[C@H]1C=C[C@@H](NS(=O)(=O)c2ccccc2)CO1)N1CCN(c2ccccc2)CC1,2,3
2043,O=C1N[C@@H]2CC[C@H](CC(=O)N3CCc4ccccc4C3)O[C@H]2COc2ccccc21,1,4
2044,O=C1NCCCc2ccc(o2)C(=O)N[C@@H](Cc2ccccc2)Cn2cc(nn2)[C@@H](Cc2ccccc2)N1,1,3
2045,O=S(=O)(NCCCCN(C/C=C/c1ccccc1)C/C=C/c1ccccc1)c1cccc2cnccc12,2,2
2046,O=C1Nc2[nH]c(=O)[nH]c(=O)c2C(=O)/C1=C/NCc1ccccc1,1,1
2047,O=C(C[C@@H]1CC[C@H]2[C@@H](COCCCN2Cc2ccccc2)O1)NCCc1ccncc1,1,5
2048,c1ccc(Oc2nc(-c3ccccc3)ns2)cc1,1,4
2049,O=C(Cc1ccccc1)Nc1nn[nH]n1,1,3
2050,O=C(C[C@H]1C[C@@H]2c3cc(NS(=O)(=O)c4ccccc4)ccc3O[C@@H]2CO1)N1CCOCC1,1,2
2051,O=c1[nH]c(=O)n2n1[C@@H](C1CC1)C=C1CN(CCc3ccccc3)[C@H](CCc3ccccc3)[C@H]12,1,3
2052,c1ccc(-n2ncc3c2ncn2nnnc32)cc1,1,4
2053,C1=C(c2ccccc2)CC(c2ccccc2)=NN=C1c1ccccc1,1,1
2054,c1cc(NCCN2CCOCC2)ncn1,1,5
2055,O=C(C[C@H]1C=C[C@@H](NC(=O)C2CC2)CO1)NCCCN1CCOCC1,2,1
2056,O=S(=O)(c1ccccc1)N1CCOCC1,3,1
2057,O=C1CCC(=O)N1c1ccon1,1,1
2058,O=C(Nc1ccccc1)Nc1ccc2c(c1)OCCN(C(=O)Nc1cnoc1)CCCCNC2=O,7,1
2059,c1ccc(CCn2cc(Cc3ccccc3)nn2)cc1,1,3
2060,c1ccc(Cc2nn[nH]n2)cc1,1,1
2061,c1nnnn1C1CCCCC1,2,5
2062,O=S(=O)(NC[C@@H]1CCNS(=O)(=O)c2ccc(C#CC3CC3)cc2O1)c1ccccc1,1,2
2063,O=C1CCCn2cc(nn2)CO[C@@H](CNC(=O)Nc2ccc(N3CCNCC3)cc2)CCN1,1,3
2064,O=C(C[C@H]1CC[C@H](NC(=O)CN2CCOCC2)CO1)NCCc1ccncc1,2,2
2065,O=C1NCCCc2ccc(o2)C(=O)N[C@@H](Cc2ccccc2)Cn2cc(nn2)CNC(=O)[C@H](Cc2ccccc2)N1,1,4
2066,O=c1nc2[nH]cccc-2o1,1,2
2067,O=C(C[C@H]1C[C@@H]2c3cc(NS(=O)(=O)c4ccccc4)ccc3O[C@@H]2CO1)N1CCNCC1,1,2
2068,O=C(NC1CC1)[C@@H]1c2ccccc2C(=O)N(Cc2ccccc2)[C@H]1c1ccccc1,2,1
2069,O=C(OCCOc1ccc([C@@H]2N3[C@H](C[C@@]24C(=O)Nc2ccccc24)C(=O)O[C@@H](c2ccccc2)[C@H]3c2ccccc2)cc1)[C@H]1C[C@H]2C(=O)NCC(=O)N2[C@H]1c1ccccc1,11,2
2070,O=C1NCCCCN(Cc2cccnc2)CCOc2ccccc21,3,5
2071,O=C(C[C@@H]1CC[C@H]2[C@@H](COCCCN2C(=O)Nc2ccccc2)O1)NCc1ccccc1,7,2
2072,O=S(=O)(NCC[C@@H]1CCCCO1)c1ccccc1,2,4
2073,O=C(C[C@@H]1CC[C@H]2[C@@H](COCCCN2C(=O)c2ccc3c(c2)OCO3)O1)NCCN1CCCCC1,2,3
2074,O=C(C[C@@H]1C=C[C@@H](NC(=O)CN2CCOCC2)CO1)NCc1ccccc1,5,1
2075,O=C1CC(Sc2ccccc2)[C@@H](c2ccccc2)N1Cc1ccccc1,16,5
2076,c1ccc(-c2cc(-c3ccncc3)nc3ccccc23)cc1,1,1
2077,O=C(Nc1cccc2c1O[C@@H](CNS(=O)(=O)c1ccc3ncsc3c1)CCNC2=O)Nc1cccc2ccccc12,1,3
2078,O=S1(=O)NCC[C@H](CNCc2cncnc2)Oc2ccccc21,1,5
2079,O=C(C[C@H]1C[C@@H]2c3cc(NC(=O)NC4CCCC4)ccc3O[C@@H]2CO1)NCc1ccccc1,2,1
2080,O=C(C[C@@H]1CC[C@H](NC(=O)CN2CCOCC2)CO1)NCc1ccccc1,4,3
2081,C(=N/c1ccccc1)\c1cc2ccccc2s1,1,2
2082,O=C(C[C@@H]1CC[C@H]2[C@@H](COCCCN2S(=O)(=O)c2ccccc2)O1)NCc1ccc2c(c1)OCO2,4,5
2083,N=C1c2ccccc2-c2ccccc21,1,3
2084,O=C(C[C@H]1CC[C@@H]2[C@H](COCCCN2S(=O)(=O)c2c[nH]cn2)O1)NC1CCCC1,1,2
2085,O=C1NC(=O)c2c1cc(=O)n1c2NC2(COCc3ccccc3)C[C@H]1c1ccccc1O2,1,3
2086,O=C1NCCCc2ccc(o2)C(=O)N[C@H](Cc2ccccc2)Cn2cc(nn2)[C@@H](Cc2ccccc2)N1,1,1
2087,O=C(NC[C@H]1CCNC(=O)c2cc(-c3ccccc3)cnc2O1)c1ccncc1,1,3
2088,O=C(CN1CCOCC1)NCC[C@@H]1CC[C@@H](NC(=O)c2ccc3c(c2)OCO3)CO1,1,1
2089,O=C(C[C@H]1CC[C@H]2[C@@H](COCCCN2C(=O)Nc2ccc3c(c2)OCO3)O1)N1CCN(c2ccccc2)CC1,1,3
2090,O=C(C[C@@H]1CC[C@H]2[C@@H](COCCCN2Cc2ccccc2)O1)N[C@H]1CCN(Cc2ccccc2)C1,3,4
2091,O=C(NC[C@@H]1CCNS(=O)(=O)c2ccc(C3=CCCCC3)cc2O1)C1CCOCC1,2,1
2092,O=C1C[C@](Sc2ccccc2)(C(=O)NCc2ccccc2)[C@@H](c2ccccc2)N1Cc1ccccc1,1,5
2093,O=C(C[C@H]1CC[C@H]2[C@@H](COCCCN2S(=O)(=O)c2c[nH]cn2)O1)NC1CCCC1,1,2
2094,O=S(=O)(NC[C@@H]1CCNS(=O)(=O)c2ccc(C#Cc3ccncc3)cc2O1)c1ccccc1,3,1
2095,O=C(C[C@@H]1CC[C@@H]2[C@H](COCCCN2S(=O)(=O)c2ccccc2)O1)NCCCN1CCOCC1,5,1
2096,C(=N/c1ccc2ccccc2c1)\Nc1ccc2ccccc2c1,1,3
2097,O=C(C[C@H]1CC[C@@H]2[C@H](COCCCN2C(=O)C2CC2)O1)NCCc1c[nH]cn1,2,2
2098,O=C(C[C@@H]1CC[C@@H]2[C@H](COCCCN2C(=O)c2ccncc2)O1)NC1CCC1,2,4
2099,O=C1CCCn2cc(nn2)CO[C@@H](CNC(=O)c2ccc(N3CCNCC3)cc2)CCN1,1,4
2100,O=C(CCC(=O)N1CCC[C@H]1COC(=O)CCc1ccccc1)NCc1ccccc1,3,2
2101,O=C(NC[C@@H]1CCNS(=O)(=O)c2ccc(C#CC3CCCC3)cc2O1)c1cccnc1,2,5
2102,S=c1[nH]nc(-c2ccccc2)o1,1,2
2103,O=C(C[C@@H]1CC[C@H]2NC(=O)c3cc(NC(=O)Nc4ccccc4)ccc3OC[C@@H]2O1)NCc1ccccc1,1,3
2104,O=C(C[C@H]1C[C@H]2c3cc(NC(=O)Nc4ccccc4)ccc3O[C@H]2CO1)NCc1ccccc1,2,1
2105,O=C(C[C@@H]1CC=CC[C@H](NC(=O)OCC2c3ccccc3-c3ccccc32)C(=O)OC[C@H](Cc2ccccc2)NC1=O)NCCc1ccccc1,1,4
2106,O=C(C[C@H]1CC[C@@H](NC(=O)Cc2ccccn2)CO1)NCCCN1CCOCC1,2,3
2107,O=C(CN1CCOCC1)NC[C@H]1CCNC(=O)c2cccnc2O1,3,3
2108,O=C(CCN1CCCCC1)N[C@@H]1CC[C@H](CCn2ccnn2)OC1,1,2
2109,O=C1NCCCCN(Cc2cccnc2)CCOc2ccc(NC(=O)C3CCOCC3)cc21,3,5
2110,c1cc2c(cc1-c1nn[nH]n1)OCO2,1,5
2111,O=C1NCCCCNCCOc2ccc(NS(=O)(=O)c3c[nH]cn3)cc21,7,2
2112,O=C(C[C@@H]1C=C[C@H](NS(=O)(=O)c2ccccc2)CO1)NCCN1CCCCC1,3,5
2113,O=C(O[C@@H]1Cc2ccccc2O[C@@H]1c1ccccc1-c1ccccc1[C@@H]1CCc2ccccc2O1)c1ccccc1,1,3
2114,O=C(C[C@@H]1CC[C@@H]2[C@H](COCCCN2C(=O)C2CC2)O1)N1CCNCC1,2,4
2115,c1coc(CNc2nc[n+]3c4c2ncn4CC3)c1,1,2
2116,O=C(C[C@H]1CC[C@H]2[C@@H](COCCCN2C(=O)c2ccccc2)O1)N1CCN(c2ccccc2)CC1,2,2
2117,O=C(/C=C/c1ccccc1)Sc1ccccc1,1,5
2118,O=S(=O)(NC[C@H]1CCNS(=O)(=O)c2ccc(C#CC3CC3)cc2O1)c1ccccc1,1,4
2119,O=C(Cc1ccccc1)NC[C@@H]1CCNC(=O)c2cc(C#CC3CCCC3)cnc2O1,1,4
2120,O=C1c2ccccc2C[C@H](c2ccccc2)N1Cc1ccccc1,11,5
2121,C(=N/c1cc(-c2ccccc2)nn1-c1ccccc1)\c1ccccc1,1,1
2122,O=S1(=O)NCC[C@@H](CNCC2CCOCC2)Oc2cc(-c3ccccc3)ccc21,4,3
2123,O=C(NCCn1cc(-c2ccccc2)nn1)[C@H](Cc1ccccc1)NS(=O)(=O)c1ccccc1,2,3
2124,O=C(NCc1csnn1)c1csnn1,1,1
2125,O=C(OCCOc1ccc([C@H]2N3[C@@H](C[C@]24C(=O)Nc2ccccc24)C(=O)O[C@H](c2ccccc2)[C@@H]3c2ccccc2)cc1)[C@H]1C[C@H]2C(=O)N3CCC[C@H]3C(=O)N2[C@H]1c1ccccc1,2,1
2126,O=c1nc[nH]c2ncc(CNc3ccccc3)nc12,1,1
2127,O=C(C[C@@H]1C=C[C@H](NS(=O)(=O)c2ccccc2)CO1)NCc1ccccc1,2,5
2128,O=C(Cc1cccnc1)N[C@@H]1CC[C@H](CCn2ccnn2)OC1,2,3
2129,O=C(CCC(=O)N1CCC[C@@H]1COC(=O)CCc1ccccc1)NCc1ccccc1,2,1
2130,c1ccc(Sc2ccc(-c3ccccn3)s2)cc1,1,5
2131,O=C1NCCCCN(C(=O)Cc2cccnc2)CCOc2cc(NS(=O)(=O)c3ccccc3)ccc21,4,3
2132,O=C(NC1CCCCC1)c1occ(S(=O)(=O)/C=C/c2ccccc2)c1-c1ccccc1,1,5
2133,O=C(Cc1ccccn1)NCC[C@@H]1CC[C@H](NC(=O)CN2CCOCC2)CO1,2,1
2134,O=C(C[C@H]1CC[C@H]2[C@@H](COCCCN2C(=O)C2CCOCC2)O1)N1CCNCC1,1,4
2135,O=C(C[C@@H]1CC=CCCC(=O)OCCNC1=O)NCCc1ccccc1,4,1
2136,O=C(C[C@@H]1O[C@]2(C[C@H]1[SiH2]c1ccccc1)C(=O)N(Cc1cccc(N3C(=O)COc4ccccc43)c1)c1ccccc12)N1CCCC1,1,3
2137,c1cn2c3c(n1)CCCc3c1cc(C3CCCCC3)ccc12,1,1
2138,O=S1(=O)NCC[C@H](CNCc2ccncc2)Oc2cc(C#Cc3ccccc3)ccc21,1,1
2139,O=c1[nH]c2c(c(=S)[nH]1)CCC2,1,3
2140,O=C(NC[C@H]1CCNC(=O)c2cc(C#Cc3ccccc3)cnc2O1)c1ccc2c(c1)OCO2,2,2
2141,O=C(CN1CCOCC1)N[C@@H]1CC[C@H](CCn2cc(C3CCCC3)nn2)OC1,2,1
2142,O=C(C[C@H]1C=C[C@@H](NC(=O)c2cccnc2)CO1)NCCN1CCCCC1,2,5
2143,O=C(Oc1ccc(/C=N/c2cccs2)cc1)c1ccccc1,1,4
2144,c1ccn2ccnc2c1,2,5
2145,O=S1(=O)NCC[C@H](CNCC2CCOCC2)Oc2cc(C#Cc3cccnc3)ccc21,3,2
2146,O=S1(=O)NCCCOc2cc(C#Cc3cccnc3)ccc21,4,3
2147,C1=C(N2CCOCC2)C2CCN1CC2,1,4
2148,O=C(C[C@@H]1CC[C@H]2[C@@H](COCCCN2C(=O)Nc2ccccc2)O1)NC1Cc2ccccc2C1,4,2
2149,O=C(Nc1ccc(CN2C(=O)[C@]3(C[C@@H]([SiH2]c4ccccc4)[C@H](CC(=O)N4CCCC4)O3)c3ccccc32)cc1)c1ccccc1,1,5
2150,O=C1NCCCCN(C(=O)c2ccc3c(c2)OCO3)CCOc2ccccc21,5,3
2151,O=C1O[C@H](c2ccccc2)[C@H](c2ccccc2)N2[C@H]1C[C@]1(C(=O)Nc3ccc(C#CC4=CCCCC4)cc31)[C@H]2c1ccccc1,3,1
2152,O=C(NC[C@@H]1CCNS(=O)(=O)c2ccc(-c3ccccc3)cc2O1)c1ccncc1,2,4
2153,O=C1CN(C(=O)Cc2ccccc2)CCN1,1,3
2154,O=C(NC1=NCCS1)c1cn[nH]c1,1,3
2155,O=C1CCCn2cc(nn2)CO[C@H](CNC(=O)Nc2ccc(N3CCCCC3)cc2)CCN1,1,5
2156,c1cn(Cc2nnc(Cn3ccnc3)[nH]2)cn1,1,2
2157,O=C1CCCn2nncc2CO[C@H](CNC(=O)Nc2ccccc2)CCN1,1,4
2158,O=C(CN1C(=O)CSC1=O)N1CCCC1,1,5
2159,c1cn(CCc2ncncn2)cn1,1,3
2160,O=C(N[C@@H]1CCCOC1)C1CC1,8,1
2161,O=C(C[C@@H]1CC[C@H]2NCCCOC[C@@H]2O1)NCCN1CCCC1,2,1
2162,O=C(CN1CCOCC1)NCC[C@H]1CC[C@H](NS(=O)(=O)c2ccccc2)CO1,7,1
2163,O=C(C[C@@H]1CC[C@@H]2NCCCOC[C@H]2O1)NCc1ccncn1,1,1
2164,O=C(C[C@H]1CC[C@H]2[C@@H](COCCCN2S(=O)(=O)c2ccccc2)O1)N[C@@H]1CCN(Cc2ccccc2)C1,5,4
2165,O=C(c1ccccc1)c1c[nH]c(-c2ccccc2)c1-c1ccccc1,1,3
2166,O=C(Nc1cccc2c1O[C@H](CNS(=O)(=O)c1ccccc1)CCNC2=O)Nc1cccc2ccccc12,3,3
2167,O=C1NCCCCNCCOc2ccccc21,14,4
2168,O=C1OC[C@H](c2ccccc2)N1C(=O)[C@@H]1CON(c2ccccc2)[C@H]1c1ccccc1,1,4
2169,O=C1NCCCCN(Cc2nccs2)CCOc2ccccc21,4,2
2170,O=C1NCC[C@@H](CNS(=O)(=O)c2ccccc2)Oc2ncc(C#Cc3cccnc3)cc21,1,1
2171,c1nc(N2CCCC2)c2cn[nH]c2n1,1,4
2172,O=C1NCC[C@H](CNCc2ccc3c(c2)OCO3)Oc2ncccc21,1,5
2173,c1ccc(Cc2cn[nH]c2)cc1,1,5
2174,N=c1ccc2c[nH]nc2[nH]1,1,1
2175,O=C(C[C@@H]1C=C[C@@H](NC(=O)CN2CCOCC2)CO1)NCCc1ccncc1,2,3
2176,c1ncc(N2CCCCC2)o1,1,1
2177,O=C(C[C@@H]1CC[C@@H]2[C@H](COCCCN2C(=O)Nc2ccccc2)O1)NC1Cc2ccccc2C1,2,5
2178,O=C(C[C@@H]1C=C[C@@H](NS(=O)(=O)c2c[nH]cn2)CO1)Nc1ccccc1,2,4
2179,O=C(NCCCc1ccco1)N[C@H](Cc1ccccc1)Cn1ccnn1,1,4
2180,O=C(C[C@@H]1O[C@]2(C[C@H]1[SiH2]c1ccccc1)C(=O)N(Cc1cccc(N3CCCCC3=O)c1)c1ccccc12)NCc1ccccc1,1,1
2181,O=C(C[C@@H]1C[C@@H]2c3cc(NC(=O)NC4CCCC4)ccc3O[C@@H]2CO1)NCc1ccc(-c2ccccc2)cc1,1,5
2182,O=C(C1CCCCC1)N1CCC(c2ccncc2)CC1,1,4
2183,O=C(NCc1ccccc1)[C@H]1C[C@H]2C(=O)NCC(=O)N2[C@H]1c1ccccc1,2,4
2184,O=C1NCCCCN(Cc2ccccn2)CCOc2ccccc21,8,5
2185,O=C1c2ccccc2C(Cc2ccccc2)[C@H](c2ccccc2)N1C1CCCCC1,4,3
2186,O=C1NCC[C@@H](CNCc2ccc3c(c2)OCO3)OCCCCCOc2ccc(NS(=O)(=O)c3cccs3)cc21,4,3
2187,O=C(C[C@@H]1CC[C@H](NC(=O)Cc2ccccn2)CO1)NCCCN1CCOCC1,2,4
2188,O=C1NCCCc2ccc(o2)C(=O)NCc2cn(nn2)C[C@H](Cc2ccccc2)N1,1,3
2189,O=S1(=O)NCC[C@@H](CNCc2cccnc2)Oc2cc(C#Cc3ccccc3)ccc21,1,1
2190,O=C(NC[C@@H]1CCNS(=O)(=O)c2ccccc2O1)c1cnccn1,7,5
2191,O=C(NN=Cc1ccccc1)c1nnn(-c2cnon2)c1CN1CCCCC1,1,1
2192,O=C(C[C@@H]1CC[C@@H]2[C@H](COCCCN2C(=O)Nc2ccccc2)O1)N1CCOCC1,1,4
2193,O=C(Nc1ccc2c(c1)[C@@H]1C[C@H](CC(=O)N3CCc4ccccc4C3)OC[C@@H]1O2)C1CCOCC1,2,4
2194,c1ccc(-c2ccccn2)cc1,2,1
2195,O=C(C[C@H]1CCCCO1)NCCN1CCCCC1,3,3
2196,O=C(NC[C@H]1CCNS(=O)(=O)c2ccc(C#Cc3ccncc3)cc2O1)c1ccncc1,2,4
2197,O=C(CNS(=O)(=O)c1ccc2[nH]c(=O)[nH]c(=O)c2c1)Nc1ccccc1,1,4
2198,O=C1CCCn2cc(nn2)CO[C@@H](CNC(=O)Nc2cccc3ccccc23)CCN1,1,5
2199,O=C(C[C@@H]1CC=CCCC(=O)OC[C@H](Cc2c[nH]c3ccccc23)NC1=O)NCCc1ccccc1,2,4
2200,O=C(N[C@@H]1C=CCOC1)C1CCOCC1,4,4
2201,c1ccc(Nc2nc3ccccc3s2)cc1,2,2
2202,O=C(C[C@H]1CC=CCC[C@@H](Cc2ccccc2)C(=O)OC[C@H](Cc2c[nH]c3ccccc23)NC1=O)NCc1ccccc1,1,1
2203,O=c1[nH]nc(N2CCOCC2)c(=O)[nH]1,1,1
2204,O=C(Cc1cccnc1)N[C@@H]1C=CCOC1,3,4
2205,O=C(NCCCCNS(=O)(=O)c1ccccc1)c1ccc2c(c1)OCO2,10,5
2206,O=C(Nc1ccccc1-n1cnc2ccccc21)c1ccc(S(=O)(=O)N2CCCC2)cc1,1,1
2207,c1ccc(-c2nnn[nH]2)cc1,2,4
2208,O=C(N/N=C/c1ccncc1)c1cn(-c2cnon2)nn1,1,1
2209,O=C(C[C@@H]1CC[C@H]2[C@@H](COCCCN2S(=O)(=O)c2ccccc2)O1)NCCN1CCCCC1,4,3
2210,O=C(N[C@@H]1CCCOC1)C1CCOCC1,8,3
2211,O=C1CCCn2nncc2CO[C@@H](CNS(=O)(=O)c2ccccc2)CCN1,3,3
2212,O=C(Nc1cnoc1)N1CCCOC[C@H]2OCCC[C@@H]21,2,2
2213,O=C1c2ccccc2C(Cc2ccccc2)[C@H](c2ccccc2)N1Cc1ccccc1,4,3
2214,O=C(NNC(=O)C1CC1)c1ccoc1,1,5
2215,c1ccc2c(c1)nc1n2CCN1,1,2
2216,c1ccc2nc(-c3ccc4c(ccc5ccccc54)n3)ccc2c1,1,4
2217,c1cc(N2CCCCC2)c2nc(-n3cnc4cc(OCC5COC5)ccc43)ccc2c1,1,2
2218,c1nnn[nH]1,2,1
2219,c1coc(Cn2ccnn2)c1,1,4
2220,O=C(CN1CCOCC1)NCC[C@@H]1CC[C@@H](NC(=O)Nc2ccccc2)CO1,4,1
2221,O=C(NC[C@H]1CCNS(=O)(=O)c2ccc(C#Cc3ccccc3)cc2O1)c1ccccn1,4,3
2222,c1ncn(-c2ccon2)n1,1,5
2223,O=C(C[C@H]1CC[C@H](NS(=O)(=O)c2c[nH]cn2)CO1)N1CCN(c2ccccc2)CC1,2,2
2224,O=C(c1ccoc1)N1CCN1,2,2
2225,c1ccc(CSc2cccc(-c3ccccc3)n2)cc1,1,5
2226,O=C(CCN1CCCCC1)NC[C@@H]1CCNC(=O)c2cccnc2O1,1,4
2227,O=C(c1cccc(-n2ccnn2)c1)N1CCC2(CC1)C(=O)NCN2c1ccccc1,1,3
2228,O=C1CCC(=O)N1c1nccs1,1,4
2229,O=c1[nH]c(=O)c2[nH]c(SCCNS(=O)(=O)c3ccccc3)nc2[nH]1,1,2
2230,O=C(C[C@@H]1CC[C@H](NS(=O)(=O)c2ccccc2)CO1)NC1CCC1,1,5
2231,O=C(Nc1ccc2c(c1)OCO2)N1CCCOC[C@@H]2OCCC[C@H]21,3,1
2232,O=c1nc[nH]c2[nH]cnc12,3,4
2233,O=C(C[C@H]1C=C[C@@H](NS(=O)(=O)c2ccccc2)CO1)N1CCNCC1,2,3
2234,O=C(Nc1ccccc1)c1cc(=O)[nH]c(=O)[nH]1,1,3
2235,c1ccc2c3c(ccc2c1)-c1[nH]c2ccccc2c1CC3,1,2
2236,O=c1[nH]/c(=C/c2ccco2)c(=O)[nH]/c1=C\c1ccco1,1,1
2237,O=C(C[C@H]1C=C[C@H](NC(=O)c2ccccc2)CO1)NCCN1CCCC1,1,4
2238,O=C(Cc1cccnc1)NC[C@@H]1CCNS(=O)(=O)c2ccc(C#CC3CCCC3)cc2O1,3,4
2239,O=c1cccn[nH]1,2,4
2240,c1ccc(-c2c[nH]nn2)cc1,2,1
2241,O=C(NC[C@@H]1CCNS(=O)(=O)c2ccc(-c3ccccc3)cc2O1)c1cccnc1,1,1
2242,c1ccc([C@H]2CCCCN2Cc2ccncc2)cc1,1,3
2243,c1nnnn1C1CCSCC1,1,1
2244,c1nc(-c2ccc3c(c2)CCCC3)cs1,1,3
2245,O=C1NCC[C@H](CNS(=O)(=O)c2ccccc2)Oc2ncc(-c3ccncc3)cc21,3,4
2246,O=C(Nc1ccccc1)N[C@H]1C=C[C@@H](CC(=O)N2CCOCC2)OC1,2,4
2247,O=C(C[C@H]1CC[C@@H]2[C@H](COCCCN2C(=O)Nc2ccccc2)O1)NCCCN1CCOCC1,3,3
2248,c1ccc(Sc2ccc3ccccc3c2)cc1,1,1
2249,O=C1CCN1c1cccc(CN2C(=O)[C@]3(C[C@@H]([SiH2]c4ccccc4)[C@H](CCn4cc(Cc5ccccc5)nn4)O3)c3ccccc32)c1,1,1
2250,O=C1CCCn2cc(nn2)COCCCN1,2,2
2251,c1ccc(-n2cncn2)cc1,2,4
2252,O=C(C[C@@H]1C=C[C@H](NC(=O)c2cccnc2)CO1)NCCN1CCCCC1,2,3
2253,O=C(C[C@@H]1C=C[C@H](NC(=O)CN2CCOCC2)CO1)NCCc1ccccc1,2,4
2254,O=C1CCCn2nncc2CO[C@H](CNS(=O)(=O)c2ccccc2)CCN1,2,5
2255,O=C(N[C@H]1C=CCOC1)C1CC1,5,3
2256,O=c1ccnc2ccccn12,2,1
2257,O=C1NC(=O)C(=Cc2ccco2)C(=O)N1,1,5
2258,O=C(Nc1ccccc1)N1CC=Cc2ccccc21,1,2
2259,O=C(CCC(=O)NC[C@H](OC(=O)CCc1ccccc1)c1ccccc1)NCc1ccccc1,4,2
2260,O=C(C[C@@H]1C[C@@H]2c3cc(NC(=O)Cc4ccncc4)ccc3O[C@@H]2CO1)NCc1ccccc1,1,4
2261,O=c1cc1,1,3
2262,O=C(Nc1ccccc1)N[C@H]1CC[C@@H](CC(=O)N2CCNCC2)OC1,1,5
2263,O=S(=O)(N[C@@H]1CC[C@@H](CCn2ccnn2)OC1)c1ccccc1,2,4
2264,O=C(CN1CCOCC1)NCC[C@H]1CC[C@@H](NC(=O)c2ccccc2)CO1,2,5
2265,C1COC(C2CC2)=NN1,2,4
2266,O=C(C1=C[C@H](c2ccsc2)CCO1)N1CCN(Cc2ccc3c(c2)OCO3)CC1,1,5
2267,O=c1[nH]cc(S(=O)(=O)N2CCN(Cc3ccccc3)CC2)c(=O)[nH]1,1,1
2268,O=c1cn[nH]c(Nc2ccccc2)n1,1,1
2269,c1ccc(N2CCCNCC2)nc1,1,5
2270,O=C(NC[C@@H]1CCNS(=O)(=O)c2ccccc2O1)Nc1cnoc1,2,5
2271,O=C(C[C@@H]1CC[C@H]2[C@@H](COCCCN2S(=O)(=O)c2ccccc2)O1)N[C@@H]1CCN(Cc2ccccc2)C1,1,2
2272,O=C(C[C@H]1CC[C@@H]2[C@H](COCCCN2S(=O)(=O)c2ccccc2)O1)NCc1ccc(-c2ccccc2)cc1,1,4
2273,O=C(Cc1ccccn1)N[C@@H]1CC[C@H](CC(=O)N2CCNCC2)OC1,1,5
2274,O=C(C[C@@H]1C=C[C@H](NC(=O)C2CCOCC2)CO1)NCc1ccccc1,1,2
2275,c1coc(-c2nc3ccccc3n2CCC2CCCCC2)c1,1,4
2276,c1ccc(NCc2ccco2)nc1,1,1
2277,O=C(C[C@@H]1CC[C@@H]2[C@H](COCCCN2C(=O)c2ccncc2)O1)NCc1ccc(-c2ccccc2)cc1,2,2
2278,O=C(Cn1cnc2[nH]c(=O)[nH]c(=O)c21)Nc1ccccn1,1,2
2279,O=S(=O)(NCC[C@@H]1CC[C@H](NS(=O)(=O)c2ccccc2)CO1)c1ccccc1,5,3
2280,O=C(C[C@H]1CC[C@@H]2[C@H](COCCCN2Cc2ccc3c(c2)OCO3)O1)N1CCNCC1,2,3
2281,O=C(CN1CCOCC1)N[C@H]1CC[C@@H](CCNC(=O)Nc2ccccc2)OC1,2,1
2282,c1ccc(Cc2cn3cc(-c4ccccc4)nc3s2)cc1,1,3
2283,O=C1O[C@@H](c2ccccc2)[C@@H](c2ccccc2)N2[C@@H](c3ccccc3)[C@]3(C(=O)Nc4ccc(C#CC5CCCCCC5)cc43)[C@@H](C(=O)N3CCN(c4ncccn4)CC3)[C@H]12,2,4
2284,O=C(Cc1ccncc1)NCC[C@H]1CC[C@@H](NC(=O)C2CCOCC2)CO1,2,5
2285,O=C1c2ccccc2[C@](Cc2ccccc2)(C(=O)NCCN2CCOCC2)[C@H](c2ccccc2)N1C1CCCCC1,1,3
2286,O=C(C[C@@H]1CC[C@H](NS(=O)(=O)c2ccccc2)CO1)NCc1ccncn1,2,3
2287,O=C1NCC[C@@H](CNS(=O)(=O)c2ccccc2)Oc2ncccc21,3,3
2288,C=C1NC(=O)CN1c1ccccc1,1,4
2289,O=C1NCC[C@@H](CNS(=O)(=O)c2ccccc2)OCc2ccccc2-c2ccccc21,1,3
2290,O=C(C[C@H]1C[C@@H]2c3cc(NC(=O)NC4CCCC4)ccc3O[C@@H]2CO1)NCc1ccc2c(c1)OCO2,2,2
2291,C=C(C(=O)O[C@@H]1/C=C/[C@H]2OC(=O)C[C@@H]2CCC=CC1)[C@@H]1CCC(=C)[C@@H]2C[C@H](O[C@H]3CCCCO3)C(=C)[C@@H]2C1,1,1
2292,O=C1O[C@@H](c2ccccc2)[C@@H](c2ccccc2)N2[C@@H]1C[C@@]1(C(=O)Nc3ccc(C#CC4CCCCCC4)cc31)[C@@H]2c1ccccc1,4,5
2293,O=C(C[C@H]1CC[C@@H]2[C@H](COCCCN2C(=O)c2ccc3c(c2)OCO3)O1)NC1Cc2ccccc2C1,1,4
2294,c1ccc(-c2cc3n(c2)CCc2ccccc2-3)cc1,1,4
2295,O=C(C[C@H]1C=C[C@@H](NC(=O)c2cccnc2)CO1)NCc1ccncn1,1,4
2296,O=C(NCCCCNS(=O)(=O)c1ccccc1)c1ccccc1,3,1
2297,c1ccc2c(-c3cccc4ccccc34)cccc2c1,2,1
2298,O=c1nc[nH]c2nn(-c3ccccc3)nc12,1,2
2299,O=S1(=O)NCC[C@@H](CNCC2CCOCC2)Oc2cc(C#Cc3cccnc3)ccc21,2,4
2300,O=C1CC(Sc2ccccc2)[C@@H](c2ccccc2)N1C1CCCCC1,2,4
2301,O=C(CCC(=O)N[C@H](COC(=O)CCc1ccccc1)c1ccccc1)NCc1ccccc1,2,3
2302,O=C1CNC[C@@H]2CCCN12,3,4
2303,c1csc(-c2cc[nH]n2)c1,1,2
2304,O=C1NC(=O)c2cnccc21,2,2
2305,O=C(NCCCn1ccnn1)[C@H](Cc1ccccc1)NS(=O)(=O)c1ccccc1,2,3
2306,C1CCN(c2nn[nH]n2)C1,1,1
2307,O=C(CN1CCOCC1)NCC[C@@H]1CC[C@H](NC(=O)Cc2ccccn2)CO1,2,3
2308,O=C1NCCCCN(C(=O)c2ccccc2)CCOc2ccccc21,1,2
2309,O=C1CCN(c2ccccc2)N1,1,3
2310,S=C(Nc1ccccc1)Nc1ccc2c(c1)oc1ccccc12,1,4
2311,O=C1CCCCCCC(=O)OC[C@@H](c2ccccc2)N1,1,4
2312,O=C(NC[C@H]1CCNC(=O)c2cccnc2O1)c1ccc2c(c1)OCO2,1,4
2313,O=C(CN1CCOCC1)N[C@H]1CC[C@H](CCn2cc(C3CC3)nn2)OC1,2,5
2314,O=C(CSc1nnc[nH]1)N1CCOCC1,1,3
2315,O=C(C[C@@H]1C=C[C@@H](NC(=O)Cc2ccccn2)CO1)NCCc1ccncc1,2,1
2316,O=C(N[C@H]1CC[C@H](CC(=O)N2CCOCC2)OC1)c1ccc2c(c1)OCO2,2,1
2317,O=S(=O)(NC[C@H]1CCNS(=O)(=O)c2ccc(-c3ccccc3)cc2O1)c1ccccc1,2,4
2318,O=C(c1ccccc1)C12CN3CN(CN(C3)C1)C2,1,1
2319,O=C1CNC(=S)N1c1ccccc1,1,2
2320,O=C(C[C@@H]1CC[C@H]2[C@@H](COCCCN2S(=O)(=O)c2ccccc2)O1)NCc1ccccc1,10,1
2321,O=C(C[C@@H]1CC[C@@H]2[C@H](COCCCN2Cc2ccccc2)O1)N[C@@H]1CCN(Cc2ccccc2)C1,3,4
2322,O=S(=O)(CCC1CC1)N1CCC1,1,5
2323,O=C(C[C@@H]1C=C[C@H](NC(=O)c2ccncc2)CO1)NCc1ccncn1,2,1
2324,O=c1[nH]cc2nc(N3CCNCC3)[nH]cc1-2,1,2
2325,O=C(Cc1ccccn1)NCC[C@H]1CC[C@@H](NC(=O)CN2CCOCC2)CO1,2,5
2326,O=C(c1ccccn1)N1CCCOC[C@@H]2OCCC[C@H]21,3,4
2327,O=C(Cc1ccncc1)NC[C@H]1CCNC(=O)c2cc(-c3ccccc3)cnc2O1,2,1
2328,c1ccc(-c2ccc(C3CC3)cc2)cc1,1,4
2329,O=C(Cc1ccccn1)N[C@H]1CC[C@@H](CC(=O)N2CCNCC2)OC1,2,4
2330,O=S(=O)(NC[C@@H]1CCNS(=O)(=O)c2ccc(C#Cc3ccccc3)cc2O1)c1c[nH]cn1,3,3
2331,O=C(NC[C@@H]1CCNC(=O)c2ccccc2-c2ccccc2CO1)Nc1ccccc1,2,1
2332,O=C(NCCN1CCOCC1)[C@@H]1c2ccccc2C(=O)N(c2ccccn2)[C@H]1c1ccccc1,1,3
2333,c1ccc2[nH]c(CC[C@H]3C[C@@H](NC[C@@H]4CC[C@H](n5cnc6cncnc65)O4)C3)nc2c1,1,4
2334,O=C1O[C@H]2CCOC[C@@H]2OC(=O)[C@@H](Cc2ccc3ccccc3c2)C/C=C\C[C@@H]1Cc1ccc2ccccc2c1,1,1
2335,O=C(NCCn1ncc2c(=O)n(Cc3ccccc3)cnc21)c1ccc(S(=O)(=O)N2CCOCC2)cc1,1,4
2336,O=C(NC[C@H]1CCNS(=O)(=O)c2ccc(C3=CCCC3)cc2O1)c1cnccn1,2,4
2337,c1ccc(-c2cn(CC[C@H]3CCCCO3)nn2)nc1,1,1
2338,O=C1NCCCCN(C(=O)Cc2ccccn2)CCOc2cc(NC(=O)C3CC3)ccc21,2,3
2339,O=C(C[C@@H]1CC[C@@H](NC(=O)CN2CCOCC2)CO1)NCCc1ccncc1,1,4
2340,O=c1[nH]c(=O)c2c(ncn2CCNCc2ccco2)[nH]1,1,4
2341,O=C(Nc1ccccc1)c1ccoc1,1,2
2342,O=C1O[C@@H](Cc2ccccc2)[C@H]2[C@H]3C(=C[C@@H](C4CC4)n4c(=O)[nH]c(=O)n43)CN2[C@H]1Cc1ccccc1,1,5
2343,c1ccc(CSc2nc3ccccc3s2)cc1,1,2
2344,O=C1NCC[C@@H](CNS(=O)(=O)c2ccccc2)Oc2ncc(C#CC3CCCC3)cc21,3,3
2345,O=C(NCCN1CCOCC1)C1c2ccccc2C(=O)N(Cc2ccccc2)[C@H]1c1ccccc1,1,4
2346,O=S1(=O)NCCO1,1,4
2347,O=c1ccc(=O)n(-c2ccccc2)[nH]1,1,3
2348,O=C1CN(C(=O)C2CC2)CCN1,1,4
2349,O=C(NC[C@H]1CCNS(=O)(=O)c2ccc(-c3cncnc3)cc2O1)NC1CCCC1,2,5
2350,O=C(C[C@@H]1CC[C@@H]2[C@H](COCCCN2C(=O)c2ccccc2)O1)N1CCN(c2ccccc2)CC1,2,3
2351,C(=N/C1CCCCCCCCCCC1)\c1ccco1,1,3
2352,O=C(C[C@H]1CC[C@H]2NC(=O)c3cc(NC(=O)C4CCCC4)ccc3OC[C@@H]2O1)NCCc1ccncc1,1,4
2353,O=C(Cc1ccccn1)N[C@H]1CC[C@H](CC(=O)N2CCNCC2)OC1,1,2
2354,O=C(CCN1CCOCC1)Nc1ccccc1,1,5
2355,O=C(C[C@@H]1CC[C@H](NS(=O)(=O)c2c[nH]cn2)CO1)NCC1CC1,2,1
2356,O=C(C[C@@H]1CC[C@@H](NS(=O)(=O)c2ccccc2)CO1)NCc1ccncn1,2,1
2357,O=C(C[C@H]1CC[C@@H]2[C@H](COCCCN2C(=O)c2ccccn2)O1)NC1CCC1,1,2
2358,C(=N\n1cnnn1)\c1ccccc1,1,2
2359,O=C(C[C@H]1CC[C@@H](NS(=O)(=O)c2ccccc2)CO1)NCc1ccncn1,2,3
2360,c1coc(-c2nc3ccccc3[nH]2)c1,1,5
2361,O=C1CCc2c(ccc3ccccc23)O1,1,4
2362,O=C1NCCCCN(C(=O)C2CCOCC2)CCOc2ccc(NC(=O)C3CC3)cc21,2,4
2363,O=C(c1cncc(C#CC2CCCCC2)c1)N1CCOCC1,1,3
2364,O=C(CN1CCOCC1)NCC[C@H]1CC[C@@H](NS(=O)(=O)c2ccccc2)CO1,7,5
2365,O=C(Cn1ccnn1)N1CCC2(CC1)C(=O)NCN2c1ccccc1,1,4
2366,O=S1(=O)NCC[C@H](CNCc2ccc(Oc3ccccc3)cc2)Oc2cc(-c3ccncc3)ccc21,1,1
2367,O=C(NC[C@@H]1CCNS(=O)(=O)c2ccccc2O1)c1ccncc1,3,3
2368,O=C(C[C@H]1CC[C@@H]2[C@H](COCCCN2S(=O)(=O)c2ccccc2)O1)NCc1ccccc1,5,5
2369,O=C(C[C@H]1C[C@H]2c3cc(NC(=O)C4CCOCC4)ccc3O[C@H]2CO1)NCc1ccc2c(c1)OCO2,1,3
2370,O=C1c2cccc3cccc(c23)N1c1ccc2c(c1)[C@@]1(C[C@@H]([SiH2]c3ccccc3)CO1)C(=O)N2Cc1ccccc1,1,2
2371,O=C(C[C@H]1CC[C@H]2[C@@H](COCCCN2S(=O)(=O)c2ccccc2)O1)NCc1ccc2c(c1)OCO2,4,3
2372,O=C(C[C@H]1C=C[C@@H](NC(=O)CN2CCOCC2)CO1)NCCc1ccccc1,2,5
2373,O=C1NCC[C@@H](CNC(=O)C2CCC2)Oc2ncc(C#Cc3ccccc3)cc21,1,3
2374,c1cnnc(N2CCNCC2)c1,1,4
2375,N=C1NCc2ccccc21,1,5
2376,O=C1NC(=O)C(=Cc2ccccc2)C(=O)N1,2,3
2377,O=C(C[C@H]1CC[C@@H](NS(=O)(=O)c2c[nH]cn2)CO1)NCC1CC1,2,4
2378,c1ccc(C2C3=C(CCCC3)SC3=C2CCCC3)cc1,1,4
2379,O=C(N1CCCCC1)[C@]1(CCS(=O)(=O)c2ccccc2)N=C(c2ccccc2)O[C@@H]1c1ccccc1,1,5
2380,O=C(C[C@@H]1CC[C@H]2[C@@H](COCCCN2S(=O)(=O)c2c[nH]cn2)O1)NCc1ccccc1,2,4
2381,O=C(C[C@@H]1CC=CC[C@@H](NC(=O)OCC2c3ccccc3-c3ccccc32)C(=O)OC[C@@H](Cc2ccccc2)NC1=O)NCCc1ccccc1,1,1
2382,O=C(CCC(=O)NC[C@@H](OC(=O)CCc1ccccc1)c1ccccc1)NCCc1ccccc1,4,5
2383,O=C1NCCCc2ccc(o2)C(=O)N[C@@H](Cc2ccccc2)Cn2cc(nn2)[C@@H](Cc2ccccc2)NC(=O)NCCCc2ccc(o2)C(=O)N[C@@H](Cc2ccccc2)Cn2cc(nn2)[C@@H](Cc2ccccc2)N1,1,4
2384,O=C(C[C@H]1CC[C@@H]2[C@H](COCCCN2C(=O)c2ccccc2)O1)NCCCN1CCOCC1,1,1
2385,O=C(CNS(=O)(=O)c1ccccc1)NCCn1cc(-c2ccccc2)nn1,1,4
2386,O=C(C[C@@H]1CC[C@@H]2[C@H](COCCCN2C(=O)c2ccccc2)O1)NCCCN1CCOCC1,2,2
2387,O=C1CCC[C@@H]2CCCC=C12,1,3
2388,c1ccc(-c2ccc3c(-c4ccccc4)onc3c2)cc1,1,5
2389,O=C(C[C@@H]1C[C@@H]2c3ccccc3O[C@@H]2CO1)NCC1CC1,1,4
2390,O=C(C[C@H]1CC[C@@H]2[C@H](COCCCN2C(=O)c2ccncc2)O1)NCc1ccc(-c2ccccc2)cc1,1,3
2391,O=C1NCC[C@H](CNCc2ccc3c(c2)OCO3)OCCCCCOc2ccc(NS(=O)(=O)c3ccccc3)cc21,2,1
2392,O=C1O[C@H](c2ccccc2)[C@H](c2ccccc2)N2[C@H]1[C@@H](C(=O)N1CCN(c3ncccn3)CC1)[C@]1(C(=O)Nc3ccc(C#CC4=CCCCC4)cc31)[C@H]2c1ccccc1,1,4
2393,O=C(C[C@H]1CC[C@@H]2[C@H](COCCCN2C(=O)Nc2ccccc2)O1)NCCc1c[nH]cn1,2,1
2394,O=C(c1ccccc1)c1coc2c1ccc1ccccc12,1,4
2395,O=C(NC[C@@H]1CCNS(=O)(=O)c2ccc(-c3cncnc3)cc2O1)NC1CCCC1,3,4
2396,O=C(C[C@H]1C=C[C@H](NC(=O)c2ccccc2)CO1)NCc1ccncn1,2,3
2397,O=C(C[C@@H]1C=CCCO1)N1CCCCC1,3,4
2398,O=C(N[C@H]1C=C[C@H](CC(=O)N2CCOCC2)OC1)c1ccc2c(c1)OCO2,1,3
2399,C=c1[nH]/c(=C/c2cccnc2)c(=O)o1,1,3
2400,O=C(C[C@@H]1O[C@]2(C[C@H]1[SiH2]c1ccccc1)C(=O)N(Cc1ccc(N3CCOC3=O)cc1)c1ccccc12)N1CCc2ccccc2C1,1,3
2401,O=C(Nc1ccc(Oc2ccccc2)cc1)C1CCCCC1,1,5
2402,O=C(C[C@H]1C[C@@H]2c3cc(NS(=O)(=O)c4ccccc4)ccc3O[C@@H]2CO1)N1CCCCC1,1,5
2403,O=C(C[C@@H]1CC[C@@H]2[C@H](COCCCN2C(=O)c2ccc3c(c2)OCO3)O1)NC1Cc2ccccc2C1,1,2
2404,O=C(C[C@@H]1CC[C@@H](NS(=O)(=O)c2ccccc2)CO1)NC1CCC1,1,4
2405,O=C(Nc1ccc(CN2C(=O)[C@@]3(CCCO3)c3ccccc32)cc1)c1ccccc1,1,3
2406,O=S(=O)(c1c[nH]cn1)N1CCCOC[C@H]2OCCC[C@@H]21,1,5
2407,C1=Nc2ccccc2CN1c1ccccc1,1,2
2408,O=C1OCCN1c1ccc2c(c1)[C@@]1(C[C@@H]([SiH2]c3ccccc3)[C@H](CCn3cc(Cc4ccccc4)nn3)O1)C(=O)N2,1,2
2409,O=c1[nH]c(=O)c2c(N3CCOCC3)ccnc2[nH]1,1,3
2410,O=C(C[C@H]1CC[C@@H](NC(=O)CN2CCOCC2)CO1)NC1CCC1,2,1
2411,O=C(C[C@@H]1CCCCO1)N1CCNCC1,1,5
2412,O=C(C[C@@H]1C=C[C@H](NS(=O)(=O)c2ccccc2)CO1)N1CCN(c2ccccc2)CC1,2,5
2413,O=S(=O)(NC[C@@H]1CCNS(=O)(=O)c2ccc(-c3ccccc3)cc2O1)c1ccccc1,2,4
2414,c1cc(-c2cnns2)on1,1,5
2415,O=C(N[C@H]1C=CCOC1)c1ccncc1,1,4
2416,O=C(Nc1ccccc1-c1ccccc1)O[C@@H]1[C@@H](OC(=O)Nc2ccccc2-c2ccccc2)COC[C@H]1OC(=O)Nc1ccccc1,1,4
2417,O=C1CSC2=N[C@]3(COCc4ccccc4)C[C@@H](c4ccccc4O3)N12,1,1
2418,O=C(C[C@@H]1CC[C@@H]2NC(=O)c3ccccc3OC[C@H]2O1)NCc1ccccc1,2,4
2419,O=C1NC(=O)[C@@H]2CC[C@H]3/C(=N/OCCCOCc4ccco4)CCC[C@@H]3[C@H]12,1,4
2420,O=C(Nc1ccccc1)N1c2ccccc2CCc2ccccc21,1,5
2421,O=S(=O)(NCC[C@@H]1CC[C@@H](NS(=O)(=O)c2ccccc2)CO1)c1ccccc1,6,2
2422,O=S(=O)(N1CCOCC1)n1nnc2ccccc21,1,4
2423,O=C(C[C@@H]1CC[C@@H]2NCCCOC[C@H]2O1)N1CCOCC1,1,4
2424,c1ccc(-c2cn(CC[C@@H]3CCCCO3)nn2)nc1,1,1
2425,C=C1C=CC(=O)C=C1,1,4
2426,O=C(N1CCOCC1)[C@]1(CCS(=O)(=O)c2ccccc2)N=C(c2ccccc2)O[C@@H]1c1ccccc1,1,2
2427,O=C1NCCCCN(C(=O)CN2CCOCC2)CCOc2cc(NC(=O)C3CC3)ccc21,4,1
2428,c1ccc(-c2nn[nH]n2)cc1,3,4
2429,O=S1(=O)CCCN1c1ccccc1,3,5
2430,O=C1C2CN3CCN(C2)CC1C3,1,2
2431,O=C(C[C@H]1C=C[C@@H](NC(=O)Cc2ccccn2)CO1)NCCc1ccncc1,2,4
2432,O=C(C[C@H]1C=C[C@@H](NC(=O)CN2CCOCC2)CO1)NCc1ccccc1,4,5
2433,O=C1C[C@](Sc2ccccc2)(C(=O)NC2CC2)[C@@H](c2ccccc2)N1C1Cc2ccccc2C1,1,4
2434,O=C(C[C@@H]1CC=CC[C@H](NC(=O)OCC2c3ccccc3-c3ccccc32)C(=O)O[C@H](c2ccccc2)CNC1=O)NCCc1ccccc1,2,3
2435,O=C(C[C@H]1CC[C@@H](NS(=O)(=O)c2ccccc2)CO1)NCc1ccccc1,4,3
2436,O=C(N[C@H]1CC[C@H](CCNS(=O)(=O)c2ccccc2)OC1)C1CC1,2,3
2437,O=C1CCCn2nncc2CO[C@H](CNC(=O)Nc2ccc3c(c2)OCO3)CCN1,1,1
2438,O=C1COc2ccccc2N1c1cccc(CN2C(=O)[C@@]3(CCCO3)c3ccccc32)c1,1,1
2439,O=C(C[C@@H]1CC[C@@H]2[C@H](COCCCN2CC2CCOCC2)O1)N1CCOCC1,1,1
2440,O=C(C[C@H]1CC[C@@]2(O1)C(=O)N(c1ccccc1)c1ccccc12)NCc1ccccc1,1,4
2441,O=C(c1ccco1)c1c[nH]c(=O)[nH]c1=O,1,5
2442,O=C(C[C@@H]1C[C@@H]2c3cc(NS(=O)(=O)c4ccccc4)ccc3O[C@@H]2CO1)NCc1ccccc1,4,3
2443,O=C(C[C@@H]1C=C[C@H](NC(=O)c2cccnc2)CO1)NCc1ccncn1,1,5
2444,O=S(=O)(N[C@H]1CC[C@H](CCn2ccnn2)OC1)c1ccccc1,1,5
2445,O=C(CN1CCOCC1)NC[C@@H]1CCNS(=O)(=O)c2ccc(C#Cc3ccccc3)cc2O1,3,4
2446,O=C1CCC=CC[C@@H](NC(=O)OCC2c3ccccc3-c3ccccc32)C(=O)OCCN1,1,5
2447,O=C(C[C@@H]1CC=CC[C@H](NC(=O)OCC2c3ccccc3-c3ccccc32)C(=O)OC[C@@H](Cc2c[nH]c3ccccc23)NC1=O)NCCc1ccccc1,1,5
2448,O=C(N1CCCCC1)[C@]1(Cc2ccccc2)N=C(c2ccccc2)O[C@@H]1c1ccccc1,1,1
2449,O=S(=O)(NCC[C@H]1CC[C@@H](NS(=O)(=O)c2ccccc2)CO1)c1ccccc1,7,5
2450,O=C1N[C@H]2CC[C@H](CC(=O)N3CCc4ccccc4C3)O[C@H]2COc2ccccc21,1,3
2451,O=C(C[C@H]1C=C[C@H](NS(=O)(=O)c2c[nH]cn2)CO1)N1CCN(c2ccccc2)CC1,1,3
2452,O=C(NC[C@@H]1CCNS(=O)(=O)c2ccc(-c3ccccc3)cc2O1)C1CCC1,4,4
2453,c1ccc(Cc2nc(-c3ccccc3)cs2)cc1,1,1
2454,O=C(C[C@@H]1CC[C@@H]2[C@H](COCCCN2C(=O)C2CC2)O1)NCCc1c[nH]cn1,2,3
2455,c1ccc(Sc2cccc3ccccc23)cc1,1,1
2456,c1ccc(-c2ccsc2)cc1,2,4
2457,O=C(C[C@H]1C=C[C@H](NC(=O)C2CC2)CO1)NCCCN1CCOCC1,2,4
2458,O=c1cnn(-c2ccccc2)c(=O)[nH]1,1,5
2459,O=C(C[C@@H]1CC[C@H]2[C@@H](COCCCN2C(=O)C2CCCC2)O1)N1CCNCC1,2,1
2460,O=C(C[C@H]1C=C[C@@H](NC(=O)Nc2ccccc2)CO1)NCCCN1CCOCC1,1,5
2461,O=C(C[C@H]1CC[C@H]2[C@@H](COCCCN2S(=O)(=O)c2ccccc2)O1)N1CCOCC1,5,1
2462,O=C1OCC[C@H]2C[C@H](O[C@H]3CCCCO3)OC=C12,1,4
2463,O=C(C[C@H]1C=C[C@H](NC(=O)C2CCOCC2)CO1)NCCc1cscn1,1,2
2464,O=C(CCC(=O)NCc1ccccc1)NCCc1c[nH]c2ccccc12,5,3
2465,O=C(C[C@H]1CC[C@H]2[C@@H](COCCCN2C(=O)c2ccccc2)O1)NCCCN1CCOCC1,1,5
2466,C=C1C(=O)OC2CCC3OC(CCC12)CC3=O,1,5
2467,O=C(NC[C@H]1CCNC(=O)c2cccnc2O1)Nc1cnoc1,1,2
2468,O=C(NC1CC1)c1ccc2[nH]nnc2c1,1,4
2469,O=C(NCCN1CCNC1=O)c1ccccc1,2,2
2470,O=C1N(c2ccccc2)C[C@H](Cc2ccccc2)[C@H]2c3ccccc3CCN12,1,1
2471,O=C(C[C@H]1CC[C@H]2[C@@H](COCCCN2S(=O)(=O)c2ccc(Oc3ccccc3)cc2)O1)NCCN1CCCCC1,1,3
2472,c1ccc(-c2ccc3cc[nH]c3c2)cc1,1,5
2473,O=S(=O)(NC[C@@H]1CCNS(=O)(=O)c2ccc(C3=CCCC3)cc2O1)c1c[nH]cn1,2,1
2474,O=C1CCCn2cc(nn2)CO[C@H](CNC(=O)Nc2cccc(Oc3ccccn3)c2)CCN1,1,2
2475,O=C1N(Cc2ccccc2)c2ccccc2[C@@]12C[C@H]([SiH2]c1ccccc1)CO2,1,2
2476,O=C(NCC[C@@H]1CCCCO1)C1CC1,6,5
2477,O=C(Nc1ccccc1-c1ccccc1)O[C@@H]1[C@H](OC(=O)Nc2ccccc2-c2ccccc2)COC[C@H]1OC(=O)c1ccccc1,1,1
2478,O=c1[nH]c2ncccc2c(=O)n1CCN1CCOCC1,1,4
2479,c1ccc2[nH]c(CN3CCCCC3)nc2c1,1,3
2480,O=c1nc[nH]c2csnc12,1,5
2481,O=C(Nc1ccc2c(c1)C(=O)NCCCCNCCO2)c1ccon1,3,4
2482,O=C(Nc1cnc(=O)[nH]c1)c1ccccc1,1,2
2483,O=C1COC2(CNC2)CN1,1,3
2484,O=C(N1CCOCC1)[n+]1ccccc1,1,4
2485,O=C(Nc1cnoc1)N[C@@H]1CCCOC1,2,4
2486,O=C(N[C@@H]1CC[C@@H](CCn2cc(C3CCCC3)nn2)OC1)C1CCOCC1,2,1
2487,O=C(NC[C@H]1CCNS(=O)(=O)c2ccc(C#CC3CCCC3)cc2O1)c1ccccc1,1,2
2488,O=C(CN1CCOCC1)NCC[C@@H]1CC[C@H](NC(=O)Nc2ccccc2)CO1,4,4
2489,O=C(c1ccccc1)c1c[nH+]on1,1,3
2490,O=C(N[C@@H]1CC[C@H](CC(=O)N2CCOCC2)OC1)c1ccc2c(c1)OCO2,2,2
2491,O=C1O[C@@H](c2ccccc2)[C@@H](c2ccccc2)N2[C@@H](c3ccccc3)[C@]3(C(=O)Nc4ccc(C#Cc5ccccc5)cc43)[C@@H](C(=O)N3CCc4ccccc4C3)[C@H]12,2,3
2492,O=C1O[C@@H](c2ccccc2)[C@@H](c2ccccc2)N2[C@@H](c3ccccc3)[C@]3(C(=O)Nc4ccc(C#Cc5ccccc5)cc43)[C@@H](C(=O)N3CCCCCCC3)[C@H]12,2,4
2493,O=C(C[C@@H]1CC=CCC[C@@H](Cc2ccccc2)C(=O)OC[C@@H](Cc2c[nH]c3ccccc23)NC1=O)NCCc1ccccc1,2,5
2494,c1coc(CN2CCCCC2)c1,1,4
2495,O=S(=O)(Cc1ccccc1)Nn1cnnc1,1,3
2496,O=C(NCCCN1CCOCC1)C(=O)NC1CC1,1,3
2497,O=S1(=O)C[C@@H]2NC(=S)N[C@@H]2C1,2,4
2498,c1ccc(NC2CCCCC2)nc1,1,3
2499,O=C(C[C@@H]1CC[C@H]2[C@@H](COCCCN2C(=O)C2CC2)O1)N1CCNCC1,1,4
2500,O=c1ccnc2n1CCS2,1,3
2501,O=C(C[C@@H]1C=C[C@H](NS(=O)(=O)c2c[nH]cn2)CO1)Nc1ccccc1,1,5
2502,O=C(C[C@@H]1C=C[C@H](NS(=O)(=O)c2ccccc2)CO1)N1CCOCC1,1,4
2503,O=C(NC[C@@H]1CCNS(=O)(=O)c2ccccc2O1)Nc1ccccc1,11,1
2504,O=C(N[C@@H]1C=CCOC1)C1CC1,6,2
2505,O=C(CN1CCOCC1)N[C@@H]1CC[C@@H](CCn2cc(C3CCCC3)nn2)OC1,2,5
2506,O=C1[C@@H]2CC[C@H](c3ccccc3)N2C(=O)[C@@H]2CCCN12,4,4
2507,O=S1(=O)NCC[C@H](CNCc2cncnc2)Oc2cc(C3=CCCCC3)ccc21,1,1
2508,O=S(=O)(c1cc[nH]c1)N1CCOCC1,1,4
2509,O=C1NC2C[C@H](N1)c1ccccc1O2,1,5
2510,O=C1CCC=CCCC(=O)OC[C@H](Cc2c[nH]c3ccccc23)N1,1,4
2511,O=C(CN1CCOCC1)N[C@H]1CC[C@@H](CCn2cc(C3CC3)nn2)OC1,1,3
2512,O=C1NCCCc2ccc(o2)C(=O)N[C@H](Cc2ccccc2)Cn2cc(nn2)[C@H](Cc2ccccc2)NC(=O)NCCCc2ccc(o2)C(=O)N[C@H](Cc2ccccc2)Cn2cc(nn2)[C@H](Cc2ccccc2)N1,1,3
2513,O=C(C[C@H]1CC[C@@H](NC(=O)CN2CCOCC2)CO1)NCCc1ccccc1,2,3
2514,O=C(C[C@H]1CC[C@H]2[C@@H](COCCCN2S(=O)(=O)c2c[nH]cn2)O1)N1CCN(c2ccccc2)CC1,2,3
2515,O=C(O[C@@H]1COC[C@@H]2OC(=O)[C@H](Cc3ccccc3)C/C=C/C[C@@H](Cc3ccccc3)C(=O)O[C@H]21)c1ccccc1,1,5
2516,O=C(NC[C@@H]1CCNS(=O)(=O)c2ccc(-c3cncnc3)cc2O1)c1ccc2c(c1)OCO2,3,1
2517,O=C(C[C@H]1CC=CC[C@H](NC(=O)OCC2c3ccccc3-c3ccccc32)C(=O)OC[C@H](Cc2c[nH]c3ccccc23)NC1=O)NCc1ccccc1,1,4
2518,O=C(C[C@@H]1CC[C@H]2[C@@H](COCCCN2C(=O)c2ccncc2)O1)NC1CCC1,2,1
2519,C1CN[C@@H]2CCCO[C@H]2COC1,1,1
2520,O=C1CNC(=S)N1,1,3
2521,O=C1N[C@@H](Cc2ccccc2)C(=O)N2[C@@H]1C[C@@H](C(=O)NCc1ccccc1)[C@H]2c1ccccc1,1,2
2522,c1ccc(Cc2cn(Cc3ccccc3)nn2)cc1,3,4
2523,O=C(C[C@H]1CC[C@H]2[C@@H](COCCCN2S(=O)(=O)c2ccccc2)O1)NCCN1CCCCC1,6,1
2524,O=C(N1CCOCC1)[C@@]1(CCS(=O)(=O)c2ccccc2)COC(c2ccccc2)=N1,1,1
2525,O=C(C1=C[C@H](c2c[nH]c3ccccc23)C[C@H](OCc2ccccc2)O1)N1CCNCC1,1,3
2526,O=C(NC1Oc2ccccc2O1)C1=C(N2CCOCC2)/C(=C/c2ccccc2)CC1,1,1
2527,O=C(Nc1ccccc1)N[C@@H]1CC[C@H](CC(=O)N2CCOCC2)OC1,1,1
2528,O=C1O[C@@H](c2ccccc2)[C@@H](c2ccccc2)N2[C@@H](c3ccccc3)[C@]3(C(=O)Nc4ccc(C#CC5=CCCCC5)cc43)[C@@H](C(=O)N3CCc4ccccc4C3)[C@H]12,2,4
2529,O=C(C[C@H]1CC[C@@H]2[C@H](COCCCN2S(=O)(=O)c2c[nH]cn2)O1)N1CCN(c2ccccc2)CC1,2,5
2530,O=C1O[C@H](c2ccccc2)[C@H](c2ccccc2)N2[C@H]1[C@@H](C(=O)N1CCCCCCC1)[C@]1(C(=O)Nc3ccc(C#CC4CCCCCC4)cc31)[C@H]2c1ccccc1,2,4
2531,O=C1O[C@@H](c2ccccc2)[C@@H](c2ccccc2)N2[C@@H](c3ccccc3)[C@]3(C(=O)Nc4ccccc43)[C@@H](C(=O)NCCc3ccccc3)[C@H]12,4,1
2532,O=C(C[C@@H]1CC[C@@H]2NCCCOC[C@H]2O1)N1CCN(c2ccccc2)CC1,1,3
2533,O=C1NCC[C@@H](CNS(=O)(=O)c2c[nH]cn2)Oc2ncccc21,4,1
2534,O=c1c2ccsc2nc(SCc2nc(-c3ccccc3)no2)n1-c1ccccc1,1,2
2535,O=C(Cc1ccccn1)NC[C@@H]1CCNS(=O)(=O)c2ccc(-c3ccccc3)cc2O1,2,4
2536,O=C(Nc1ccc(CN2C(=O)[C@@]3(C[C@H]([SiH2]c4ccccc4)[C@@H](CC(=O)N4CCc5ccccc5C4)O3)c3ccccc32)cc1)c1ccccc1,1,1
2537,O=C1O[C@H](c2ccccc2)[C@H](c2ccccc2)N2[C@H]1[C@@H](C(=O)Nc1nc3ccccc3s1)[C@]1(C(=O)Nc3ccccc31)[C@H]2c1ccccc1,4,5
2538,O=C1C[C@]2(c3ccccc3)C(=O)N(C3CC3)c3ccccc3[C@H]2N1CC12CC3CC(CC(C3)C1)C2,1,2
2539,O=C(Cc1cccnc1)N[C@@H]1CC[C@@H](CCn2ccnn2)OC1,2,5
2540,O=C(Nc1cc(C(=O)Nc2ccccc2)cc(C(=O)Nc2ccccc2)c1)Nc1cc(C(=O)Nc2ccccc2)cc(C(=O)Nc2ccccc2)c1,1,1
2541,O=C(C[C@H]1CC[C@H](NC(=O)CN2CCOCC2)CO1)NCc1ccccc1,3,1
2542,O=C1Cc2cc(NC(=O)Nc3ccccc3)ccc2O[C@@H](CNS(=O)(=O)c2ccccc2)CCN1,8,5
2543,c1ccc(CNc2ccc3c(ccc4c5ccccc5[nH]c34)n2)cc1,1,3
2544,O=C(c1ccccn1)N1CCN1,2,4
2545,O=C1N[C@@H](Cc2ccccc2)C(=O)N2[C@@H]1CC[C@H]2c1ccccc1,3,3
2546,O=C(Nc1cnoc1)N[C@@H]1C=C[C@H](CC(=O)N2CCNCC2)OC1,1,5
2547,O=C(NC[C@H]1CCNS(=O)(=O)c2ccc(C#CC3CC3)cc2O1)C1CCCCC1,2,5
2548,O=C1c2ccccc2[C@@]2(Cc3ccccc3NC2=O)[C@H](c2ccccc2)N1C1CCCCC1,1,5
2549,O=C(C[C@H]1C=CCCO1)N1CCNCC1,4,5
2550,c1ncc2cnc(N3CCOCC3)nc2n1,1,3
2551,c1ccc2oc(O[C@H]3CCCCO3)nc2c1,1,2
2552,O=c1cn[nH]cn1,5,4
2553,O=C(CCS(=O)(=O)c1ccc2[nH]c(=O)c(=O)[nH]c2c1)NCc1ccccc1,1,1
2554,c1ccc(-c2cccc(-c3cccs3)n2)cc1,1,2
2555,O=C(C[C@@H]1C=CCCO1)NCCN1CCCCC1,2,1
2556,O=C(Cc1ccccn1)N[C@@H]1C=C[C@@H](CC(=O)N2CCNCC2)OC1,1,5
2557,O=c1[nH]c(=O)c2c(ncn2CCCCn2cnc3[nH]c(=O)[nH]c(=O)c32)[nH]1,1,5
2558,C1=NCCCN1,1,2
2559,c1ccc(-c2nc3ccc4ccccc4c3c3c2CCC3)cc1,1,1
2560,O=c1cc(-c2ccccc2)[nH]c(=O)[nH]1,1,1
2561,O=C(Nc1ccc2c(c1)OCCNCCCCNC2=O)c1ccon1,5,4
2562,O=C(COc1ccccc1)NCCn1ncc2c(=O)n(Cc3ccccc3)cnc21,1,3
2563,O=C(C1=C[C@@H](c2csc3ccccc23)C[C@@H](OCc2ccccc2)O1)N1CCN(Cc2ccc3c(c2)OCO3)CC1,1,1
2564,O=C(C[C@H]1C[C@H]2c3cc(NS(=O)(=O)c4ccccc4)ccc3O[C@H]2CO1)NCc1ccccn1,1,1
2565,O=C(C[C@@H]1CC[C@@H]2[C@H](COCCCN2S(=O)(=O)c2ccccc2)O1)N[C@@H]1CCN(Cc2ccccc2)C1,4,4
2566,O=C1c2ccccc2Oc2ccccc2N1c1ccc2c(c1)[C@]1(CCCO1)C(=O)N2Cc1ccccc1,1,1
2567,O=C(NC[C@H]1CCNS(=O)(=O)c2ccc(-c3ccncc3)cc2O1)c1ccccc1,1,4
2568,O=c1[nH]c2ccccc2cc1[I+]c1ccccc1,1,2
2569,O=C(Cc1ccncc1)NCC[C@@H]1CC[C@@H](NC(=O)C2CCOCC2)CO1,2,1
2570,O=C(C[C@H]1CC[C@@H]2NC(=O)c3ccccc3OC[C@@H]2O1)NCCN1CCCCC1,1,5
2571,O=C(CCNc1ccc2c(c1)oc1ccccc12)c1ccco1,1,4
2572,O=C(C[C@@H]1C=C[C@@H](NS(=O)(=O)c2ccccc2)CO1)NCCN1CCCCC1,2,4
2573,O=C(Nc1cnoc1)N1CCCOC[C@@H]2OCCC[C@H]21,1,2
2574,O=C(c1ccccc1)N1Cc2ccccc2[C@H]2OC(c3ccccc3)=NC2C1=O,1,1
2575,C(=C1CCCCC1)c1nc(-c2ccccc2)cs1,1,3
2576,O=C(Nc1cnoc1)N[C@@H]1C=CCOC1,1,5
2577,O=C1O[C@@H](c2ccccc2)[C@@H](c2ccccc2)N2[C@@H](c3ccccc3)[C@]3(C(=O)Nc4ccccc43)[C@@H](C(=O)Nc3nc4ccccc4s3)[C@H]12,4,1
2578,O=C(NC[C@H]1CCNS(=O)(=O)c2ccc(C#CC3CCCC3)cc2O1)Nc1ccccc1,4,3
2579,O=C(NC1CCCCC1)N[C@@H]1CCCOC1,4,3
2580,O=C(NCC[C@H]1CCCCO1)C1CC1,3,1
2581,O=C(C[C@@H]1C=C[C@@H](NC(=O)c2ccc3c(c2)OCO3)CO1)NCc1ccc(Oc2ccccc2)cc1,1,4
2582,O=C(N[C@@H]1C=C[C@@H](CC(=O)N2CCOCC2)OC1)c1ccc2c(c1)OCO2,1,3
2583,O=C(Nc1ccccc1)N[C@H]1CC[C@@H](CC(=O)N2CCOCC2)OC1,1,3
2584,O=C(C[C@H]1C=C[C@@H](NC(=O)c2ccccc2)CO1)NCCN1CCCC1,1,4
2585,O=C(N[C@H]1CC[C@H](CCn2cc(C3CCCC3)nn2)OC1)C1CCOCC1,1,2
2586,O=C1CCC=CCC[C@H](Cc2ccccc2)C(=O)OC[C@@H](Cc2ccccc2)N1,1,3
2587,O=C(NCC[C@H]1CC[C@@H](NS(=O)(=O)c2ccccc2)CO1)C1CC1,2,3
2588,O=S1(=O)NCC[C@H](CNCc2ccccc2)Oc2cc(C#CC3CC3)ccc21,4,3
2589,O=c1ccc2c[nH][nH]c-2c1,1,4
2590,O=C(Nc1ccccc1)N[C@H]1CC[C@H](CC(=O)N2CCOCC2)OC1,1,3
2591,O=C1O[C@@H](c2ccccc2)[C@@H](c2ccccc2)N2[C@@H]1C[C@]1(C(=O)Nc3ccccc31)[C@@H]2c1ccccc1,2,3
2592,O=C(C[C@H]1C=C[C@@H](NS(=O)(=O)c2ccccc2)CO1)NCc1ccccc1,1,5
2593,O=c1[nH]c2ccccc2[nH]1,4,3
2594,O=C(C1=C[C@@H](c2ccc3c(c2)OCO3)CCO1)N1CCN(Cc2ccc3c(c2)OCO3)CC1,1,1
2595,O=C(N=c1nc[nH]cn1)NS(=O)(=O)Nc1cccc2cccnc12,1,2
2596,O=C(OCCOc1ccc([C@H]2N3[C@@H](C[C@]24C(=O)Nc2ccccc24)C(=O)O[C@H](c2ccccc2)[C@@H]3c2ccccc2)cc1)[C@H]1C[C@H]2C(=O)N[C@@H](Cc3ccccc3)C(=O)N2[C@H]1c1ccccc1,1,3
2597,O=C(Nc1ccccc1)N[C@@H]1CC[C@H](CC(=O)N2CCNCC2)OC1,2,2
2598,O=C(C[C@@H]1C=C[C@@H](NC(=O)C2CCOCC2)CO1)NCc1ccccc1,1,1
2599,O=C(NC[C@@H]1CCNS(=O)(=O)c2ccc(C#CC3CCCC3)cc2O1)c1ccccc1,2,3
2600,O=C(C[C@@H]1CC=CC[C@@H](NC(=O)OCC2c3ccccc3-c3ccccc32)C(=O)OC[C@H](Cc2ccccc2)NC1=O)NCCc1ccccc1,1,3
2601,O=C(C[C@H]1CC[C@H](NS(=O)(=O)c2c[nH]cn2)CO1)Nc1ccccc1,2,4
2602,O=c1[nH]cc(S(=O)(=O)N2CCN(c3ccccc3)CC2)c(=O)[nH]1,3,1
2603,O=C(c1ccco1)N1CCCCC1,1,2
2604,O=C(C[C@@H]1CC[C@]2(O1)C(=O)N(c1ccccc1)c1ccccc12)NCc1ccccc1,1,4
2605,O=C(NCc1ccccc1)C1=C[C@@H](c2c[nH]c3ccccc23)C[C@@H](OCc2ccccc2)O1,1,2
2606,O=C(C[C@H]1CC[C@H]2[C@@H](COCCCN2C(=O)c2ccccc2)O1)N1CCOCC1,1,2
2607,O=c1oc2cc3occ(-c4ccccc4)c3cc2c2ccccc12,1,3
2608,O=C(C[C@H]1CC[C@H](NS(=O)(=O)c2ccccc2)CO1)NC1CCC1,1,3
2609,C(CN1CN1)CN1CN1,1,5
2610,O=C(C[C@H]1CC[C@H]2[C@@H](COCCCN2C(=O)C2CC2)O1)NCCc1c[nH]cn1,1,4
2611,O=C(Cn1cccn1)Nc1cccnc1,1,4
2612,O=S1(=O)NCC[C@@H](CNCc2cncnc2)Oc2ccccc21,1,5
2613,O=C(C[C@H]1CC[C@@H]2[C@H](COCCCN2C(=O)C2CCCC2)O1)N1CCNCC1,1,3
2614,O=C(Cc1ccccn1)NC[C@H]1CCNC(=O)c2cc(C#CC3CCCC3)cnc2O1,1,3
2615,O=C(Cc1ccccn1)N[C@@H]1CCCOC1,3,1
2616,O=C(N[C@@H]1CCCOC1)c1ccccc1,4,1
2617,O=C1C2NC(=O)[C@@]3(CC4=CC=CC[C@H]4N13)SS2,1,3
2618,O=C1CCCc2ccccc21,1,3
2619,O=C(Nc1ccccc1)N[C@H]1CCCOC1,1,4
2620,O=C(N[C@H]1CCCOC1)C1CCCC1,2,5
2621,O=C(C[C@H]1CC[C@H]2[C@@H](COCCCN2C(=O)c2ccncc2)O1)NC1CCC1,2,2
2622,O=C1CNC1,1,5
2623,c1cnc2ccnn2c1,4,2
2624,O=C1OCn2cncc21,1,3
2625,O=C(C[C@@H]1CC[C@@H](NC(=O)Cc2ccccn2)CO1)NCCCN1CCOCC1,2,1
2626,c1csc(-c2c[nH]cn2)c1,1,2
2627,O=C(C[C@@H]1C[C@H]2c3cc(NC(=O)c4ccc5c(c4)OCO5)ccc3O[C@H]2CO1)NCc1ccccn1,1,3
2628,S=C1NNCNN1,1,5
2629,O=S(=O)(NCCCN(C/C=C/c1ccccc1)C/C=C/c1ccccc1)c1cccc2cnccc12,1,1
2630,O=C(C[C@H]1C[C@H]2c3cc(NC(=O)c4ccc5c(c4)OCO5)ccc3O[C@H]2CO1)NCCc1ccccc1,1,3
2631,O=c1nc[nH]c2sccc12,2,4
2632,O=c1[nH]c(=O)c2nc(-c3ccccn3)nnc2[nH]1,1,2
2633,O=C(N/C=C/c1ccco1)Sc1ccccc1,1,2
2634,O=C(Cc1ccccn1)NCC[C@@H]1CC[C@@H](NC(=O)CN2CCOCC2)CO1,2,4
2635,O=C1NCCO1,2,5
2636,O=C(N/N=C/c1ccccc1)c1ccccc1,1,4
2637,O=C(Oc1ccc(-c2ccccc2)cc1)c1ccccc1,1,4
2638,C1CNC2(C1)CCNCC2,1,5
2639,O=C(C[C@H]1CC[C@@H](NS(=O)(=O)c2c[nH]cn2)CO1)N1CCN(c2ccccc2)CC1,1,4
2640,O=C(C[C@@H]1CC[C@H](NS(=O)(=O)c2c[nH]cn2)CO1)Nc1ccccc1,1,2
2641,O=C(c1ccc2c(c1)OCO2)N1CCCOC[C@H]2OCCC[C@@H]21,2,4
2642,c1ccc(Cn2nccn2)cc1,1,1
2643,c1cn(Cc2ncncn2)cn1,1,3
2644,O=C(CCC(=O)NCc1ccccc1)NCCOC(=O)CNC(=O)OCC1c2ccccc2-c2ccccc21,2,4
2645,c1ncc2cn[nH]c2n1,3,1
2646,O=C(C[C@H]1CC[C@H](NS(=O)(=O)c2c[nH]cn2)CO1)NCC1CC1,2,4
2647,O=C1O[C@@H](c2ccccc2)[C@@H](c2ccccc2)N2[C@@H]1C[C@@]1(C(=O)Nc3ccccc31)[C@@H]2c1ccc(OCCOC(=O)[C@@H]2C[C@@H]3C(=O)N4CCC[C@H]4C(=O)N3[C@@H]2c2ccccc2)cc1,1,5
2648,O=C(CSc1nc(=O)cc[nH]1)N1CCOCC1,1,1
2649,O=C(NC[C@@H]1CCNS(=O)(=O)c2ccc(C#CC3CC3)cc2O1)c1ccccc1,1,1
2650,c1ccc(-c2nc3ccccc3o2)cc1,2,5
2651,O=c1ccn2cn[nH]c2n1,3,2
2652,O=C(C[C@H]1C=C[C@H](NS(=O)(=O)c2ccccc2)CO1)NCc1ccccc1,2,4
2653,O=C(C[C@@H]1C=C[C@H](NS(=O)(=O)c2c[nH]cn2)CO1)N1CCN(c2ccccc2)CC1,1,3
2654,O=C(CN1CCOCC1)NC[C@@H]1CCNS(=O)(=O)c2ccc(/C=C/c3ccccc3)cc2O1,3,2
2655,O=C(C[C@H]1C=C[C@H](NS(=O)(=O)c2ccccc2)CO1)NC1CCC1,2,3
2656,c1ccc(-c2cccs2)cc1,2,2
2657,O=C(Cc1ccccn1)NC[C@H]1CCNS(=O)(=O)c2ccccc2O1,4,5
2658,O=c1[nH]cc(S(=O)(=O)Nc2ccc3c(c2)OCCO3)c(=O)[nH]1,1,5
2659,O=C1NCCc2ccccc21,2,2
2660,c1ccc(-c2cnc(-c3ccccc3)o2)cc1,3,5
2661,O=S1(=O)NCC[C@@H](CNCc2ccc3c(c2)OCO3)Oc2ccccc21,3,4
2662,O=C1NCCCCN(Cc2ccccc2)CCOc2cc(NS(=O)(=O)c3c[nH]cn3)ccc21,3,3
2663,O=C(c1ccc2c(c1)OCO2)N1CCCOC[C@@H]2OCCC[C@H]21,2,1
2664,N=c1[nH]ccs1,2,5
2665,c1ccc(C2=NO[C@@]34c5ccccc5CCN3CC[C@@H]24)cc1,1,5
2666,c1cnncn1,1,3
2667,O=S(=O)(N[C@@H](Cc1ccccc1)Cc1c[nH]nn1)c1ccccc1,1,4
2668,c1c(C2CCCC2)nnn1CC[C@@H]1CCCCO1,1,3
2669,O=C1O[C@H](c2ccccc2)[C@H](c2ccccc2)N2[C@H]1C[C@]1(C(=O)Nc3ccc(C#CC4CCCCCC4)cc31)[C@H]2c1ccccc1,1,1
2670,O=c1ccn(C2CC2)c(=O)[nH]1,1,4
2671,N=c1ccnc2ccccn12,1,5
2672,O=C(C[C@H]1CC[C@@H]2[C@H](COCCCN2S(=O)(=O)c2c[nH]cn2)O1)NCc1ccccc1,3,4
2673,O=S1(=O)NCC[C@H](CNCC2CC2)Oc2cc(C#Cc3ccccc3)ccc21,2,2
2674,O=C(NC[C@@H]1CCNS(=O)(=O)c2ccc(-c3ccncc3)cc2O1)c1ccccc1,2,1
2675,O=C(C[C@H]1CC[C@@H]2[C@H](COCCCN2C(=O)C2CC2)O1)NCc1ccncc1,1,4
2676,O=c1nc(N2CCNCC2)cn[nH]1,1,1
2677,O=C(Nc1ccc2c(c1)C(=O)NCCCCN(CCc1ccccc1)CCO2)NC1CCCCC1,2,3
2678,c1ccc(-c2cc3ncccn3n2)cc1,1,2
2679,O=C(c1ccccc1)c1cc2ccccc2o1,1,2
2680,C1CN[C@H]2CCCO[C@@H]2COC1,1,5
2681,O=C(Cc1ccncc1)NC[C@@H]1CCNS(=O)(=O)c2ccc(C#Cc3ccccc3)cc2O1,1,2
2682,O=C(N[C@H]1C=C[C@@H](CC(=O)N2CCOCC2)OC1)c1ccccn1,2,3
2683,O=C(C[C@H]1C[C@H]2c3cc(NC(=O)c4ccc5c(c4)OCO5)ccc3O[C@H]2CO1)NCc1ccccn1,1,3
2684,c1nnc2n1CCCCC2,1,1
2685,c1cnc(NC2=NCCN2)nc1,1,4
2686,O=c1cc(N2CCCCC2)[nH]c(=O)[nH]1,1,5
2687,O=C(N[C@H]1CC[C@@H](CCNS(=O)(=O)c2ccccc2)OC1)C1CC1,2,5
2688,c1cc(-c2nn[nH]n2)ccc1OCc1nn[nH]n1,1,1
2689,O=C1NCC[C@H](CNCC2CCOCC2)Oc2ncc(C#CCc3ccccc3)cc21,1,1
2690,c1ccc(-c2nn(-c3ccccc3)c3c2cnc2ccccc23)cc1,1,5
2691,O=C(Cc1ccncc1)NC[C@@H]1CCNS(=O)(=O)c2ccc(C#CC3CC3)cc2O1,2,2
2692,O=C1O[C@H](c2ccccc2)[C@H](c2ccccc2)N2[C@H]1[C@@H](C(=O)N1CCCCCCC1)[C@]1(C(=O)Nc3ccc(C#CC4=CCCCC4)cc31)[C@H]2c1ccccc1,1,2
2693,O=C(OC[C@H]1C2N=C3SCc4ccccc4CN3[C@@H]1c1ccccc1O2)c1ccccc1,1,4
2694,O=C(C[C@@H]1CC[C@@H]2[C@H](COCCCN2C(=O)Nc2ccccc2)O1)NCc1ccncc1,1,4
2695,O=C1O[C@@H](c2ccccc2)[C@@H](c2ccccc2)N2[C@@H](c3ccccc3)[C@]3(C(=O)Nc4ccc(C#CC5=CCCCC5)cc43)[C@@H](C(=O)N3CCCCCCC3)[C@H]12,3,3
2696,O=C(C[C@H]1CC[C@@H]2[C@H](COCCCN2S(=O)(=O)c2ccccc2)O1)NCCN1CCCC1,1,4
2697,O=c1[nH]ccc2ccccc12,2,5
2698,O=C(C[C@@H]1CC[C@H](NC(=O)C2CC2)CO1)NCCCN1CCOCC1,2,2
2699,O=C(C[n+]1ccccc1)N1CCCCC1,2,4
2700,c1ncnc(N2CCCCC2)n1,2,5
2701,O=C(CN1CCOCC1)N[C@H]1CC[C@@H](CCNC(=O)C2CCCCC2)OC1,2,4
2702,O=C(C[C@@H]1CC[C@@H](NS(=O)(=O)c2ccccc2)CO1)N1CCN(c2ccccc2)CC1,2,2
2703,O=S1(=O)NCCCOc2cc(C#Cc3ccccn3)ccc21,1,3
2704,O=c1[nH]c(=O)c2[nH]c(N3CCOCC3)nc2[nH]1,1,5
2705,C=C1C(c2ccccc2)=CCc2ccccc21,1,2
2706,O=S1(=O)NCC[C@@H](CNCc2ccccc2)Oc2cc(C#Cc3ccccn3)ccc21,3,4
2707,c1ccc(Oc2nnc(-c3ccccc3)c3ccccc23)cc1,1,5
2708,C=C1CCC(n2cnc3cncnc32)O1,1,4
2709,O=C(CN1C(=O)CNC1=O)Nc1ccccc1,1,4
2710,O=C(C[C@@H]1C[C@H]2c3cc(NS(=O)(=O)c4ccccc4)ccc3O[C@H]2CO1)NCCc1ccccc1,1,3
2711,O=C(Nc1ccon1)[C@@H]1CCCN1,1,5
2712,O=C(N[C@@H]1C=C[C@@H](CC(=O)N2CCNCC2)OC1)c1ccc2c(c1)OCO2,2,4
2713,C1=C[C@H]2CCC[C@H]2[C@H](O[C@H]2CCCCO2)O1,2,1
2714,O=c1cc2[nH][nH]cc-2c(=O)[nH]1,1,4
2715,O=C(CCC(=O)N[C@H](COC(=O)CCc1ccccc1)Cc1c[nH]c2ccccc12)NCc1ccccc1,2,2
2716,c1n[nH]c2c1CCCC2,1,2
2717,O=C(NC[C@H]1CCNS(=O)(=O)c2ccc(-c3cncnc3)cc2O1)c1ccc2c(c1)OCO2,1,3
2718,C1=NCCN=CC1N1CCOCC1,1,5
2719,O=c1cn[nH]c(=S)[nH]1,1,3
2720,O=C(C[C@H]1C=C[C@H](NC(=O)Cc2ccccn2)CO1)NCCCN1CCOCC1,2,1
2721,O=C(C[C@H]1CC=CCC[C@H](Cc2ccccc2)C(=O)OC[C@@H](Cc2c[nH]c3ccccc23)NC1=O)NCc1ccccc1,1,1
2722,C(=C/c1ccccc1)\C1=Nc2cccc3cccc(c23)N1,1,4
2723,C=c1ccccc1=C1NN=C(CN2CCCC2)O1,1,3
2724,O=C(C[C@H]1CC[C@H](NS(=O)(=O)c2ccccc2)CO1)NCc1ccncn1,2,5
2725,c1ccc(Oc2ccccn2)cc1,1,5
2726,O=C(Cc1cccnc1)NC[C@H]1CCNC(=O)c2cc(C#CCc3ccccc3)cnc2O1,1,4
2727,O=C(CN1CCOCC1)N[C@H]1CC[C@@H](CCn2cc(C3CCCC3)nn2)OC1,2,3
2728,c1cnon1,2,3
2729,O=C1Nc2ccccc2[C@]12C[C@H]([SiH2]c1ccccc1)[C@@H](CCn1cc(Cc3ccccc3)nn1)O2,1,3
2730,O=C1Nc2ccccc2C1=O,1,3
2731,c1nc(N2CCOCC2)nc(N2CCOCC2)n1,1,5
2732,O=C(C[C@@H]1CC[C@H]2NC(=O)c3ccccc3OC[C@@H]2O1)NCc1ccccc1,2,1
2733,O=C(C[C@H]1C[C@@H]2c3cc(NC(=O)Nc4ccccc4)ccc3O[C@@H]2CO1)NCc1ccccn1,1,4
2734,O=C(CCC(=O)N[C@@H](COC(=O)CCc1ccccc1)Cc1c[nH]c2ccccc12)NCc1ccccc1,2,1
2735,O=C(C[C@@H]1C=C[C@@H](NC(=O)Cc2ccccn2)CO1)NCCCN1CCOCC1,2,4
2736,C1=Nc2ccccc2N=C(c2cccs2)C1,1,1
2737,O=C(C[C@@H]1C=C[C@@H](NC(=O)CN2CCOCC2)CO1)NC1CCCCC1,1,5
2738,O=c1cc[nH]c2ccnn12,2,5
2739,O=C(C[C@H]1CC[C@H]2[C@@H](COCCCN2S(=O)(=O)c2c[nH]cn2)O1)NC1CCC1,1,5
2740,O=C(C[C@H]1C=C[C@@H](NS(=O)(=O)c2ccccc2)CO1)NCc1ccncn1,2,3
2741,O=C(Nc1ccc(S(=O)(=O)Nc2ncccn2)cc1)c1cccn(OCc2ccccc2)c1=O,1,1
2742,O=C(NC[C@H]1CCNS(=O)(=O)c2ccc(-c3cncnc3)cc2O1)c1ccccc1,1,4
2743,O=c1nc(NCCN2CCOCC2)cn[nH]1,1,2
2744,c1ccc(CSc2ccccc2)cc1,2,5
2745,O=C(C[C@@H]1CC[C@H]2NC(=O)c3ccccc3OC[C@@H]2O1)NCCN1CCCCC1,1,3
2746,O=c1[nH]cc(S(=O)(=O)c2ccccc2)[nH]1,1,3
2747,C=C1CC[C@H]2C(=C)C[C@H](O[C@H]3CCCCO3)[C@H]3CC(=O)O[C@@H]3[C@@H]12,1,3
2748,O=C1N(Cc2cccc(Nc3ccccc3)c2)c2ccccc2[C@]12CCCO2,1,2
2749,O=C(N[C@@H]1CC[C@H](CCNS(=O)(=O)c2ccccc2)OC1)C1CC1,2,2
2750,c1ccc(-c2nc(C34CC5CC(CC(C5)C3)C4)cs2)cc1,1,3
2751,c1cnn2cnnc2c1,2,3
2752,O=C1OCCc2ccccc21,1,3
2753,O=C(Cc1cccnc1)N[C@H]1CC[C@@H](CCn2ccnn2)OC1,2,4
2754,O=c1[nH]sc(=O)n1Cc1ccccc1,1,4
2755,O=C(Cc1ccncc1)NC[C@@H]1CCNS(=O)(=O)c2ccc(C3=CCCC3)cc2O1,2,2
2756,O=C1NCC(=O)N2[C@@H]1C[C@@H](C(=O)NCc1ccccc1)[C@H]2c1ccccc1,3,5
2757,C=c1[nH]/c(=C\c2ccccc2)c(=O)o1,1,3
2758,O=C1CCCn2nncc2COCCCN1,1,3
2759,O=C(NC1CC1)c1n[nH]c(=O)c2ccccc12,1,1
2760,O=C(Cc1cccnc1)N[C@H]1CC[C@H](CCn2ccnn2)OC1,1,5
2761,O=C(C[C@H]1C=C[C@H](NC(=O)Cc2ccccn2)CO1)NCCc1ccncc1,2,1
2762,c1ccc(-c2coc3ccccc23)cc1,2,4
2763,S=c1[nH]nc(-c2cn[nH]c2)[nH]1,1,4
2764,O=C(C[C@@H]1CC[C@@H]2[C@H](COCCCN2C(=O)c2ccc3c(c2)OCO3)O1)NCCN1CCCC1,2,2
2765,O=C(C[C@@H]1CC=CC[C@H](NC(=O)OCC2c3ccccc3-c3ccccc32)C(=O)OCCNC1=O)NCCc1ccccc1,1,1
2766,O=C(C[C@@H]1C[C@H]2c3cc(NC(=O)c4cccnc4)ccc3O[C@H]2CO1)NCc1ccccc1,2,5
2767,O=c1nc(Nc2ccccc2)cn[nH]1,1,3
2768,c1ccc(CSCc2cscn2)cc1,1,2
2769,c1cncc(-c2cnon2)c1,1,4
2770,S=c1[nH]c2ccccc2[nH]1,2,4
2771,O=C(COC(=O)Cn1cnnn1)Nc1ccccc1,1,1
2772,O=C(Nc1ccccc1)Nc1ccccc1,1,2
2773,O=C(NC[C@H]1CCNS(=O)(=O)c2ccc(C#Cc3ccncc3)cc2O1)C1CCC1,1,2
2774,O=C1O[C@H](c2ccccc2)[C@H](c2ccccc2)N2[C@H]1[C@@H](C(=O)N1CCN(c3ncccn3)CC1)[C@]1(C(=O)Nc3ccccc31)[C@H]2c1ccccc1,1,1
2775,O=C(Nc1ccon1)c1cn[nH]c1,1,4
2776,O=c1/c(=C\c2ccccc2)sc2n1CCN=2,1,3
2777,O=C(NC[C@@H]1CCNS(=O)(=O)c2ccc(-c3ccncc3)cc2O1)c1ccc2c(c1)OCO2,1,3
2778,O=C1N(c2ccccc2)c2ccccc2[C@@]12C[C@@H]([SiH2]c1ccccc1)[C@H](CCn1cc(Cc3ccccc3)nn1)O2,1,3
2779,C1=C[C@@H]2C=CO[C@@H](O[C@H]3CCCCO3)[C@@H]2C1,1,2
2780,O=C1CC(Sc2ccccc2)[C@@H](c2ccccc2)N1C1Cc2ccccc2C1,2,5
2781,O=C(Cc1ccccn1)NCC[C@H]1CC[C@H](NC(=O)CN2CCOCC2)CO1,2,4
2782,N=C1NC(=O)CC(=O)N1,1,3
2783,O=C(C[C@@H]1C=C[C@@H](NS(=O)(=O)c2ccccc2)CO1)N1CCN(c2ccccc2)CC1,2,5
2784,C(=N/c1nnc2nc[nH]n12)\c1ccco1,1,3
2785,O=c1[nH]c(=S)[nH]c2ccccc12,1,5
2786,C(=N/c1ccccc1)\c1ccc(Oc2ccccc2)cc1,1,1
2787,O=C1O[C@H](c2ccccc2)[C@H](c2ccccc2)N2[C@H]1C[C@@]1(C(=O)Nc3ccccc31)[C@H]2c1ccccc1,1,5
2788,c1ccc(COC[C@@]23C[C@@H](c4ccccc4O2)N2Cc4ccccc4CSC2=N3)cc1,1,5
2789,c1[nH]nc2c1CCC2,1,4
2790,O=C1CCC(=O)N1CNc1ccccn1,1,1
2791,c1ccc(-c2nc3ccccc3o2)nc1,1,3
2792,C(=C/c1ccccc1)\C1=Nc2ccccc2NCC1,1,4
2793,O=S(=O)(c1ccccc1)N(c1cccc(-n2ccnn2)c1)S(=O)(=O)c1ccccc1,1,3
2794,O=C(N1CCOCC1)[C@@]1(Cc2ccccc2)N=C(c2ccccc2)O[C@H]1c1ccccc1,1,4
2795,O=C(C[C@H]1O[C@@]2(C[C@@H]1[SiH2]c1ccccc1)C(=O)N(Cc1ccc(N3CCC3=O)cc1)c1ccccc12)NCc1ccccc1,1,1
2796,O=C1O[C@@H](c2ccccc2)[C@@H](c2ccccc2)N2[C@@H](c3ccccc3)[C@]3(C(=O)Nc4ccc(C#CC5CCCCCC5)cc43)[C@@H](C(=O)Nc3nc4ccccc4s3)[C@H]12,1,3
2797,O=C(CNS(=O)(=O)c1cccnc1)NCc1ccccn1,1,3
2798,O=C1NCC[C@@H](CNCc2ccc3c(c2)OCO3)OCCCCCOc2ccc(NS(=O)(=O)c3ccccc3)cc21,1,3
2799,O=C(CSc1nnn[nH]1)Nc1ncccn1,1,4
2800,O=C(C[C@@H]1CC[C@H]2[C@@H](COCCCN2Cc2ccc3c(c2)OCO3)O1)N1CCNCC1,2,5
2801,O=C(C[C@H]1CC[C@@H]2[C@H](COCCCN2C(=O)c2ccncc2)O1)NC1CCC1,1,5
2802,c1ccc(Oc2nnc(-c3cccs3)c3ccccc23)cc1,1,5
2803,c1ccc(Nc2nc(-c3ccccc3)nc3ccccc23)cc1,1,3
2804,O=C1O[C@H](c2ccccc2)[C@H](c2ccccc2)N2[C@H]1[C@@H](C(=O)NCCc1ccccc1)[C@]1(C(=O)Nc3ccc(C#CC4CCCCCC4)cc31)[C@H]2c1ccccc1,1,1
2805,O=C(NCCCn1cc(-c2ccccc2)nn1)[C@H](Cc1ccccc1)NS(=O)(=O)c1ccccc1,2,1
2806,O=C(C[C@@H]1CC[C@H]2[C@@H](COCCCN2C(=O)c2ccccc2)O1)N1CCOCC1,1,4
2807,O=C1CCOC[C@@H]2CCCN12,1,3
2808,O=c1[nH]c(=O)c2sccc2[nH]1,1,4
2809,O=c1c(-c2nn[nH]n2)coc2ccccc12,1,4
2810,O=C(CCC(=O)NC[C@H](OC(=O)CCc1ccccc1)c1ccccc1)NCCc1ccccc1,4,5
2811,O=C1O[C@@H](c2ccccc2)[C@@H](c2ccccc2)N2[C@@H](c3ccccc3)[C@]3(C(=O)Nc4ccc(C#Cc5ccccc5)cc43)[C@@H](C(=O)NCCc3ccccc3)[C@H]12,1,1
2812,c1ccc(Sc2nc3ccccc3s2)cc1,1,3
2813,O=C(C[C@H]1CC[C@H]2[C@@H](COCCCN2S(=O)(=O)c2ccc(Oc3ccccc3)cc2)O1)NC1CCC1,1,2
2814,c1cn2nccc2nn1,1,2
2815,c1ccc2[nH]nnc2c1,1,4
2816,S=C1NCN(Cc2ccncc2)CN1,1,3
2817,O=C(N[C@@H]1CCCOC1)C1CCC1,1,1
2818,O=S1(=O)NCCCOc2cc(C#CCC3CCCC3)ccc21,3,4
2819,c1cc(CNCCN2CCOCC2)ccn1,1,4
2820,O=C(CN1CCOCC1)NCC[C@H]1CC[C@H](NC(=O)c2ccc3c(c2)OCO3)CO1,1,1
2821,O=C1O[C@@H](c2ccccc2)[C@@H](c2ccccc2)N2[C@@H]1C[C@@]1(C(=O)Nc3ccccc31)[C@@H]2c1ccccc1,3,5
2822,O=C(OC[C@@H]1[C@H]2c3ccccc3O[C@]1(COCc1ccccc1)N=C1SCc3ccccc3C(=O)N12)c1ccccc1,1,5
2823,O=C(CN1CCOCC1)N[C@@H]1CC[C@@H](CCNC(=O)C2CCCCC2)OC1,2,4
2824,O=C(C[C@@H]1C=C[C@H](NS(=O)(=O)c2ccccc2)CO1)NCc1ccncn1,1,1
2825,O=S1(=O)COC[C@@H](c2ccccc2)N1,1,2
2826,c1cnoc1,5,1
2827,c1csc(-c2ccc(-c3nccs3)s2)c1,1,3
2828,c1cnc2ncccc2c1,1,2
2829,O=C(C[C@@H]1CC[C@@H](NS(=O)(=O)c2c[nH]cn2)CO1)NCC1CC1,2,1
2830,O=C(CN1CCOCC1)N[C@H]1CC[C@@H](CCNS(=O)(=O)c2ccccc2)OC1,2,4
2831,O=C(N[C@H]1C=C[C@H](CC(=O)N2CCOCC2)OC1)c1ccccn1,2,3
2832,O=C(Cn1ccnn1)N1CCNCC1,1,1
2833,c1ccc2c(c1)[nH]c1ncccc12,1,2
2834,O=C(NCc1ccccc1)[C@@H]1c2ccccc2C(=O)N(CC23CC4CC(CC(C4)C2)C3)[C@H]1c1ccccc1,1,4
2835,O=C(NC[C@H]1CCNC(=O)c2cc(C#CCC3CCCC3)cnc2O1)c1cnccn1,1,3
2836,O=C1CCCn2nncc2CO[C@@H](CNC(=O)Nc2ccc(N3CCCCC3)cc2)CCN1,1,5
2837,O=C(C[C@@H]1CC[C@@H]2[C@H](COCCCN2C(=O)C2CC2)O1)NCc1ccncc1,1,1
2838,O=C(C[C@H]1CC[C@@H]2[C@H](COCCCN2C(=O)Nc2ccccc2)O1)N1CCNCC1,2,3
2839,O=C1C[C@]2(c3ccccc3)C(=O)N(CCN3CCOCC3)c3ccccc3[C@H]2N1C1CCCCC1,1,3
2840,O=C(N[C@@H]1C=C[C@H](CC(=O)N2CCNCC2)OC1)c1ccc2c(c1)OCO2,1,1
2841,O=C(CN1CCOCC1)NCC[C@@H]1CC[C@H](NC(=O)c2ccc3c(c2)OCO3)CO1,1,1
2842,O=C(Nc1cnoc1)N1CCN1,1,4
2843,O=C(CCNS(=O)(=O)c1ccc2[nH]c(=O)[nH]c(=O)c2c1)NC1CCCC1,1,2
2844,O=C(C[C@H]1CC[C@@H](NC(=O)c2cccnc2)CO1)NCCN1CCCCC1,1,5
2845,O=C1C[C@](Sc2ccccc2)(C(=O)NCCc2ccccc2)[C@@H](c2ccccc2)N1,1,3
2846,O=C(CN1C(=O)c2ccccc2C1=O)N1CCNCC1,1,3
2847,S=c1[nH]nnn1-c1ccccc1,1,4
2848,O=C(C[C@H]1CC[C@H](NS(=O)(=O)c2ccccc2)CO1)NCCCN1CCOCC1,2,4
2849,O=C1O[C@H](c2ccccc2)[C@H](c2ccccc2)N2[C@H]1[C@@H](C(=O)N1CCCCCCC1)[C@]1(C(=O)Nc3ccc(C#Cc4ccccc4)cc31)[C@H]2c1ccccc1,1,3
2850,O=C(Cc1cccnc1)NC[C@@H]1CCNS(=O)(=O)c2ccc(-c3cncnc3)cc2O1,1,3
2851,O=C1OCc2cc(-n3cnnn3)ccc21,1,4
2852,S=c1[nH]ccs1,1,3
2853,O=C(CN1CCOCC1)NCC[C@H]1CC[C@@H](NC(=O)Cc2ccccn2)CO1,2,4
2854,O=C1c2ccccc2[C@](Cc2ccccc2)(C(=O)NCc2ccccc2)[C@H](c2ccccc2)N1C1CCCCC1,1,4
2855,O=C(C[C@H]1C[C@H]2c3cc(NS(=O)(=O)c4ccccc4)ccc3O[C@H]2CO1)NC1CCCC1,2,1
2856,O=C(C[C@H]1C=C[C@@H](NS(=O)(=O)c2c[nH]cn2)CO1)Nc1ccccc1,1,5
2857,C=c1nnsc1=C1NC(c2ccon2)=NO1,1,3
2858,c1cnc2n[nH]cc2c1,1,3
2859,O=C1Cc2cc(NC(=O)Nc3cccc4c3CCCC4)ccc2O[C@@H](CNS(=O)(=O)c2ccccc2)CCN1,2,5
2860,c1ccc(OCC2=NCCO2)cc1,1,3
2861,C(=Nc1ccccc1)c1cnon1,1,5
2862,O=C1NC(=O)C(C2C(=O)c3ccccc3C2=O)C(=O)N1,1,1
2863,O=C1N(Cc2ccccc2)c2ccccc2[C@]12C[C@@H]([SiH2]c1ccccc1)CO2,1,5
2864,O=C1C[C@]2(c3ccccc3)C(=O)Nc3ccccc3[C@H]2N1CC1C2CC3CC(C2)CC1C3,1,2
2865,O=C(C[C@H]1CCCCO1)N1CCNCC1,1,5
2866,c1ccc(CSCc2cc3ccccc3o2)cc1,1,3
2867,O=C(N[C@@H]1CC[C@@H](CCNS(=O)(=O)c2ccccc2)OC1)C1CC1,2,5
2868,O=C(CNS(=O)(=O)c1ccc2[nH]c(=O)[nH]c(=O)c2c1)NC1CCCC1,1,3
2869,O=C(C[C@@H]1CC[C@@H]2[C@H](COCCCN2S(=O)(=O)c2ccccc2)O1)NCc1ccncn1,2,3
2870,O=C1NCC[C@H](CNS(=O)(=O)c2c[nH]cn2)Oc2ncccc21,1,3
2871,O=C1C[C@@](C(=O)NCCN2CCOCC2)(c2ccccc2)[C@@H](c2ccccc2)N1,1,3
2872,O=C1c2cccc3cccc(c23)N1c1ccc(CN2C(=O)[C@@]3(C[C@H]([SiH2]c4ccccc4)CO3)c3ccccc32)cc1,1,5
2873,C=C(/C=C\CNS(=O)(=O)c1ccccc1)C[C@H]1CCCN1S(=O)(=O)c1ccccc1,1,4
2874,c1ccc(-c2ccnc(-c3cc(-c4ccccc4)ccn3)c2)cc1,1,1
2875,O=C(C[C@@H]1CC[C@@H](NC(=O)CN2CCOCC2)CO1)NC1CCC1,2,5
2876,O=C(Nc1ccccc1)c1ccnc2ccccc12,1,2
2877,O=C1NCCCCNCCOc2cc(NS(=O)(=O)c3c[nH]cn3)ccc21,4,4
2878,O=C(C[C@H]1CC[C@H]2NC(=O)c3ccccc3OC[C@H]2O1)NCc1ccccc1,1,4
2879,O=C(C[C@H]1CC[C@H]2[C@@H](COCCCN2CC2CCOCC2)O1)N1CCOCC1,1,2
2880,O=C(NC(=O)N1CCOCC1)c1ccc(S(=O)(=O)N2CCOCC2)cc1,1,5
2881,O=S(=O)(Cc1nn[nH]n1)c1ccccc1,1,4
2882,O=C(C[C@H]1C[C@@H]2c3cc(NC(=O)c4ccc5c(c4)OCO5)ccc3O[C@@H]2CO1)NCc1ccc(Oc2ccccc2)cc1,1,5
2883,C=C1CC=CO[C@H]1O[C@H]1CCCCO1,1,3
2884,O=C(Nc1nn[nH]n1)C1CCCCC1,1,4
2885,O=C(C[C@H]1C[C@H]2c3ccccc3O[C@H]2CO1)N1CCOCC1,1,3
2886,C1CC[C@H](OC[C@@H]2CC[C@@H](O[C@H]3CCCCO3)CO2)OC1,1,5
2887,O=c1ccnc[nH]1,1,5
2888,O=C(Nc1ccccc1)Nc1ccc2c(c1)C(=O)NCCCCN(C(=O)Nc1cnoc1)CCO2,2,5
2889,O=C(C[C@H]1CC=CC[C@@H](NC(=O)OCC2c3ccccc3-c3ccccc32)C(=O)O[C@@H](c2ccccc2)CNC1=O)NCc1ccccc1,1,3
2890,O=C(C[C@H]1C=C[C@@H](NS(=O)(=O)c2ccccc2)CO1)N1CCC(Cc2ccccc2)CC1,2,2
2891,O=C(C[C@H]1C[C@@H]2c3cc(NC(=O)c4ccc5c(c4)OCO5)ccc3O[C@@H]2CO1)NCc1ccccn1,1,1
2892,O=C1COCCN1,2,1
2893,O=C(C[C@@H]1CC=CC[C@@H](NC(=O)OCC2c3ccccc3-c3ccccc32)C(=O)OC[C@@H](Cc2c[nH]c3ccccc23)NC1=O)NCCc1ccccc1,1,5
2894,O=C(C[C@H]1CC[C@@H]2[C@H](COCCCN2Cc2ccc(Oc3ccccc3)cc2)O1)N1CCNCC1,1,2
2895,O=C(C[C@H]1C=C[C@H](NC(=O)C2CCOCC2)CO1)NCc1ccccc1,1,5
2896,O=C1CCNc2ccccc2N1,1,1
2897,O=C(C[C@H]1C=CCCO1)NCc1ccccc1,1,3
2898,O=S(=O)(NC[C@@H]1CCNS(=O)(=O)c2ccc(C#CC3CCCC3)cc2O1)c1ccccc1,2,1
2899,O=C(Nc1cccc2cccnc12)[C@H]1[C@@H](c2ccccc2)CC(=O)N1C(=O)OCc1ccccc1,3,2
2900,O=C(C[C@@H]1C=C[C@H](NC(=O)CN2CCOCC2)CO1)NCCc1ccncc1,2,1
2901,O=C1C[C@](Sc2ccccc2)(C(=O)NCCN2CCOCC2)[C@@H](c2ccccc2)N1Cc1ccccc1,1,5
2902,O=c1[nH]cc(NCc2ccccc2)c(=O)[nH]1,1,2
2903,S=c1[nH]ccn1-c1ccccc1,1,4
2904,O=c1[nH]cnc2nn[nH]c12,1,3
2905,O=C(C[C@H]1CC[C@@H](NS(=O)(=O)c2ccccc2)CO1)NCCCN1CCOCC1,2,5
2906,O=C(NCc1ccc[nH]1)c1cc[nH]n1,1,4
2907,c1ccn2ncnc2c1,2,4
2908,O=c1[nH]c2cc(N3CCNCC3)ccc2o1,1,2
2909,O=C1O[C@H](c2ccccc2)[C@H](c2ccccc2)N2[C@H]1C[C@]1(C(=O)Nc3ccccc31)[C@H]2c1ccccc1,1,2
2910,O=c1nncc(NNc2ccccc2)[nH]1,1,3
2911,c1c[nH]c(CN2CCNCC2)c1,1,5
2912,O=C(CN1CCOCC1)N[C@H]1CC[C@H](CCNC(=O)Nc2ccccc2)OC1,1,5
2913,O=C(O[C@@H]1COC[C@@H]2OC(=O)[C@@H](Cc3ccccc3)C/C=C/C[C@H](Cc3ccccc3)C(=O)O[C@H]21)c1ccccc1,1,2
2914,O=C1NCCCOc2ncc(C#CC3CCCC3)cc21,1,5
2915,O=C(N[C@@H]1CC[C@H](CCn2cc(C3CCCC3)nn2)OC1)C1CCOCC1,1,4
2916,c1ccc2[nH+]onc2c1,1,3
2917,O=C(C[C@H]1C=C[C@H](NC(=O)CN2CCOCC2)CO1)NC1CCCCC1,2,1
2918,O=C1NC(=O)/C(=C\c2ccccc2)N1,2,5
2919,O=C1NCCCc2ccc(o2)C(=O)NCc2cn(nn2)C[C@@H](Cc2ccccc2)N1,1,5
2920,O=S1(=O)NCC[C@@H](CNCc2ccc(Oc3ccccc3)cc2)Oc2cc(-c3ccncc3)ccc21,1,4
2921,C(=N\c1ccc(-c2nc3ccccc3s2)cc1)\c1ccc[nH]1,1,5
2922,c1ccc(C2=Nc3cccc4cccc(c34)N2)cc1,1,2
2923,O=S1(=O)NCC[C@@H](CNCc2cncnc2)Oc2cc(C#Cc3ccccc3)ccc21,2,1
2924,O=C(C[C@H]1C=C[C@@H](NC(=O)c2ccccc2)CO1)NCc1ccncn1,2,4
2925,O=C(N[C@@H]1CCN(Cc2ccccc2)C1)c1cc2c(c(-c3cccc(-c4cccnc4)c3)n1)CNC2,1,3
2926,O=C1c2ccccc2[C@@]2(Cc3ccccc3NC2=O)[C@H](c2ccccc2)N1Cc1ccccc1,3,4
2927,O=C(N[C@H]1CCCOC1)c1ccccc1,2,2
2928,O=C(C[C@@H]1C=C[C@@H](NS(=O)(=O)c2ccccc2)CO1)N1CCC(Cc2ccccc2)CC1,2,2
2929,c1ccc(-c2[nH]nc3ccccc23)cc1,1,3
2930,c1ccc(/N=C2\S/C(=N\C3CCCCC3)C3=C2CCCC3)cc1,1,5
2931,c1ccc2c(CSc3nc4ccccc4o3)cccc2c1,1,5
2932,O=C(Nc1ccc2c(c1)C(=O)N[C@H]1CC[C@@H](CC(=O)N3CCOCC3)O[C@@H]1CO2)c1cscn1,1,3
2933,O=C(NCc1ccccc1)[C@@]1(Cc2ccccc2)N=C(c2ccccc2)O[C@H]1c1ccccc1,1,2
2934,c1ccc(/N=c2/[nH]c(-c3ccccc3)cs2)cc1,1,3
2935,O=C(C[C@@H]1CC[C@H]2[C@@H](COCCCN2S(=O)(=O)c2ccccc2)O1)NCCCN1CCOCC1,5,5
2936,O=c1ccc2ccc(O[C@H]3CCCCO3)cc2o1,1,5
2937,O=C(N[C@@H]1C=C[C@H](CC(=O)N2CCOCC2)OC1)c1ccccn1,2,3
2938,O=S(=O)(Nc1ccc(NS(=O)(=O)c2ccccc2)c2ccccc12)c1ccccc1,1,4
2939,O=C(c1ccccc1)c1nncs1,1,1
2940,O=C(Cn1cnc2[nH]c(=O)[nH]c(=O)c21)N1CCN(C(=O)c2ccco2)CC1,1,2
2941,O=C(C[C@H]1C[C@@H]2c3cc(NC(=O)Nc4ccccc4)ccc3O[C@@H]2CO1)NCc1ccc(Oc2ccccc2)cc1,1,1
2942,O=C(C1=C[C@@H](c2c[nH]c3ccccc23)C[C@@H](OCc2ccccc2)O1)N1CCNCC1,1,5
2943,O=C1CCC=CCCC(=O)OC[C@H](Cc2ccccc2)N1,2,1
2944,O=C1c2cccc3cccc(c23)N1c1cccc(CN2C(=O)[C@@]3(C[C@H]([SiH2]c4ccccc4)CO3)c3ccccc32)c1,1,5
2945,O=S1(=O)NCC[C@@H](CNCc2cncnc2)Oc2cc(-c3ccccc3)ccc21,1,3
2946,c1ccc(-c2ccc3c4ccccc4cc-3o2)cc1,1,5
2947,O=C(CCC(=O)N1CCOCC1)Nc1ccnc(N2CCOCC2)c1,1,4
2948,C=C1[N-]O[NH+]=C1CNCc1cno[nH+]1,1,1
2949,O=C1N(c2ccccc2)c2ccccc2[C@]12CC[C@@H](CCn1cc(Cc3ccccc3)nn1)O2,1,5
2950,O=C(C[C@@H]1C[C@H]2c3cc(NC(=O)Cc4ccncc4)ccc3O[C@H]2CO1)NCc1ccc2c(c1)OCO2,1,4
2951,O=c1cc[nH]c(-n2cccn2)n1,1,3
2952,O=C1c2cccc3cccc(c23)N1c1ccc2c(c1)[C@@]1(CCCO1)C(=O)N2,1,4
2953,c1ccc(Nc2ccnc(Nc3ccc(N4CCCCC4)cc3)n2)cc1,1,5
2954,C1=Nc2ncccc2OC1,1,3
2955,O=C(Nc1cccc(CN2C(=O)[C@]3(C[C@@H]([SiH2]c4ccccc4)[C@H](CC(=O)N4CCc5ccccc5C4)O3)c3ccccc32)c1)c1ccccc1,1,5
2956,O=S1(=O)CCOC2(CN1)COC2,1,3
2957,O=C(C[C@@H]1CC[C@@H]2[C@H](COCCCN2S(=O)(=O)c2c[nH]cn2)O1)NCc1ccccc1,2,4
2958,O=C1CCCn2nncc2CO[C@@H](CNCc2cccc3c2OCCCO3)CCN1,1,3
2959,c1nonc1-n1nncc1CN1CCCCC1,1,4
2960,O=C([C@@H]1CCCO1)N1CCN1,1,5
2961,O=C(Nc1cccc2ccccc12)c1ccccc1,1,3
2962,O=C(Nc1ccc2c(c1)OCO2)OC1[C@H](OC(=O)Nc2ccc3c(c2)OCO3)COC[C@H]1OC(=O)Nc1ccc2c(c1)OCO2,1,4
2963,O=C(NCC[C@@H]1CC[C@@H](NS(=O)(=O)c2ccccc2)CO1)C1CC1,3,1
2964,O=C(Nc1ccccc1)c1nnc[nH]1,1,3
2965,O=S1(=O)NCC[C@H](CNCC2CCOCC2)Oc2ccccc21,1,5
2966,O=C(C[C@H]1C[C@H]2c3cc(NC(=O)c4ccc5c(c4)OCO5)ccc3O[C@H]2CO1)NCCN1CCCCC1,1,5
2967,c1ccc2[nH+]cc[nH+]c2c1,1,1
2968,O=C(NCCn1ccnn1)[C@H](Cc1ccccc1)NS(=O)(=O)c1ccccc1,2,3
2969,O=C(Nc1nn[nH]n1)c1c[nH]c2ccccc12,1,5
2970,O=C(CCC(=O)N1CCC[C@@H]1COC(=O)CNC(=O)OCC1c2ccccc2-c2ccccc21)NCCc1ccccc1,1,3
2971,c1ccc2c(c1)O[C@@H]1COCC[C@H]21,4,3
2972,O=C(N[C@@H]1CC[C@@H](CCNS(=O)(=O)c2ccccc2)OC1)c1cnccn1,2,5
2973,O=C1c2cccc3cccc(c23)N1c1ccc2c(c1)[C@@]1(C[C@@H]([SiH2]c3ccccc3)CO1)C(=O)N2,1,2
2974,C=c1ccccc1=C1NN=CS1,1,3
2975,c1ccc2c(CSc3nc4ccccc4s3)cccc2c1,1,1
2976,O=C(NCCc1ccccc1)[C@@H]1c2ccccc2C(=O)N(CC23CC4CC(CC(C4)C2)C3)[C@H]1c1ccccc1,1,3
2977,O=C1NCC[C@@H](CNS(=O)(=O)c2ccccc2)Oc2ncc(C#Cc3ccccc3)cc21,2,4
2978,O=C(NCc1ccccc1)[C@@H]1N(c2ccccc2)C(=O)[C@H]2C[C@@H]3C=C[C@@]21O3,1,3
2979,O=C(NCc1nnc[nH]1)c1ccccc1,1,2
2980,O=C1CCCn2nncc2CO[C@H](CNC(=O)c2ccc(N3CCNCC3)cc2)CCN1,1,2
2981,O=C(C[C@H]1CC[C@@H](NC(=O)C2CC2)CO1)NCCCN1CCOCC1,1,5
2982,O=C(C[C@H]1C[C@H]2c3cc(NS(=O)(=O)c4ccccc4)ccc3O[C@H]2CO1)NC1CCCCC1,2,2
2983,O=c1cnnc2n1CCN2c1ccccc1,2,3
2984,O=c1[nH]cc(S(=O)(=O)NCc2ccccn2)c(=O)[nH]1,1,1
2985,c1ccc([C@@H]2CCc3ccccc32)cc1,1,2
2986,c1ccc2sc(C3(N4CCCC4)CCCCC3)cc2c1,1,2
2987,O=C(C[C@@H]1C[C@H]2c3cc(NS(=O)(=O)c4ccccc4)ccc3O[C@H]2CO1)N1CCCCC1,1,4
2988,O=c1[nH]cnc2ccccc12,3,5
2989,O=C(C[C@H]1CC[C@@H]2[C@H](COCCCN2C(=O)c2ccccc2)O1)N1CCOCC1,2,1
2990,O=C(C[C@H]1CC[C@H]2[C@@H](COCCCN2C(=O)C2CC2)O1)NCc1ccncc1,1,1
2991,c1ccc2[nH+]cccc2c1,1,3
2992,O=C(OC[C@]12O[C@H]1C[C@@H]1C=CO[C@@H](O[C@H]3CCCCO3)[C@@H]12)c1ccccc1,1,4
2993,O=C(C[C@H]1C=C[C@@H](NS(=O)(=O)c2ccccc2)CO1)NC1CCC1,2,5
2994,C(=C1/c2ccccc2-c2nc3ccccc3cc21)\c1ccncc1,1,1
2995,O=C(Cn1c(=O)n(-c2ccccc2)c(=O)n1CC(=O)N1CCOCC1)N1CCOCC1,1,3
2996,O=C(C[C@H]1CC=CCC[C@@H](Cc2ccccc2)C(=O)O[C@H](c2ccccc2)CNC1=O)NCc1ccccc1,1,3
2997,O=C(Cc1ccncc1)NC[C@@H]1CCNS(=O)(=O)c2ccc(-c3cncnc3)cc2O1,2,2
2998,C=C1[C@H](O[C@H]2CCCCO2)OC=C[C@H]1CC(=O)OC[C@H]1O[C@@H](OCCc2ccccc2)CC[C@@H]1OC(=O)C[C@@H]1C=CO[C@@H](O[C@H]2CCCCO2)C1=C,1,4
2999,O=S1(=O)NCC[C@@H](CNCC2CCOCC2)Oc2cc(C#Cc3ccccc3)ccc21,1,2
3000,c1ccc2cc3c(cc2c1)C[NH2+]C3,1,4
3001,c1csc(-c2csc(-c3ccc4c(c3)CCO4)n2)c1,1,1
3002,O=C1Cc2cc(NC(=O)Nc3ccccc3)ccc2O[C@@H](CNS(=O)(=O)c2ccsc2)CCN1,2,4
3003,O=c1cnnc(NCCc2ccccc2)[nH]1,1,5
3004,O=C(NCCN1CCOCC1)[C@@]1(CCS(=O)(=O)c2ccccc2)COC(c2ccccc2)=N1,1,3
3005,S=c1[nH]cn[nH]1,1,4
3006,O=C(C[C@H]1C[C@@H]2c3cc(NS(=O)(=O)c4ccccc4)ccc3O[C@@H]2CO1)NC1CCCCC1,2,3
3007,c1ncc(CN2CCOCC2)s1,1,2
3008,S=C1NCNCN1,1,3
3009,O=C(Nc1cccc(CN2C(=O)[C@]3(C[C@@H]([SiH2]c4ccccc4)[C@H](CC(=O)N4CCCC4)O3)c3ccccc32)c1)c1ccccc1,1,2
3010,S=c1[nH]nc(C2CCCCC2)[nH]1,1,4
3011,O=C(C[C@@H]1CC[C@H]2NC(=O)c3ccccc3OC[C@H]2O1)NCc1ccccc1,1,5
3012,O=C(C[C@@H]1O[C@]2(C[C@H]1[SiH2]c1ccccc1)C(=O)N(Cc1ccc(N3CCC3=O)cc1)c1ccccc12)NCc1ccccc1,1,5
3013,O=C(C[C@@H]1C[C@H]2c3cc(NS(=O)(=O)c4ccccc4)ccc3O[C@H]2CO1)NCC1CC1,2,4
3014,O=S1(=O)NCC[C@@H](CNCc2ccncc2)Oc2cc(C#Cc3ccccc3)ccc21,1,2
3015,O=C(COC(=O)c1cnon1)c1ccccc1,1,4
3016,O=C(C[C@H]1C=C[C@@H](NC(=O)C2CCOCC2)CO1)NCc1ccccc1,1,3
3017,O=C(C[C@H]1C=C[C@H](NC(=O)c2cccnc2)CO1)NCCN1CCCCC1,1,5
3018,O=C(C[C@@H]1CC[C@@H](NC(=O)c2cnccn2)CO1)NCc1ccccc1,2,2
3019,O=C1CCC=CC[C@H](NC(=O)OCC2c3ccccc3-c3ccccc32)C(=O)OCCN1,2,2
3020,O=C(C[C@@H]1CC=CCC[C@@H](Cc2ccccc2)C(=O)OC[C@H](Cc2c[nH]c3ccccc23)NC1=O)NCc1ccccc1,1,4
3021,c1ccc(Oc2cccc(Oc3ccccc3)c2)cc1,1,2
3022,O=C1CC(=O)N(Cc2ccccc2)C(=O)N1,1,5
3023,O=C1CCN1c1ccc2c(c1)[C@]1(C[C@H]([SiH2]c3ccccc3)[C@@H](CCn3ccnn3)O1)C(=O)N2,1,3
3024,O=C(c1ccccc1)N1Cc2ccccc2[C@H]2OC(c3ccccc3)=N[C@@]2(Cc2ccccc2)C1=O,1,3
3025,O=C(C[C@@H]1C=C[C@H](NC(=O)c2ccccc2)CO1)NCCN1CCCC1,1,1
3026,O=C(C[C@@H]1CC=CCCC(=O)OC[C@H]2CCCN2C1=O)NCCc1ccccc1,1,4
3027,O=C(NCc1ccccc1)[C@]1(CCS(=O)(=O)c2ccccc2)N=C(c2ccccc2)O[C@@H]1c1ccccc1,1,2
3028,O=C(C[C@H]1C[C@H]2c3cc(NS(=O)(=O)c4ccccc4)ccc3O[C@H]2CO1)NCC1CC1,1,1
3029,O=C(C[C@H]1C[C@H]2c3cc(NC(=O)c4cccnc4)ccc3O[C@H]2CO1)NCc1ccccc1,1,1
3030,O=C(C[C@H]1O[C@@]2(C[C@@H]1[SiH2]c1ccccc1)C(=O)N(Cc1cccc(N3C(=O)c4cccc5cccc3c45)c1)c1ccccc12)N1CCc2ccccc2C1,1,3
3031,O=C(C[C@@H]1CC[C@H]2NCCCOC[C@@H]2O1)N1CCNCC1,1,2
3032,O=C(O[C@H]1CCC2[C@@H]3CC[C@H]4C5CCC6C[C@@H]7CCCCN7C[C@H]6C5C[C@]24OC31)c1ccccc1,1,3
3033,O=C1NCCCCN(C(=O)Cc2ccccn2)CCOc2ccc(NC(=O)C3CC3)cc21,3,5
3034,O=C(C[C@@H]1CC=CCC[C@H](Cc2ccccc2)C(=O)OC[C@H](Cc2c[nH]c3ccccc23)NC1=O)NCc1ccccc1,1,2
3035,O=C1Nc2ccccc2[C@]12C[C@H]([SiH2]c1ccccc1)CO2,1,1
3036,c1cc2c(cc1-n1cnnn1)OCO2,1,1
3037,O=C(C[C@H]1O[C@@]2(C[C@@H]1[SiH2]c1ccccc1)C(=O)N(Cc1cccc(N3CCC3=O)c1)c1ccccc12)N1CCc2ccccc2C1,1,5
3038,O=c1ccc(=O)[nH][nH]1,1,3
3039,O=C(C[C@@H]1C=C[C@@H](NC(=O)CN2CCOCC2)CO1)NCCc1ccccc1,2,3
3040,O=C(NC[C@H]1CCNS(=O)(=O)c2ccc(C#Cc3cccnc3)cc2O1)Nc1ccc2c(c1)OCO2,1,3
3041,O=C(N[C@H]1CC[C@H](CCNS(=O)(=O)c2ccccc2)OC1)c1cnccn1,1,1
3042,O=C(C[C@H]1CC[C@H]2NC(=O)c3ccccc3OC[C@@H]2O1)NCCN1CCCCC1,1,2
3043,c1ccc(Cn2ccs/c2=N\c2ccccc2)cc1,1,5
3044,O=C1c2ccccc2[C@@]2(Cc3ccccc3N(C3CC3)C2=O)[C@H](c2ccccc2)N1Cc1ccccc1,2,4
3045,O=C(C[C@@H]1CC[C@H]2[C@@H](COCCCN2S(=O)(=O)c2ccccc2)O1)N1CCC(Cc2ccccc2)CC1,2,1
3046,O=C(NC[C@@H]1CCNC(=O)c2cccnc2O1)c1ccc2c(c1)OCO2,1,5
3047,O=C1O[C@H](c2ccccc2)[C@H](c2ccccc2)N2[C@H]1[C@@H](C(=O)NCCc1ccccc1)[C@]1(C(=O)Nc3ccc(C#Cc4ccccc4)cc31)[C@H]2c1ccccc1,1,3
3048,O=C(NC1CCCCC1)N[C@H]1CCCOC1,2,3
3049,c1cc(-n2cnnn2)ccc1-n1cnnn1,1,2
3050,O=C(NC[C@H]1CCNS(=O)(=O)c2ccc(/C=C/c3ccccc3)cc2O1)Nc1ccccc1,1,5
3051,O=C1CCC=CC[C@@H](Cc2ccccc2)C(=O)OC[C@H](Cc2c[nH]c3ccccc23)N1,1,1
3052,O=C(C[C@@H]1CC[C@H](NC(=O)c2cccnc2)CO1)NCCN1CCCCC1,1,4
3053,O=C(c1cc[nH]n1)N1CCOCC1,1,5
3054,O=C(C[C@H]1CC[C@@H](NC(=O)Nc2ccc3c(c2)OCO3)CO1)NCCCN1CCOCC1,2,4
3055,O=C1c2ccccc2-c2c(-c3ccccc3)nc3ccccc3c21,1,5
3056,O=C(C[C@H]1CC[C@@H](NC(=O)CN2CCOCC2)CO1)NCCc1ccncc1,2,4
3057,c1cnc2ncnn2c1,2,5
3058,O=C1CO[C@@H](c2ccccc2)CN1,1,4
3059,c1cc(NC2CCCCC2)ncn1,1,5
3060,O=C1CCCn2nncc2CO[C@H](CNC(=O)Oc2ccc3ccccc3c2)CCN1,1,2
3061,O=C(CCC(=O)N[C@H](COC(=O)CCc1ccccc1)Cc1c[nH]c2ccccc12)NCCc1ccccc1,3,4
3062,C1COCOC1,1,4
3063,S=c1ccc(Cc2ccccc2)c[nH]1,1,2
3064,O=C1CC(=O)NC(=S)N1,1,3
3065,O=c1ccn(Cc2ccccc2)c2sc(-c3ccccc3)c(CNCc3ccccc3)c12,1,1
3066,O=C(C[C@H]1C=C[C@@H](NC(=O)C2CCC2)CO1)NCCCN1CCOCC1,1,1
3067,O=C(C[C@H]1C[C@H]2c3cc(NC(=O)C4CCOCC4)ccc3O[C@H]2CO1)NCc1ccccc1,1,3
3068,O=C1OCCN/C1=C/C(=O)c1ccccc1,1,2
3069,N=C1C(=O)NN(c2ccccc2)C1=O,1,5
3070,C(=N\C12CN3CN(CN(C3)C1)C2)\c1cccnc1,1,4
3071,O=C(C[C@H]1CC[C@@H]2[C@H](COCCCN2C(=O)Nc2ccccc2)O1)N1CCOCC1,1,2
3072,O=C(CN1CCOCC1)N[C@H]1CC[C@@H](CCNC(=O)C2CCC2)OC1,2,1
3073,c1cncc(CNc2ccncn2)c1,1,3
3074,O=C(C[C@@H]1C=C[C@H](NC(=O)Cc2ccccn2)CO1)NCCCN1CCOCC1,2,3
3075,O=C(C[C@H]1CC[C@H]2NCCCOC[C@@H]2O1)N1CCN(c2ccccc2)CC1,1,4
3076,O=C1O[C@@H](c2ccccc2)[C@@H](c2ccccc2)N2[C@@H]1C[C@@]1(C(=O)Nc3ccc(C#Cc4ccccc4)cc31)[C@@H]2c1ccccc1,2,1
3077,O=C1CSc2ncccc2N1,1,3
3078,O=C(C[C@H]1CC[C@@H](NS(=O)(=O)c2ccccc2)CO1)NC1CCC1,1,3
3079,O=C1CSC(=Nc2nccs2)N1,1,3
3080,c1ccc(Nc2ccc(-c3ccncc3)s2)cc1,1,5
3081,c1ccc(CN2CCO[C@@H](n3cnc4c(N5CCNCC5)ncnc43)C2)cc1,2,4
3082,O=C(C[C@H]1C[C@@H]2c3cc(NS(=O)(=O)c4ccccc4)ccc3O[C@@H]2CO1)NCCc1ccccc1,1,2
3083,O=c1[nH]c(=O)c2[nH]c(-[n+]3ccccc3)nc2[nH]1,1,2
3084,O=c1[nH]c(=O)c2[nH]c(N3CCCCC3)nc2[nH]1,1,5
3085,O=C(Nc1ccccc1-c1ccccc1)O[C@H]1[C@H](OC(=O)Nc2ccccc2)COC[C@H]1OC(=O)Nc1ccccc1-c1ccccc1,1,1
3086,c1ccc(C2(c3ccccc3)CCCCC2)cc1,1,5
3087,O=C(N[C@@H]1C=CCOC1)c1ccncc1,2,1
3088,O=C(C[C@H]1CC[C@@H]2NCCCOC[C@H]2O1)NCc1ccncn1,1,2
3089,C(=Cc1csc2ccccc12)c1cccs1,1,4
3090,O=c1nc(NCc2ccccc2)cn[nH]1,1,5
3091,O=c1ccn([C@H]2CC[C@@H](CS(=O)(=O)c3ccccc3)O2)c(=O)[nH]1,1,5
3092,N=c1c(C(=O)NCCc2ccccc2)cc2c(=O)n3ccccc3nc2n1CCCN1CCOCC1,1,4
3093,O=C(NCCC1=CCCCC1)c1cc2ccccc2s1,1,3
3094,O=S(=O)(c1ccc(Oc2ccccc2)cc1)N1CCCOC[C@H]2OCCC[C@@H]21,2,2
3095,O=C1c2ccccc2[C@@]2(Cc3ccccc3N(CCc3ccccc3)C2=O)[C@H](c2ccccc2)N1Cc1ccccc1,1,4
3096,C(=Cc1ccc(OCc2conc2-c2ccccc2)cc1)c1ccccc1,1,2
3097,O=C(C[C@@H]1CC[C@@H]2[C@H](COCCCN2S(=O)(=O)c2c[nH]cn2)O1)N1CCN(c2ccccc2)CC1,2,1
3098,O=C(C[C@@H]1C[C@H]2c3cc(NS(=O)(=O)c4ccccc4)ccc3O[C@H]2CO1)N1CCOCC1,1,5
3099,O=C(C[C@H]1CC=CCC[C@H](Cc2ccccc2)C(=O)OC[C@@H](Cc2ccccc2)NC1=O)NCc1ccccc1,1,1
3100,O=C(C[C@H]1C=C[C@H](NS(=O)(=O)c2ccccc2)CO1)N1CCN(c2ccccc2)CC1,1,1
3101,O=C(Nc1ccc2c(c1)C(=O)N[C@@H]1CC[C@H](CC(=O)N3CCOCC3)O[C@H]1CO2)c1cscn1,1,2
3102,O=C(C[C@H]1CC[C@H](NC(=O)CN2CCOCC2)CO1)NCCc1ccccc1,1,5
3103,c1ncc2ncn(CCN3CCOCC3)c2n1,1,2
3104,O=c1c2c([nH]c3ccnn13)CCC2,1,3
3105,O=C1c2cccc3cccc(c23)N1c1ccc2c(c1)[C@]1(C[C@H]([SiH2]c3ccccc3)[C@@H](CCn3cc(Cc4ccccc4)nn3)O1)C(=O)N2,1,1
3106,O=C1CCCn2cc(nn2)CO[C@@H](CNC(=O)Nc2ccc3c(c2)OCCO3)CCN1,1,3
3107,O=C(C[C@H]1O[C@@]2(C[C@@H]1[SiH2]c1ccccc1)C(=O)Nc1ccccc12)NCc1ccccc1,1,4
3108,c1ccc(CSc2cccs2)cc1,1,1
3109,O=C(Nc1cccc2c1O[C@@H](CNS(=O)(=O)c1ccc3c(c1)OCCCO3)CCNC2=O)Nc1cccc2ccccc12,1,1
3110,O=C(NC[C@H]1CCNS(=O)(=O)c2ccc(-c3ccncc3)cc2O1)c1ccc2c(c1)OCO2,3,3
3111,c1ccc(CNc2nn[nH]n2)cc1,1,3
3112,N=C1C(=O)Nc2ccccc21,1,4
3113,O=C(C[C@@H]1CC[C@H]2[C@@H](COCCCN2C(=O)c2ccccc2)O1)NCCCN1CCOCC1,1,2
3114,O=C(CCC1CCCCC1)NCCC12CC3CC(CC(C3)C1)C2,1,3
3115,O=C(CN1C(=O)NC2(CCNCC2)C1=O)N1CCNCC1,1,3
3116,O=C(CCc1ccccc1)Nc1ccccc1,1,3
3117,O=C1CCCCN1c1ccc(CN2C(=O)[C@@]3(C[C@H]([SiH2]c4ccccc4)CO3)c3ccccc32)cc1,1,3
3118,O=C(C[C@H]1C=C[C@@H](NC(=O)CN2CCOCC2)CO1)NCCc1ccncc1,2,5
3119,O=C1CCCC(=O)O[C@@H]2CCN3CC=C(CO1)[C@H]23,1,4
3120,O=C1Nc2ccc(Nc3ccccc3)cc2[C@]12C[C@H]([SiH2]c1ccccc1)CO2,1,4
3121,C(=N/CC12CC3CC(CC(C3)C1)C2)\c1ccccc1,1,2
3122,O=C(Cn1cccn1)n1cccn1,1,5
3123,O=C(CCC(=O)NC[C@@H](OC(=O)CCc1ccccc1)c1ccccc1)NCc1ccccc1,4,3
3124,O=c1ccc2cc3c(-c4ccccc4)coc3cc2o1,2,2
3125,O=S(=O)(NC[C@@H]1CCNS(=O)(=O)c2ccc(C3=CCCCC3)cc2O1)c1c[nH]cn1,1,3
3126,C(=N/c1cccs1)\c1ccccc1,1,3
3127,O=C(C[C@@H]1C[C@@H]2c3cc(NC(=O)C4CCOCC4)ccc3O[C@@H]2CO1)NCCN1CCCCC1,1,4
3128,C(=N/c1ccccc1)\c1ccncc1,1,4
3129,O=C(C[C@@H]1CC[C@@H](NS(=O)(=O)c2c[nH]cn2)CO1)Nc1ccccc1,2,2
3130,O=C(CN1CCOCC1)N[C@@H]1CC[C@H](CCNS(=O)(=O)c2ccccc2)OC1,2,4
3131,O=C1COc2ccccc2N1c1cccc(CN2C(=O)[C@@]3(C[C@H]([SiH2]c4ccccc4)CO3)c3ccccc32)c1,1,4
3132,O=S(=O)(Nn1cnnc1)c1ccccc1,1,1
3133,O=C(/C=C/c1ccccc1)O[C@H]1CCCC[C@H]1OC(=O)/C=C/c1ccccc1,1,2
3134,O=C(C[C@H]1CC[C@H]2[C@@H](COCCCN2Cc2ccccc2)O1)N[C@H]1CCN(Cc2ccccc2)C1,3,1
3135,c1ccc(-n2ccc(C34CC5CC(CC(C5)C3)C4)n2)cc1,1,2
3136,O=C1NCC[C@H](CNS(=O)(=O)c2cccs2)Oc2ncccc21,2,2
3137,c1ccc(-c2cc(-c3ccccc3)[nH]n2)cc1,1,5
3138,O=C(Oc1ccccc1)c1cc2ccsc2s1,1,3
3139,O=C(C[C@@H]1CC=CC[C@H](Cc2ccccc2)C(=O)OCCNC1=O)NCc1ccccc1,1,5
3140,O=C(C1CC1)N1CCN(c2ccnc3[nH]c(=O)[nH]c(=O)c23)CC1,1,4
3141,O=C1NCC[C@H](CNCc2ccccc2)Oc2ncc(C#Cc3cccnc3)cc21,1,5
3142,O=C(C[C@@H]1CC[C@@H]2[C@H](COCCCN2S(=O)(=O)c2ccccc2)O1)NCCN1CCCC1,3,1
3143,c1ccc(O[C@H]2CCC[C@@H](CO[C@H]3CCCCO3)O2)cc1,1,1
3144,O=c1[nH]c2nc(-n3cccn3)[nH]c2c(=O)n1CCN1CCOCC1,1,5
3145,O=C(Cc1ccccn1)N[C@H]1C=C[C@H](CC(=O)N2CCNCC2)OC1,1,3
3146,O=C1NCCN1CCNS(=O)(=O)c1ccccc1,1,1
3147,N=C1NN=CCS1,2,3
3148,O=C(Cn1cnc2[nH]c(=O)[nH]c(=O)c21)Nc1ncccn1,1,4
3149,c1ccc(-c2ncsc2-c2ccccc2)cc1,2,3
3150,O=C(N[C@H]1CC[C@@H](CCn2cc(C3CCCC3)nn2)OC1)C1CCOCC1,1,5
3151,O=C(Nc1cnoc1)N[C@H]1C=C[C@H](CC(=O)N2CCNCC2)OC1,1,1
3152,O=C1N(CCS(=O)(=O)c2ccccc2)Cc2ccccc2C[C@@]12COC(c1ccccc1)=N2,1,4
3153,C=C1C=CNC=N1,1,3
3154,O=c1nc[nH]c2ccccc12,2,3
3155,O=C(CN1CCOCC1)NCC[C@H]1CC[C@H](NC(=O)Cc2ccccn2)CO1,1,4
3156,O=S(=O)(N[C@@H]1CC[C@H](CCn2ccnn2)OC1)c1ccccc1,2,4
3157,O=C(Nc1ccccc1)N[C@@H]1CC[C@@H](CC(=O)N2CCOCC2)OC1,2,1
3158,O=S(=O)(c1cccc2cnccc12)N1CC[C@H](N(C/C=C/c2ccccc2)C/C=C/c2ccccc2)C1,1,4
3159,O=c1[nH]c2c(c(=O)[nH]1)CN(CC1CC1)CN2,1,5
3160,c1ccc(-c2cnoc2)cc1,1,4
3161,c1ccc(-c2csc(-c3ccccc3)n2)cc1,3,2
3162,c1ccc2nc(C34CC5CC(CC(C5)C3)C4)ccc2c1,1,4
3163,O=C(NC1CCCCC1)c1occ(S(=O)(=O)c2ccc3c(c2)OCCO3)c1-c1ccccc1,1,1
3164,O=C(NC[C@H]1CCNS(=O)(=O)c2ccc(-c3ccccc3)cc2O1)c1ccncc1,1,2
3165,O=C1Nc2ccccc2[C@@]12C[C@@H]([SiH2]c1ccccc1)[C@H](CCn1cc(Cc3ccccc3)nn1)O2,2,5
3166,O=c1ncnc[nH]1,1,5
3167,O=C1CN(c2ccccc2)C=NN1,1,3
3168,O=C(C[C@H]1C[C@@H]2c3cc(NC(=O)Nc4ccccc4)ccc3O[C@@H]2CO1)NCc1ccccc1,1,4
3169,O=C(C[C@H]1CC[C@H]2[C@@H](COCCCN2S(=O)(=O)c2ccccc2)O1)N1CCc2ccccc2C1,1,3
3170,O=C(C[C@@H]1CC[C@@H]2[C@H](COCCCN2S(=O)(=O)c2ccccc2)O1)NCc1ccc2c(c1)OCO2,2,3
3171,O=C(/C=C/c1ccccc1)OC[C@@H]1CCC[C@H](O[C@@H]2OC=C[C@H]3C[C@@H]4OC4[C@@H]23)O1,1,1
3172,O=C(C[C@@H]1C=C[C@@H](NS(=O)(=O)c2c[nH]cn2)CO1)NCC1CC1,2,1
3173,O=C1Nc2ccccc2[C@@]12C[C@@H]([SiH2]c1ccccc1)CO2,1,3
3174,O=C1C=C[C@@H]2C1CC=C[C@@H]1C2CCC2C[C@H]21,1,1
3175,O=C(CN1CCOCC1)NCC[C@H]1CC[C@H](NC(=O)c2ccccc2)CO1,1,3
3176,O=C(Oc1ccc(C2CCCCC2)cc1)c1ccco1,1,3
3177,O=C(CCNS(=O)(=O)c1ccccc1)N1CCOCCOCCOCC1,1,3
3178,O=C(CN1CCOCC1)NCC[C@@H]1CC[C@H](NC(=O)c2ccccc2)CO1,2,1
3179,O=c1[nH]cnc2c1nnn2Cc1ccccc1,1,4
3180,O=C(O[C@@H]1Cc2ccccc2O[C@@H]1c1cccc2c(=O)ccc([C@@H]3CCc4ccccc4O3)c-2c1)c1ccccc1,1,4
3181,c1coc(-c2nnn[nH]2)c1,1,4
3182,c1ncc2ncn(CCN3CCCCC3)c2n1,1,4
3183,O=c1nc[nH]c2c1ncn2[C@@H]1CCCO1,1,1
3184,O=c1/c(=C/c2ccco2)sc2ncnn12,1,3
3185,O=C(C[C@@H]1CC[C@H]2[C@@H](COCCCN2C(=O)Nc2ccccc2)O1)N1CCOCC1,1,3
3186,O=C(NCCCn1cc(CN2C(=O)COC[C@H]2c2ccccc2)nn1)[C@H](Cc1ccccc1)NS(=O)(=O)c1ccccc1,1,1
3187,O=C(C[C@@H]1CC=CCC[C@H](Cc2ccccc2)C(=O)OC[C@H](Cc2c[nH]c3ccccc23)NC1=O)NCCc1ccccc1,1,4
3188,O=C(C[C@@H]1O[C@]2(C[C@H]1[SiH2]c1ccccc1)C(=O)N(Cc1cccc(N3CCCCC3=O)c1)c1ccccc12)N1CCCC1,1,4
3189,O=C(C[C@H]1CC[C@@H]2[C@H](COCCCN2Cc2ccccc2)O1)N[C@H]1CCN(Cc2ccccc2)C1,1,4
3190,O=C(Cn1ncn2nc(-c3ccccc3)cc2c1=O)NCCN1CCOCC1,1,2
3191,O=C(N[n+]1cn[nH]c1)c1ccc(C(=O)ON2C(=O)CCC2=O)cc1,1,1
3192,O=C1N[C@@H]2CC[C@@H](CC(=O)N3CCNCC3)O[C@@H]2COc2ccc(NC(=O)C3CCCCC3)cc21,1,1
3193,O=C(CN1CCNCC1)c1ccccc1,1,2
3194,c1ccn(-c2cc(N3CCCC3)cc3c2CCC3)c1,1,3
3195,O=C(C[C@@H]1CC[C@@H](NS(=O)(=O)c2ccccc2)CO1)NCCCN1CCOCC1,2,1
3196,O=S(=O)(N[C@@H]1CC[C@H](CCn2cc(-c3ccccc3)nn2)OC1)c1ccccc1,2,1
3197,c1ccc2c(c1)Oc1ccccc1C2CCC1CC1,1,2
3198,O=C(NC[C@@H]1CCNS(=O)(=O)c2ccc(C#Cc3ccccc3)cc2O1)c1ccccn1,3,5
3199,O=C(C[C@H]1CC[C@H]2[C@@H](COCCCN2S(=O)(=O)c2ccccc2)O1)NCCN1CCCC1,1,4
3200,O=C(Cn1ccnn1)NCc1ccccc1,2,1
3201,O=C1NC(=O)C(=C/C=C/c2ccco2)C(=O)N1,1,1
3202,O=C(NCCN1CCOCC1)C1c2ccccc2C(=O)N(c2ccccn2)[C@H]1c1ccccc1,1,2
3203,O=c1nc(N2CCCCC2)cn[nH]1,1,3
3204,O=C(C[C@H]1C=C[C@H](NC(=O)Nc2ccccc2)CO1)NCCCN1CCOCC1,1,3
3205,O=c1cc(CNc2ccccc2)[nH]c(=O)[nH]1,1,2
3206,O=C(C1CCNCC1)N1CCNCC1,1,2
3207,c1ccc(C2CCOCC2)cc1,1,3
3208,O=C(C[C@H]1C[C@@H]2c3ccccc3O[C@@H]2CO1)NCc1ccc(-c2ccccc2)cc1,1,3
3209,O=C(CSc1nnc[nH]1)Nc1ccon1,1,3
3210,O=C1CCC/C=C/C(=O)O[C@H]2C[C@@H](CCC/C=C/C=C/CCCCC(=O)CCC1)O[C@@]1(CCCCO1)C2,1,4
3211,N=C1NC(=O)CN1c1ncccn1,1,3
3212,c1c[nH+]on1,1,5
3213,O=C(C[C@H]1CC[C@H]2[C@@H](COCCCN2S(=O)(=O)c2ccccc2)O1)NCc1ccncn1,1,2
3214,O=C1NCC[C@H](CNS(=O)(=O)c2ccccc2)Oc2ccccc21,1,3
3215,S=c1c(-c2ccc3ccccc3n2)c[nH]c2ccccc12,1,4
3216,O=S(=O)(NCC[C@H]1CC[C@H](NS(=O)(=O)c2ccccc2)CO1)c1ccccc1,4,5
3217,O=c1[nH]cc(/N=C/c2ccncc2)c(=O)[nH]1,1,1
3218,c1ccc2c(c1)O[C@H]1COCC[C@@H]21,3,1
3219,O=C(Cc1ccncc1)NC[C@H]1CCNS(=O)(=O)c2ccc(C3=CCCC3)cc2O1,1,1
3220,O=C(NC[C@@H]1CCNC(=O)c2cc(-c3ccccc3)cnc2O1)c1cccnc1,2,3
3221,O=C(C[C@@H]1CC[C@@H](NC(=O)Nc2ccc3c(c2)OCO3)CO1)NCCCN1CCOCC1,1,1
3222,O=C(C[C@@H]1CC[C@H]2[C@@H](COCCCN2C(=O)Nc2ccccc2)O1)NCc1ccncc1,1,3
3223,O=C(C[C@@H]1C[C@H]2c3cc(NC(=O)c4ccc5c(c4)OCO5)ccc3O[C@H]2CO1)NCCc1ccccc1,1,3
3224,O=C1CN(C(=O)c2ccon2)CCN1,1,3
3225,O=C(C[C@@H]1CC[C@@H]2[C@H](COCCCN2C(=O)Nc2ccccc2)O1)N1CCNCC1,1,3
3226,O=C(NCCN1CCOCC1)[C@@]1(CCS(=O)(=O)c2ccccc2)N=C(c2ccccc2)O[C@H]1c1ccccc1,1,2
3227,O=C1C=C/C=C/CCCC/C=C/C=C/CCO1,1,5
3228,O=C(C[C@H]1CC[C@H](NC(=O)CN2CCOCC2)CO1)NC1CCC1,1,2
3229,O=C(C[C@H]1CC[C@H]2[C@@H](COCCCN2C(=O)C2CC2)O1)N1CCNCC1,1,4
3230,O=C1N[C@@H](Cc2ccccc2)C(=O)N2[C@@H]1C[C@@H](C(=O)OCCOc1ccc([C@H]3N4[C@@H](C[C@]35C(=O)Nc3ccccc35)C(=O)O[C@H](c3ccccc3)[C@@H]4c3ccccc3)cc1)[C@H]2c1ccccc1,1,1
3231,O=C(C[C@@H]1O[C@]2(C[C@H]1[SiH2]c1ccccc1)C(=O)N(Cc1cccc(N3C(=O)c4cccc5cccc3c45)c1)c1ccccc12)N1CCc2ccccc2C1,1,4
3232,O=C(Nc1ccc2c(c1)[C@H]1C[C@H](CC(=O)N3CCc4ccccc4C3)OC[C@H]1O2)C1CCOCC1,1,4
3233,C(=Nn1cnnn1)c1cccs1,1,1
3234,O=C(NC[C@H]1CCNC(=O)c2cc(-c3ccccc3)cnc2O1)c1cccnc1,2,5
3235,c1coc(-c2ncon2)c1,1,2
3236,O=C1C=CCN1CCCN1CCOCC1,1,4
3237,O=C1c2ccccc2[C@@]2(Cc3ccccc3N(CCN3CCOCC3)C2=O)[C@H](c2ccccc2)N1Cc1ccccc1,1,5
3238,C1=CNC=CC1,1,1
3239,O=C(CCC(=O)NCc1ccccc1)NCCOC(=O)CCc1ccccc1,4,3
3240,O=C(C[C@H]1CC[C@@H]2[C@H](COCCCN2S(=O)(=O)c2ccccc2)O1)NCCc1ccccc1,1,4
3241,O=C(NCCCc1ccco1)N1CCC[C@H]1Cn1cc(-c2ccccn2)nn1,1,5
3242,O=C(C[C@@H]1CC[C@H](NC(=O)Nc2ccc3c(c2)OCO3)CO1)NCCCN1CCOCC1,1,2
3243,O=C(C[C@H]1CC[C@H]2[C@@H](COCCCN2S(=O)(=O)c2ccccc2)O1)N1CCC(Cc2ccccc2)CC1,2,1
3244,O=C(Cc1ccccn1)NC[C@@H]1CCNS(=O)(=O)c2ccc(C#Cc3ccccc3)cc2O1,1,3
3245,O=C(C[C@@H]1C=C[C@H](NC(=O)CN2CCOCC2)CO1)NC1CCC1,2,3
3246,O=c1[nH]c(=O)c2c(N3CCNCC3)ccnc2[nH]1,1,1
3247,c1ccc(-c2cccc(-c3ccccc3)n2)cc1,1,3
3248,c1c[nH]nn1,1,1
3249,O=S(=O)(Nc1ccc2c(c1)[C@H]1CCOC[C@H]1O2)c1ccccc1,1,4
3250,O=S1(=O)NCC2(COC2)O1,1,2
3251,O=C(CNC(=O)[C@@H]1[C@H]2CCC[C@H]2CN1C(=O)CNC(=O)[C@@H](NC(=O)c1cnccn1)C1CCCCC1)C(=O)NC1CC1,1,4
3252,O=C1NCC[C@H](CNC(=O)C2CCOCC2)Oc2ncc(C#CC3CCCC3)cc21,1,4
3253,O=C(C[C@H]1CC[C@H]2NCCCOC[C@@H]2O1)N1CCOCC1,2,2
3254,O=C(C[C@@H]1C/C=C/C[C@H](Cc2ccccc2)C(=O)N[C@H](c2ccccc2)COC1=O)NCc1ccccc1,1,3
3255,O=S1(=O)CO[C@@H](c2ccccc2)CN1,1,3
3256,O=c1cn[nH]c(NC2CCCC2)n1,1,3
3257,O=C(NCCc1ccc(-n2ccnn2)cc1)c1ccccc1,1,1
3258,c1ccc(Nc2nc3c(ccc4ccccc43)s2)cc1,1,4
3259,O=C(C[C@H]1C[C@H]2c3cc(NS(=O)(=O)c4ccccc4)ccc3O[C@H]2CO1)NCCc1ccccc1,1,4
3260,C=C1CC/C(=C\c2ccccc2)C1=O,1,1
3261,O=C(C[C@H]1CC=CCCC(=O)OC[C@@H]2CCCN2C1=O)NCCc1ccccc1,1,3
3262,O=C1CC/C=C/CCC(=O)OC[C@@H](c2ccccc2)N1,1,1
3263,O=C(C[C@H]1CC[C@@H]2[C@H](COCCCN2C(=O)c2ccccc2)O1)N1CCN(c2ccccc2)CC1,2,4
3264,O=C(C[C@H]1C=C[C@@H](NC(=O)c2cnccn2)CO1)NCc1ccccc1,1,2
3265,O=C1NCC[C@H](CNC(=O)C2CCCCC2)Oc2ncc(C#CC3CCCC3)cc21,1,1
3266,O=C1CCC=CCCC(=O)OCCN1,2,1
3267,O=C(C[C@H]1CC[C@@H](NC(=O)c2cnccn2)CO1)NCc1ccccc1,1,3
3268,C1=NCCC1,1,4
3269,O=C(C[C@@H]1CC[C@@H](NC(=O)Cc2ccccn2)CO1)NCCc1ccncc1,1,4
3270,O=S(=O)(NC[C@H]1CCNS(=O)(=O)c2ccc(C3=CCCC3)cc2O1)c1c[nH]cn1,2,4
3271,c1ccc(CCCc2ccccc2)cc1,1,2
3272,O=c1[nH]c(=O)c2nsnc2[nH]1,1,4
3273,c1ccc(Oc2ccc3ccccc3c2)cc1,1,4
3274,O=c1cccc2n1C[C@@H]1CNC[C@H]2C1,1,5
3275,O=c1ccc(-c2ccncc2)n[nH]1,1,4
3276,O=C1c2cccc3cccc(c23)N1c1cccc(CN2C(=O)[C@]3(CCCO3)c3ccccc32)c1,1,5
3277,O=C1NCC[C@H](CNC(=O)C2CCOCC2)Oc2ncc(-c3ccccc3)cc21,1,5
3278,O=C1c2cccc3cccc(c23)N1c1ccc(CN2C(=O)[C@]3(C[C@@H]([SiH2]c4ccccc4)CO3)c3ccccc32)cc1,1,2
3279,O=C(C[C@@H]1CCCCO1)NCCN1CCCCC1,3,1
3280,N=c1[nH]c(=O)c2sccc2[nH]1,1,3
3281,O=C(C[C@@H]1C=C[C@H](NC(=O)C2CCOCC2)CO1)NCCc1cscn1,1,2
3282,N=C1NC(=O)/C(=C/c2cccnc2)N1,1,4
3283,C(=C/[C@H](CCCn1ccnn1)NCCc1ccccc1)\C1CC1,1,5
3284,O=C1Cc2cc(NC(=O)Nc3cccc4c3CCCC4)ccc2O[C@@H](CNS(=O)(=O)c2ccc(Oc3ccccc3)cc2)CCN1,1,1
3285,O=C(C[C@@H]1CC[C@@H](NC(=O)c2cccnc2)CO1)NCCN1CCCCC1,1,1
3286,O=C(c1cnon1)N1CCCCC1,1,5
3287,c1nc(N2CCNCC2)c2[nH]cnc2n1,2,3
3288,c1csc(C2CCCC2)c1,1,3
3289,N=c1[nH]c(=O)ccs1,1,4
3290,O=C(C[C@@H]1CC[C@H](NS(=O)(=O)c2ccccc2)CO1)NCCCN1CCOCC1,2,4
3291,c1cc2c(s1)CNCC2,1,3
3292,c1ccc(CSc2nnco2)cc1,1,4
3293,C=c1sc2n(c1=O)CCN=2,1,3
3294,O=C(C[C@H]1CC[C@@H]2NCCCOC[C@H]2O1)N1CCN(c2ccccc2)CC1,1,1
3295,O=C(C[C@H]1CC[C@H](NC(=O)C2CC2)CO1)NCCCN1CCOCC1,2,4
3296,O=C(NC[C@@H]1CCNS(=O)(=O)c2ccc(C#Cc3cccnc3)cc2O1)Nc1ccc2c(c1)OCO2,1,4
3297,S=c1ccc2ccccc2[nH]1,1,3
3298,S=c1nc[nH]c2c1ncn2[C@H]1CCCO1,1,5
3299,O=C(C[C@H]1CC[C@@H]2[C@H](COCCCN2Cc2ccccc2)O1)NCCc1ccncc1,1,1
3300,O=C(C[C@@H]1C=C[C@H](NS(=O)(=O)c2ccccc2)CO1)NCCc1ccncc1,1,4
3301,O=C1CCCn2cc(nn2)CO[C@@H](CNC(=O)Nc2ccnc(N3CCOCC3)c2)CCN1,1,5
3302,O=C(Nc1ccccc1)N[C@H]1C=C[C@H](CC(=O)N2CCOCC2)OC1,1,5
3303,O=C(C[C@H]1C[C@@H]2c3cc(NC(=O)C4CCOCC4)ccc3O[C@@H]2CO1)NCCN1CCCCC1,1,1
3304,O=C1O[C@H](c2ccccc2)[C@H](c2ccccc2)N2[C@H]1[C@@H](C(=O)NCCc1ccccc1)[C@]1(C(=O)Nc3ccccc31)[C@H]2c1ccccc1,1,1
3305,O=c1ccn(Cc2ccccc2)c(=O)[nH]1,1,3
3306,O=C(NC[C@@H]1CCNS(=O)(=O)c2ccc(-c3cccnc3)cc2O1)NC1CCCC1,1,1
3307,O=C1/C(=C/c2ccccc2)CS/C1=C\c1ccccc1,1,4
3308,c1ccc(-c2ccnc3ccccc23)cc1,1,4
3309,O=C(NCC(=O)N1CCOCC1)c1ccccc1,1,5
3310,O=C1N[C@H]2CCCO[C@@H]2COc2ccc(NS(=O)(=O)c3ccccc3)cc21,1,1
3311,O=C(NCc1ccccc1)C1c2ccccc2C(=O)N(Cc2ccccc2)[C@H]1c1ccccc1,1,3
3312,O=C(C[C@H]1C=C[C@H](NS(=O)(=O)c2ccccc2)CO1)NCCCN1CCOCC1,1,3
3313,O=C(C[C@H]1CC[C@H](NC(=O)c2cnccn2)CO1)NCc1ccccc1,2,2
3314,O=C1CCCn2nncc2CO[C@H](CNS(=O)(=O)c2ccc3ccccc3c2)CCN1,1,1
3315,c1ccc(CCO[C@H]2CCC[C@@H](CO[C@H]3CCCCO3)O2)cc1,1,2
3316,O=C(NCCN1CCOCC1)[C@@]1(Cc2ccccc2)COC(c2ccccc2)=N1,1,5
3317,O=C(OC[C@]12C(=O)OC3CC[C@@H]1C[C@]32O[C@H]1CCCCO1)c1ccccc1,1,5
3318,O=C(Nc1ccc2c(c1)OCO2)N1CCCOC[C@H]2OCCC[C@@H]21,1,3
3319,O=C(C[C@H]1CC[C@H]2NC(=O)c3cc(NC(=O)C4CCC4)ccc3OC[C@H]2O1)NCCc1ccncc1,1,5
3320,O=C(/C=C/c1ccccc1)N1CC=Cc2ccccc21,1,2
3321,C=C1CC(=O)C2=CC[C@H](O[C@H]3CCCCO3)[C@H]3C(=C)C(=O)O[C@@H]3[C@@H]12,1,4
3322,O=C(CN1CCOCC1)NC[C@@H]1CCNC(=O)c2cc(-c3cncnc3)cnc2O1,2,5
3323,O=S(=O)(c1ccc(-n2cnnn2)cc1)N1CCNCC1,1,1
3324,O=c1[nH]cc(NC2CCCCC2)c(=O)[nH]1,1,5
3325,O=C(CN1CCOCC1)N[C@H]1CC[C@H](CCn2cc(C3CCCC3)nn2)OC1,1,1
3326,O=C(c1ccccc1)N1CCN1,1,4
3327,c1ccc(CO[C@H]2CCCCO2)cc1,1,3
3328,O=C(C[C@H]1CC[C@H]2[C@@H](COCCCN2C(=O)Nc2ccccc2)O1)NCCc1c[nH]cn1,1,3
3329,O=C(C[C@@H]1CC[C@@H]2[C@H](COCCCN2C(=O)c2ccccc2)O1)N1CCOCC1,1,5
3330,S=C1NCN(CCc2ccccc2)CN1,1,1
3331,O=C(Cc1cccnc1)NC[C@@H]1CCNC(=O)c2cc(C#CCc3ccccc3)cnc2O1,1,3
3332,c1nnc(Nc2cn[nH]c2)[nH]1,1,4
3333,O=C(C[C@H]1CC[C@H]2[C@@H](COCCCN2C(=O)Nc2ccccc2)O1)NCCc1ccncc1,1,4
3334,O=C1NCCCOc2ncc(-c3ccccc3)cc21,3,3
3335,O=C1O[C@@H](c2ccccc2)[C@@H](c2ccccc2)N2[C@@H](c3ccccc3)[C@]3(C(=O)Nc4ccc(C#CC5CCCCCC5)cc43)[C@@H](C(=O)NCCc3ccccc3)[C@H]12,1,4
3336,O=C(C[C@H]1CC=CC[C@H](Cc2ccccc2)C(=O)OC[C@@H](Cc2c[nH]c3ccccc23)NC1=O)NCc1ccccc1,1,1
3337,c1ncc(NC2=NCCN2)cn1,1,3
3338,O=C(N[C@H]1CC[C@@H](CCNS(=O)(=O)c2ccccc2)OC1)c1cnccn1,1,3
3339,O=C(NC[C@@H]1CCNC(=O)c2cc(-c3cncnc3)cnc2O1)Nc1ccc2c(c1)OCO2,1,1
3340,O=S(=O)(c1cccc2nsnc12)N1CCCCC1,1,2
3341,S=c1ssc2c1-c1ccccc1NC2,1,3
3342,O=C(NCCCN1CCCC1=O)c1cccnc1,1,4
3343,O=C(Nc1ccc(-c2nc3ccccc3s2)cc1)C1CCC1,1,4
3344,O=C(Nc1ccno1)NN1CCOCC1,1,1
3345,O=C1N=C(Nc2ccccc2)S/C1=C\c1ccc(OCc2ccccc2)cc1,1,5
3346,O=C(Cc1cccnc1)NC[C@H]1CCNS(=O)(=O)c2ccc(C#CC3CCCC3)cc2O1,2,5
3347,O=c1nc(N2CCNCC2)[nH]c2c1CCCC2,1,5
3348,O=c1[nH]nnc2ccccc12,2,1
3349,O=C(Cc1ccncc1)NC[C@H]1CCNS(=O)(=O)c2ccc(C#CC3CCCC3)cc2O1,1,3
3350,O=c1cc(-c2ccccc2)c2ccccc2o1,1,2
3351,O=C(Cc1cccnc1)NC[C@H]1CCNS(=O)(=O)c2ccc(C#Cc3ccccc3)cc2O1,1,5
3352,O=C(c1cccs1)N1c2ccccc2Sc2ccccc21,1,4
3353,c1ccc(CNc2ccc3c(c2)ncn3C2CCCCC2)cc1,1,3
3354,N=C1NOCN1c1ncncn1,1,4
3355,c1ccc(Nc2ncnc3ccccc23)cc1,1,2
3356,O=C(CCN1CCCCC1)NC[C@H]1CCNC(=O)c2cccnc2O1,1,3
3357,O=C(NCCCc1ccco1)NCCn1cc(C2CCCCC2)nn1,1,1
3358,c1cnc2nonc2n1,1,5
3359,O=C1NCCCCN(C(=O)CN2CCOCC2)CCOc2ccc(NC(=O)C3CC3)cc21,1,3
3360,O=C(/C=C/c1ccccc1)O[C@@H]1CCO[C@@H](O[C@H]2[C@@H]3C=CO[C@@H](O[C@@H]4CCCCO4)[C@@H]3C3O[C@H]32)C1,1,5
3361,O=C1NCCCc2ccc(o2)C(=O)N[C@H](Cc2ccccc2)Cn2cc(nn2)[C@@H](Cc2ccccc2)NC(=O)NCCCc2ccc(o2)C(=O)N[C@H](Cc2ccccc2)Cn2cc(nn2)[C@@H](Cc2ccccc2)N1,1,5
3362,c1ccc(CSc2ccccn2)cc1,1,4
3363,O=C(C[C@H]1CC[C@H]2[C@@H](COCCCN2C(=O)Nc2ccccc2)O1)NC1Cc2ccccc2C1,1,3
3364,O=C(Nc1ccccc1)C1CC1,1,4
3365,O=C(C[C@@H]1CC[C@@H]2[C@H](COCCCN2C(=O)Nc2ccc3c(c2)OCO3)O1)N1CCNCC1,2,4
3366,O=C(C[C@@H]1C[C@H]2c3cc(NC(=O)Nc4ccccc4)ccc3O[C@H]2CO1)NCCN1CCCCC1,1,3
3367,O=S(=O)(N[C@@H]1C=CCOC1)c1ccccc1,1,4
3368,c1ccc(CN2CCNCC2)nc1,1,1
3369,O=C(C[C@H]1C=C[C@H](NS(=O)(=O)c2ccccc2)CO1)N1CCNCC1,2,2
3370,c1nnn2c1COCC2,1,4
3371,N=c1ccc2ccccc2o1,1,2
3372,O=C(C[C@@H]1C=C[C@@H](NC(=O)c2cnccn2)CO1)NCc1ccccc1,1,5
3373,O=C(NCc1nc2ccccc2[nH]1)C1=C[C@@H](c2ccccc2)C[C@@H](OCc2ccccc2)O1,1,5
3374,O=C(NC[C@@H]1CCNS(=O)(=O)c2ccccc2O1)NC1CCCC1,2,1
3375,O=C(C[C@H]1C[C@@H]2c3cc(NC(=O)C4CCOCC4)ccc3O[C@@H]2CO1)NCc1ccc2c(c1)OCO2,2,5
3376,O=C(C[C@@H]1C=C[C@@H](NC(=O)c2ccccc2)CO1)NCCN1CCCC1,1,3
3377,O=C(C[C@@H]1C=C[C@@H](NC(=O)Nc2ccc3c(c2)OCO3)CO1)NCCCN1CCOCC1,2,2
3378,O=C(N[C@@H]1CC[C@@H](CC(=O)N2CCOCC2)OC1)c1ccccn1,2,3
3379,N=C(c1cnon1)N1CCCCC1,1,2
3380,O=C(NC[C@@H]1CCNS(=O)(=O)c2ccc(C#CC3CC3)cc2O1)C1CCCCC1,2,5
3381,O=C1OC(=O)C2C1[C@@H]1CC[C@H]2O1,1,1
3382,O=C(C[C@H]1C=C[C@H](NC(=O)Nc2ccc3c(c2)OCO3)CO1)NCCCN1CCOCC1,2,4
3383,O=C1CC/C=C/CCC(=O)O[C@H]2COC[C@@H](OC(=O)Nc3ccccc3)[C@@H]2O1,1,5
3384,O=C(NCCN1CCNCC1)c1ccccn1,1,4
3385,O=C(Nc1ccccc1)c1cc2ccccc2s1,1,2
3386,O=C(Cc1nnco1)N1CCCCC1,1,1
3387,O=C(C[C@@H]1C=C[C@H](NS(=O)(=O)c2ccccc2)CO1)NC1CCC1,2,1
3388,C(=N/NC1=NCCN1)\c1ccncc1,1,4
3389,O=C(Nc1ccccc1)N[C@H]1CC[C@H](CC(=O)N2CCNCC2)OC1,1,1
3390,O=C(C[C@@H]1CC[C@H]2NCCCOC[C@@H]2O1)NCc1ccncn1,1,5
3391,O=c1n(-c2ccccc2)nc2n1CCCN2,1,3
3392,O=C(C[C@H]1C=C[C@@H](NS(=O)(=O)c2c[nH]cn2)CO1)NCC1CC1,1,2
3393,O=C1CSCC(=O)N1c1cccnc1,1,2
3394,C=C1C=CC(=O)NC1=O,1,2
3395,C(=N/Cc1cccnc1)\c1c2ccccc2cc2ccccc12,1,2
3396,O=C(NC[C@H]1CCNS(=O)(=O)c2ccccc2O1)c1ccc2c(c1)OCO2,1,2
3397,O=C(C[C@@H]1C[C@H]2c3cc(NC(=O)Nc4ccccc4)ccc3O[C@H]2CO1)NCc1ccccc1,1,1
3398,O=C(NCCN1CCOCC1)c1ccccn1,1,4
3399,c1ccc(N(c2ccccc2)c2cccnc2)cc1,1,3
3400,c1ccc(-c2nc3ccccc3[nH]2)cc1,1,3
3401,O=c1[nH]cc[nH]1,1,4
3402,C(=Cc1c[nH]c2ccccc12)c1ccccc1,1,4
3403,c1nc2cc3scnc3cc2s1,1,4
3404,O=C(COc1ccccc1)Nc1nn[nH]n1,1,1
3405,C(=C/c1ccccn1)\c1ccccc1,1,2
3406,c1ccc(-c2ccc(C3CCCCC3)cn2)cc1,1,4
3407,O=C(N[C@@H]1CC[C@H](CCNS(=O)(=O)c2ccccc2)OC1)c1cnccn1,2,1
3408,O=C(C[C@@H]1CC[C@@H]2[C@H](COCCCN2S(=O)(=O)c2ccc(Oc3ccccc3)cc2)O1)NCCN1CCCCC1,1,1
3409,c1ccc(Nc2c3c(nc4ccccc24)CCCC3)cc1,1,1
3410,c1ccc(Nc2c(-c3ccccc3)nc3ccccn23)cc1,1,3
3411,O=C(C[C@H]1CC[C@@H]2NC(=O)c3cc(NC(=O)Nc4ccccc4)ccc3OC[C@@H]2O1)NCc1ccccc1,1,3
3412,c1ccc(C2=NNC3=NCCN3C2)cc1,1,4
3413,O=C(NS(=O)(=O)c1ccc(N[C@H](CCN2CCOCC2)CSc2ccccc2)cc1)c1ccc(N2CCN(CC3=C(c4ccccc4)CCCC3)CC2)cc1,1,2
3414,S=C(c1cccs1)N1CCCC1,1,1
3415,O=C(NC[C@H]1CCNC(=O)c2cc(C#Cc3ccccn3)cnc2O1)c1cnccn1,1,4
3416,O=C(C[C@H]1CC[C@@H]2NC(=O)c3ccccc3OC[C@@H]2O1)NCc1ccccc1,1,5
3417,c1ccc(-c2nc(-c3cccs3)[nH]c2-c2ccccc2)cc1,1,4
3418,O=c1cc(N2CCCCC2)n(Cc2ccccc2)c(=O)[nH]1,1,5
3419,O=C1C=C(c2ccccc2)C(=O)N1,1,3
3420,O=C(C[C@H]1CC[C@H]2NCCCOC[C@@H]2O1)N1CCNCC1,1,3
3421,O=C(Cc1cccnc1)NC[C@@H]1CCNS(=O)(=O)c2ccc(C#Cc3ccccc3)cc2O1,1,1
3422,O=c1c(=O)c2[nH][nH]cn[nH]c12,1,5
3423,O=C(Nc1ccccc1)N1CCCOC[C@H]2OCCC[C@@H]21,1,1
3424,O=C(NCCN1CCOCC1)[C@]1(Cc2ccccc2)N=C(c2ccccc2)O[C@@H]1c1ccccc1,1,3
3425,S=c1nc[nH]c2[nH]nnc12,1,3
3426,O=C(C[C@H]1CC[C@H]2[C@@H](COCCCN2S(=O)(=O)c2c[nH]cn2)O1)NC1Cc2ccccc2C1,2,1
3427,O=C1c2ccccc2[C@@]2(Cc3ccccc3N(CCc3ccccc3)C2=O)[C@H](c2ccccc2)N1C1CCCCC1,1,3
3428,O=C(c1cnccn1)N1CCN1,1,5
3429,c1ccc(-c2nc(SC[C@@H]3C[C@H](c4ccccc4)O[C@H](c4ccccc4)O3)oc2-c2ccccc2)cc1,1,5
3430,c1cc(-c2nnco2)n[nH]1,1,5
3431,O=C(C[C@@H]1CC[C@@H]2[C@H](COCCCN2S(=O)(=O)c2ccc(Oc3ccccc3)cc2)O1)NC1CCC1,1,1
3432,O=C(Nc1ccccc1Oc1ccccc1)c1ccccc1,1,4
3433,N=C1N[C@H]2CS(=O)(=O)C[C@H]2S1,1,2
3434,O=S1(=O)NCC[C@H](CNCc2cncnc2)Oc2cc(-c3ccccc3)ccc21,1,5
3435,C1=NC=NCN1c1ccccc1,2,5
3436,O=C1C=C2CCCCCCC=CCC/C=C\C=CC(=O)NC(=C1)C2=O,1,1
3437,O=C(Nc1ccccc1)N[C@@H]1C=C[C@@H](CC(=O)N2CCOCC2)OC1,1,3
3438,O=c1cccc2n1CCO2,1,4
3439,O=C(C[C@@H]1CC[C@H]2[C@@H](COCCCN2C(=O)Nc2ccccc2)O1)NCCc1c[nH]cn1,1,3
3440,O=C(NC[C@@H]1CCNS(=O)(=O)c2ccc(C3=CCCC3)cc2O1)c1cnccn1,1,1
3441,O=C(c1cscn1)N1CCN1,2,2
3442,c1cn(-c2ccc(-n3ccnc3)nn2)cn1,1,5
3443,O=C(CCNc1n[nH]c(=O)[nH]c1=O)NCc1ccco1,1,4
3444,C=c1ccc(S(=O)(=O)N2CCCC2)cc1=C1NN=C2c3ccccc3C=NN21,1,3
3445,O=C(COc1ccccc1)N1CCNC1=O,1,2
3446,O=C1C2C=CC([C@H]3C2C=CC(=O)[C@]32CO2)[C@@]12CO2,1,3
3447,c1cc(N2CCNCC2)ncn1,1,1
3448,O=C(NCCN1CCOCC1)[C@]1(CCS(=O)(=O)c2ccccc2)N=C(c2ccccc2)O[C@@H]1c1ccccc1,1,3
3449,c1ccc(Sc2ccc3ccccc3n2)cc1,1,4
3450,O=C(C[C@H]1CC[C@H]2[C@@H](COCCCN2Cc2ccccc2)O1)NCCc1ccncc1,1,4
3451,O=c1cnnc(Nc2ccccc2)[nH]1,1,5
3452,O=C(C[C@@H]1CC[C@H](NC(=O)c2ccccc2)CO1)NCc1ccncn1,1,1
3453,O=C1NC(=S)NC(=O)C1=Cc1ccc[nH]1,1,1
3454,O=C1NCC[C@@H](CNC(=O)C2CCOCC2)Oc2ncc(C#Cc3ccccc3)cc21,2,4
3455,O=C1O[C@H](c2ccccc2)[C@H](c2ccccc2)N2[C@H]1[C@@H](C(=O)Nc1nc3ccccc3s1)[C@]1(C(=O)Nc3ccc(C#Cc4ccccc4)cc31)[C@H]2c1ccccc1,1,5
3456,O=C(C[C@H]1CC=CC[C@H](NC(=O)OCC2c3ccccc3-c3ccccc32)C(=O)OC(c2ccccc2)CNC1=O)NCc1ccccc1,1,5
3457,O=C(Nc1ccc2c(c1)[C@H]1C[C@H](CC(=O)N3CCNCC3)OC[C@H]1O2)c1ccc2c(c1)OCO2,1,3
3458,c1cnc(-c2ccncc2)nc1,1,1
3459,O=C(C[C@@H]1CC[C@@H]2[C@H](COCCCN2C(=O)Nc2ccccc2)O1)NCCc1c[nH]cn1,2,4
3460,c1ccc(Cn2cncn2)nc1,1,5
3461,O=C(C[C@H]1C[C@H]2c3cc(NS(=O)(=O)c4ccccc4)ccc3O[C@H]2CO1)NCc1cccnc1,1,5
3462,c1ccc2c(-c3cn[nH]c3)ccnc2c1,1,5
3463,O=C1CCCc2c1[nH]c1ccc(C3CCCCC3)cc21,1,2
3464,c1ccc(OCc2nc(-c3ccccc3)cs2)cc1,1,5
3465,O=S(=O)(NC1=NCN(CCN2CCOCC2)CN1)c1ccccc1,1,1
3466,O=C(Cc1ccncc1)NC[C@@H]1CCNC(=O)c2cc(C#CC3CCCC3)cnc2O1,1,4
3467,O=C(CNc1ccc2c(c1)oc1ccccc12)c1ccccc1,1,5
3468,O=C(C[C@@H]1CC[C@@H]2NCCCOC[C@H]2O1)NCCCN1CCOCC1,1,4
3469,O=C(C[C@@H]1C[C@@H]2c3cc(NS(=O)(=O)c4ccccc4)ccc3O[C@@H]2CO1)NC1CCCCC1,1,5
3470,O=C1NC(=S)N/C1=C\c1ccco1,1,1
3471,c1ccc(Nc2ncnc3cc(-c4ccccc4)sc23)cc1,1,4
3472,O=C(Nc1cnoc1)N[C@@H]1C=C[C@@H](CC(=O)N2CCNCC2)OC1,1,1
3473,O=C(NCCCc1ccc(C(=O)N2CCOCC2)o1)N[C@@H](Cc1ccccc1)Cn1ccnn1,1,5
3474,c1ccc(-c2cc[nH+]o2)cc1,1,4
3475,O=C(CCC1=NS(=O)(=O)c2cccnc2N1)N1CCOCC1,1,2
3476,c1cc2c(cn1)CCN2,1,4
3477,O=C1CCCn2nncc2CO[C@H](CNS(=O)(=O)c2ccc(-n3cccn3)cc2)CCN1,1,1
3478,C(=N/Cc1cccs1)\c1cc2ccsc2s1,1,2
3479,O=c1nc[nH]c2n[nH]cc12,1,3
3480,O=C(C[C@H]1CC[C@@H]2[C@H](COCCCN2S(=O)(=O)c2c[nH]cn2)O1)NC1CCC1,1,1
3481,O=S1(=O)COCCN1,2,4
3482,O=C(CN1CCOCC1)NCC[C@H]1CC[C@@H](NC(=O)c2ccc3c(c2)OCO3)CO1,1,1
3483,c1ccc(CNn2cnnn2)cc1,1,1
3484,O=C(C[C@@H]1C[C@H]2c3cc(NC(=O)Nc4ccccc4)ccc3O[C@H]2CO1)NC1CCCCC1,1,4
3485,O=C(C[C@@H]1CC[C@H]2[C@@H](COCCCN2C(=O)Nc2ccccc2)O1)N1CCNCC1,1,3
3486,O=C1Nc2ccccc2[C@]12C[C@@H]([SiH2]c1ccccc1)CO2,1,1
3487,O=C(C[C@@H]1CC[C@@H](NC(=O)c2ccccc2)CO1)NCc1ccncn1,1,1
3488,c1cc(N2CCCC2)ncn1,1,1
3489,O=C1O[C@@H](c2ccccc2)[C@@H](c2ccccc2)N2[C@@H](c3ccccc3)[C@]3(C(=O)Nc4ccc(C#CC5=CCCCC5)cc43)[C@@H](C(=O)NCCc3ccccc3)[C@H]12,1,1
3490,O=C(NCc1nc2ccccc2[nH]1)C1=C[C@H](c2csc3ccccc23)C[C@H](OCc2ccccc2)O1,1,4
3491,O=C(CCc1ccccc1)c1cc([C@H]2CCCCO2)cc([C@H]2CCCCO2)c1,1,1
3492,c1ccc(NCc2cscc2CNc2ccccc2)cc1,1,5
3493,O=C(C[C@H]1C=C[C@@H](NC(=O)c2ccncc2)CO1)NCc1ccncn1,1,4
3494,O=c1cn[nH]c(NN2CCOCC2)n1,1,5
3495,O=C(Nc1ccccc1)OC1[C@@H](OC(=O)Nc2ccccc2)COC[C@@H]1OC(=O)Nc1ccccc1,1,4
3496,O=C(Cc1ccncc1)Nc1ccc2c(c1)[C@H]1C[C@@H](CC(=O)N3CCc4ccccc4C3)OC[C@H]1O2,1,5
3497,O=C(Cc1cccs1)Nc1ccccc1,1,4
3498,O=c1[nH]c(=O)c2c(=O)cc[nH]c2[nH]1,1,4
3499,O=C(C[C@H]1CC[C@@H]2NC(=O)c3cc(NC(=O)C4CCCC4)ccc3OC[C@@H]2O1)NCCc1ccncc1,1,5
3500,O=C(NC[C@@H]1CCNS(=O)(=O)c2ccccc2O1)C1CCOCC1,1,5
3501,O=C(NC[C@H]1CCNS(=O)(=O)c2ccc(C#Cc3ccccc3)cc2O1)c1ccc2c(c1)OCO2,1,3
3502,O=C(c1ccccc1)N1c2ccccc2C=Cc2ccccc21,1,1
3503,N=C1CCCCc2c1[nH]c1ccc(C3CCCCC3)cc21,1,3
3504,O=C(C[C@H]1CC[C@H](NS(=O)(=O)c2ccccc2)CO1)N1CCN(c2ccccc2)CC1,2,5
3505,O=c1nc(NCc2ccco2)cc[nH]1,1,4
3506,O=C(NC[C@H]1CCNS(=O)(=O)c2ccc(C#CC3CCCC3)cc2O1)c1ccncc1,1,5
3507,O=C1CS/C(=N\N2CCOCC2)N1,1,3
3508,C=C1C(=O)O[C@@H]2[C@H]3C(=CO[C@H]4CCCCO4)CC(=O)C3=CCC[C@@H]12,1,1
3509,O=C(NCCN1CCOCC1)[C@@]1(Cc2ccccc2)N=C(c2ccccc2)O[C@H]1c1ccccc1,1,1
3510,O=C(OCc1ccco1)c1ccc(-c2ccccc2)s1,1,1
3511,O=C(N[C@@H]1C=C[C@H](CC(=O)N2CCOCC2)OC1)c1ccc2c(c1)OCO2,1,2
3512,O=C(c1ccccc1)N1Cc2ccccc2[C@@H]2OC(c3ccccc3)=NC2C1=O,1,3
3513,O=C1CN=CN1[C@H]1CCCO1,1,4
3514,O=C(Nc1ccccc1)Nc1ccc2c(c1)[C@H]1CCOC[C@H]1O2,1,5
3515,O=C(Cc1ccncc1)NCC[C@H]1CC[C@H](NC(=O)C2CCOCC2)CO1,2,1
3516,O=C(Nc1ccccc1)N[C@@H]1C=C[C@H](CC(=O)N2CCNCC2)OC1,1,4
3517,O=C(C[C@H]1CC[C@@H]2NC(=O)c3cc(NC(=O)C4CCOCC4)ccc3OC[C@@H]2O1)Nc1cn[nH]c1,1,2
3518,C=C1SC(Nc2ccccc2)=NC12CCCCC2,1,1
3519,c1cnc(N2CC[N+]3(CCCC3)CC2)nc1,1,5
3520,O=C(NCCCN1CCOCC1)c1cccnc1,1,5
3521,O=C(C[C@H]1CC[C@@H]2NCCCOC[C@H]2O1)N1CCNCC1,1,3
3522,O=C1N(c2ccccc2)c2ccccc2[C@@]12CC[C@H](CCn1cc(Cc3ccccc3)nn1)O2,1,1
3523,c1ccc(Nc2nc(-c3ccccc3)c3ccccc3n2)cc1,1,5
3524,O=c1[nH]ccn(-c2ccccc2)c1=O,1,3
3525,O=C1CCCn2nncc2CO[C@@H](CNC(=O)Nc2ccc(N3CCNCC3)cc2)CCN1,1,4
3526,O=C(N[C@@H]1C(=O)N2CCS[C@H]12)C1CCCCC1,1,1
3527,O=C(C[C@H]1C[C@@H]2c3cc(NC(=O)NC4CCCC4)ccc3O[C@@H]2CO1)NCc1ccc(Oc2ccccc2)cc1,1,3
3528,O=c1[nH]oc2c1CCNC2,1,1
3529,O=C(CCN1CCNCC1)N1CCCCC1,1,3
3530,O=C(C[C@@H]1CC[C@@H]2[C@H](COCCCN2S(=O)(=O)c2c[nH]cn2)O1)NC1CCC1,1,4
3531,O=c1[nH]c(=O)n(-c2ccccc2)s1,1,2
3532,O=C(Nc1ncc2c(n1)CCS(=O)(=O)C2)NS(=O)(=O)c1ccccc1,1,1
3533,O=C(Nc1ccccc1)N(Cc1ccccc1)[C@@H](Cc1ccccc1)Cn1cc(-c2ccccn2)nn1,1,4
3534,O=C(CSc1ccccc1)c1c[nH]c2ccccc12,1,1
3535,C1CCCC1,2,5
3536,O=C(C[C@@H]1C[C@@H]2c3cc(NC(=O)Cc4ccncc4)ccc3O[C@@H]2CO1)NCc1ccc2c(c1)OCO2,1,5
3537,O=C(N[C@@H]1C=C[C@@H](CC(=O)N2CCOCC2)OC1)c1ccccn1,1,2
3538,O=c1[nH]cc(Nc2ccccc2)c(=O)[nH]1,1,4
3539,c1ccc2sc(-c3cscn3)cc2c1,1,1
3540,O=c1cc[nH]c(N2CCOCC2)n1,1,1
3541,O=S1(=O)COC2(CNC2)CN1,1,5
3542,O=C1C[C@@](C(=O)NCc2ccccc2)(c2ccccc2)[C@@H](c2ccccc2)N1CC12CC3CC(CC(C3)C1)C2,1,5
3543,O=S1(=O)N=C(N/N=C/c2ccccc2)c2ccccc21,1,1
3544,O=C(N/N=C/c1ccco1)c1ccccn1,1,5
3545,O=C1CCCn2cc(nn2)CO[C@H](CNC(=O)Nc2cccc3ccccc23)CCN1,1,5
3546,O=C(N1CCOCC1)[C@@]1(CCS(=O)(=O)c2ccccc2)N=C(c2ccccc2)O[C@H]1c1ccccc1,1,5
3547,O=C(OCC(=O)N1CCOCC1)c1cnon1,1,1
3548,O=C(CN1CCOCC1)NC[C@@H]1CCNC(=O)c2cccnc2O1,1,3
3549,O=C1c2cccc3cccc(c23)N1c1ccc2c(c1)[C@@]1(C[C@@H]([SiH2]c3ccccc3)[C@H](CCn3cc(Cc4ccccc4)nn3)O1)C(=O)N2,1,5
3550,c1ccc(N[C@H]2CCCCO2)cc1,1,1
3551,O=S(=O)(NCc1ccccc1)c1ccccc1,1,3
3552,O=C(Nc1ccc2c(c1)C(=O)N[C@H]1CC[C@@H](CC(=O)N3CCOCC3)O[C@H]1CO2)c1cscn1,1,3
3553,O=c1[nH]ncc2ccccc12,1,1
3554,O=C(O[C@H](CCc1ccccc1)c1ccccc1)[C@@H]1CCCCN1,1,5
3555,O=c1[nH]cnc2sc3c(c12)CCC3,1,5
3556,O=C(C[C@H]1C[C@@H]2c3cc(NC(=O)Nc4ccccc4)ccc3O[C@@H]2CO1)NC1CCCCC1,1,2
3557,O=C(N=Cc1ccccc1)N1CCOCC1,1,3
3558,O=C1NC(=S)NC(=O)C1=Cc1cn(CC(=O)N2CCOCC2)c2ccccc12,1,1
3559,O=C1CC(Nc2ccccc2)=NC(=O)N1,1,1
3560,O=C1COC2(CN1)COC2,1,1
3561,O=c1[nH]c(=O)c2c(ncn2CCNC2=NCCC2)[nH]1,1,3
3562,c1ccc(/N=C2\CCCc3ccccc32)cc1,1,4
3563,O=c1cc(-c2ccccc2)oc2cc(O[C@H]3CCC[C@@H](CO[C@@H]4CCCCO4)O3)ccc12,1,5
3564,O=C(C[C@@H]1O[C@]2(C[C@H]1[SiH2]c1ccccc1)C(=O)Nc1ccccc12)NCc1ccccc1,1,3
3565,O=C(C[C@H]1C[C@@H]2c3cc(NC(=O)c4ccc5c(c4)OCO5)ccc3O[C@@H]2CO1)NCc1ccccc1,1,2
3566,O=C(CCn1ccc(=O)[nH]c1=O)Nc1ccc2c(c1)NC(=O)CO2,1,3
3567,O=C(C[C@@H]1CC[C@H]2[C@@H](COCCCN2C(=O)c2ccncc2)O1)NCc1ccc(-c2ccccc2)cc1,1,3
3568,c1ccc(C2=Nc3ccccc3N=C(c3ccccc3)C2)cc1,1,3
3569,O=C(Cc1ccncc1)NC[C@H]1CCNS(=O)(=O)c2ccccc2O1,1,1
3570,O=C(NCCN1CCOCC1)c1cccs1,1,2
3571,O=C(CNS(=O)(=O)c1ccccc1)N1CCNCC1,1,3
3572,c1ccc2nc3[nH]ccc3nc2c1,1,2
3573,c1ccc(Nc2nnc(-c3ccccc3)c3ccccc23)cc1,1,1
3574,O=C1NCC[C@@H](CNCc2ccc3c(c2)OCO3)Oc2ncccc21,1,1
3575,O=C(CN1CCOCC1)NCC[C@@H]1CC[C@@H](NC(=O)c2ccccc2)CO1,1,2
3576,O=c1cc(-c2ccccc2)oc2ccc([C@@H]3OCCC[C@H]3O[C@H]3CCCCO3)cc12,1,2
3577,O=c1[nH]c2ccccc2n2cnnc12,1,2
3578,O=C(C[C@@H]1C[C@@H]2c3cc(NC(=O)c4cccnc4)ccc3O[C@@H]2CO1)NCc1ccccc1,1,2
3579,O=C(CN1CCOCC1)N[C@@H]1CC[C@H](CCn2cc(C3CC3)nn2)OC1,2,4
3580,O=C(C[C@H]1CC=CC[C@@H](NC(=O)OCC2c3ccccc3-c3ccccc32)C(=O)OC(c2ccccc2)CNC1=O)NCc1ccccc1,1,4
3581,O=C(C[C@@H]1CC[C@]2(O1)C(=O)N(c1ccccc1)c1ccccc12)N1CCc2ccccc2C1,1,4
3582,c1ccc(SCCc2cccnc2)cc1,1,4
3583,O=C1C[C@](Sc2ccccc2)(C(=O)NCc2ccccc2)[C@@H](c2ccccc2)N1C1Cc2ccccc2C1,1,3
3584,O=C(C[C@@H]1C=C[C@H](NC(=O)Nc2ccccc2)CO1)NCCCN1CCOCC1,2,1
3585,c1nonc1N1CCCCC1,1,2
3586,O=C1N[C@@H](Cc2ccccc2)C(=O)N2[C@@H](c3ccccc3)CC[C@@H]12,2,4
3587,O=c1nc[nH]c(=O)[nH]1,1,2
3588,O=C(C1=C[C@H](c2ccc3c(c2)OCO3)CCO1)N1CCN(Cc2ccc3c(c2)OCO3)CC1,2,5
3589,O=C(O[C@@H]1C[C@H]2CO[C@]3(CCCCC13)C2)c1ccccc1,1,3
3590,O=C(Nc1ccccc1-c1ccccc1)O[C@H]1CCOC[C@H]1OC(=O)Nc1ccccc1-c1ccccc1,1,3
3591,c1ccc(-c2nc3c4ccccc4c4ccccc4c3[nH]2)cc1,1,5
3592,C1=CCNC1,1,5
3593,c1cnc(N2CCCCC2)nc1,1,2
3594,c1ccc(-c2csc3ncncc23)cc1,1,4
3595,C(=N/c1nc2ccccc2[nH]1)\N(c1ccccc1)c1ccccc1,1,5
3596,O=C(c1cn[nH]c1)N1CCNCC1,1,3
3597,O=C(NCc1ccco1)c1nc2ncccn2n1,1,5
3598,C=C1C(=O)CCCC1=O,1,1
3599,O=C1NC(=S)NC(=O)C1c1ccccc1,1,1
3600,c1cn(CCN2CCNCC2)cn1,1,1
3601,c1ccc2[nH+]c3c([nH+]c2c1)CCC3,1,4
3602,O=c1cc(Cc2nncn2-c2ccccc2)[nH]c(=O)[nH]1,1,3
3603,O=C(/C=C/c1ccccc1)OC[C@@H]1CCC[C@H](O[C@@H]2CC=CCC2)O1,1,1
3604,O=c1ccnc2sccn12,1,5
3605,O=C(Nc1ccccc1-c1ccccc1)O[C@H]1[C@H](OC(=O)Nc2ccc(Oc3ccccc3)cc2)COC[C@H]1OC(=O)Nc1ccccc1-c1ccccc1,1,2
3606,O=c1oc2cc3occc3cc2c2c1CCCC2,1,1
3607,O=C(C[C@H]1CC[C@H]2[C@@H](COCCCN2C(=O)c2ccc3c(c2)OCO3)O1)NCCN1CCCC1,1,3
3608,O=C(C[C@H]1CC[C@@H]2[C@H](COCCCN2S(=O)(=O)c2ccccc2)O1)NCc1ccc2c(c1)OCO2,1,3
3609,O=C(C[C@@H]1CC[C@@H]2[C@H](COCCCN2C(=O)c2cnccn2)O1)NCc1ccc(Oc2ccccc2)cc1,1,1
3610,O=c1[nH]ccs1,1,3
3611,O=C1c2ccccc2[C@](Cc2ccccc2)(C(=O)NCCc2ccccc2)[C@H](c2ccccc2)N1C1CCCCC1,1,3
3612,O=c1[nH]c(=O)c2c(NCCc3ccccc3)ccnc2[nH]1,1,1
3613,O=C1CCCn2nncc2CO[C@@H](CNCc2ccc3c(c2)OCCN3)CCN1,1,5
3614,c1nnco1,1,4
3615,O=C1c2cccc3cccc(c23)N1c1ccc(CN2C(=O)[C@@]3(C[C@H]([SiH2]c4ccccc4)[C@@H](CCn4cc(Cc5ccccc5)nn4)O3)c3ccccc32)cc1,1,4
3616,O=C(C[C@@H]1CC[C@H]2[C@@H](COCCCN2S(=O)(=O)c2ccccc2)O1)NCCc1ccccc1,1,1
3617,O=C(Nc1cnoc1)N[C@H]1C=CCOC1,1,4
3618,O=C(/C=C/c1ccccc1)O[C@H]1CCCCO1,1,3
3619,c1cncc(-c2nc3ccc4ccccc4c3c3c2CCCC3)c1,1,1
3620,O=C(Nc1ccccc1)OCc1cc2ccsc2s1,1,2
3621,c1ccc2c(c1)Cc1ccccc1-2,1,3
3622,c1ccc(OCCn2cnc3ccccc32)cc1,1,5
3623,O=C(NC[C@H]1CCNS(=O)(=O)c2ccc(C3=CCCC3)cc2O1)C1CCOCC1,1,4
3624,O=C(Cc1ccccn1)N[C@H]1C=C[C@@H](CC(=O)N2CCNCC2)OC1,1,3
3625,O=C(NC[C@H]1CCNS(=O)(=O)c2ccc(-c3cccnc3)cc2O1)c1ccccc1,1,3
3626,O=c1[nH]ncc2[nH]ncc12,1,3
3627,O=C(Cn1cnnn1)Nc1ccccc1,1,1
3628,O=C1[C@H]2CC[C@@H](c3ccccc3)N2C(=O)[C@@H]2CCCN12,1,4
3629,O=C(CCCCCCC(=O)Nc1ccccc1)NN=CC[P+](c1ccccc1)(c1ccccc1)c1ccccc1,1,3
3630,O=C(C[n+]1ccccc1)c1ccccc1,1,2
3631,O=C(Nc1ccccc1)C1CCN(S(=O)(=O)c2c[nH]c(=O)[nH]c2=O)CC1,1,4
3632,c1csc(-c2cccs2)c1,1,4
3633,O=C1C2CNCC1CNC2,1,4
3634,O=C1c2cccc3cccc(c23)N1c1ccc(CN2C(=O)[C@@]3(C[C@H]([SiH2]c4ccccc4)[C@@H](CCn4ccnn4)O3)c3ccccc32)cc1,1,4
3635,O=c1[nH]nc(N2CCSCC2)[nH]1,1,2
3636,C(=C/c1cccc(O[C@H]2CCCCO2)c1)\c1ccc(O[C@H]2CCCCO2)cc1,1,5
3637,C=C1C[C@H](CCCn2ccnn2)N(CCc2ccccc2)C1,1,2
3638,O=c1[nH]c(=O)c2[nH]c(=O)[nH]c2[nH]1,1,3
3639,O=C(C[C@H]1CC[C@@H]2[C@H](COCCCN2C(=O)c2ccc3c(c2)OCO3)O1)NCCN1CCCC1,1,5
3640,O=C1CN(C(=O)c2ccco2)CCN1,1,4
3641,c1nc(NC2CCC2)c2ncn([C@H]3CN(CCN4CCOCC4)CCO3)c2n1,1,1
3642,O=c1cc(-c2ccccc2)ss1,1,5
3643,O=C1c2ccccc2[C@@]2(Cc3ccccc3N(Cc3ccccc3)C2=O)[C@H](c2ccccc2)N1Cc1ccccc1,1,4
3644,O=C(c1ccccc1)n1cnnc1,1,3
3645,c1csc(-c2nc3ccc4ccccc4c3c3c2CCC3)c1,1,5
3646,O=S1(=O)NCC[C@H](CNCc2ccccn2)Oc2ccccc21,1,1
3647,O=c1ccn(-c2ccccc2)c(=O)[nH]1,2,4
3648,O=C1CC=NN2NC=NN12,1,2
3649,O=C(C[C@@H]1C=C[C@@H](NC(=O)c2ccncc2)CO1)NCc1ccncn1,1,3
3650,O=c1nc(N2CCc3ccccc3C2)cn[nH]1,1,2
3651,O=C(C[C@@H]1C[C@@H]2c3cc(NS(=O)(=O)c4ccccc4)ccc3O[C@@H]2CO1)NCCc1ccccc1,1,5
3652,O=C(NC[C@H]1CCNC(=O)c2cccnc2O1)c1cnccn1,1,3
3653,O=C(C[C@@H]1O[C@]2(C[C@H]1[SiH2]c1ccccc1)C(=O)Nc1ccccc12)N1CCc2ccccc2C1,1,1
3654,O=C(NCc1ccccc1)[C@]1(Cc2ccccc2)N=C(c2ccccc2)O[C@@H]1c1ccccc1,1,3
3655,O=C1CCCNc2ccccc21,1,2
3656,c1cc2c(s1)CCCCC2,1,5
3657,c1ccc2c(c1)C[NH2+]C2,1,5
3658,C=C1C(=O)c2ccccc2C1=O,1,3
3659,O=C(C[C@H]1C[C@H]2c3cc(NC(=O)Cc4ccncc4)ccc3O[C@H]2CO1)NCCN1CCCCC1,1,3
3660,O=c1cn[nH]c(N/N=C/c2ccccn2)n1,1,5
3661,O=C(NNC(=O)C1CCNCC1)c1cccnc1,1,1
3662,O=C(C[C@@H]1C[C@@H]2c3cc(NC(=O)c4ccc5c(c4)OCO5)ccc3O[C@@H]2CO1)NCc1ccccn1,1,5
3663,O=C(c1ccc(S(=O)(=O)N2CCCC2)cc1)N(Cc1ccccn1)c1nc2ccccc2s1,1,1
3664,O=C(C1CC1)N1CCN(c2ncccn2)CC1,1,4
3665,O=c1[nH][n+](-c2ccccc2)no1,1,4
3666,O=C1NCC[C@@H](CNC(=O)C2CCCCC2)Oc2ncc(C#CC3CCCC3)cc21,1,5
3667,O=c1[nH]snc1N1CCCCC1,1,3
3668,N=c1cc(N2CCCCC2)nc[nH]1,1,4
3669,O=C(C[C@H]1CC=CC[C@@H](NC(=O)OCC2c3ccccc3-c3ccccc32)C(=O)OC[C@H](Cc2ccccc2)NC1=O)NCc1ccccc1,1,3
3670,O=C(C[C@@H]1C=C[C@@H](NC(=O)CN2CCOCC2)CO1)NC1CCC1,1,5
3671,O=C1CCC(=O)N1Nc1ncnc2[nH]ncc12,1,4
3672,O=c1ccn2nc(C3CC3)sc2n1,1,5
3673,O=C(OC[C@H]1C2N=C3SCC(=O)N3[C@@H]1c1ccccc1O2)c1ccccc1,1,3
3674,c1ccc2nccnc2c1,1,4
3675,O=c1nc(NC2CC2)cn[nH]1,1,4
3676,O=C(C[C@@H]1CC[C@H]2[C@@H](COCCCN2S(=O)(=O)c2c[nH]cn2)O1)NC1CCC1,1,2
3677,O=c1[nH][nH]c(=S)n1C1CC1,1,2
3678,O=C(C[C@H]1CC[C@H]2NCCCOC[C@@H]2O1)NCCCN1CCOCC1,1,5
3679,O=C(CN1CCN(C(=O)c2ccccc2)CC1)Nc1ccccc1,1,5
3680,O=c1ncsc2ccccc12,1,3
3681,c1ccc(Nc2ncnc3sc(-c4ccccc4)cc23)cc1,1,3
3682,O=C(C[C@@H]1O[C@]2(C[C@H]1[SiH2]c1ccccc1)C(=O)N(Cc1cccc(NC(=O)c3ccccc3)c1)c1ccccc12)NCc1ccccc1,1,3
3683,O=C(C1=C[C@@H](c2coc3ccccc3c2=O)CCO1)N1CCN(Cc2ccc3c(c2)OCO3)CC1,1,2
3684,c1c[nH]c(N2CCNCC2)n1,1,4
3685,O=C1OCC2C[C@@]12c1cn[nH]c1,1,4
3686,O=C(C[C@@H]1CC[C@H](NC(=O)c2cnccn2)CO1)NCc1ccccc1,1,4
3687,C(=C/c1ccc(O[C@H]2CCCCO2)cc1)\c1ccccc1,1,4
3688,c1ccc2c(c1)CCCN2,1,2
3689,O=C(C1=C[C@H](c2coc3ccccc3c2=O)CCO1)N1CCOCCOCCOCCOCC1,1,1
3690,O=C1CCCCN1c1cccc(CN2C(=O)[C@@]3(C[C@H]([SiH2]c4ccccc4)CO3)c3ccccc32)c1,1,4
3691,O=S(=O)(NCCOc1ncnc(N2CCOCC2)n1)c1ccccc1,1,3
3692,c1ccc(-n2cnnc2)cc1,1,1
3693,O=C1C[C@@H]2CCCC3=CCC[C@@H]3[C@H]2O1,1,2
3694,O=C(Nc1cccnc1)c1nc2ncccn2n1,1,4
3695,O=C(NC[C@@H]1CCNS(=O)(=O)c2ccc(C#Cc3ccncc3)cc2O1)c1ccncc1,1,3
3696,c1nn2cnnc2s1,1,4
3697,O=c1nc[nH]c2c1ncn2[C@H]1CCCO1,1,1
3698,C1=NCN(CCN2CCOCC2)CN1,1,3
3699,O=C(C1CCCC1)N1CCN1,1,5
3700,O=C(C[C@@H]1CC[C@@H]2[C@H](COCCCN2S(=O)(=O)c2c[nH]cn2)O1)NC1Cc2ccccc2C1,1,3
3701,O=C(C[C@@H]1CC[C@H]2NCCCOC[C@@H]2O1)NCCCN1CCOCC1,1,5
3702,C=c1ccccc1=C1NN=CO1,1,3
3703,O=C1OC[C@@H](Cc2ccccc2)N1C(=O)[C@H]1CON(c2ccccc2)[C@@H]1c1ccccc1,1,4
3704,O=C1NC(=O)C(Nc2ccccc2)N1,1,3
3705,O=c1[nH]cc(S(=O)(=O)NCCc2ccccc2)c(=O)[nH]1,1,4
3706,O=C(C[C@H]1C[C@@H]2c3ccccc3O[C@@H]2CO1)N1CCOCC1,1,4
3707,O=C(C[C@H]1C=CCCO1)NCCN1CCCCC1,1,1
3708,O=c1[nH]c(=O)c2nncnc2[nH]1,1,4
3709,O=C1[C@H]2CCS[C@H]2C(=O)N1c1ccccc1,1,1
3710,c1coc([C@@H]2CCCN2)c1,1,4
3711,O=C1C2C[C@H]3C=C[C@]2(CN1C1CC1)O3,2,3
3712,O=C(N/N=C/c1ccc[nH]1)[C@@H]1COc2ccccc2O1.O=C(N/N=C\c1ccc[nH]1)[C@@H]1COc2ccccc2O1,1,4
3713,O=C(OCc1ccccc1)[C@@H]1C2C=C[C@]3(CN(Cc4ccc5c(c4)OCO5)C(=O)[C@H]13)O2,1,1
3714,C1=C[C@H]2C3[C@@H](C1)CCN32,1,4
3715,O=C1[C@H]2SCC[C@H]2C(=O)N1c1ccccc1,1,5
3716,C1=C[C@H]2N[C@H]2C1,2,3
3717,O=C1C=C2OCC2C[C@@H]2CCCN12,2,3
3718,O=C1NC(=O)[C@H]2[C@@H]1[C@@H]2C(=O)c1ccccn1,1,1
3719,c1ccc([C@@H]2CCCN2)nc1,2,1
3720,O=S1(=O)[C@@H]2C[C@H]3C=CC2(CN1C1CC1)O3,1,1
3721,O=C1NC(=O)[C@@H]2SCC[C@H]12,2,3
3722,c1ccc(-c2c3ccccc3[o+]c3ccccc23)cc1,1,3
3723,O=C1CCOC1=O.c1ccc2ncccc2c1,1,5
3724,C1=C[C@@H]2N=CN[C@@H]2C1,1,3
3725,O=C(COc1ccccc1)OC[C@H]1CCCN2CCCC[C@@H]12,1,1
3726,c1ccc(Oc2cccc3c2CCC3)cc1.c1ccc(Oc2cccc3c2CCC3)cc1,1,3
